# Blender 4.5.1 LTS
# www.blender.org
mtllib Fly Armor.mtl
o Fly_Armor
v 0.424234 -0.093409 0.599220
v 0.420160 -0.120357 0.620018
v 0.431161 -0.125357 0.636077
v 0.446005 -0.052159 0.606707
v 0.418080 -0.154561 0.643643
v 0.428713 -0.156393 0.685126
v 0.414524 -0.190742 0.682991
v 0.432480 -0.190569 0.729458
v 0.415604 -0.235100 0.708785
v 0.422015 -0.276584 0.726559
v 0.444952 -0.265496 0.767842
v 0.433616 -0.228953 0.742258
v 0.453120 -0.134109 0.673621
v 0.456220 -0.180988 0.712753
v 0.460334 -0.201880 0.718908
v 0.465118 -0.229956 0.723838
v 0.469747 -0.262246 0.743032
v 0.490425 -0.267182 0.793038
v 0.490106 -0.233660 0.765210
v 0.482267 -0.199331 0.728903
v 0.472964 -0.134235 0.698854
v 0.475719 -0.055678 0.640147
v 0.510920 -0.234185 0.799440
v 0.503465 -0.199012 0.764166
v 0.494217 -0.142787 0.719492
v 0.505167 -0.069517 0.670811
v 0.527930 -0.273036 0.818462
v 0.511832 -0.265604 0.830448
v 0.527060 -0.237216 0.802092
v 0.518770 -0.194990 0.772751
v 0.509812 -0.146777 0.733968
v 0.526657 -0.074895 0.693668
v 0.544732 -0.280215 0.803722
v 0.544715 -0.240988 0.797302
v 0.538513 -0.199548 0.762230
v 0.532482 -0.159678 0.732536
v 0.551309 -0.084530 0.690922
v 0.564411 -0.285078 0.767152
v 0.564585 -0.247839 0.769398
v 0.559359 -0.203894 0.757326
v 0.577193 -0.077681 0.668185
v 0.575994 -0.180080 0.765734
v 0.558049 -0.171195 0.733151
v 0.576261 -0.206087 0.802650
v 0.584568 -0.245229 0.842325
v 0.588986 -0.285807 0.833154
v 0.608273 -0.287373 0.849322
v 0.600500 -0.248197 0.836812
v 0.593175 -0.187160 0.778603
v 0.603174 -0.080787 0.644877
v 0.621437 -0.287556 0.782054
v 0.611119 -0.249906 0.814139
v 0.606024 -0.214779 0.824833
v 0.593175 -0.212050 0.807192
v 0.608000 -0.189974 0.803311
v 0.627818 -0.192348 0.744317
v 0.627951 -0.225035 0.775632
v 0.633313 -0.247130 0.769685
v 0.646736 -0.284667 0.731192
v 0.674759 -0.282170 0.689135
v 0.663762 -0.244283 0.729988
v 0.663013 -0.220065 0.708447
v 0.657207 -0.188963 0.689911
v 0.655717 -0.124257 0.642096
v 0.635473 -0.090615 0.620938
v 0.702380 -0.279276 0.612796
v 0.693669 -0.246530 0.629430
v 0.695934 -0.217820 0.611358
v 0.697005 -0.183572 0.590147
v 0.686497 -0.137239 0.573161
v 0.695738 -0.104128 0.481197
v 0.703806 -0.117673 0.471547
v 0.683820 -0.095178 0.501820
v 0.511000 -0.301088 0.886079
v 0.503871 -0.295075 0.864063
v 0.607172 -0.344669 0.754588
v 0.588574 -0.341257 0.769056
v 0.451820 -0.280478 0.797583
v 0.426701 -0.288354 0.737129
v 0.471746 -0.270652 0.752501
v 0.488813 -0.275470 0.791226
v 0.528601 -0.304912 0.866650
v 0.544213 -0.301956 0.827300
v 0.563624 -0.317120 0.766260
v 0.631164 -0.340103 0.730720
v 0.639850 -0.327046 0.697110
v 0.655454 -0.302035 0.689677
v 0.674343 -0.295888 0.678767
v 0.703530 -0.298683 0.632689
v -0.312310 -0.278977 0.286611
v -0.305663 -0.278793 0.384265
v -0.326007 -0.333662 0.456409
v -0.341591 -0.377669 0.428085
v -0.330451 -0.371457 0.485673
v -0.326146 -0.365472 0.524013
v -0.343663 -0.377467 0.431553
v -0.333815 -0.371512 0.487975
v -0.327198 -0.365896 0.526676
v -0.326407 -0.286889 0.097833
v -0.305525 -0.247560 0.081885
v -0.297372 -0.241585 0.169409
v -0.294149 -0.232396 0.250328
v -0.288964 -0.226299 0.323286
v -0.275057 -0.215900 0.386972
v -0.283256 -0.266810 0.454310
v -0.302615 -0.319508 0.542273
v -0.307631 -0.352817 0.622221
v -0.291109 -0.347368 0.658651
v -0.306610 -0.352466 0.617660
v -0.293308 -0.346082 0.668269
v -0.280936 -0.341785 0.687603
v -0.282251 -0.340761 0.697241
v -0.257445 -0.328765 0.767507
v -0.255863 -0.329590 0.758176
v -0.261090 -0.249894 0.515054
v -0.245177 -0.231446 0.577575
v -0.261282 -0.204728 0.442365
v -0.248078 -0.191090 0.508668
v -0.233634 -0.178042 0.554823
v -0.228948 -0.218958 0.627990
v -0.227308 -0.244628 0.683275
v -0.227253 -0.279601 0.755186
v -0.250548 -0.295279 0.705132
v -0.228551 -0.321398 0.829719
v -0.229911 -0.320753 0.838603
v -0.199284 -0.312922 0.873066
v -0.184133 -0.306307 0.892941
v -0.154444 -0.287271 0.911665
v -0.172426 -0.247750 0.810473
v -0.177528 -0.231068 0.769135
v -0.207548 -0.211761 0.668318
v -0.201478 -0.311377 0.887917
v -0.185816 -0.305070 0.906921
v -0.154499 -0.286527 0.922356
v -0.199511 -0.148183 0.607791
v -0.181474 -0.135300 0.619859
v -0.167297 -0.182507 0.703885
v -0.155898 -0.209780 0.763407
v -0.148343 -0.231225 0.811043
v -0.091826 -0.237170 0.863829
v -0.075909 -0.219008 0.830319
v -0.059918 -0.200288 0.793618
v -0.082011 -0.174468 0.741799
v -0.093095 -0.149004 0.705686
v -0.150725 -0.163520 0.696226
v -0.131390 -0.147923 0.688617
v -0.165894 -0.124084 0.621862
v -0.148706 -0.113363 0.620799
v -0.103240 -0.134419 0.659586
v -0.117370 -0.095463 0.607616
v -0.079986 -0.077486 0.593271
v -0.069119 -0.108840 0.643589
v -0.062864 -0.125074 0.664401
v -0.052782 -0.147428 0.699186
v -0.040134 -0.172133 0.737369
v -0.041917 -0.181852 0.759560
v -0.067378 -0.160947 0.718151
v -0.078075 -0.140678 0.684031
v -0.098598 -0.086614 0.598197
v -0.086142 -0.121764 0.649406
v -0.124387 -0.265155 0.913431
v -0.105561 -0.249105 0.891638
v -0.090797 -0.235694 0.872366
v -0.075286 -0.217280 0.837818
v -0.058761 -0.198686 0.803149
v -0.041522 -0.181207 0.765246
v -0.039833 -0.170188 0.742762
v -0.052731 -0.145770 0.703941
v -0.062436 -0.123634 0.670617
v -0.068653 -0.107470 0.647749
v -0.080029 -0.075564 0.597892
v -0.103859 -0.070049 0.575567
v -0.104870 -0.068539 0.584938
v -0.122838 -0.077510 0.597856
v -0.121973 -0.078266 0.588641
v -0.154103 -0.096030 0.607439
v -0.154986 -0.095077 0.615680
v -0.172729 -0.106272 0.609651
v -0.397472 -0.412408 0.178748
v -0.358396 -0.394690 0.369117
v -0.344038 -0.385025 0.437387
v -0.333990 -0.379314 0.492661
v -0.326106 -0.373367 0.537464
v -0.306967 -0.359451 0.637200
v -0.291439 -0.351800 0.685202
v -0.281691 -0.346636 0.713453
v -0.257029 -0.335033 0.779135
v -0.228418 -0.326404 0.850641
v -0.199175 -0.317548 0.906195
v -0.181903 -0.309838 0.925503
v -0.150992 -0.291757 0.935000
v -0.120667 -0.270299 0.924014
v -0.101040 -0.255478 0.904043
v -0.086092 -0.241168 0.882633
v -0.070191 -0.222755 0.847517
v -0.054855 -0.203476 0.810965
v -0.037573 -0.185688 0.771955
v -0.029819 -0.178292 0.754572
v -0.029242 -0.174154 0.744464
v -0.032391 -0.168577 0.735176
v -0.328981 -0.380337 0.484684
v -0.320334 -0.373921 0.528646
v -0.297976 -0.220577 0.073187
v -0.296079 -0.215204 0.157754
v -0.291545 -0.208481 0.235604
v -0.285842 -0.202848 0.304608
v -0.300716 -0.221149 0.074680
v -0.299163 -0.215557 0.161362
v -0.301537 -0.210685 0.072842
v -0.299378 -0.205302 0.154776
v -0.294145 -0.208815 0.239406
v -0.288773 -0.202427 0.309320
v -0.279116 -0.194341 0.369363
v -0.276529 -0.194339 0.364209
v -0.294690 -0.198606 0.233097
v -0.289121 -0.193074 0.301602
v -0.281307 -0.185741 0.359331
v -0.266930 -0.184515 0.417648
v -0.269698 -0.184694 0.423968
v -0.253140 -0.170663 0.483018
v -0.255809 -0.171437 0.488558
v -0.238519 -0.156748 0.531588
v -0.217328 -0.163034 0.580988
v -0.187344 -0.193807 0.688202
v -0.240797 -0.156914 0.538677
v -0.226190 -0.142911 0.570550
v -0.224072 -0.142829 0.563432
v -0.206801 -0.128386 0.589084
v -0.208864 -0.127933 0.596671
v -0.188738 -0.115435 0.604486
v -0.189564 -0.114805 0.611507
v -0.173706 -0.105494 0.617371
v -0.272552 -0.176574 0.413984
v -0.258836 -0.163517 0.478972
v -0.244099 -0.148482 0.530393
v -0.229464 -0.133755 0.564748
v -0.212846 -0.119622 0.590091
v -0.193356 -0.106436 0.607350
v -0.178171 -0.098007 0.612708
v -0.160057 -0.088819 0.611242
v -0.126088 -0.070702 0.590686
v -0.092656 -0.052754 0.565022
v -0.092431 -0.066145 0.570316
v -0.085928 -0.067760 0.574018
v -0.085605 -0.066233 0.583563
v -0.092738 -0.064468 0.579724
v -0.081832 -0.049410 0.563365
v -0.073746 -0.072116 0.593807
v -0.062270 -0.105373 0.645169
v -0.055296 -0.122279 0.669059
v -0.045003 -0.145655 0.700452
v -0.045436 -0.149847 0.684082
v -0.055535 -0.126459 0.651662
v -0.062130 -0.109061 0.629839
v -0.073133 -0.076136 0.578811
v -0.080572 -0.052393 0.546850
v -0.093753 -0.054880 0.547787
v -0.109301 -0.063474 0.560761
v -0.108236 -0.060931 0.575416
v -0.125644 -0.072025 0.574959
v -0.158716 -0.089509 0.595968
v -0.176492 -0.098558 0.597643
v -0.191621 -0.107210 0.592829
v -0.210803 -0.120058 0.575917
v -0.227042 -0.134120 0.549550
v -0.241040 -0.148255 0.516074
v -0.255269 -0.162573 0.464914
v -0.268448 -0.175436 0.401599
v -0.276959 -0.184303 0.346960
v -0.284281 -0.191702 0.292901
v -0.289742 -0.197434 0.227544
v -0.294596 -0.204015 0.148384
v -0.296799 -0.208612 0.072801
v -0.393286 -0.404656 0.166188
v -0.348832 -0.356938 0.291810
v -0.345737 -0.351642 0.392511
v -0.341385 -0.320669 0.263045
v -0.336064 -0.310114 0.314377
v -0.281626 -0.306491 0.599718
v -0.272759 -0.305616 0.643623
v -0.256773 -0.266797 0.616306
v -0.246759 -0.256000 0.624268
v -0.277422 -0.277790 0.524898
v -0.265530 -0.265781 0.557433
v -0.205685 -0.230532 0.719346
v -0.198209 -0.272770 0.809942
v -0.142075 -0.190599 0.751895
v -0.137812 -0.214470 0.796796
v -0.121126 -0.220501 0.820016
v -0.126631 -0.267985 0.903565
v -0.106329 -0.251204 0.883750
v -0.107208 -0.207413 0.808033
v -0.101421 -0.195857 0.786816
v -0.128170 -0.170270 0.727247
v -0.122700 -0.191472 0.779250
v -0.109208 -0.178481 0.748862
v -0.315336 -0.277674 0.184684
v -0.343358 -0.320367 0.108049
v -0.366477 -0.353200 0.119670
v -0.354356 -0.388764 0.352041
v -0.391739 -0.405859 0.157350
v -0.357381 -0.388657 0.357876
v -0.335348 -0.315172 0.371098
v -0.337942 -0.331511 0.413089
v -0.009895 0.095515 0.147673
v -0.024382 0.051999 0.319042
v 0.002717 0.025035 0.347669
v 0.018643 0.072002 0.164262
v -0.062601 0.076075 0.263776
v -0.065788 0.072709 0.251032
v -0.086228 0.033256 0.361333
v -0.083986 0.036537 0.377104
v -0.077241 0.028930 0.387407
v -0.055509 0.068061 0.267727
v -0.056623 0.072589 0.272393
v -0.078557 0.032883 0.391294
v -0.061144 0.075687 0.266583
v -0.082710 0.036069 0.381252
v -0.134282 -0.065806 0.610221
v -0.137721 -0.119126 0.669822
v -0.077355 -0.035053 0.562750
v -0.104247 -0.015100 0.496405
v -0.047167 0.011694 0.461741
v -0.019381 -0.016885 0.506633
v -0.051660 -0.060920 0.590951
v -0.049660 -0.061351 0.602902
v -0.016865 -0.015716 0.516542
v -0.046426 -0.069809 0.592042
v -0.048613 -0.072100 0.570652
v -0.013596 -0.031069 0.493540
v -0.011662 -0.026326 0.510696
v -0.042472 0.107626 0.123051
v -0.044105 0.113184 0.123986
v -0.135503 -0.062660 0.618680
v -0.141191 -0.061498 0.607018
v -0.146296 -0.127369 0.685577
v -0.139820 -0.119716 0.682430
v -0.051610 0.115386 0.118386
v -0.049761 0.115452 0.120024
v -0.142798 -0.061600 0.601546
v -0.143156 -0.064922 0.576532
v -0.147151 -0.133273 0.658139
v -0.148014 -0.129824 0.684182
v -0.111698 -0.008215 0.491407
v -0.110240 -0.008859 0.495379
v -0.105415 -0.012055 0.503457
v -0.113569 -0.009908 0.472012
v 0.010427 0.016639 0.350081
v 0.026684 0.061954 0.166897
v 0.023225 0.073974 0.168865
v 0.006272 0.026370 0.355674
v 0.011211 0.013297 0.346732
v 0.007689 0.007615 0.327803
v 0.019581 0.048798 0.155608
v 0.026457 0.057916 0.165163
v -0.012640 -0.023600 0.513321
v -0.046970 -0.067783 0.596107
v -0.097216 -0.121862 0.699446
v -0.097440 -0.122549 0.711415
v -0.097975 -0.133201 0.715816
v -0.096938 -0.135901 0.697891
v -0.097925 -0.130667 0.716274
v -0.056394 0.109753 0.111859
v -0.038359 0.022247 0.329330
v -0.012727 0.058010 0.189446
v -0.005569 0.002377 0.376237
v 0.022350 0.034943 0.224553
v -0.086243 -0.056460 0.529976
v -0.103174 -0.096042 0.599499
v -0.034962 -0.037447 0.483972
v -0.064415 -0.019084 0.444128
v -0.081834 -0.095105 0.600193
v -0.062039 -0.071893 0.558423
v -0.045731 0.080912 0.168570
v -0.069804 0.043818 0.287278
v -0.097553 0.004790 0.395709
v -0.096013 0.071557 0.267060
v -0.073421 0.105698 0.165218
v -0.118714 0.097811 0.250737
v -0.094224 0.127838 0.163224
v -0.230139 -0.133878 0.511759
v -0.154425 -0.017541 0.438742
v -0.217127 -0.142524 0.547217
v -0.138375 0.068241 0.318320
v -0.116979 0.040194 0.336144
v -0.136044 -0.029263 0.468165
v -0.112971 -0.038273 0.490769
v -0.181415 -0.172405 0.643826
v -0.251366 -0.337932 0.768399
v -0.118459 -0.272809 0.904774
v -0.289327 -0.236339 0.225752
v -0.312357 -0.288068 0.264540
v -0.238334 -0.187619 0.495081
v -0.338847 -0.387244 0.433329
v -0.317533 -0.287603 0.092702
v -0.301405 -0.249143 0.076007
v -0.292567 -0.203518 0.189943
v -0.296046 -0.211791 0.068316
v -0.297517 -0.215576 0.000000
v -0.252567 -0.167744 0.463074
v -0.238472 -0.260555 0.605730
v -0.169115 -0.212224 0.715063
v -0.188893 -0.143947 0.579188
v -0.200449 -0.115697 0.561493
v -0.156506 -0.120306 0.581223
v -0.126154 -0.183805 0.718044
v -0.166312 -0.095365 0.570786
v -0.084637 -0.244300 0.867819
v -0.082833 -0.155957 0.674047
v -0.054136 -0.207123 0.794212
v -0.107730 -0.093729 0.566399
v -0.125232 -0.072108 0.550909
v -0.106850 -0.063036 0.535331
v -0.054217 -0.131700 0.658173
v -0.030280 -0.177155 0.728281
v -0.080959 -0.050160 0.533358
v -0.394651 -0.416869 0.176238
v -0.279533 -0.279023 0.456615
v -0.266432 -0.215062 0.380860
v -0.301421 -0.360691 0.633627
v -0.277252 -0.189071 0.345853
v -0.195362 -0.321624 0.889428
v -0.205518 -0.237442 0.681599
v -0.214988 -0.166688 0.550516
v -0.228481 -0.142657 0.526249
v -0.308439 -0.248728 0.000000
v -0.300246 -0.224305 0.000000
v -0.427120 -0.434921 -0.000001
v -0.375045 -0.353175 -0.000000
v -0.303463 -0.224627 0.000000
v -0.043545 0.132945 0.000057
v -0.045242 0.133037 0.000057
v -0.037093 0.125268 0.000002
v -0.038369 0.130411 0.000002
v -0.029400 0.107180 0.000002
v -0.075666 0.147559 0.000002
v 0.029501 0.070372 0.000001
v 0.023807 0.062567 0.000001
v -0.417370 0.080286 0.196765
v -0.414910 0.084682 0.188146
v -0.411669 0.078092 0.195943
v -0.413311 0.076015 0.197144
v -0.406997 0.132092 0.263071
v -0.402747 0.127082 0.271386
v -0.408932 0.131330 0.276243
v -0.404054 0.126448 0.275509
v -0.413364 0.109947 0.254775
v -0.411600 0.113161 0.242866
v -0.407519 0.107508 0.251190
v -0.409094 0.105958 0.254340
v -0.391304 0.184875 0.296832
v -0.390093 0.181060 0.278898
v -0.385675 0.179175 0.291288
v -0.386685 0.179944 0.298319
v -0.421643 0.040740 0.061366
v -0.418446 0.047934 0.058538
v -0.415212 0.038868 0.061112
v -0.420443 0.051325 0.106776
v -0.417770 0.057333 0.100507
v -0.416959 0.047632 0.107993
v -0.418169 0.036047 0.061254
v -0.414576 0.050285 0.107843
v -0.351987 0.016832 0.258757
v -0.352089 0.012812 0.268856
v -0.347084 0.008163 0.270800
v -0.348798 0.005441 0.279864
v -0.384569 -0.068244 0.072224
v -0.383058 -0.063965 0.064709
v -0.374789 -0.041391 0.155117
v -0.373926 -0.037936 0.149554
v -0.372238 -0.049392 0.164911
v -0.369951 -0.045379 0.161356
v -0.382070 -0.078672 0.076829
v -0.379829 -0.075480 0.074725
v -0.363946 0.245057 0.274496
v -0.364708 0.246694 0.296042
v -0.358958 0.249689 0.277285
v -0.360735 0.250811 0.298273
v -0.359018 0.239333 0.288814
v -0.352432 0.244552 0.283224
v -0.359705 0.242935 0.303508
v -0.355029 0.246901 0.303688
v -0.294796 0.181976 0.371094
v -0.292037 0.179724 0.374994
v -0.294750 0.183194 0.389137
v -0.292599 0.180323 0.390240
v -0.310268 0.133922 0.368154
v -0.309653 0.134966 0.381267
v -0.304522 0.132997 0.397051
v -0.298272 0.176475 0.373148
v -0.297375 0.178506 0.388479
v -0.293805 0.174082 0.375813
v -0.294052 0.175189 0.392594
v -0.303142 0.132473 0.382978
v -0.333642 0.044114 0.315229
v -0.334357 0.039383 0.324716
v -0.330652 0.032718 0.340322
v -0.322104 0.072119 0.345159
v -0.322022 0.070229 0.358301
v -0.330638 0.032846 0.323690
v -0.316849 0.065608 0.364994
v -0.317756 0.064335 0.378772
v -0.302647 0.156628 0.339684
v -0.239688 0.093220 0.421782
v -0.238371 0.095212 0.432367
v -0.302792 0.160507 0.353096
v -0.350359 0.043680 0.251125
v -0.356976 0.023099 0.228402
v -0.353372 0.018465 0.227799
v -0.345968 0.038301 0.248772
v -0.347852 0.045140 0.234798
v -0.354597 0.026278 0.212670
v -0.233134 0.095293 0.418339
v -0.235842 0.097818 0.415457
v -0.236147 0.098688 0.430523
v -0.233883 0.096140 0.431641
v -0.329664 0.096878 0.297784
v -0.332045 0.098800 0.320327
v -0.344689 0.039147 0.240273
v -0.327694 0.092011 0.311086
v -0.328563 0.093219 0.321328
v -0.235066 0.090233 0.422349
v -0.235290 0.091310 0.434408
v -0.362478 -0.009670 0.164946
v -0.373117 -0.034367 0.102105
v -0.340282 -0.104978 0.163497
v -0.307627 -0.053640 0.320042
v -0.366830 -0.008096 0.169027
v -0.364278 -0.012547 0.168683
v -0.352066 0.020185 0.220747
v -0.287123 -0.030884 0.385508
v -0.341672 -0.135890 0.078336
v -0.344296 -0.138640 0.080768
v -0.253629 0.053748 0.427023
v -0.346470 -0.126368 0.070470
v -0.347694 -0.130581 0.073177
v -0.340816 -0.107903 0.167986
v -0.377091 -0.046151 0.053865
v -0.380508 -0.050576 0.054724
v -0.378587 -0.038264 0.052925
v -0.382705 -0.045614 0.056208
v -0.308017 -0.057341 0.330440
v -0.335912 -0.111466 0.172358
v -0.303532 -0.059954 0.333062
v -0.305835 -0.063159 0.338992
v -0.337799 -0.114217 0.176727
v -0.297416 0.164159 0.328135
v -0.299307 0.165626 0.351242
v -0.287074 -0.034178 0.397862
v -0.281758 -0.035104 0.401804
v -0.284336 -0.038402 0.409909
v -0.270674 -0.002288 0.420290
v -0.252898 0.053306 0.439416
v -0.246394 0.051511 0.438791
v -0.247752 0.051746 0.452035
v -0.306601 0.163415 0.320538
v -0.307169 0.165856 0.346612
v -0.374727 -0.028445 0.095458
v -0.378233 -0.035050 0.103549
v -0.362877 -0.002281 0.157907
v -0.301831 0.169123 0.329614
v -0.302837 0.169444 0.345968
v -0.270142 -0.004088 0.433028
v -0.265603 -0.006609 0.434716
v -0.267480 -0.009687 0.445812
v -0.375933 -0.038200 0.103295
v -0.246063 0.078032 0.383888
v -0.195610 0.012988 0.415075
v -0.194038 0.014834 0.430183
v -0.245697 0.080938 0.393971
v -0.305528 -0.017012 0.328737
v -0.316306 -0.035133 0.297473
v -0.313495 -0.039331 0.296507
v -0.302273 -0.021973 0.326157
v -0.303264 -0.015827 0.309328
v -0.313939 -0.032418 0.278706
v -0.189308 0.014230 0.411430
v -0.191556 0.017351 0.410078
v -0.191390 0.018130 0.427041
v -0.189531 0.015583 0.424127
v -0.280163 0.023499 0.341535
v -0.282089 0.025358 0.367296
v -0.301077 -0.021277 0.316126
v -0.279010 0.018980 0.358704
v -0.279635 0.020119 0.370056
v -0.192075 0.009360 0.416745
v -0.191762 0.011119 0.429832
v -0.328509 -0.063910 0.211503
v -0.341978 -0.085204 0.119724
v -0.315466 -0.158364 0.187803
v -0.288878 -0.117628 0.299943
v -0.332673 -0.062454 0.216974
v -0.330538 -0.066380 0.215701
v -0.312138 -0.037870 0.288308
v -0.262583 -0.096657 0.366250
v -0.319263 -0.189717 0.097501
v -0.322544 -0.192123 0.099973
v -0.216923 -0.023961 0.433973
v -0.323897 -0.179557 0.089048
v -0.326036 -0.183001 0.089963
v -0.317018 -0.162337 0.194562
v -0.346844 -0.095316 0.060326
v -0.350109 -0.099045 0.061593
v -0.347818 -0.088456 0.059461
v -0.352322 -0.094706 0.063791
v -0.290036 -0.121048 0.309222
v -0.311364 -0.166065 0.196296
v -0.285911 -0.125890 0.304987
v -0.288954 -0.129219 0.311689
v -0.314392 -0.169202 0.201439
v -0.239961 0.083774 0.363958
v -0.241270 0.085883 0.390500
v -0.264606 -0.100893 0.374697
v -0.260856 -0.106419 0.370086
v -0.262703 -0.108116 0.380473
v -0.243604 -0.075378 0.405533
v -0.215892 -0.024409 0.448578
v -0.210169 -0.027986 0.438526
v -0.210944 -0.026816 0.453981
v -0.249149 0.084060 0.359515
v -0.249446 0.086424 0.386262
v -0.343398 -0.080040 0.112078
v -0.347113 -0.085692 0.122619
v -0.328294 -0.057443 0.203856
v -0.244090 0.089967 0.359427
v -0.245191 0.091375 0.384515
v -0.244014 -0.077662 0.417490
v -0.238731 -0.081484 0.414341
v -0.241006 -0.084201 0.424792
v -0.344810 -0.088458 0.121622
v -0.347795 0.376552 0.048882
v -0.340530 0.362510 0.117657
v -0.344850 0.343831 0.212453
v -0.352040 0.330763 0.265609
v -0.370459 0.307828 0.311350
v -0.385130 0.286753 0.328512
v -0.271201 0.319981 0.080249
v -0.284096 0.312517 0.171273
v -0.292561 0.294048 0.248627
v -0.296990 0.279308 0.291894
v -0.310124 0.253794 0.347458
v -0.316270 0.240315 0.356248
v -0.360375 0.267596 0.325222
v -0.304819 0.361591 0.062595
v -0.304287 0.344666 0.141122
v -0.314792 0.324157 0.232370
v -0.325050 0.307244 0.279581
v -0.344343 0.285263 0.318889
v -0.321205 0.242808 0.352959
v -0.313714 0.257255 0.344641
v -0.269226 0.329492 0.078083
v -0.281031 0.320080 0.164533
v -0.293148 0.302427 0.249562
v -0.299754 0.284925 0.291665
v -0.365249 0.304489 0.312167
v -0.346602 0.328573 0.275610
v -0.337176 0.342996 0.227469
v -0.381642 0.283670 0.328165
v -0.330611 0.366036 0.122565
v -0.335874 0.384389 0.051139
v -0.319000 0.246974 0.349302
v -0.355014 0.272700 0.321342
v -0.376797 0.289812 0.322145
v -0.382697 0.292127 0.325008
v -0.314633 0.243683 0.353862
v -0.267430 0.331392 0.080828
v -0.262997 0.327759 0.083097
v -0.279225 0.321956 0.167280
v -0.276479 0.319061 0.170358
v -0.291215 0.304529 0.252852
v -0.288136 0.301616 0.255502
v -0.297861 0.287079 0.295079
v -0.294071 0.284507 0.296916
v -0.312242 0.259565 0.347937
v -0.308279 0.256699 0.350926
v -0.318411 0.247628 0.355462
v -0.313114 0.245941 0.356750
v -0.319651 0.244970 0.355859
v -0.314752 0.242525 0.359174
v -0.358823 0.269471 0.328217
v -0.355216 0.272939 0.327240
v -0.380478 0.285694 0.330477
v -0.377057 0.289914 0.329113
v -0.384185 0.288323 0.330300
v -0.381261 0.293478 0.327697
v -0.369098 0.308699 0.315346
v -0.364924 0.305112 0.315483
v -0.349736 0.332857 0.276676
v -0.346092 0.329216 0.279218
v -0.340241 0.347261 0.227761
v -0.336500 0.344228 0.231596
v -0.333756 0.369758 0.124575
v -0.329766 0.367297 0.126160
v -0.341552 0.387637 0.054850
v -0.334785 0.385646 0.055226
v -0.280882 0.362324 0.064136
v -0.279593 0.363618 0.069234
v -0.295187 0.352526 0.061990
v -0.285600 0.368228 0.063199
v -0.278499 0.337649 0.153196
v -0.277552 0.339424 0.158195
v -0.290295 0.335368 0.142227
v -0.282553 0.343355 0.155345
v -0.290029 0.308904 0.275610
v -0.289526 0.310185 0.282418
v -0.299368 0.310068 0.258913
v -0.293567 0.314697 0.279186
v -0.284347 0.260343 0.332349
v -0.305007 0.291277 0.326582
v -0.304255 0.292764 0.330811
v -0.310265 0.296079 0.299038
v -0.307113 0.297143 0.331810
v -0.268398 0.282675 0.279027
v -0.252648 0.311398 0.163476
v -0.352812 0.259012 0.359649
v -0.356550 0.251634 0.364500
v -0.354295 0.254512 0.388941
v -0.350562 0.260628 0.385792
v -0.352650 0.245977 0.363421
v -0.350866 0.248867 0.387994
v -0.346356 0.255010 0.388539
v -0.317173 0.222019 0.382960
v -0.345389 0.254704 0.379123
v -0.317740 0.222200 0.388809
v -0.323512 0.214925 0.365793
v -0.321471 0.217314 0.388707
v -0.249617 0.329842 0.073944
v -0.210645 0.279860 0.094075
v -0.224934 0.272572 0.197194
v -0.242575 0.244955 0.290850
v -0.255315 0.218794 0.339125
v -0.280195 0.186824 0.353453
v -0.202584 0.276015 0.100017
v -0.208193 0.282283 0.097575
v -0.213728 0.266429 0.095714
v -0.220008 0.269589 0.207013
v -0.222853 0.274269 0.200692
v -0.230650 0.258071 0.203166
v -0.236259 0.243054 0.296709
v -0.240036 0.247670 0.295082
v -0.242194 0.233101 0.290083
v -0.248057 0.217592 0.343246
v -0.252825 0.221652 0.343275
v -0.251956 0.210572 0.324909
v -0.272696 0.184890 0.359817
v -0.279397 0.187654 0.360461
v -0.274792 0.181983 0.334031
v -0.277721 0.175706 0.359349
v -0.283161 0.179164 0.358207
v -0.284368 0.175970 0.336289
v -0.279040 0.172988 0.337903
v -0.213809 0.309294 0.087385
v -0.212894 0.310057 0.092634
v -0.227254 0.302610 0.077035
v -0.218423 0.315979 0.088154
v -0.213961 0.283967 0.182382
v -0.213732 0.285566 0.188279
v -0.225025 0.282651 0.170961
v -0.217347 0.290258 0.186360
v -0.287590 0.182889 0.397616
v -0.254103 0.139840 0.387049
v -0.186205 0.237633 0.211431
v -0.287727 0.183867 0.406040
v -0.293250 0.188669 0.370714
v -0.291407 0.189612 0.400013
v -0.298391 0.180607 0.378849
v -0.295007 0.182946 0.408509
v -0.294234 0.175163 0.381662
v -0.291899 0.178607 0.409523
v -0.254362 0.140218 0.391430
v -0.261320 0.131774 0.372757
v -0.258087 0.134344 0.398035
v -0.174654 0.258562 0.110693
v -0.140822 0.204883 0.117046
v -0.160371 0.188677 0.220669
v -0.231713 0.106665 0.384808
v -0.134196 0.198589 0.124771
v -0.138936 0.205618 0.120244
v -0.142199 0.192941 0.107426
v -0.156024 0.183076 0.231239
v -0.159022 0.188752 0.229722
v -0.161392 0.179553 0.214069
v -0.230866 0.106962 0.391675
v -0.225022 0.103782 0.387437
v -0.226030 0.101980 0.363010
v -0.229869 0.099063 0.396990
v -0.234478 0.102991 0.398041
v -0.237477 0.099893 0.375969
v -0.231774 0.096117 0.376306
v -0.255159 0.241868 0.312588
v -0.250771 0.245457 0.336263
v -0.247621 0.238708 0.338430
v -0.247772 0.237660 0.332763
v -0.217213 0.192605 0.351109
v -0.198079 0.157972 0.340379
v -0.195787 0.157385 0.344976
v -0.193264 0.153798 0.346010
v -0.196352 0.151148 0.327279
v -0.375897 -0.051617 0.054859
v -0.371745 -0.039253 0.105644
v -0.359718 -0.012851 0.173111
v -0.348512 0.016393 0.229082
v -0.340409 0.035954 0.248843
v -0.323484 0.089347 0.316970
v -0.299542 0.154530 0.344635
v -0.299015 0.156156 0.353707
v -0.295774 0.161275 0.357744
v -0.294083 0.160297 0.335062
v -0.298894 0.165998 0.327164
v -0.300803 0.167509 0.348960
v -0.304147 0.162159 0.351088
v -0.329638 0.094942 0.321001
v -0.347315 0.039954 0.249517
v -0.354479 0.019889 0.227991
v -0.365064 -0.011179 0.168794
v -0.376648 -0.037233 0.103376
v -0.381195 -0.049056 0.055186
v -0.236834 0.263480 0.244332
v -0.230759 0.268624 0.267943
v -0.226842 0.263520 0.268713
v -0.226805 0.261508 0.262973
v -0.199870 0.217391 0.282707
v -0.175264 0.169397 0.287661
v -0.173728 0.170071 0.291982
v -0.170233 0.165318 0.295675
v -0.174021 0.162714 0.275315
v -0.293084 0.323577 0.195981
v -0.286498 0.329398 0.214280
v -0.281278 0.325896 0.216966
v -0.281984 0.323942 0.211217
v -0.259384 0.296592 0.226676
v -0.233332 0.259741 0.241908
v -0.231033 0.261887 0.245760
v -0.227749 0.257237 0.249893
v -0.236162 0.246451 0.244715
v -0.288311 0.303514 0.209662
v -0.282249 0.310541 0.212575
v -0.285161 0.313444 0.209695
v -0.287033 0.311466 0.206680
v -0.309416 0.334853 0.189735
v -0.332255 0.353905 0.176644
v -0.331710 0.355459 0.180418
v -0.335748 0.357938 0.177996
v -0.341887 0.352646 0.165109
v -0.321827 0.050484 0.350999
v -0.322809 0.048668 0.365446
v -0.326655 0.054954 0.347119
v -0.327227 0.058109 0.331259
v -0.405172 0.117179 0.262648
v -0.406623 0.116238 0.267018
v -0.411573 0.121179 0.267875
v -0.409532 0.122807 0.254915
v -0.352367 -0.102163 0.000001
v -0.430230 0.418356 0.055739
v -0.433087 0.427622 0.000003
v -0.429952 0.420406 0.060365
v -0.439473 0.407119 0.052683
v -0.438283 0.421806 0.060061
v -0.442726 0.431139 0.000003
v -0.421636 0.404988 0.139299
v -0.421918 0.403234 0.135017
v -0.431029 0.397285 0.129941
v -0.427153 0.407291 0.138274
v -0.420347 0.390831 0.198107
v -0.420342 0.392658 0.202450
v -0.420659 0.378974 0.260768
v -0.420798 0.377404 0.255945
v -0.430282 0.387804 0.185603
v -0.425854 0.394903 0.200618
v -0.426017 0.381848 0.257149
v -0.383589 0.335122 0.320078
v -0.421935 0.358156 0.310629
v -0.427782 0.328086 0.346127
v -0.397836 0.307853 0.344563
v -0.421879 0.359224 0.314989
v -0.429098 0.376836 0.239191
v -0.428229 0.359314 0.299606
v -0.427328 0.362719 0.312472
v -0.381676 0.357124 0.256565
v -0.381345 0.369853 0.204169
v -0.427748 0.328965 0.350135
v -0.434418 0.330748 0.345702
v -0.433335 0.332104 0.350583
v -0.442210 0.306243 0.347988
v -0.441709 0.308055 0.351309
v -0.440207 0.313943 0.353456
v -0.441296 0.312303 0.349594
v -0.437684 0.303652 0.346918
v -0.437078 0.305962 0.351210
v -0.434741 0.310920 0.353989
v -0.406224 0.295220 0.322961
v -0.434468 0.310939 0.347758
v -0.406401 0.295397 0.328604
v -0.410689 0.289153 0.319918
v -0.409475 0.291435 0.325768
v -0.379868 0.391343 0.063975
v -0.375849 0.378714 0.153050
v -0.327020 0.361082 0.079179
v -0.338279 0.350367 0.166657
v -0.342930 0.341200 0.207566
v -0.347454 0.331505 0.248073
v -0.349602 0.312692 0.280227
v -0.357025 0.282414 0.300406
v -0.360564 0.271842 0.297047
v -0.319278 0.359906 0.084285
v -0.325365 0.363173 0.081939
v -0.326981 0.351396 0.081643
v -0.336645 0.352431 0.169414
v -0.332679 0.349829 0.172242
v -0.339666 0.342488 0.172124
v -0.337001 0.340640 0.213069
v -0.341165 0.343228 0.210568
v -0.345657 0.333611 0.251791
v -0.341290 0.331016 0.253469
v -0.342026 0.333077 0.208247
v -0.344282 0.323196 0.242927
v -0.347966 0.314893 0.283876
v -0.343109 0.312955 0.282702
v -0.345120 0.307798 0.273527
v -0.355806 0.284590 0.304330
v -0.350842 0.282513 0.303493
v -0.352321 0.279718 0.297804
v -0.353801 0.271524 0.300582
v -0.359870 0.272233 0.302493
v -0.355106 0.269337 0.296800
v -0.354899 0.267976 0.300972
v -0.360716 0.269546 0.301327
v -0.356229 0.265829 0.297485
v -0.362084 0.267401 0.297618
v -0.150656 0.256124 0.098866
v -0.149719 0.257015 0.104846
v -0.164850 0.248457 0.086624
v -0.156619 0.264553 0.099813
v -0.147539 0.228012 0.211356
v -0.147581 0.226189 0.204591
v -0.159716 0.225065 0.190783
v -0.152207 0.233576 0.209324
v -0.159003 0.203801 0.296732
v -0.158682 0.201613 0.290100
v -0.169975 0.204005 0.267981
v -0.164043 0.209496 0.295947
v -0.110492 0.177928 0.249334
v -0.129998 0.162792 0.314009
v -0.221723 0.126681 0.382405
v -0.226543 0.118529 0.393226
v -0.223162 0.120882 0.420790
v -0.219874 0.127634 0.410743
v -0.221874 0.112984 0.395290
v -0.219653 0.116460 0.421484
v -0.215650 0.121755 0.416829
v -0.215444 0.120756 0.408687
v -0.191426 0.089959 0.434767
v -0.191145 0.089538 0.430395
v -0.198360 0.081692 0.413109
v -0.195106 0.084103 0.438891
v -0.111669 0.209182 0.103168
v -0.059033 0.137449 0.135079
v -0.077707 0.128303 0.278211
v -0.095132 0.116615 0.344427
v -0.057048 0.138120 0.138869
v -0.051544 0.130356 0.145194
v -0.059851 0.124825 0.124803
v -0.076237 0.128331 0.288889
v -0.072688 0.122159 0.292222
v -0.078341 0.118565 0.271724
v -0.093480 0.117283 0.349751
v -0.089427 0.112020 0.355950
v -0.093501 0.109357 0.331794
v -0.164317 0.042046 0.432111
v -0.159058 0.046846 0.428163
v -0.165567 0.051155 0.430240
v -0.169451 0.047105 0.432513
v -0.166547 0.038965 0.407818
v -0.172793 0.044017 0.406646
v -0.160374 0.044966 0.401129
v -0.166541 0.050935 0.422463
v -0.178438 0.177642 0.362448
v -0.178481 0.176532 0.356094
v -0.186914 0.181146 0.333058
v -0.182647 0.184881 0.360616
v -0.149108 0.139622 0.382007
v -0.118311 0.098401 0.393266
v -0.115714 0.097643 0.399583
v -0.112754 0.093590 0.402526
v -0.116221 0.090861 0.380340
v -0.502140 0.429883 0.059712
v -0.510600 0.436048 0.000003
v -0.501960 0.431758 0.064659
v -0.512422 0.419326 0.000003
v -0.505629 0.416279 0.055040
v -0.508333 0.430360 0.063849
v -0.518333 0.439942 0.000003
v -0.486376 0.416323 0.142570
v -0.486669 0.414519 0.138190
v -0.490581 0.406587 0.129901
v -0.490552 0.417150 0.140477
v -0.481036 0.401623 0.194840
v -0.481279 0.403821 0.199569
v -0.478361 0.390361 0.251293
v -0.478149 0.388457 0.246119
v -0.486487 0.396659 0.179567
v -0.485715 0.404921 0.196595
v -0.483554 0.392331 0.247128
v -0.440001 0.350285 0.324245
v -0.473306 0.370378 0.290333
v -0.467117 0.339408 0.312784
v -0.440643 0.326413 0.337655
v -0.473161 0.371365 0.294599
v -0.484662 0.386836 0.228150
v -0.479900 0.370595 0.278729
v -0.478923 0.373622 0.291866
v -0.438659 0.365238 0.260015
v -0.438317 0.376675 0.206561
v -0.467020 0.340216 0.316600
v -0.473993 0.340434 0.311752
v -0.472993 0.341513 0.316123
v -0.472144 0.318736 0.318021
v -0.472300 0.320139 0.320643
v -0.472705 0.325033 0.320408
v -0.473145 0.323664 0.317101
v -0.466739 0.317727 0.317900
v -0.466992 0.319556 0.321300
v -0.466445 0.323929 0.322116
v -0.439068 0.312541 0.312336
v -0.466451 0.323673 0.315466
v -0.438678 0.312212 0.317597
v -0.441079 0.305510 0.310736
v -0.440048 0.307646 0.315470
v -0.469330 0.423621 0.000003
v -0.463439 0.414347 0.071208
v -0.441111 0.390370 0.156601
v -0.397831 0.381158 0.076963
v -0.398754 0.365358 0.165854
v -0.399323 0.354771 0.208863
v -0.401745 0.344426 0.253189
v -0.402783 0.327166 0.290771
v -0.405097 0.301431 0.316806
v -0.404573 0.292876 0.313365
v -0.388462 0.380751 0.082059
v -0.396127 0.383126 0.079380
v -0.396072 0.371044 0.081622
v -0.397818 0.367550 0.169051
v -0.392691 0.365573 0.172103
v -0.397578 0.356766 0.171726
v -0.393365 0.355272 0.215407
v -0.398445 0.357041 0.212514
v -0.400432 0.346642 0.257246
v -0.395320 0.345029 0.259402
v -0.396114 0.346762 0.209808
v -0.397310 0.337206 0.248907
v -0.401214 0.329213 0.294852
v -0.395439 0.328237 0.294180
v -0.397373 0.323295 0.285219
v -0.404214 0.303394 0.321204
v -0.398820 0.301771 0.320879
v -0.399640 0.299370 0.314940
v -0.398123 0.293290 0.318331
v -0.403775 0.293619 0.319249
v -0.398641 0.291377 0.314180
v -0.397911 0.290452 0.318687
v -0.403521 0.291522 0.318079
v -0.398411 0.288711 0.314895
v -0.404027 0.289784 0.314221
v -0.346287 -0.137989 0.000001
v -0.348010 -0.141126 0.000001
v -0.354314 -0.097137 0.000001
v -0.206194 0.031945 0.384754
v -0.237925 0.056483 0.382023
v -0.244605 0.033654 0.391539
v -0.218341 0.010583 0.388970
v -0.190054 0.057696 0.377709
v -0.214632 0.088100 0.377404
v -0.159002 0.092854 0.355919
v -0.185315 0.120823 0.358822
v -0.247769 0.087380 0.391175
v -0.275266 0.103986 0.345407
v -0.285145 0.085210 0.348197
v -0.258527 0.064111 0.377409
v -0.232496 0.114922 0.366779
v -0.253846 0.139682 0.337408
v -0.201957 0.151193 0.323059
v -0.222824 0.170451 0.296489
v -0.322710 0.163793 0.344423
v -0.353833 0.185788 0.303406
v -0.363827 0.166996 0.307025
v -0.333982 0.139603 0.312672
v -0.307940 0.193518 0.335856
v -0.331153 0.221110 0.307251
v -0.275107 0.230832 0.322053
v -0.297281 0.250836 0.301358
v -0.304907 0.151629 0.325068
v -0.276481 0.131174 0.354011
v -0.261781 0.159961 0.348249
v -0.283402 0.186733 0.333917
v -0.321581 -0.211409 0.000000
v -0.517822 0.294755 0.315868
v -0.519853 0.285477 0.319742
v -0.519698 0.278904 0.322460
v -0.517643 0.273400 0.324781
v -0.512322 0.265038 0.328319
v -0.502678 0.257666 0.331531
v -0.496744 0.257306 0.331859
v -0.490355 0.258881 0.331404
v -0.480625 0.266922 0.328232
v -0.477247 0.279950 0.322630
v -0.479171 0.290337 0.318070
v -0.481738 0.295653 0.315728
v -0.484149 0.299036 0.314237
v -0.488199 0.302499 0.312725
v -0.494211 0.305710 0.311290
v -0.499218 0.306831 0.310772
v -0.507857 0.305449 0.311342
v -0.514561 0.299942 0.313690
v 0.087983 -0.067973 0.580571
v 0.093299 -0.069437 0.585411
v 0.098832 -0.068490 0.584230
v 0.103485 -0.065321 0.577262
v 0.106338 -0.060557 0.565887
v 0.106826 -0.055142 0.552358
v 0.104851 -0.050148 0.539354
v 0.100805 -0.046564 0.529451
v 0.095489 -0.045100 0.524611
v 0.089957 -0.046047 0.525792
v 0.085303 -0.049216 0.532761
v 0.082450 -0.053980 0.544136
v 0.081963 -0.059395 0.557665
v 0.083937 -0.064389 0.570669
v 0.106800 -0.058168 0.543477
v 0.082790 -0.057047 0.535571
v 0.095611 -0.048213 0.516501
v 0.090164 -0.049160 0.517674
v 0.100849 -0.049659 0.521193
v 0.104843 -0.053212 0.530820
v 0.085588 -0.052313 0.524481
v 0.082323 -0.062425 0.548750
v 0.084281 -0.067381 0.561406
v 0.088274 -0.070934 0.571034
v 0.093513 -0.072381 0.575726
v 0.098959 -0.071433 0.574552
v 0.103535 -0.068280 0.567746
v 0.106333 -0.063546 0.556655
v -0.043533 0.132934 0.000002
v -0.414052 -0.427912 -0.000001
v -0.038357 0.130400 0.000002
v -0.382512 -0.099528 0.000001
v -0.384644 -0.077050 0.000001
v -0.386594 -0.081150 0.000001
v -0.415926 0.033685 0.000001
v -0.418280 0.044328 0.000001
v -0.340597 -0.153481 0.000001
v -0.379350 -0.040723 0.000001
v -0.382684 -0.052491 0.000001
v -0.377051 -0.055599 0.000001
v -0.322124 -0.190319 0.000000
v -0.325716 -0.192339 0.000000
v -0.349014 -0.090557 0.000001
v -0.351528 0.381821 0.000003
v -0.344705 0.399354 0.000003
v -0.266023 0.323983 0.000002
v -0.297926 0.360228 0.000003
v -0.286913 0.381100 0.000003
v -0.251435 0.343380 0.000003
v -0.204188 0.284649 0.000002
v -0.201528 0.287303 0.000002
v -0.220228 0.330292 0.000003
v -0.124986 0.201782 0.000002
v -0.135390 0.195391 0.000002
v -0.380997 0.398244 0.000003
v -0.322344 0.365504 0.000003
v -0.320556 0.367787 0.000003
v -0.321949 0.355847 0.000003
v -0.114327 0.223989 0.000002
v -0.052472 0.141593 0.000002
v -0.052665 0.127034 0.000002
v -0.466770 0.422322 0.000003
v -0.391794 0.388901 0.000003
v -0.400630 0.391414 0.000003
v -0.045229 0.133026 0.000002
v -0.049402 0.128263 0.000002
v -0.171388 -0.001154 0.421387
v 0.699743 -0.157036 0.542389
v 0.690406 -0.154477 0.579481
v 0.656254 -0.147564 0.659319
v 0.631461 -0.143932 0.685601
v 0.621361 -0.141651 0.714615
v 0.598128 -0.134471 0.712366
v 0.576609 -0.127595 0.715735
v 0.567440 -0.125322 0.701283
v 0.543081 -0.117373 0.709109
v 0.518542 -0.109526 0.713084
v 0.499941 -0.104490 0.694048
v 0.474155 -0.100273 0.673473
v 0.449873 -0.096717 0.643090
v 0.437315 -0.095010 0.623900
v -0.354267 -0.396702 0.362749
v -0.285459 -0.354576 0.680575
v -0.274200 -0.348774 0.706498
v -0.223339 -0.329777 0.836862
v -0.178174 -0.313740 0.905480
v -0.148655 -0.295284 0.918889
v -0.099212 -0.258259 0.888970
v -0.068518 -0.223335 0.825315
v -0.037751 -0.190234 0.759653
v -0.033037 -0.172424 0.719175
v -0.031111 -0.182404 0.738408
v -0.123652 -0.003509 0.417040
v -0.137290 0.012093 0.379632
v -0.153099 0.037075 0.367326
v -0.166639 -0.157200 0.636716
v -0.175859 -0.132834 0.610390
v -0.193856 -0.106038 0.545907
v -0.215067 -0.099436 0.495953
v -0.131538 -0.122577 0.614681
v -0.152586 -0.101364 0.592624
v -0.170400 -0.084901 0.543545
v -0.182688 -0.074924 0.512944
v -0.195592 -0.062635 0.479679
v -0.130196 -0.072857 0.552542
v -0.151532 -0.058200 0.513056
v -0.168913 -0.046854 0.480030
v -0.186383 -0.034536 0.463080
v -0.188440 -0.166166 0.625205
v 0.094394 -0.057269 0.555011
v 0.172392 -0.072667 0.603345
v 0.160184 -0.074793 0.612441
v 0.162630 -0.079787 0.624289
v 0.184629 -0.075955 0.607899
v 0.184276 -0.078944 0.598761
v 0.184240 -0.073566 0.585470
v 0.184601 -0.070540 0.594250
v 0.160156 -0.069377 0.598792
v 0.162551 -0.064614 0.586045
v 0.162521 -0.067711 0.577698
v 0.160169 -0.072445 0.590135
v 0.166895 -0.061445 0.576724
v 0.172328 -0.060498 0.572676
v 0.172142 -0.063611 0.564583
v 0.166794 -0.064558 0.568578
v 0.177774 -0.061962 0.574702
v 0.177507 -0.065057 0.566502
v 0.182154 -0.065546 0.582402
v 0.181824 -0.068610 0.573957
v 0.160204 -0.077823 0.603427
v 0.162620 -0.082779 0.614940
v 0.167010 -0.083371 0.631989
v 0.166938 -0.086332 0.622395
v 0.172456 -0.084835 0.634015
v 0.172302 -0.087779 0.624314
v 0.177890 -0.083888 0.629967
v 0.177651 -0.086831 0.620318
v 0.182234 -0.080719 0.620646
v 0.181924 -0.083678 0.611198
v 0.249530 -0.073905 0.578189
v 0.237432 -0.075707 0.589608
v 0.240007 -0.080360 0.602215
v 0.261806 -0.077112 0.581638
v 0.261351 -0.080348 0.573299
v 0.261169 -0.075366 0.558797
v 0.261628 -0.072102 0.566769
v 0.237254 -0.070697 0.574740
v 0.239507 -0.066322 0.560555
v 0.239383 -0.069646 0.552981
v 0.237170 -0.073999 0.566843
v 0.243745 -0.063449 0.549862
v 0.249129 -0.062647 0.544780
v 0.248853 -0.065978 0.537485
v 0.243553 -0.066782 0.542503
v 0.254593 -0.064075 0.546315
v 0.254233 -0.067391 0.538922
v 0.259053 -0.067449 0.554163
v 0.258629 -0.070741 0.546528
v 0.237352 -0.078982 0.581346
v 0.239892 -0.083607 0.593614
v 0.244468 -0.083734 0.610063
v 0.244288 -0.086957 0.601221
v 0.249931 -0.085162 0.611598
v 0.249668 -0.088370 0.602657
v 0.255315 -0.084360 0.606516
v 0.254968 -0.087565 0.597640
v 0.259553 -0.081486 0.595823
v 0.259138 -0.084702 0.587162
v 0.135704 -0.153321 0.749156
v 0.123820 -0.157092 0.759629
v 0.126667 -0.162816 0.766415
v 0.148081 -0.156021 0.747543
v 0.147593 -0.158076 0.736537
v 0.147102 -0.151676 0.727992
v 0.147588 -0.149550 0.738683
v 0.123327 -0.150621 0.750769
v 0.125286 -0.144686 0.741589
v 0.125140 -0.146895 0.731167
v 0.123217 -0.152770 0.740061
v 0.129307 -0.140460 0.733908
v 0.134596 -0.138781 0.729247
v 0.134302 -0.141041 0.719100
v 0.129097 -0.142708 0.723687
v 0.140105 -0.139983 0.728529
v 0.139726 -0.142221 0.718316
v 0.144741 -0.143826 0.731896
v 0.144294 -0.146017 0.721489
v 0.123708 -0.159171 0.748605
v 0.126516 -0.164830 0.755108
v 0.131304 -0.166659 0.769783
v 0.131084 -0.168626 0.758282
v 0.136812 -0.167861 0.769065
v 0.136508 -0.169806 0.757497
v 0.142101 -0.166183 0.764404
v 0.141713 -0.168138 0.752911
v 0.146123 -0.161957 0.756722
v 0.145669 -0.163952 0.745430
v 0.174573 -0.209724 0.746954
v 0.162231 -0.212707 0.745873
v 0.164459 -0.219301 0.746099
v 0.186698 -0.213925 0.748047
v 0.186630 -0.214090 0.735425
v 0.186831 -0.207014 0.735609
v 0.186915 -0.206740 0.748036
v 0.162447 -0.205522 0.745861
v 0.165065 -0.199169 0.746066
v 0.165301 -0.199613 0.733936
v 0.162734 -0.205875 0.733569
v 0.169566 -0.194907 0.746447
v 0.175059 -0.193579 0.746928
v 0.175134 -0.194084 0.734909
v 0.169727 -0.195404 0.734415
v 0.180455 -0.195449 0.747414
v 0.180451 -0.195911 0.735323
v 0.184687 -0.200146 0.747810
v 0.184626 -0.200526 0.735572
v 0.162533 -0.212951 0.733385
v 0.164739 -0.219439 0.733421
v 0.168690 -0.223998 0.746494
v 0.168913 -0.224054 0.733671
v 0.174087 -0.225868 0.746980
v 0.174231 -0.225882 0.734084
v 0.179579 -0.224540 0.747461
v 0.179638 -0.224561 0.734579
v 0.184080 -0.220278 0.747842
v 0.184063 -0.220352 0.735058
v 0.174573 -0.308802 0.725288
v 0.162134 -0.310949 0.723377
v 0.164109 -0.317645 0.721528
v 0.186524 -0.313775 0.724972
v 0.186461 -0.313462 0.712373
v 0.186929 -0.306456 0.714761
v 0.187012 -0.306654 0.727200
v 0.162622 -0.303828 0.725606
v 0.165477 -0.297692 0.727771
v 0.165707 -0.297693 0.715571
v 0.162905 -0.303736 0.713273
v 0.170134 -0.293756 0.729445
v 0.175670 -0.292801 0.730296
v 0.175736 -0.292856 0.718189
v 0.170286 -0.293810 0.717327
v 0.180988 -0.295014 0.730154
v 0.180977 -0.295020 0.717989
v 0.185036 -0.299958 0.729050
v 0.184972 -0.299874 0.716766
v 0.162437 -0.310743 0.710884
v 0.164394 -0.317325 0.708879
v 0.168157 -0.322589 0.720423
v 0.168389 -0.322179 0.707656
v 0.173476 -0.324803 0.720282
v 0.173630 -0.324343 0.707456
v 0.179012 -0.323847 0.721132
v 0.179080 -0.323388 0.708319
v 0.183668 -0.319911 0.722806
v 0.183659 -0.319505 0.710074
v -0.642323 0.006835 0.223938
v -0.654603 0.003920 0.218902
v -0.652326 -0.002597 0.216570
v -0.630198 0.002657 0.225646
v -0.630074 0.003191 0.213115
v -0.629936 0.010166 0.216584
v -0.630042 0.009751 0.228975
v -0.654448 0.011015 0.222232
v -0.651891 0.017281 0.225900
v -0.651469 0.017513 0.213790
v -0.653974 0.011345 0.210015
v -0.647439 0.021479 0.229179
v -0.641974 0.022776 0.231421
v -0.641714 0.022942 0.219359
v -0.647094 0.021652 0.217126
v -0.636578 0.020917 0.232181
v -0.636396 0.021128 0.220049
v -0.632320 0.016268 0.231308
v -0.632193 0.016568 0.219058
v -0.654112 0.004369 0.206545
v -0.651855 -0.002033 0.204070
v -0.648068 -0.007245 0.215697
v -0.647652 -0.006593 0.203079
v -0.642672 -0.009105 0.216457
v -0.642334 -0.008407 0.203769
v -0.637206 -0.007808 0.218698
v -0.636954 -0.007116 0.206003
v -0.632754 -0.003610 0.221978
v -0.632579 -0.002978 0.209339
v -0.699453 0.039379 0.182087
v -0.702292 0.037491 0.203078
v -0.690849 0.042321 0.194237
v -0.701455 0.054295 0.168574
v -0.698639 0.063236 0.145484
v -0.718223 0.067213 0.104890
v -0.728846 0.076099 0.048829
v -0.721403 0.082657 0.040150
v -0.713544 0.075317 0.089364
v -0.691364 0.039852 0.220077
v -0.677988 0.050978 0.226831
v -0.727508 0.049817 0.143185
v -0.724605 0.050506 0.135653
v -0.744809 0.066305 0.059789
v -0.742241 0.066818 0.057900
v -0.689499 0.117083 0.021494
v -0.688241 0.111622 0.069745
v -0.676181 0.101774 0.135582
v -0.664157 0.094066 0.166230
v -0.661441 0.091045 0.194088
v -0.680026 0.054780 0.206144
v -0.684545 0.124207 0.021434
v -0.683384 0.126598 0.011086
v -0.687013 0.118409 0.010784
v -0.684761 0.122006 0.011790
v -0.688915 0.120106 0.008879
v -0.686973 0.123487 0.009953
v -0.689522 0.121760 0.006968
v -0.688314 0.124159 0.006937
v -0.677836 0.124493 0.065183
v -0.663992 0.123672 0.120458
v -0.653504 0.116060 0.164863
v -0.646368 0.126967 0.173879
v -0.659563 0.166491 0.012150
v -0.651402 0.178994 0.024282
v -0.656094 0.171135 0.024014
v -0.653207 0.170310 0.061790
v -0.646540 0.168696 0.110189
v -0.638339 0.177681 0.135646
v -0.644755 0.187950 0.049010
v -0.634445 0.201472 0.085576
v -0.650092 0.181568 0.015147
v -0.655359 0.168275 0.006661
v -0.654253 0.171011 0.014315
v -0.651916 0.176020 0.015289
v -0.650137 0.177416 0.008334
v -0.657714 0.170825 0.006667
v -0.656000 0.172751 0.011338
v -0.653567 0.176550 0.011938
v -0.652660 0.178332 0.006706
v -0.657971 0.172801 0.005521
v -0.656783 0.174337 0.008504
v -0.655268 0.176891 0.008445
v -0.654168 0.178008 0.006102
v -0.640656 0.197957 0.009931
v -0.628576 0.223627 0.006974
v -0.627973 0.210082 0.111944
v -0.625227 0.229616 0.065861
v -0.626587 0.227059 0.018836
v -0.622554 0.236551 0.021877
v -0.620624 0.246043 0.059817
v -0.621553 0.239337 0.009561
v -0.624273 0.227093 0.007534
v -0.623709 0.228543 0.012559
v -0.622092 0.234055 0.014976
v -0.620887 0.236167 0.007218
v -0.627481 0.229579 0.009984
v -0.625470 0.234026 0.013507
v -0.624613 0.236521 0.008089
v -0.628772 0.231113 0.007819
v -0.627281 0.233698 0.010329
v -0.626983 0.235925 0.006417
v -0.623927 0.228390 0.095121
v -0.619643 0.247629 0.084861
v -0.652164 0.110306 0.189322
v -0.645499 0.121743 0.190975
v -0.624131 0.150078 0.209018
v -0.625719 0.155458 0.193754
v -0.602979 0.175334 0.229539
v -0.603700 0.181470 0.218610
v -0.595321 0.183896 0.237805
v -0.597719 0.188404 0.228452
v -0.595741 0.198729 0.230292
v -0.592318 0.196120 0.240173
v -0.600305 0.206404 0.233760
v -0.603512 0.209958 0.214965
v -0.607056 0.218724 0.195335
v -0.605341 0.216009 0.210974
v -0.604405 0.213272 0.225271
v -0.611459 0.197785 0.194404
v -0.625457 0.183751 0.168273
v -0.615722 0.212568 0.165503
v -0.621699 0.214219 0.139957
v -0.609646 0.230608 0.212076
v -0.609372 0.245428 0.211893
v -0.608015 0.245380 0.202746
v -0.603089 0.259984 0.213462
v -0.604140 0.259213 0.223555
v -0.599931 0.269440 0.238647
v -0.597553 0.271032 0.230558
v -0.592901 0.279103 0.263223
v -0.590382 0.281242 0.255736
v -0.583520 0.286690 0.292408
v -0.581338 0.287862 0.282810
v -0.570855 0.290173 0.306565
v -0.554969 0.287499 0.325623
v -0.573671 0.289220 0.315231
v -0.558177 0.286489 0.335326
v -0.537684 0.275457 0.335674
v -0.535667 0.278121 0.327946
v -0.608267 0.231013 0.204384
v -0.617133 0.248661 0.118015
v -0.607929 0.231269 0.191742
v -0.609208 0.246587 0.172908
v -0.602291 0.263677 0.190305
v -0.594609 0.274054 0.202889
v -0.587334 0.287019 0.238632
v -0.576607 0.294234 0.268073
v -0.565912 0.295819 0.293472
v -0.603056 0.264456 0.174095
v -0.596999 0.277261 0.187404
v -0.589088 0.288538 0.216901
v -0.575737 0.295906 0.252300
v -0.564367 0.297974 0.282557
v -0.549280 0.294756 0.311562
v -0.531650 0.281667 0.330092
v -0.523188 0.268322 0.329269
v -0.519311 0.270540 0.332545
v -0.610763 0.272668 0.009532
v -0.609309 0.281234 0.014948
v -0.611480 0.274969 0.040905
v -0.610478 0.278199 0.065531
v -0.606203 0.291353 0.029906
v -0.607194 0.277730 0.113450
v -0.600635 0.300526 0.125520
v -0.602778 0.307845 0.017171
v -0.593511 0.317199 0.048227
v -0.596884 0.319946 0.037599
v -0.596643 0.303870 0.023011
v -0.597739 0.320399 0.015815
v -0.594296 0.327464 0.030372
v -0.586709 0.336309 0.040957
v -0.589814 0.335007 0.028237
v -0.584711 0.335773 0.048241
v -0.589283 0.338179 0.009885
v -0.583677 0.341530 0.012492
v -0.579397 0.340539 0.016554
v -0.550751 0.364569 0.195200
v -0.542630 0.355518 0.253391
v -0.558921 0.329485 0.263385
v -0.535954 0.318187 0.316713
v -0.525313 0.340826 0.310173
v -0.505379 0.320658 0.336375
v -0.515134 0.300750 0.340309
v -0.501832 0.282852 0.356061
v -0.489792 0.300871 0.344395
v -0.506211 0.249263 0.338611
v -0.488508 0.262205 0.364362
v -0.471385 0.271678 0.347679
v -0.494688 0.223356 0.351871
v -0.477090 0.242352 0.363691
v -0.469793 0.259068 0.353940
v -0.508945 0.248151 0.334408
v -0.500216 0.218856 0.345673
v -0.495227 0.206974 0.347239
v -0.489069 0.205093 0.347405
v -0.487256 0.216566 0.357375
v -0.473916 0.239183 0.362756
v -0.466122 0.256483 0.356600
v -0.468254 0.271558 0.346840
v -0.486565 0.303942 0.344960
v -0.502937 0.324102 0.333933
v -0.510315 0.332102 0.322752
v -0.515037 0.347209 0.317544
v -0.519358 0.347953 0.310772
v -0.523160 0.369140 0.319953
v -0.531368 0.386437 0.326192
v -0.534303 0.384368 0.313666
v -0.540918 0.399620 0.323508
v -0.539079 0.360637 0.260401
v -0.549152 0.370175 0.215035
v -0.549098 0.377306 0.173933
v -0.526023 0.368390 0.312225
v -0.543679 0.372404 0.275985
v -0.551305 0.379032 0.236021
v -0.550657 0.383621 0.203732
v -0.546924 0.383500 0.288487
v -0.552283 0.386995 0.255076
v -0.552938 0.391868 0.221327
v -0.543394 0.397147 0.309711
v -0.552362 0.403382 0.288114
v -0.557636 0.403024 0.247193
v -0.546590 0.403951 0.313769
v -0.560566 0.407961 0.245397
v -0.559283 0.404553 0.231214
v -0.554418 0.393660 0.211010
v -0.537694 0.384369 0.102872
v -0.550219 0.371063 0.138569
v -0.562138 0.355449 0.060930
v -0.515959 0.396975 0.102306
v -0.501708 0.402092 0.109450
v -0.486358 0.400185 0.144581
v -0.472398 0.392954 0.172638
v -0.460599 0.390030 0.159295
v -0.464170 0.383349 0.203721
v -0.460044 0.380541 0.195870
v -0.464722 0.375164 0.224264
v -0.461497 0.372947 0.220417
v -0.470096 0.364550 0.260259
v -0.469109 0.362564 0.259911
v -0.604566 0.325212 0.014144
v -0.601254 0.330258 0.024939
v -0.597097 0.337231 0.024732
v -0.595725 0.340492 0.013616
v -0.606048 0.328548 0.010781
v -0.603197 0.332912 0.019208
v -0.600684 0.337159 0.018809
v -0.599441 0.340133 0.011219
v -0.619780 0.338523 0.008186
v -0.619009 0.340761 0.011128
v -0.617355 0.344650 0.011698
v -0.616107 0.348081 0.008031
v -0.646127 0.236577 0.004616
v -0.645236 0.237740 0.005514
v -0.645191 0.239656 0.004880
v -0.742964 0.062435 0.055833
v -0.725487 0.045820 0.137229
v -0.700223 0.034396 0.195164
v -0.601791 0.258911 0.223153
v -0.597470 0.268503 0.238557
v -0.537547 0.274997 0.327008
v -0.522785 0.268882 0.320995
v -0.507513 0.248444 0.326816
v -0.499061 0.219389 0.337932
v -0.494289 0.208267 0.340035
v -0.489515 0.206762 0.342186
v -0.552929 0.406924 0.295557
v -0.558397 0.408718 0.270625
v -0.558480 0.407738 0.246580
v -0.557348 0.404775 0.234766
v -0.552517 0.394229 0.212851
v -0.549812 0.387309 0.196988
v -0.548733 0.383269 0.163139
v -0.551772 0.386836 0.195234
v -0.541544 0.384366 0.125003
v -0.501392 0.399115 0.107512
v -0.487162 0.398158 0.137158
v -0.606286 0.220856 0.205439
v -0.619691 0.230580 0.130128
v -0.608379 0.228526 0.182648
v -0.600965 0.203456 0.204327
v -0.608347 0.247657 0.183289
v -0.584307 0.316724 0.191752
v -0.563982 0.347931 0.185471
v -0.584187 0.332379 0.142631
v -0.577413 0.342125 0.087783
v -0.747158 0.075629 0.000001
v -0.656349 0.167332 0.000002
v -0.626952 0.223052 0.000002
v -0.687788 0.039187 0.186261
v -0.697308 0.035708 0.173933
v -0.600005 0.212093 0.215104
v -0.603010 0.220798 0.199322
v -0.595390 0.201467 0.199873
v -0.601716 0.217679 0.214280
v -0.604472 0.231885 0.208504
v -0.616379 0.205473 0.154612
v -0.536003 0.277227 0.316829
v -0.590292 0.277833 0.207502
v -0.493607 0.222961 0.341962
v -0.486748 0.216416 0.348109
v -0.545716 0.400920 0.291057
v -0.547079 0.381964 0.165874
v -0.545632 0.376898 0.174899
v -0.545922 0.403701 0.306132
v -0.551724 0.406707 0.289553
v -0.555009 0.404241 0.244601
v -0.556790 0.408274 0.266016
v -0.533990 0.382847 0.105943
v -0.540410 0.382642 0.127085
v -0.688625 0.036976 0.214468
v -0.723394 0.046991 0.128174
v -0.708029 0.058579 0.133840
v -0.676991 0.052427 0.196732
v -0.703942 0.066616 0.108135
v -0.741085 0.063177 0.052266
v -0.675550 0.048954 0.216984
v -0.658923 0.087955 0.192095
v -0.673733 0.112449 0.091475
v -0.655703 0.102742 0.158740
v -0.649478 0.108440 0.181594
v -0.642796 0.119964 0.182937
v -0.643206 0.124981 0.167661
v -0.623043 0.154202 0.186886
v -0.621833 0.149595 0.201695
v -0.635215 0.186442 0.097226
v -0.616615 0.238297 0.099137
v -0.603590 0.282219 0.085822
v -0.601309 0.180919 0.211801
v -0.601082 0.175060 0.222995
v -0.609720 0.196703 0.186951
v -0.594184 0.184258 0.230842
v -0.594976 0.188080 0.222830
v -0.591185 0.197003 0.231300
v -0.593217 0.199776 0.223873
v -0.598250 0.208122 0.231518
v -0.601931 0.214946 0.224938
v -0.604597 0.238776 0.182316
v -0.606788 0.231360 0.213544
v -0.606521 0.245603 0.212704
v -0.604091 0.245292 0.206002
v -0.599320 0.259128 0.216035
v -0.594223 0.269526 0.234311
v -0.587371 0.279335 0.256972
v -0.590667 0.278294 0.262913
v -0.581898 0.285090 0.290829
v -0.579404 0.285186 0.281694
v -0.570416 0.287190 0.301642
v -0.573188 0.287259 0.310675
v -0.555590 0.285152 0.317015
v -0.558410 0.285016 0.328301
v -0.524679 0.275889 0.320496
v -0.568828 0.293976 0.270635
v -0.551074 0.319967 0.265342
v -0.548682 0.293550 0.300775
v -0.507659 0.291020 0.337333
v -0.504776 0.248924 0.328614
v -0.487979 0.261692 0.353351
v -0.547280 0.366356 0.166007
v -0.540419 0.354126 0.245051
v -0.541217 0.365751 0.232587
v -0.524109 0.339622 0.299060
v -0.517841 0.347294 0.299608
v -0.497125 0.310035 0.329187
v -0.503161 0.323138 0.323013
v -0.511231 0.331553 0.312709
v -0.515115 0.346840 0.310644
v -0.486673 0.303348 0.335121
v -0.471127 0.270897 0.336799
v -0.468531 0.271004 0.336936
v -0.476833 0.242012 0.353118
v -0.468963 0.258077 0.343321
v -0.465875 0.256059 0.346227
v -0.474173 0.239432 0.353672
v -0.522892 0.369271 0.312870
v -0.528440 0.377021 0.302671
v -0.530860 0.386611 0.318574
v -0.540673 0.399459 0.315514
v -0.548510 0.388278 0.213520
v -0.545717 0.381124 0.259625
v -0.514612 0.394681 0.096734
v -0.472998 0.391022 0.168325
v -0.460902 0.386988 0.153581
v -0.466843 0.381968 0.200885
v -0.461959 0.378699 0.187963
v -0.466864 0.374847 0.215667
v -0.463840 0.370482 0.213971
v -0.471837 0.362020 0.255137
v -0.472348 0.364155 0.254766
v -0.568855 0.342781 0.118920
v -0.724190 0.083847 0.000001
v -0.654180 0.179140 0.000002
v -0.615396 0.349167 0.000003
v -0.707058 0.144569 0.000002
v -0.658412 0.166350 0.000002
v -0.682283 0.125551 0.000002
v -0.690551 0.118503 0.000002
v -0.658428 0.169996 0.000002
v -0.625184 0.226064 0.000002
v -0.620652 0.239258 0.000002
v -0.625106 0.237403 0.000002
v -0.629055 0.227909 0.000002
v -0.601453 0.297787 0.000002
v -0.604903 0.304880 0.000002
v -0.605727 0.323404 0.000002
v -0.588453 0.338292 0.000002
v -0.595996 0.341977 0.000003
v -0.580206 0.342647 0.000003
v -0.563551 0.364332 0.000003
v -0.539641 0.387031 0.000003
v -0.515497 0.395424 0.000003
v -0.496224 0.397550 0.000003
v -0.476377 0.391814 0.000003
v -0.466238 0.394972 0.000003
v -0.464968 0.391209 0.000003
v -0.607027 0.327144 0.000002
v -0.621013 0.230497 0.000002
v -0.585575 0.322047 0.000002
v -0.496418 0.394419 0.000003
v -0.476003 0.388497 0.000003
v -0.466230 0.391677 0.000003
v 0.453120 -0.134108 -0.673619
v 0.449873 -0.096717 -0.643088
v 0.437315 -0.095010 -0.623899
v 0.431161 -0.125357 -0.636075
v 0.460334 -0.201879 -0.718907
v 0.482268 -0.199331 -0.728902
v 0.456220 -0.180987 -0.712752
v 0.575994 -0.180079 -0.765732
v 0.576609 -0.127595 -0.715733
v 0.567440 -0.125322 -0.701281
v 0.558049 -0.171195 -0.733150
v 0.627818 -0.192347 -0.744316
v 0.631461 -0.143932 -0.685599
v 0.621361 -0.141651 -0.714613
v 0.608000 -0.189973 -0.803309
v 0.424234 -0.093409 -0.599219
v 0.420160 -0.120357 -0.620016
v 0.418080 -0.154561 -0.643642
v 0.428712 -0.156392 -0.685124
v 0.472964 -0.134234 -0.698853
v 0.474155 -0.100272 -0.673471
v 0.432480 -0.190569 -0.729457
v 0.414524 -0.190742 -0.682990
v 0.415604 -0.235099 -0.708785
v 0.433616 -0.228952 -0.742257
v 0.465118 -0.229955 -0.723837
v 0.422015 -0.276583 -0.726559
v 0.444952 -0.265495 -0.767841
v 0.469747 -0.262245 -0.743032
v 0.451820 -0.280477 -0.797582
v 0.471746 -0.270651 -0.752501
v 0.490106 -0.233659 -0.765209
v 0.490425 -0.267181 -0.793038
v 0.488813 -0.275470 -0.791225
v 0.511832 -0.265603 -0.830448
v 0.510920 -0.234185 -0.799440
v 0.503465 -0.199011 -0.764165
v 0.494217 -0.142786 -0.719491
v 0.499941 -0.104490 -0.694046
v 0.527930 -0.273036 -0.818461
v 0.527060 -0.237216 -0.802091
v 0.518770 -0.194989 -0.772750
v 0.509812 -0.146776 -0.733966
v 0.518542 -0.109526 -0.713082
v 0.511000 -0.301087 -0.886079
v 0.528601 -0.304911 -0.866650
v 0.544732 -0.280214 -0.803722
v 0.544715 -0.240987 -0.797301
v 0.538513 -0.199548 -0.762229
v 0.532482 -0.159678 -0.732534
v 0.543081 -0.117372 -0.709107
v 0.564411 -0.285078 -0.767151
v 0.564585 -0.247838 -0.769397
v 0.559359 -0.203894 -0.757325
v 0.588986 -0.285806 -0.833153
v 0.584568 -0.245228 -0.842324
v 0.576261 -0.206087 -0.802649
v 0.593175 -0.187159 -0.778601
v 0.598128 -0.134471 -0.712364
v 0.593175 -0.212049 -0.807190
v 0.600500 -0.248196 -0.836810
v 0.608274 -0.287372 -0.849321
v 0.607172 -0.344668 -0.754588
v 0.631164 -0.340102 -0.730719
v 0.621437 -0.287556 -0.782053
v 0.611119 -0.249906 -0.814138
v 0.606024 -0.214778 -0.824831
v 0.646737 -0.284666 -0.731191
v 0.633313 -0.247129 -0.769684
v 0.627951 -0.225034 -0.775630
v 0.657207 -0.188963 -0.689909
v 0.656254 -0.147563 -0.659317
v 0.663013 -0.220065 -0.708445
v 0.663762 -0.244282 -0.729987
v 0.674759 -0.282170 -0.689134
v 0.702380 -0.279275 -0.612795
v 0.674343 -0.295888 -0.678766
v 0.703530 -0.298682 -0.632688
v 0.693669 -0.246530 -0.629429
v 0.695934 -0.217820 -0.611356
v 0.697005 -0.183572 -0.590146
v 0.690406 -0.154477 -0.579479
v 0.655717 -0.124257 -0.642094
v 0.686497 -0.137239 -0.573159
v 0.695738 -0.104128 -0.481195
v 0.683820 -0.095178 -0.501819
v 0.699743 -0.157036 -0.542388
v 0.503871 -0.295074 -0.864063
v 0.588574 -0.341256 -0.769056
v 0.426701 -0.288353 -0.737129
v 0.544213 -0.301955 -0.827299
v 0.563624 -0.317119 -0.766260
v 0.639850 -0.327045 -0.697109
v 0.655454 -0.302034 -0.689676
v -0.245177 -0.231445 -0.577575
v -0.261090 -0.249894 -0.515053
v -0.246759 -0.256000 -0.624268
v -0.184133 -0.306306 -0.892941
v -0.198209 -0.272770 -0.809942
v -0.199284 -0.312921 -0.873066
v -0.154444 -0.287270 -0.911665
v -0.172426 -0.247749 -0.810472
v -0.106329 -0.251203 -0.883750
v -0.121126 -0.220500 -0.820015
v -0.126631 -0.267985 -0.903564
v -0.305663 -0.278793 -0.384265
v -0.288964 -0.226299 -0.323285
v -0.294149 -0.232395 -0.250327
v -0.312310 -0.278977 -0.286611
v -0.336064 -0.310114 -0.314378
v -0.335348 -0.315172 -0.371098
v -0.297372 -0.241585 -0.169409
v -0.315336 -0.277674 -0.184684
v -0.341385 -0.320669 -0.263045
v -0.283256 -0.266809 -0.454310
v -0.326007 -0.333662 -0.456409
v -0.302615 -0.319507 -0.542273
v -0.337942 -0.331511 -0.413089
v -0.275057 -0.215900 -0.386971
v -0.330451 -0.371457 -0.485673
v -0.326146 -0.365471 -0.524014
v -0.306610 -0.352466 -0.617661
v -0.348832 -0.356937 -0.291811
v -0.354356 -0.388764 -0.352042
v -0.341591 -0.377668 -0.428085
v -0.345737 -0.351641 -0.392511
v -0.343663 -0.377466 -0.431554
v -0.333815 -0.371512 -0.487975
v -0.327198 -0.365896 -0.526677
v -0.344038 -0.385024 -0.437388
v -0.333990 -0.379313 -0.492662
v -0.326106 -0.373366 -0.537465
v -0.326407 -0.286889 -0.097833
v -0.305525 -0.247560 -0.081885
v -0.343358 -0.320367 -0.108049
v -0.334913 -0.289103 0.000000
v -0.356022 -0.319433 -0.000000
v -0.296079 -0.215204 -0.157754
v -0.297976 -0.220577 -0.073186
v -0.291545 -0.208481 -0.235603
v -0.285842 -0.202847 -0.304608
v -0.276529 -0.194339 -0.364208
v -0.261282 -0.204727 -0.442364
v -0.266930 -0.184515 -0.417647
v -0.281626 -0.306491 -0.599718
v -0.277422 -0.277790 -0.524898
v -0.265530 -0.265780 -0.557433
v -0.291109 -0.347367 -0.658651
v -0.280936 -0.341784 -0.687603
v -0.272759 -0.305615 -0.643623
v -0.282251 -0.340761 -0.697241
v -0.293308 -0.346082 -0.668270
v -0.291439 -0.351800 -0.685203
v -0.281691 -0.346635 -0.713453
v -0.255863 -0.329589 -0.758176
v -0.250548 -0.295278 -0.705132
v -0.257445 -0.328764 -0.767507
v -0.257029 -0.335032 -0.779135
v -0.229911 -0.320752 -0.838604
v -0.228551 -0.321398 -0.829719
v -0.228418 -0.326403 -0.850641
v -0.227253 -0.279600 -0.755186
v -0.248078 -0.191089 -0.508667
v -0.256773 -0.266797 -0.616306
v -0.227308 -0.244627 -0.683275
v -0.228948 -0.218958 -0.627990
v -0.233634 -0.178041 -0.554822
v -0.253140 -0.170662 -0.483017
v -0.238519 -0.156748 -0.531587
v -0.217328 -0.163033 -0.580987
v -0.207548 -0.211761 -0.668317
v -0.224072 -0.142828 -0.563431
v -0.205685 -0.230532 -0.719346
v -0.201478 -0.311376 -0.887917
v -0.199175 -0.317547 -0.906195
v -0.185816 -0.305070 -0.906921
v -0.154499 -0.286526 -0.922356
v -0.148343 -0.231225 -0.811043
v -0.124387 -0.265154 -0.913431
v -0.155898 -0.209779 -0.763406
v -0.177528 -0.231068 -0.769134
v -0.167297 -0.182506 -0.703885
v -0.187344 -0.193806 -0.688201
v -0.199511 -0.148182 -0.607790
v -0.181903 -0.309838 -0.925503
v -0.150992 -0.291756 -0.935000
v -0.120667 -0.270298 -0.924014
v -0.206801 -0.128386 -0.589082
v -0.181474 -0.135299 -0.619858
v -0.188738 -0.115435 -0.604485
v -0.165894 -0.124084 -0.621861
v -0.150725 -0.163520 -0.696225
v -0.172729 -0.106271 -0.609649
v -0.142075 -0.190598 -0.751894
v -0.137812 -0.214469 -0.796795
v -0.105561 -0.249104 -0.891638
v -0.090797 -0.235693 -0.872365
v -0.091826 -0.237169 -0.863828
v -0.107208 -0.207412 -0.808033
v -0.075286 -0.217279 -0.837817
v -0.075909 -0.219007 -0.830319
v -0.101421 -0.195856 -0.786815
v -0.082011 -0.174467 -0.741798
v -0.059918 -0.200287 -0.793617
v -0.058761 -0.198685 -0.803149
v -0.041917 -0.181852 -0.759559
v -0.067378 -0.160946 -0.718150
v -0.041522 -0.181206 -0.765245
v -0.078075 -0.140677 -0.684030
v -0.093095 -0.149003 -0.705685
v -0.109208 -0.178480 -0.748861
v -0.103240 -0.134418 -0.659585
v -0.131390 -0.147922 -0.688616
v -0.128170 -0.170270 -0.727246
v -0.122700 -0.191471 -0.779249
v -0.086142 -0.121764 -0.649405
v -0.148706 -0.113362 -0.620798
v -0.117370 -0.095463 -0.607614
v -0.154103 -0.096029 -0.607437
v -0.121973 -0.078266 -0.588639
v -0.098598 -0.086614 -0.598195
v -0.103859 -0.070049 -0.575565
v -0.069119 -0.108840 -0.643588
v -0.079986 -0.077485 -0.593269
v -0.080029 -0.075564 -0.597890
v -0.068653 -0.107470 -0.647748
v -0.085605 -0.066232 -0.583561
v -0.085928 -0.067760 -0.574016
v -0.062864 -0.125073 -0.664400
v -0.062436 -0.123633 -0.670615
v -0.052782 -0.147427 -0.699185
v -0.052731 -0.145769 -0.703940
v -0.040134 -0.172132 -0.737368
v -0.039833 -0.170187 -0.742761
v -0.101040 -0.255477 -0.904042
v -0.086092 -0.241168 -0.882633
v -0.070191 -0.222755 -0.847516
v -0.054855 -0.203475 -0.810964
v -0.037573 -0.185688 -0.771954
v -0.029819 -0.178291 -0.754571
v -0.032391 -0.168577 -0.735175
v -0.045003 -0.145654 -0.700451
v -0.029242 -0.174154 -0.744463
v -0.055296 -0.122278 -0.669058
v -0.062270 -0.105373 -0.645168
v -0.073746 -0.072115 -0.593806
v -0.081832 -0.049410 -0.563363
v -0.104870 -0.068539 -0.584936
v -0.092431 -0.066144 -0.570314
v -0.092738 -0.064467 -0.579722
v -0.122838 -0.077509 -0.597854
v -0.108236 -0.060930 -0.575414
v -0.126088 -0.070702 -0.590684
v -0.154986 -0.095076 -0.615678
v -0.160057 -0.088819 -0.611240
v -0.173706 -0.105493 -0.617369
v -0.178171 -0.098006 -0.612706
v -0.189564 -0.114804 -0.611506
v -0.397472 -0.412408 -0.178749
v -0.393286 -0.404656 -0.166188
v -0.416187 -0.424314 -0.000001
v -0.420948 -0.440000 -0.000001
v -0.394651 -0.416869 -0.176239
v -0.358396 -0.394690 -0.369118
v -0.354267 -0.396702 -0.362750
v -0.338847 -0.387244 -0.433330
v -0.328981 -0.380336 -0.484684
v -0.320334 -0.373920 -0.528646
v -0.301421 -0.360691 -0.633628
v -0.306967 -0.359451 -0.637201
v -0.285459 -0.354575 -0.680576
v -0.274200 -0.348773 -0.706498
v -0.251366 -0.337931 -0.768400
v -0.223339 -0.329776 -0.836862
v -0.195362 -0.321623 -0.889428
v -0.178174 -0.313739 -0.905480
v -0.148656 -0.295283 -0.918889
v -0.118459 -0.272808 -0.904774
v -0.099212 -0.258258 -0.888969
v -0.084637 -0.244299 -0.867818
v -0.068518 -0.223334 -0.825314
v -0.054136 -0.207122 -0.794211
v -0.037751 -0.190233 -0.759652
v -0.031111 -0.182403 -0.738407
v -0.030280 -0.177154 -0.728280
v -0.033037 -0.172424 -0.719174
v -0.045436 -0.149846 -0.684081
v -0.366477 -0.353200 -0.119670
v -0.391739 -0.405859 -0.157351
v -0.300716 -0.221149 -0.074679
v -0.299163 -0.215557 -0.161362
v -0.294145 -0.208814 -0.239405
v -0.288773 -0.202427 -0.309319
v -0.279116 -0.194341 -0.369363
v -0.301537 -0.210685 -0.072841
v -0.304000 -0.213508 0.000000
v -0.299378 -0.205301 -0.154775
v -0.294690 -0.198606 -0.233096
v -0.296799 -0.208612 -0.072801
v -0.297177 -0.210837 0.000000
v -0.294596 -0.204015 -0.148383
v -0.289742 -0.197433 -0.227543
v -0.289121 -0.193074 -0.301601
v -0.281307 -0.185741 -0.359330
v -0.269698 -0.184693 -0.423967
v -0.272552 -0.176573 -0.413983
v -0.284281 -0.191702 -0.292900
v -0.276959 -0.184303 -0.346959
v -0.268448 -0.175436 -0.401598
v -0.255809 -0.171437 -0.488557
v -0.258836 -0.163516 -0.478971
v -0.240797 -0.156913 -0.538676
v -0.244099 -0.148482 -0.530392
v -0.226190 -0.142910 -0.570549
v -0.229464 -0.133754 -0.564746
v -0.208864 -0.127933 -0.596670
v -0.212846 -0.119621 -0.590090
v -0.193356 -0.106436 -0.607349
v -0.255269 -0.162573 -0.464913
v -0.241040 -0.148254 -0.516073
v -0.227042 -0.134119 -0.549549
v -0.210803 -0.120058 -0.575915
v -0.191621 -0.107210 -0.592828
v -0.176492 -0.098557 -0.597642
v -0.158716 -0.089508 -0.595966
v -0.125644 -0.072024 -0.574957
v -0.109301 -0.063473 -0.560759
v -0.092656 -0.052753 -0.565020
v -0.080572 -0.052393 -0.546848
v -0.093753 -0.054880 -0.547786
v -0.073133 -0.076136 -0.578809
v -0.062130 -0.109060 -0.629837
v -0.055535 -0.126459 -0.651660
v -0.357381 -0.388657 -0.357876
v -0.307631 -0.352817 -0.622221
v -0.009895 0.095516 -0.147670
v -0.024382 0.051999 -0.319039
v 0.002717 0.025036 -0.347666
v 0.018643 0.072002 -0.164259
v -0.062601 0.076076 -0.263773
v -0.065788 0.072709 -0.251029
v -0.086228 0.033256 -0.361331
v -0.083986 0.036537 -0.377101
v -0.077241 0.028930 -0.387405
v -0.055509 0.068061 -0.267724
v -0.056623 0.072589 -0.272390
v -0.078557 0.032883 -0.391291
v -0.061144 0.075688 -0.266580
v -0.082710 0.036069 -0.381249
v -0.134282 -0.065805 -0.610219
v -0.137721 -0.119125 -0.669820
v -0.077355 -0.035052 -0.562748
v -0.104247 -0.015100 -0.496403
v -0.047167 0.011695 -0.461739
v -0.019381 -0.016885 -0.506630
v -0.051660 -0.060919 -0.590949
v -0.049660 -0.061351 -0.602900
v -0.016865 -0.015715 -0.516540
v -0.046426 -0.069809 -0.592040
v -0.048613 -0.072100 -0.570650
v -0.013596 -0.031069 -0.493538
v -0.011662 -0.026326 -0.510693
v -0.042472 0.107626 -0.123047
v -0.044105 0.113184 -0.123983
v -0.135503 -0.062659 -0.618678
v -0.141191 -0.061497 -0.607016
v -0.146296 -0.127368 -0.685575
v -0.139820 -0.119716 -0.682429
v -0.051610 0.115386 -0.118383
v -0.049761 0.115452 -0.120020
v -0.142798 -0.061599 -0.601544
v -0.143156 -0.064922 -0.576530
v -0.147151 -0.133272 -0.658138
v -0.148014 -0.129824 -0.684181
v -0.111698 -0.008214 -0.491405
v -0.110240 -0.008858 -0.495376
v -0.105415 -0.012054 -0.503455
v -0.113569 -0.009907 -0.472010
v 0.010427 0.016639 -0.350078
v 0.026684 0.061954 -0.166894
v 0.023225 0.073974 -0.168862
v 0.006272 0.026371 -0.355672
v 0.011211 0.013298 -0.346730
v 0.007689 0.007615 -0.327801
v 0.019581 0.048798 -0.155605
v 0.026457 0.057916 -0.165160
v -0.012640 -0.023600 -0.513318
v -0.046970 -0.067782 -0.596106
v -0.097216 -0.121861 -0.699445
v -0.097440 -0.122548 -0.711413
v -0.097975 -0.133200 -0.715815
v -0.096938 -0.135900 -0.697890
v -0.097925 -0.130666 -0.716273
v -0.056394 0.109753 -0.111856
v 0.020935 0.083405 0.000002
v -0.005830 0.110050 0.000002
v -0.043545 0.132945 -0.000054
v -0.045241 0.133037 -0.000054
v -0.049409 0.128268 0.000002
v -0.038359 0.022248 -0.329327
v -0.012727 0.058011 -0.189443
v -0.045731 0.080912 -0.168567
v -0.069804 0.043819 -0.287276
v -0.005569 0.002377 -0.376235
v 0.022350 0.034943 -0.224551
v -0.062039 -0.071893 -0.558421
v -0.086243 -0.056460 -0.529974
v -0.103174 -0.096042 -0.599497
v -0.081834 -0.095105 -0.600191
v 0.006022 0.079062 0.000002
v -0.034962 -0.037446 -0.483969
v -0.064415 -0.019084 -0.444126
v -0.097553 0.004791 -0.395707
v -0.112971 -0.038272 -0.490767
v 0.029897 0.064586 0.000001
v -0.181415 -0.172404 -0.643826
v -0.166639 -0.157199 -0.636714
v -0.175859 -0.132833 -0.610389
v -0.188440 -0.166165 -0.625204
v -0.096013 0.071557 -0.267057
v -0.073421 0.105698 -0.165215
v -0.094224 0.127838 -0.163221
v -0.118714 0.097811 -0.250734
v -0.230139 -0.133877 -0.511758
v -0.217127 -0.142524 -0.547216
v -0.193856 -0.106038 -0.545905
v -0.215067 -0.099435 -0.495951
v -0.055706 0.129330 0.000002
v -0.116979 0.040194 -0.336142
v -0.136044 -0.029262 -0.468163
v -0.123652 -0.003508 -0.417037
v -0.138375 0.068241 -0.318317
v -0.137290 0.012093 -0.379630
v -0.312357 -0.288068 -0.264540
v -0.289327 -0.236339 -0.225752
v -0.266432 -0.215061 -0.380859
v -0.279533 -0.279023 -0.456615
v -0.317533 -0.287603 -0.092702
v -0.301405 -0.249143 -0.076007
v -0.323009 -0.289823 0.000000
v -0.303708 -0.249950 0.000000
v -0.296046 -0.211791 -0.068316
v -0.292567 -0.203518 -0.189943
v -0.277252 -0.189070 -0.345852
v -0.238472 -0.260555 -0.605730
v -0.205518 -0.237441 -0.681598
v -0.238334 -0.187619 -0.495080
v -0.214988 -0.166687 -0.550514
v -0.252567 -0.167744 -0.463073
v -0.228481 -0.142657 -0.526248
v -0.156506 -0.120305 -0.581221
v -0.126154 -0.183805 -0.718043
v -0.169115 -0.212223 -0.715062
v -0.188893 -0.143947 -0.579186
v -0.200449 -0.115696 -0.561491
v -0.166312 -0.095365 -0.570784
v -0.107730 -0.093729 -0.566397
v -0.082833 -0.155956 -0.674046
v -0.125232 -0.072107 -0.550907
v -0.106850 -0.063036 -0.535330
v -0.080959 -0.050159 -0.533356
v -0.054217 -0.131699 -0.658172
v 0.025176 0.085243 0.000002
v 0.028996 0.074254 0.000002
v -0.359018 0.239333 -0.288810
v -0.298272 0.176476 -0.373144
v -0.297375 0.178506 -0.388475
v -0.359705 0.242935 -0.303503
v -0.411573 0.121180 -0.267872
v -0.406623 0.116239 -0.267015
v -0.404054 0.126448 -0.275506
v -0.408932 0.131331 -0.276240
v -0.406997 0.132093 -0.263067
v -0.409532 0.122808 -0.254911
v -0.294796 0.181977 -0.371090
v -0.294750 0.183194 -0.389133
v -0.292599 0.180323 -0.390236
v -0.292037 0.179724 -0.374990
v -0.391304 0.184875 -0.296828
v -0.390093 0.181060 -0.278894
v -0.385675 0.179175 -0.291284
v -0.386685 0.179944 -0.298315
v -0.402747 0.127082 -0.271383
v -0.293805 0.174082 -0.375809
v -0.294052 0.175189 -0.392591
v -0.414576 0.050285 -0.107841
v -0.373926 -0.037936 -0.149552
v -0.351987 0.016832 -0.258755
v -0.411669 0.078093 -0.195940
v -0.413364 0.109948 -0.254771
v -0.417370 0.080286 -0.196762
v -0.413312 0.076016 -0.197141
v -0.409094 0.105958 -0.254337
v -0.333642 0.044114 -0.315226
v -0.407519 0.107509 -0.251187
v -0.380139 -0.095243 0.000001
v -0.379829 -0.075480 -0.074724
v -0.382070 -0.078672 -0.076827
v -0.310268 0.133922 -0.368150
v -0.384569 -0.068244 -0.072222
v -0.383058 -0.063965 -0.064707
v -0.374789 -0.041390 -0.155115
v -0.415212 0.038868 -0.061110
v -0.418169 0.036047 -0.061252
v -0.419458 0.031113 0.000001
v -0.421938 0.038149 0.000001
v -0.421643 0.040740 -0.061363
v -0.418446 0.047934 -0.058536
v -0.405172 0.117180 -0.262645
v -0.352089 0.012812 -0.268854
v -0.347084 0.008163 -0.270798
v -0.348798 0.005441 -0.279862
v -0.372238 -0.049391 -0.164909
v -0.369951 -0.045379 -0.161354
v -0.352432 0.244552 -0.283220
v -0.355029 0.246902 -0.303683
v -0.334357 0.039383 -0.324713
v -0.330638 0.032847 -0.323687
v -0.330652 0.032719 -0.340320
v -0.327227 0.058109 -0.331256
v -0.322104 0.072119 -0.345156
v -0.309653 0.134966 -0.381264
v -0.304522 0.132998 -0.397047
v -0.303142 0.132473 -0.382974
v -0.364708 0.246694 -0.296037
v -0.363947 0.245057 -0.274492
v -0.420443 0.051325 -0.106773
v -0.417770 0.057333 -0.100504
v -0.411600 0.113161 -0.242863
v -0.414910 0.084683 -0.188143
v -0.358958 0.249689 -0.277281
v -0.360735 0.250812 -0.298268
v -0.326655 0.054955 -0.347117
v -0.322022 0.070229 -0.358298
v -0.321827 0.050484 -0.350996
v -0.322809 0.048668 -0.365443
v -0.317756 0.064336 -0.378769
v -0.316849 0.065608 -0.364991
v -0.416959 0.047632 -0.107991
v -0.299542 0.154530 -0.344632
v -0.299015 0.156156 -0.353704
v -0.302792 0.160507 -0.353092
v -0.302647 0.156628 -0.339681
v -0.356976 0.023099 -0.228400
v -0.354479 0.019889 -0.227989
v -0.347315 0.039954 -0.249514
v -0.350359 0.043680 -0.251122
v -0.347852 0.045140 -0.234795
v -0.354597 0.026278 -0.212667
v -0.235842 0.097818 -0.415454
v -0.236147 0.098688 -0.430520
v -0.233883 0.096141 -0.431638
v -0.233134 0.095294 -0.418336
v -0.329664 0.096878 -0.297781
v -0.332045 0.098800 -0.320323
v -0.344689 0.039147 -0.240270
v -0.327694 0.092012 -0.311083
v -0.328563 0.093219 -0.321325
v -0.345968 0.038301 -0.248769
v -0.235066 0.090233 -0.422346
v -0.235290 0.091310 -0.434405
v -0.329638 0.094943 -0.320998
v -0.362478 -0.009670 -0.164944
v -0.373117 -0.034367 -0.102103
v -0.371745 -0.039253 -0.105642
v -0.359718 -0.012851 -0.173109
v -0.238371 0.095212 -0.432364
v -0.366830 -0.008095 -0.169025
v -0.365064 -0.011179 -0.168792
v -0.352066 0.020186 -0.220745
v -0.348512 0.016393 -0.229080
v -0.341672 -0.135890 -0.078335
v -0.344296 -0.138640 -0.080767
v -0.343813 -0.156455 0.000001
v -0.323484 0.089347 -0.316967
v -0.347694 -0.130581 -0.073175
v -0.346470 -0.126368 -0.070468
v -0.340282 -0.104978 -0.163496
v -0.340816 -0.107903 -0.167985
v -0.378410 -0.049534 0.000001
v -0.377090 -0.046151 -0.053863
v -0.380508 -0.050576 -0.054723
v -0.382039 -0.054263 0.000001
v -0.384076 -0.048484 0.000001
v -0.382705 -0.045614 -0.056206
v -0.378587 -0.038264 -0.052923
v -0.381195 -0.049056 -0.055184
v -0.353372 0.018466 -0.227797
v -0.307627 -0.053640 -0.320040
v -0.308017 -0.057341 -0.330439
v -0.335912 -0.111465 -0.172357
v -0.303532 -0.059954 -0.333060
v -0.305835 -0.063159 -0.338990
v -0.337799 -0.114216 -0.176725
v -0.294083 0.160297 -0.335058
v -0.295774 0.161275 -0.357740
v -0.287123 -0.030884 -0.385506
v -0.287074 -0.034178 -0.397860
v -0.281758 -0.035104 -0.401802
v -0.284336 -0.038402 -0.409907
v -0.340409 0.035954 -0.248841
v -0.239688 0.093221 -0.421779
v -0.253629 0.053748 -0.427020
v -0.252898 0.053307 -0.439414
v -0.247752 0.051746 -0.452032
v -0.246394 0.051512 -0.438788
v -0.306601 0.163415 -0.320534
v -0.307169 0.165856 -0.346609
v -0.304147 0.162159 -0.351085
v -0.374727 -0.028445 -0.095456
v -0.378234 -0.035050 -0.103547
v -0.362877 -0.002281 -0.157905
v -0.299307 0.165626 -0.351239
v -0.301831 0.169124 -0.329611
v -0.302837 0.169444 -0.345964
v -0.298894 0.165999 -0.327160
v -0.300803 0.167510 -0.348956
v -0.297416 0.164159 -0.328131
v -0.270674 -0.002288 -0.420288
v -0.270142 -0.004087 -0.433025
v -0.265603 -0.006609 -0.434713
v -0.267480 -0.009687 -0.445810
v -0.364278 -0.012547 -0.168681
v -0.375897 -0.051617 -0.054857
v -0.375933 -0.038200 -0.103293
v -0.376648 -0.037233 -0.103374
v -0.195610 0.012989 -0.415072
v -0.194038 0.014835 -0.430180
v -0.245697 0.080938 -0.393968
v -0.246063 0.078032 -0.383885
v -0.316306 -0.035133 -0.297471
v -0.313495 -0.039331 -0.296505
v -0.302273 -0.021973 -0.326155
v -0.305528 -0.017012 -0.328735
v -0.303264 -0.015827 -0.309326
v -0.313939 -0.032417 -0.278704
v -0.189308 0.014231 -0.411428
v -0.191556 0.017352 -0.410075
v -0.191390 0.018131 -0.427038
v -0.189531 0.015583 -0.424124
v -0.282089 0.025358 -0.367293
v -0.280163 0.023499 -0.341533
v -0.301077 -0.021277 -0.316124
v -0.279010 0.018980 -0.358702
v -0.279635 0.020119 -0.370054
v -0.192075 0.009360 -0.416742
v -0.191762 0.011120 -0.429829
v -0.328509 -0.063910 -0.211501
v -0.341978 -0.085204 -0.119722
v -0.315466 -0.158364 -0.187801
v -0.288878 -0.117628 -0.299941
v -0.332673 -0.062454 -0.216972
v -0.330538 -0.066380 -0.215699
v -0.312138 -0.037870 -0.288306
v -0.262583 -0.096657 -0.366248
v -0.317691 -0.208444 0.000000
v -0.319263 -0.189716 -0.097500
v -0.322544 -0.192123 -0.099972
v -0.216923 -0.023961 -0.433971
v -0.326036 -0.183001 -0.089962
v -0.323897 -0.179557 -0.089047
v -0.317018 -0.162337 -0.194560
v -0.348965 -0.098181 0.000001
v -0.346844 -0.095316 -0.060324
v -0.350109 -0.099045 -0.061591
v -0.352322 -0.094706 -0.063789
v -0.347818 -0.088456 -0.059459
v -0.290036 -0.121048 -0.309221
v -0.311364 -0.166065 -0.196295
v -0.285911 -0.125890 -0.304986
v -0.288954 -0.129219 -0.311688
v -0.314392 -0.169202 -0.201438
v -0.264606 -0.100893 -0.374695
v -0.260856 -0.106419 -0.370085
v -0.262703 -0.108116 -0.380471
v -0.243604 -0.075378 -0.405532
v -0.215892 -0.024408 -0.448576
v -0.210169 -0.027985 -0.438523
v -0.210944 -0.026816 -0.453979
v -0.249149 0.084060 -0.359512
v -0.249446 0.086424 -0.386259
v -0.343398 -0.080040 -0.112076
v -0.347113 -0.085692 -0.122617
v -0.328294 -0.057443 -0.203855
v -0.241270 0.085883 -0.390496
v -0.244090 0.089968 -0.359424
v -0.245191 0.091375 -0.384512
v -0.244014 -0.077661 -0.417488
v -0.238731 -0.081483 -0.414339
v -0.241006 -0.084200 -0.424791
v -0.344810 -0.088458 -0.121620
v -0.335874 0.384389 -0.051133
v -0.339571 0.392496 0.000003
v -0.337233 0.395230 0.000003
v -0.334785 0.385646 -0.055221
v -0.347795 0.376552 -0.048876
v -0.341552 0.387637 -0.054845
v -0.329766 0.367297 -0.126155
v -0.330611 0.366036 -0.122560
v -0.340530 0.362510 -0.117651
v -0.333756 0.369758 -0.124569
v -0.332255 0.353905 -0.176639
v -0.331710 0.355459 -0.180412
v -0.336500 0.344228 -0.231591
v -0.337176 0.342997 -0.227463
v -0.341887 0.352646 -0.165104
v -0.335748 0.357938 -0.177991
v -0.340241 0.347261 -0.227755
v -0.325050 0.307244 -0.279576
v -0.346602 0.328574 -0.275605
v -0.365249 0.304489 -0.312162
v -0.344343 0.285264 -0.318884
v -0.346092 0.329216 -0.279213
v -0.344850 0.343831 -0.212448
v -0.352040 0.330763 -0.265604
v -0.349736 0.332857 -0.276671
v -0.314792 0.324157 -0.232365
v -0.309416 0.334853 -0.189730
v -0.364924 0.305113 -0.315478
v -0.370459 0.307829 -0.311345
v -0.369098 0.308699 -0.315341
v -0.385130 0.286753 -0.328507
v -0.384185 0.288324 -0.330295
v -0.381261 0.293478 -0.327692
v -0.382697 0.292127 -0.325003
v -0.381642 0.283670 -0.328161
v -0.380478 0.285695 -0.330472
v -0.377057 0.289915 -0.329108
v -0.355014 0.272700 -0.321337
v -0.376797 0.289812 -0.322141
v -0.355216 0.272939 -0.327236
v -0.360375 0.267596 -0.325217
v -0.358823 0.269471 -0.328212
v -0.304002 0.367918 0.000003
v -0.304819 0.361591 -0.062590
v -0.304287 0.344666 -0.141117
v -0.269226 0.329492 -0.078078
v -0.264461 0.333420 0.000003
v -0.281031 0.320080 -0.164528
v -0.287033 0.311466 -0.206675
v -0.293148 0.302427 -0.249557
v -0.299754 0.284925 -0.291660
v -0.313714 0.257255 -0.344637
v -0.319000 0.246974 -0.349298
v -0.262997 0.327759 -0.083092
v -0.257249 0.331509 0.000003
v -0.262537 0.335496 0.000003
v -0.267430 0.331392 -0.080823
v -0.271201 0.319981 -0.080244
v -0.279225 0.321956 -0.167275
v -0.276479 0.319061 -0.170353
v -0.284096 0.312517 -0.171269
v -0.282249 0.310542 -0.212570
v -0.285161 0.313444 -0.209690
v -0.291215 0.304530 -0.252847
v -0.288136 0.301616 -0.255497
v -0.288311 0.303514 -0.209658
v -0.292561 0.294048 -0.248622
v -0.297861 0.287079 -0.295074
v -0.294071 0.284507 -0.296912
v -0.296990 0.279309 -0.291889
v -0.312242 0.259565 -0.347933
v -0.308279 0.256699 -0.350921
v -0.310124 0.253794 -0.347453
v -0.313114 0.245941 -0.356746
v -0.318411 0.247628 -0.355457
v -0.314633 0.243683 -0.353857
v -0.314752 0.242525 -0.359170
v -0.319651 0.244970 -0.355855
v -0.316270 0.240315 -0.356244
v -0.321205 0.242808 -0.352955
v -0.280882 0.362324 -0.064131
v -0.283081 0.372379 0.000003
v -0.280110 0.375581 0.000003
v -0.279593 0.363618 -0.069229
v -0.295187 0.352526 -0.061985
v -0.285600 0.368228 -0.063194
v -0.277552 0.339425 -0.158190
v -0.278499 0.337649 -0.153191
v -0.290295 0.335368 -0.142222
v -0.282553 0.343356 -0.155340
v -0.281984 0.323942 -0.211212
v -0.281278 0.325896 -0.216961
v -0.289526 0.310186 -0.282413
v -0.290029 0.308904 -0.275606
v -0.293084 0.323577 -0.195976
v -0.286498 0.329399 -0.214275
v -0.293568 0.314698 -0.279181
v -0.305007 0.291278 -0.326578
v -0.345389 0.254704 -0.379118
v -0.317173 0.222019 -0.382956
v -0.284347 0.260343 -0.332345
v -0.304255 0.292764 -0.330806
v -0.299368 0.310069 -0.258908
v -0.310265 0.296079 -0.299033
v -0.307113 0.297144 -0.331805
v -0.268398 0.282675 -0.279022
v -0.259384 0.296592 -0.226671
v -0.346356 0.255010 -0.388535
v -0.352812 0.259012 -0.359645
v -0.350562 0.260628 -0.385787
v -0.356550 0.251634 -0.364496
v -0.354295 0.254512 -0.388937
v -0.352650 0.245978 -0.363417
v -0.350866 0.248867 -0.387990
v -0.317740 0.222201 -0.388805
v -0.323512 0.214925 -0.365789
v -0.321471 0.217314 -0.388703
v -0.249617 0.329842 -0.073939
v -0.252648 0.311398 -0.163471
v -0.210645 0.279860 -0.094071
v -0.224934 0.272572 -0.197190
v -0.233332 0.259741 -0.241904
v -0.242575 0.244956 -0.290845
v -0.255315 0.218795 -0.339121
v -0.280195 0.186825 -0.353450
v -0.202584 0.276015 -0.100013
v -0.194717 0.280209 0.000002
v -0.208193 0.282283 -0.097570
v -0.206764 0.271162 0.000002
v -0.213728 0.266429 -0.095710
v -0.220008 0.269590 -0.207008
v -0.222853 0.274269 -0.200687
v -0.230650 0.258071 -0.203162
v -0.227749 0.257237 -0.249889
v -0.231033 0.261887 -0.245756
v -0.240036 0.247670 -0.295078
v -0.236259 0.243054 -0.296704
v -0.236162 0.246452 -0.244711
v -0.242194 0.233102 -0.290079
v -0.252825 0.221652 -0.343271
v -0.248057 0.217592 -0.343242
v -0.251956 0.210572 -0.324905
v -0.279397 0.187654 -0.360457
v -0.272696 0.184891 -0.359813
v -0.274792 0.181984 -0.334027
v -0.283161 0.179164 -0.358203
v -0.277721 0.175707 -0.359345
v -0.279040 0.172988 -0.337899
v -0.284368 0.175970 -0.336285
v -0.213809 0.309294 -0.087380
v -0.216422 0.320678 0.000002
v -0.213644 0.323748 0.000002
v -0.212894 0.310057 -0.092629
v -0.230121 0.309556 0.000002
v -0.227254 0.302610 -0.077030
v -0.218423 0.315979 -0.088149
v -0.213732 0.285566 -0.188274
v -0.213961 0.283967 -0.182377
v -0.225025 0.282651 -0.170956
v -0.217347 0.290258 -0.186356
v -0.226842 0.263520 -0.268709
v -0.226805 0.261509 -0.262969
v -0.236834 0.263480 -0.244328
v -0.230759 0.268624 -0.267939
v -0.186205 0.237633 -0.211427
v -0.199870 0.217391 -0.282703
v -0.293250 0.188670 -0.370710
v -0.298391 0.180607 -0.378846
v -0.295007 0.182946 -0.408505
v -0.291407 0.189612 -0.400009
v -0.294234 0.175163 -0.381658
v -0.291899 0.178608 -0.409519
v -0.287727 0.183867 -0.406036
v -0.287590 0.182890 -0.397612
v -0.254362 0.140218 -0.391427
v -0.254103 0.139840 -0.387045
v -0.261320 0.131774 -0.372754
v -0.258087 0.134344 -0.398032
v -0.171764 0.266729 0.000002
v -0.174654 0.258562 -0.110688
v -0.140822 0.204883 -0.117042
v -0.134448 0.209157 0.000002
v -0.160371 0.188677 -0.220666
v -0.175264 0.169397 -0.287657
v -0.131031 0.209259 0.000002
v -0.138936 0.205618 -0.120240
v -0.134196 0.198589 -0.124767
v -0.142199 0.192941 -0.107422
v -0.159022 0.188752 -0.229718
v -0.156024 0.183076 -0.231236
v -0.161392 0.179553 -0.214066
v -0.173728 0.170072 -0.291978
v -0.170233 0.165318 -0.295671
v -0.174021 0.162714 -0.275311
v -0.229869 0.099063 -0.396987
v -0.225022 0.103783 -0.387433
v -0.230866 0.106962 -0.391672
v -0.234478 0.102991 -0.398038
v -0.231774 0.096117 -0.376303
v -0.237477 0.099893 -0.375966
v -0.226030 0.101980 -0.363007
v -0.231713 0.106665 -0.384805
v -0.247621 0.238708 -0.338426
v -0.247772 0.237660 -0.332759
v -0.255159 0.241868 -0.312584
v -0.250771 0.245458 -0.336259
v -0.217213 0.192605 -0.351105
v -0.198079 0.157972 -0.340376
v -0.195787 0.157385 -0.344972
v -0.193264 0.153798 -0.346006
v -0.196352 0.151149 -0.327275
v -0.239961 0.083774 -0.363955
v -0.430230 0.418356 -0.055734
v -0.434464 0.424029 0.000003
v -0.429952 0.420406 -0.060359
v -0.442752 0.409846 0.000003
v -0.439473 0.407119 -0.052677
v -0.438283 0.421806 -0.060056
v -0.421636 0.404988 -0.139293
v -0.421918 0.403234 -0.135012
v -0.431029 0.397285 -0.129936
v -0.427153 0.407291 -0.138268
v -0.420347 0.390831 -0.198102
v -0.420342 0.392658 -0.202444
v -0.420659 0.378974 -0.260762
v -0.420798 0.377405 -0.255940
v -0.430282 0.387804 -0.185598
v -0.425854 0.394904 -0.200613
v -0.426017 0.381848 -0.257143
v -0.383589 0.335122 -0.320073
v -0.421935 0.358156 -0.310623
v -0.427782 0.328086 -0.346122
v -0.397836 0.307853 -0.344558
v -0.421879 0.359225 -0.314984
v -0.429098 0.376836 -0.239185
v -0.428229 0.359314 -0.299600
v -0.427328 0.362719 -0.312466
v -0.381676 0.357124 -0.256560
v -0.381345 0.369854 -0.204163
v -0.427748 0.328965 -0.350130
v -0.434418 0.330748 -0.345697
v -0.433335 0.332104 -0.350578
v -0.442210 0.306243 -0.347983
v -0.441709 0.308055 -0.351304
v -0.440207 0.313944 -0.353451
v -0.441296 0.312304 -0.349589
v -0.437684 0.303652 -0.346913
v -0.437078 0.305963 -0.351205
v -0.434741 0.310920 -0.353984
v -0.406225 0.295220 -0.322956
v -0.434468 0.310939 -0.347753
v -0.406401 0.295397 -0.328599
v -0.410689 0.289153 -0.319913
v -0.409475 0.291436 -0.325763
v -0.379868 0.391343 -0.063970
v -0.375849 0.378714 -0.153045
v -0.327020 0.361082 -0.079174
v -0.338279 0.350368 -0.166652
v -0.342930 0.341200 -0.207561
v -0.347454 0.331506 -0.248068
v -0.349603 0.312692 -0.280222
v -0.357025 0.282415 -0.300401
v -0.360564 0.271842 -0.297042
v -0.319278 0.359906 -0.084279
v -0.313385 0.364171 0.000003
v -0.325365 0.363173 -0.081934
v -0.326981 0.351396 -0.081638
v -0.336645 0.352432 -0.169409
v -0.332679 0.349830 -0.172237
v -0.339666 0.342488 -0.172119
v -0.337001 0.340640 -0.213064
v -0.341165 0.343228 -0.210563
v -0.345657 0.333612 -0.251786
v -0.341290 0.331016 -0.253464
v -0.342026 0.333077 -0.208242
v -0.344282 0.323196 -0.242922
v -0.347966 0.314894 -0.283871
v -0.343109 0.312955 -0.282697
v -0.345120 0.307798 -0.273522
v -0.355806 0.284590 -0.304325
v -0.350842 0.282514 -0.303489
v -0.352321 0.279719 -0.297800
v -0.353801 0.271525 -0.300578
v -0.359870 0.272233 -0.302488
v -0.355106 0.269337 -0.296795
v -0.354899 0.267976 -0.300967
v -0.360716 0.269546 -0.301322
v -0.356229 0.265829 -0.297481
v -0.362084 0.267402 -0.297614
v -0.150656 0.256124 -0.098862
v -0.154938 0.270338 0.000002
v -0.152191 0.274083 0.000002
v -0.149719 0.257015 -0.104841
v -0.168873 0.256908 0.000002
v -0.164850 0.248457 -0.086619
v -0.156619 0.264553 -0.099808
v -0.160360 0.282542 0.000002
v -0.147539 0.228012 -0.211352
v -0.147581 0.226189 -0.204587
v -0.159716 0.225066 -0.190779
v -0.152207 0.233577 -0.209320
v -0.159003 0.203802 -0.296728
v -0.158682 0.201613 -0.290096
v -0.169975 0.204005 -0.267977
v -0.164043 0.209496 -0.295943
v -0.110492 0.177928 -0.249330
v -0.129998 0.162793 -0.314005
v -0.221723 0.126682 -0.382401
v -0.226543 0.118529 -0.393222
v -0.223162 0.120883 -0.420787
v -0.219874 0.127635 -0.410739
v -0.221874 0.112984 -0.395287
v -0.219653 0.116460 -0.421481
v -0.215650 0.121756 -0.416825
v -0.215444 0.120757 -0.408683
v -0.191426 0.089960 -0.434763
v -0.191145 0.089539 -0.430392
v -0.198360 0.081693 -0.413105
v -0.195106 0.084103 -0.438888
v -0.111669 0.209182 -0.103164
v -0.059033 0.137449 -0.135076
v -0.077707 0.128304 -0.278207
v -0.095132 0.116616 -0.344424
v -0.041891 0.133065 0.000002
v -0.048817 0.141465 0.000002
v -0.057048 0.138120 -0.138866
v -0.051544 0.130356 -0.145191
v -0.059851 0.124825 -0.124800
v -0.076237 0.128331 -0.288886
v -0.072688 0.122159 -0.292219
v -0.078341 0.118565 -0.271721
v -0.093480 0.117284 -0.349747
v -0.089427 0.112021 -0.355947
v -0.093501 0.109357 -0.331791
v -0.164317 0.042047 -0.432108
v -0.159058 0.046847 -0.428160
v -0.165567 0.051156 -0.430237
v -0.169451 0.047106 -0.432510
v -0.166547 0.038965 -0.407816
v -0.172793 0.044018 -0.406643
v -0.160374 0.044966 -0.401127
v -0.166541 0.050935 -0.422460
v -0.178438 0.177642 -0.362444
v -0.178481 0.176533 -0.356090
v -0.186914 0.181146 -0.333054
v -0.182647 0.184881 -0.360612
v -0.149108 0.139622 -0.382003
v -0.118311 0.098401 -0.393263
v -0.115714 0.097643 -0.399580
v -0.112754 0.093591 -0.402523
v -0.116221 0.090861 -0.380337
v -0.502140 0.429883 -0.059707
v -0.510358 0.440000 0.000003
v -0.501960 0.431758 -0.064653
v -0.505629 0.416279 -0.055034
v -0.508333 0.430360 -0.063844
v -0.486376 0.416323 -0.142564
v -0.486669 0.414519 -0.138185
v -0.490581 0.406587 -0.129896
v -0.490552 0.417150 -0.140472
v -0.481036 0.401623 -0.194834
v -0.481279 0.403821 -0.199563
v -0.478361 0.390361 -0.251288
v -0.478149 0.388458 -0.246114
v -0.486487 0.396659 -0.179561
v -0.485715 0.404921 -0.196590
v -0.483554 0.392332 -0.247123
v -0.440001 0.350286 -0.324240
v -0.473306 0.370378 -0.290328
v -0.467117 0.339408 -0.312779
v -0.440643 0.326413 -0.337650
v -0.473161 0.371366 -0.294594
v -0.484662 0.386836 -0.228144
v -0.479900 0.370596 -0.278724
v -0.478923 0.373622 -0.291861
v -0.438659 0.365239 -0.260009
v -0.438317 0.376675 -0.206555
v -0.467020 0.340216 -0.316595
v -0.473993 0.340434 -0.311747
v -0.472993 0.341513 -0.316118
v -0.472144 0.318737 -0.318016
v -0.472300 0.320139 -0.320638
v -0.472705 0.325033 -0.320403
v -0.473145 0.323664 -0.317096
v -0.466739 0.317728 -0.317895
v -0.466992 0.319557 -0.321295
v -0.466445 0.323929 -0.322111
v -0.439068 0.312541 -0.312331
v -0.466451 0.323673 -0.315461
v -0.438678 0.312212 -0.317592
v -0.441079 0.305511 -0.310731
v -0.440048 0.307646 -0.315465
v -0.463439 0.414347 -0.071202
v -0.441111 0.390370 -0.156596
v -0.397831 0.381158 -0.076958
v -0.402135 0.389184 0.000003
v -0.398754 0.365358 -0.165849
v -0.399323 0.354771 -0.208858
v -0.401745 0.344426 -0.253184
v -0.402783 0.327167 -0.290766
v -0.405097 0.301431 -0.316801
v -0.404573 0.292876 -0.313361
v -0.388462 0.380751 -0.082053
v -0.396127 0.383126 -0.079375
v -0.397818 0.367551 -0.169046
v -0.392691 0.365573 -0.172098
v -0.396072 0.371044 -0.081616
v -0.397578 0.356766 -0.171720
v -0.393365 0.355272 -0.215402
v -0.398445 0.357041 -0.212509
v -0.400432 0.346642 -0.257241
v -0.395320 0.345029 -0.259397
v -0.396114 0.346762 -0.209803
v -0.397310 0.337207 -0.248902
v -0.401214 0.329213 -0.294847
v -0.395439 0.328238 -0.294175
v -0.397373 0.323295 -0.285214
v -0.404214 0.303394 -0.321199
v -0.398820 0.301772 -0.320874
v -0.399640 0.299370 -0.314935
v -0.398123 0.293290 -0.318327
v -0.403775 0.293619 -0.319245
v -0.398641 0.291377 -0.314176
v -0.397911 0.290452 -0.318682
v -0.403521 0.291522 -0.318074
v -0.398411 0.288712 -0.314890
v -0.404028 0.289784 -0.314217
v -0.399522 0.378874 0.000003
v -0.206194 0.031945 -0.384751
v -0.237925 0.056483 -0.382020
v -0.244605 0.033655 -0.391536
v -0.218341 0.010584 -0.388967
v -0.190054 0.057696 -0.377706
v -0.214632 0.088100 -0.377401
v -0.159002 0.092855 -0.355916
v -0.185315 0.120823 -0.358819
v -0.247769 0.087380 -0.391172
v -0.275266 0.103986 -0.345403
v -0.285145 0.085211 -0.348194
v -0.258527 0.064111 -0.377406
v -0.232496 0.114922 -0.366775
v -0.253846 0.139682 -0.337404
v -0.201957 0.151194 -0.323055
v -0.222824 0.170451 -0.296486
v -0.322710 0.163794 -0.344419
v -0.353833 0.185789 -0.303402
v -0.363828 0.166997 -0.307022
v -0.333982 0.139603 -0.312669
v -0.307940 0.193518 -0.335852
v -0.331153 0.221111 -0.307247
v -0.275107 0.230832 -0.322049
v -0.297281 0.250836 -0.301354
v -0.304907 0.151629 -0.325064
v -0.276481 0.131174 -0.354008
v -0.261781 0.159961 -0.348246
v -0.283402 0.186733 -0.333914
v -0.517822 0.294755 -0.315863
v -0.519853 0.285477 -0.319738
v -0.519698 0.278904 -0.322456
v -0.517643 0.273400 -0.324776
v -0.512322 0.265038 -0.328315
v -0.502678 0.257666 -0.331526
v -0.496744 0.257306 -0.331855
v -0.490355 0.258882 -0.331399
v -0.480625 0.266922 -0.328228
v -0.477247 0.279951 -0.322625
v -0.479171 0.290337 -0.318066
v -0.481738 0.295653 -0.315723
v -0.484149 0.299036 -0.314232
v -0.488199 0.302500 -0.312720
v -0.494211 0.305710 -0.311286
v -0.499218 0.306831 -0.310767
v -0.507857 0.305449 -0.311337
v -0.514561 0.299943 -0.313686
v 0.094394 -0.057268 -0.555009
v 0.081963 -0.059395 -0.557663
v 0.083937 -0.064389 -0.570667
v 0.106338 -0.060557 -0.565885
v 0.106333 -0.063546 -0.556653
v 0.106800 -0.058168 -0.543475
v 0.106826 -0.055141 -0.552356
v 0.082450 -0.053979 -0.544134
v 0.085303 -0.049215 -0.532758
v 0.085588 -0.052312 -0.524479
v 0.082790 -0.057046 -0.535570
v 0.089957 -0.046046 -0.525790
v 0.095489 -0.045100 -0.524609
v 0.095611 -0.048212 -0.516499
v 0.090164 -0.049159 -0.517672
v 0.100805 -0.046563 -0.529449
v 0.100849 -0.049659 -0.521191
v 0.104851 -0.050147 -0.539352
v 0.104843 -0.053212 -0.530818
v 0.082323 -0.062424 -0.548748
v 0.084280 -0.067381 -0.561405
v 0.087983 -0.067972 -0.580569
v 0.088274 -0.070934 -0.571032
v 0.093299 -0.069436 -0.585409
v 0.093513 -0.072380 -0.575724
v 0.098832 -0.068490 -0.584228
v 0.098959 -0.071433 -0.574550
v 0.103485 -0.065321 -0.577260
v 0.103535 -0.068280 -0.567744
v -0.154425 -0.017540 -0.438740
v -0.153099 0.037075 -0.367323
v -0.171388 -0.001154 -0.421385
v 0.703806 -0.117673 -0.471545
v 0.635473 -0.090615 -0.620936
v 0.603174 -0.080787 -0.644876
v 0.577193 -0.077681 -0.668183
v 0.551309 -0.084529 -0.690920
v 0.526657 -0.074895 -0.693667
v 0.505167 -0.069517 -0.670810
v 0.475719 -0.055678 -0.640145
v 0.446005 -0.052159 -0.606705
v -0.131538 -0.122576 -0.614680
v -0.152586 -0.101364 -0.592623
v -0.170399 -0.084900 -0.543544
v -0.182688 -0.074923 -0.512942
v -0.195592 -0.062635 -0.479677
v -0.130196 -0.072856 -0.552540
v -0.151532 -0.058199 -0.513054
v -0.168913 -0.046853 -0.480028
v -0.186383 -0.034536 -0.463077
v 0.172392 -0.072666 -0.603344
v 0.160184 -0.074793 -0.612439
v 0.162630 -0.079787 -0.624287
v 0.184629 -0.075955 -0.607897
v 0.184276 -0.078944 -0.598759
v 0.184240 -0.073566 -0.585468
v 0.184601 -0.070540 -0.594248
v 0.160155 -0.069377 -0.598790
v 0.162551 -0.064613 -0.586043
v 0.162521 -0.067710 -0.577697
v 0.160169 -0.072444 -0.590133
v 0.166895 -0.061444 -0.576722
v 0.172328 -0.060498 -0.572674
v 0.172142 -0.063610 -0.564581
v 0.166794 -0.064557 -0.568576
v 0.177774 -0.061961 -0.574700
v 0.177507 -0.065056 -0.566500
v 0.182154 -0.065545 -0.582400
v 0.181824 -0.068610 -0.573955
v 0.160204 -0.077822 -0.603425
v 0.162620 -0.082779 -0.614938
v 0.167010 -0.083370 -0.631987
v 0.166938 -0.086332 -0.622393
v 0.172456 -0.084834 -0.634013
v 0.172302 -0.087778 -0.624312
v 0.177890 -0.083888 -0.629965
v 0.177651 -0.086831 -0.620316
v 0.182234 -0.080719 -0.620644
v 0.181924 -0.083678 -0.611197
v 0.249530 -0.073904 -0.578187
v 0.237432 -0.075706 -0.589606
v 0.240007 -0.080359 -0.602213
v 0.261806 -0.077111 -0.581636
v 0.261351 -0.080348 -0.573297
v 0.261169 -0.075365 -0.558795
v 0.261628 -0.072102 -0.566767
v 0.237254 -0.070696 -0.574738
v 0.239507 -0.066322 -0.560553
v 0.239383 -0.069645 -0.552979
v 0.237170 -0.073999 -0.566841
v 0.243745 -0.063449 -0.549860
v 0.249129 -0.062646 -0.544778
v 0.248853 -0.065977 -0.537484
v 0.243553 -0.066782 -0.542501
v 0.254593 -0.064074 -0.546313
v 0.254233 -0.067390 -0.538920
v 0.259053 -0.067448 -0.554161
v 0.258629 -0.070741 -0.546526
v 0.237352 -0.078982 -0.581344
v 0.239892 -0.083606 -0.593613
v 0.244468 -0.083733 -0.610061
v 0.244288 -0.086957 -0.601219
v 0.249931 -0.085161 -0.611596
v 0.249668 -0.088369 -0.602655
v 0.255315 -0.084359 -0.606514
v 0.254968 -0.087565 -0.597638
v 0.259553 -0.081486 -0.595821
v 0.259138 -0.084702 -0.587160
v 0.135704 -0.153320 -0.749154
v 0.123820 -0.157091 -0.759628
v 0.126667 -0.162815 -0.766414
v 0.148081 -0.156020 -0.747542
v 0.147593 -0.158076 -0.736536
v 0.147102 -0.151675 -0.727991
v 0.147588 -0.149550 -0.738681
v 0.123327 -0.150620 -0.750767
v 0.125286 -0.144685 -0.741588
v 0.125140 -0.146894 -0.731166
v 0.123217 -0.152769 -0.740060
v 0.129307 -0.140459 -0.733906
v 0.134596 -0.138781 -0.729245
v 0.134302 -0.141040 -0.719099
v 0.129097 -0.142708 -0.723685
v 0.140105 -0.139982 -0.728527
v 0.139726 -0.142220 -0.718315
v 0.144741 -0.143825 -0.731895
v 0.144294 -0.146016 -0.721488
v 0.123708 -0.159171 -0.748604
v 0.126516 -0.164829 -0.755107
v 0.131304 -0.166659 -0.769782
v 0.131084 -0.168625 -0.758281
v 0.136812 -0.167860 -0.769064
v 0.136508 -0.169806 -0.757496
v 0.142101 -0.166182 -0.764402
v 0.141713 -0.168137 -0.752910
v 0.146123 -0.161956 -0.756721
v 0.145669 -0.163951 -0.745429
v 0.174573 -0.209723 -0.746953
v 0.162231 -0.212706 -0.745872
v 0.164459 -0.219300 -0.746098
v 0.186698 -0.213925 -0.748047
v 0.186630 -0.214089 -0.735425
v 0.186831 -0.207014 -0.735608
v 0.186915 -0.206740 -0.748035
v 0.162447 -0.205521 -0.745861
v 0.165065 -0.199168 -0.746065
v 0.165301 -0.199613 -0.733935
v 0.162734 -0.205874 -0.733569
v 0.169566 -0.194906 -0.746446
v 0.175059 -0.193578 -0.746927
v 0.175134 -0.194083 -0.734908
v 0.169727 -0.195404 -0.734414
v 0.180455 -0.195448 -0.747414
v 0.180451 -0.195911 -0.735322
v 0.184687 -0.200145 -0.747809
v 0.184626 -0.200526 -0.735571
v 0.162533 -0.212951 -0.733384
v 0.164739 -0.219439 -0.733420
v 0.168690 -0.223997 -0.746493
v 0.168913 -0.224054 -0.733670
v 0.174087 -0.225867 -0.746980
v 0.174231 -0.225881 -0.734083
v 0.179579 -0.224540 -0.747461
v 0.179638 -0.224560 -0.734578
v 0.184080 -0.220277 -0.747842
v 0.184063 -0.220352 -0.735057
v 0.174573 -0.308801 -0.725288
v 0.162134 -0.310948 -0.723377
v 0.164109 -0.317644 -0.721528
v 0.186524 -0.313775 -0.724972
v 0.186461 -0.313461 -0.712373
v 0.186929 -0.306455 -0.714761
v 0.187012 -0.306654 -0.727200
v 0.162622 -0.303827 -0.725606
v 0.165477 -0.297691 -0.727771
v 0.165707 -0.297693 -0.715571
v 0.162905 -0.303735 -0.713274
v 0.170134 -0.293756 -0.729445
v 0.175670 -0.292800 -0.730295
v 0.175736 -0.292855 -0.718189
v 0.170286 -0.293809 -0.717327
v 0.180988 -0.295013 -0.730154
v 0.180977 -0.295019 -0.717989
v 0.185036 -0.299958 -0.729050
v 0.184972 -0.299873 -0.716766
v 0.162437 -0.310742 -0.710884
v 0.164394 -0.317324 -0.708879
v 0.168157 -0.322588 -0.720423
v 0.168389 -0.322178 -0.707656
v 0.173476 -0.324802 -0.720282
v 0.173630 -0.324342 -0.707456
v 0.179012 -0.323846 -0.721132
v 0.179080 -0.323388 -0.708319
v 0.183668 -0.319911 -0.722807
v 0.183659 -0.319505 -0.710074
v -0.642323 0.006836 -0.223936
v -0.654603 0.003921 -0.218900
v -0.652326 -0.002596 -0.216568
v -0.630198 0.002657 -0.225643
v -0.630074 0.003191 -0.213112
v -0.629936 0.010167 -0.216581
v -0.630042 0.009751 -0.228973
v -0.654448 0.011015 -0.222230
v -0.651891 0.017282 -0.225898
v -0.651469 0.017513 -0.213787
v -0.653974 0.011346 -0.210013
v -0.647439 0.021479 -0.229177
v -0.641974 0.022777 -0.231419
v -0.641714 0.022942 -0.219357
v -0.647094 0.021653 -0.217124
v -0.636578 0.020917 -0.232178
v -0.636396 0.021128 -0.220047
v -0.632320 0.016268 -0.231305
v -0.632193 0.016569 -0.219056
v -0.654112 0.004369 -0.206543
v -0.651855 -0.002032 -0.204067
v -0.648068 -0.007245 -0.215695
v -0.647652 -0.006592 -0.203077
v -0.642672 -0.009105 -0.216454
v -0.642334 -0.008406 -0.203767
v -0.637206 -0.007807 -0.218696
v -0.636954 -0.007116 -0.206001
v -0.632754 -0.003609 -0.221975
v -0.632579 -0.002977 -0.209336
v -0.690849 0.042321 -0.194234
v -0.701455 0.054295 -0.168571
v -0.699453 0.039380 -0.182084
v -0.689522 0.121760 -0.006965
v -0.690802 0.120630 0.000002
v -0.688314 0.124159 -0.006934
v -0.686829 0.125823 0.000002
v -0.603512 0.209959 -0.214961
v -0.605341 0.216010 -0.210970
v -0.606286 0.220856 -0.205435
v -0.607056 0.218724 -0.195331
v -0.600965 0.203456 -0.204323
v -0.608267 0.231013 -0.204380
v -0.615722 0.212568 -0.165499
v -0.619691 0.230580 -0.130124
v -0.621699 0.214220 -0.139953
v -0.537684 0.275457 -0.335669
v -0.523188 0.268323 -0.329265
v -0.535667 0.278121 -0.327941
v -0.607929 0.231269 -0.191737
v -0.596999 0.277261 -0.187399
v -0.607194 0.277730 -0.113446
v -0.603056 0.264456 -0.174090
v -0.494688 0.223356 -0.351867
v -0.489069 0.205093 -0.347401
v -0.487256 0.216566 -0.357371
v -0.534303 0.384369 -0.313661
v -0.543394 0.397148 -0.309706
v -0.546924 0.383501 -0.288482
v -0.548733 0.383269 -0.163133
v -0.550219 0.371063 -0.138563
v -0.549098 0.377306 -0.173928
v -0.552362 0.403382 -0.288109
v -0.546590 0.403952 -0.313764
v -0.552929 0.406924 -0.295551
v -0.557636 0.403024 -0.247187
v -0.558397 0.408718 -0.270620
v -0.560566 0.407961 -0.245391
v -0.559283 0.404553 -0.231209
v -0.537694 0.384369 -0.102867
v -0.541544 0.384366 -0.124998
v -0.619009 0.340761 -0.011123
v -0.644222 0.362894 0.000003
v -0.619780 0.338523 -0.008181
v -0.617355 0.344650 -0.011693
v -0.616107 0.348081 -0.008026
v -0.684087 0.195394 0.000002
v -0.656783 0.174337 -0.008500
v -0.655268 0.176891 -0.008442
v -0.657971 0.172801 -0.005518
v -0.654168 0.178008 -0.006099
v -0.645236 0.237740 -0.005510
v -0.665607 0.245038 0.000002
v -0.646127 0.236577 -0.004612
v -0.646210 0.235854 0.000002
v -0.645191 0.239656 -0.004876
v -0.644445 0.240927 0.000002
v -0.702292 0.037491 -0.203075
v -0.691364 0.039852 -0.220074
v -0.727508 0.049818 -0.143182
v -0.724605 0.050506 -0.135650
v -0.718223 0.067213 -0.104887
v -0.688625 0.036976 -0.214465
v -0.700223 0.034396 -0.195162
v -0.725487 0.045820 -0.137226
v -0.680026 0.054780 -0.206141
v -0.698639 0.063236 -0.145482
v -0.713544 0.075317 -0.089361
v -0.688241 0.111622 -0.069742
v -0.676181 0.101774 -0.135579
v -0.664157 0.094067 -0.166227
v -0.728846 0.076099 -0.048826
v -0.721403 0.082657 -0.040147
v -0.742241 0.066818 -0.057897
v -0.733035 0.079806 0.000001
v -0.689499 0.117083 -0.021491
v -0.690280 0.113220 0.000002
v -0.675550 0.048955 -0.216982
v -0.677988 0.050978 -0.226828
v -0.661441 0.091046 -0.194085
v -0.658923 0.087955 -0.192092
v -0.744809 0.066305 -0.059787
v -0.742964 0.062435 -0.055830
v -0.750000 0.075649 0.000001
v -0.748590 0.071520 0.000001
v -0.687013 0.118409 -0.010780
v -0.688845 0.116379 0.000002
v -0.677836 0.124493 -0.065180
v -0.684545 0.124207 -0.021431
v -0.684761 0.122006 -0.011787
v -0.663992 0.123672 -0.120455
v -0.653504 0.116060 -0.164860
v -0.652164 0.110306 -0.189319
v -0.649478 0.108440 -0.181591
v -0.656094 0.171135 -0.024010
v -0.659563 0.166491 -0.012146
v -0.683384 0.126598 -0.011083
v -0.653207 0.170310 -0.061787
v -0.688915 0.120106 -0.008875
v -0.686973 0.123487 -0.009950
v -0.683232 0.123233 0.000002
v -0.685851 0.125517 0.000002
v -0.646540 0.168696 -0.110185
v -0.645499 0.121743 -0.190972
v -0.646368 0.126967 -0.173876
v -0.625719 0.155459 -0.193750
v -0.625457 0.183751 -0.168269
v -0.638339 0.177681 -0.135642
v -0.624131 0.150079 -0.209015
v -0.655359 0.168275 -0.006658
v -0.654253 0.171011 -0.014312
v -0.644755 0.187950 -0.049006
v -0.651402 0.178994 -0.024279
v -0.651916 0.176020 -0.015285
v -0.640656 0.197957 -0.009927
v -0.650092 0.181568 -0.015143
v -0.650137 0.177416 -0.008331
v -0.634445 0.201472 -0.085572
v -0.627973 0.210082 -0.111940
v -0.628576 0.223627 -0.006970
v -0.625227 0.229616 -0.065857
v -0.626587 0.227059 -0.018832
v -0.623927 0.228390 -0.095117
v -0.649018 0.180634 0.000002
v -0.650046 0.177980 0.000002
v -0.639430 0.197488 0.000002
v -0.656000 0.172751 -0.011335
v -0.657714 0.170825 -0.006663
v -0.653567 0.176550 -0.011935
v -0.652660 0.178332 -0.006703
v -0.652505 0.179004 0.000002
v -0.658801 0.172417 0.000002
v -0.624273 0.227093 -0.007529
v -0.623709 0.228543 -0.012555
v -0.620624 0.246043 -0.059813
v -0.622554 0.236551 -0.021873
v -0.619643 0.247629 -0.084857
v -0.622092 0.234055 -0.014972
v -0.609309 0.281234 -0.014943
v -0.611480 0.274969 -0.040901
v -0.621553 0.239337 -0.009557
v -0.620887 0.236167 -0.007214
v -0.610763 0.272668 -0.009528
v -0.610478 0.278199 -0.065526
v -0.620641 0.236902 0.000002
v -0.609309 0.268571 0.000002
v -0.625470 0.234026 -0.013503
v -0.627481 0.229579 -0.009980
v -0.624613 0.236521 -0.008085
v -0.628772 0.231113 -0.007815
v -0.629741 0.229312 0.000002
v -0.627281 0.233698 -0.010325
v -0.626983 0.235925 -0.006413
v -0.626676 0.236936 0.000002
v -0.617133 0.248661 -0.118011
v -0.642796 0.119965 -0.182934
v -0.621833 0.149595 -0.201691
v -0.603700 0.181470 -0.218607
v -0.602979 0.175334 -0.229536
v -0.601082 0.175061 -0.222991
v -0.611459 0.197785 -0.194400
v -0.595321 0.183896 -0.237801
v -0.597719 0.188404 -0.228448
v -0.594184 0.184258 -0.230838
v -0.592318 0.196120 -0.240169
v -0.595741 0.198730 -0.230288
v -0.591185 0.197004 -0.231296
v -0.600305 0.206405 -0.233756
v -0.598250 0.208122 -0.231514
v -0.604405 0.213272 -0.225267
v -0.601931 0.214947 -0.224934
v -0.608379 0.228526 -0.182644
v -0.609646 0.230609 -0.212072
v -0.606788 0.231360 -0.213540
v -0.609372 0.245428 -0.211888
v -0.608015 0.245380 -0.202742
v -0.606521 0.245604 -0.212700
v -0.604140 0.259213 -0.223550
v -0.603089 0.259984 -0.213457
v -0.601791 0.258911 -0.223149
v -0.608347 0.247657 -0.183285
v -0.602291 0.263678 -0.190301
v -0.597553 0.271032 -0.230554
v -0.599931 0.269441 -0.238642
v -0.594609 0.274054 -0.202884
v -0.597470 0.268504 -0.238552
v -0.590382 0.281242 -0.255731
v -0.592901 0.279103 -0.263218
v -0.590667 0.278294 -0.262908
v -0.587334 0.287020 -0.238627
v -0.583520 0.286691 -0.292403
v -0.581338 0.287863 -0.282805
v -0.581898 0.285090 -0.290825
v -0.576607 0.294234 -0.268068
v -0.570855 0.290174 -0.306561
v -0.573671 0.289220 -0.315226
v -0.573188 0.287259 -0.310671
v -0.565912 0.295820 -0.293467
v -0.554969 0.287499 -0.325618
v -0.558177 0.286489 -0.335321
v -0.558410 0.285016 -0.328297
v -0.537547 0.274997 -0.327003
v -0.522785 0.268882 -0.320990
v -0.519311 0.270541 -0.332540
v -0.531650 0.281667 -0.330088
v -0.609208 0.246588 -0.172904
v -0.589088 0.288538 -0.216896
v -0.575737 0.295906 -0.252295
v -0.564367 0.297975 -0.282553
v -0.600635 0.300526 -0.125515
v -0.584307 0.316725 -0.191747
v -0.558921 0.329486 -0.263380
v -0.549280 0.294757 -0.311557
v -0.535954 0.318187 -0.316708
v -0.515134 0.300750 -0.340305
v -0.501832 0.282852 -0.356056
v -0.508945 0.248151 -0.334403
v -0.506211 0.249263 -0.338607
v -0.507513 0.248444 -0.326811
v -0.488508 0.262205 -0.364358
v -0.609340 0.282091 0.000002
v -0.606203 0.291353 -0.029902
v -0.606135 0.289684 0.000002
v -0.596643 0.303870 -0.023006
v -0.593511 0.317199 -0.048223
v -0.602778 0.307845 -0.017166
v -0.597739 0.320399 -0.015810
v -0.598523 0.318721 0.000002
v -0.596884 0.319946 -0.037594
v -0.594296 0.327464 -0.030367
v -0.584711 0.335773 -0.048236
v -0.586709 0.336309 -0.040952
v -0.589814 0.335007 -0.028232
v -0.604566 0.325212 -0.014139
v -0.601254 0.330258 -0.024935
v -0.597097 0.337231 -0.024727
v -0.583677 0.341530 -0.012487
v -0.589283 0.338179 -0.009880
v -0.579397 0.340539 -0.016549
v -0.595725 0.340492 -0.013611
v -0.583279 0.341861 0.000003
v -0.562138 0.355449 -0.060925
v -0.550751 0.364569 -0.195195
v -0.542630 0.355518 -0.253386
v -0.539079 0.360637 -0.260395
v -0.549152 0.370175 -0.215030
v -0.525313 0.340827 -0.310167
v -0.519358 0.347953 -0.310767
v -0.505379 0.320658 -0.336370
v -0.502937 0.324102 -0.333928
v -0.510315 0.332103 -0.322747
v -0.515037 0.347209 -0.317539
v -0.489792 0.300871 -0.344390
v -0.486565 0.303942 -0.344955
v -0.471385 0.271678 -0.347674
v -0.468254 0.271558 -0.346836
v -0.477090 0.242353 -0.363687
v -0.500216 0.218856 -0.345669
v -0.469793 0.259068 -0.353936
v -0.466122 0.256484 -0.356596
v -0.473916 0.239183 -0.362752
v -0.495227 0.206974 -0.347235
v -0.499061 0.219389 -0.337928
v -0.494289 0.208267 -0.340031
v -0.489515 0.206763 -0.342182
v -0.486748 0.216417 -0.348105
v -0.474173 0.239433 -0.353667
v -0.465875 0.256060 -0.346222
v -0.468531 0.271005 -0.336932
v -0.486673 0.303348 -0.335116
v -0.503161 0.323138 -0.323008
v -0.511231 0.331553 -0.312704
v -0.515115 0.346841 -0.310639
v -0.523160 0.369140 -0.319947
v -0.526023 0.368390 -0.312220
v -0.522892 0.369271 -0.312865
v -0.543679 0.372404 -0.275980
v -0.531368 0.386437 -0.326187
v -0.530860 0.386611 -0.318569
v -0.540918 0.399621 -0.323503
v -0.540673 0.399459 -0.315509
v -0.545922 0.403701 -0.306126
v -0.551305 0.379032 -0.236016
v -0.550657 0.383622 -0.203727
v -0.551772 0.386836 -0.195229
v -0.552283 0.386995 -0.255070
v -0.552938 0.391868 -0.221321
v -0.554418 0.393660 -0.211005
v -0.551724 0.406707 -0.289547
v -0.556790 0.408274 -0.266010
v -0.558480 0.407738 -0.246574
v -0.557348 0.404775 -0.234760
v -0.552517 0.394229 -0.212845
v -0.549812 0.387309 -0.196982
v -0.533990 0.382847 -0.105938
v -0.540410 0.382642 -0.127080
v -0.515959 0.396975 -0.102301
v -0.514612 0.394681 -0.096729
v -0.501708 0.402092 -0.109445
v -0.501392 0.399115 -0.107506
v -0.486358 0.400186 -0.144576
v -0.487162 0.398158 -0.137153
v -0.472398 0.392955 -0.172632
v -0.472998 0.391022 -0.168319
v -0.460599 0.390030 -0.159289
v -0.462464 0.393883 0.000003
v -0.464170 0.383349 -0.203715
v -0.460044 0.380541 -0.195864
v -0.466843 0.381968 -0.200880
v -0.460902 0.386988 -0.153576
v -0.461959 0.378699 -0.187958
v -0.464722 0.375165 -0.224259
v -0.461497 0.372947 -0.220411
v -0.466864 0.374847 -0.215662
v -0.463840 0.370482 -0.213966
v -0.469109 0.362564 -0.259906
v -0.470096 0.364550 -0.260254
v -0.472348 0.364155 -0.254761
v -0.471837 0.362020 -0.255132
v -0.606048 0.328548 -0.010776
v -0.603197 0.332912 -0.019203
v -0.600684 0.337159 -0.018804
v -0.599441 0.340133 -0.011214
v -0.598841 0.341613 0.000003
v -0.621291 0.337171 0.000002
v -0.547079 0.381964 -0.165869
v -0.563982 0.347931 -0.185466
v -0.584187 0.332380 -0.142626
v -0.577413 0.342125 -0.087778
v -0.687788 0.039187 -0.186259
v -0.697308 0.035708 -0.173930
v -0.708029 0.058579 -0.133837
v -0.600005 0.212093 -0.215100
v -0.595390 0.201468 -0.199869
v -0.603010 0.220798 -0.199318
v -0.601716 0.217679 -0.214276
v -0.604472 0.231886 -0.208500
v -0.536003 0.277227 -0.316825
v -0.604597 0.238776 -0.182312
v -0.493607 0.222962 -0.341958
v -0.528440 0.377021 -0.302666
v -0.545717 0.381124 -0.259620
v -0.545716 0.400920 -0.291052
v -0.545632 0.376898 -0.174894
v -0.547280 0.366356 -0.166002
v -0.555009 0.404241 -0.244595
v -0.723394 0.046991 -0.128172
v -0.676991 0.052427 -0.196730
v -0.703942 0.066616 -0.108132
v -0.673733 0.112449 -0.091472
v -0.655703 0.102743 -0.158737
v -0.728446 0.073476 0.000001
v -0.720156 0.079237 0.000001
v -0.741085 0.063177 -0.052263
v -0.746083 0.071442 0.000001
v -0.682667 0.119081 0.000002
v -0.643775 0.183922 0.000002
v -0.635215 0.186442 -0.097222
v -0.643206 0.124981 -0.167657
v -0.616379 0.205473 -0.154608
v -0.623043 0.154202 -0.186882
v -0.616615 0.238297 -0.099133
v -0.601309 0.180919 -0.211798
v -0.609720 0.196703 -0.186947
v -0.594976 0.188081 -0.222826
v -0.593217 0.199776 -0.223869
v -0.604091 0.245292 -0.205998
v -0.599320 0.259128 -0.216030
v -0.590292 0.277833 -0.207497
v -0.594223 0.269526 -0.234306
v -0.587371 0.279335 -0.256967
v -0.579404 0.285187 -0.281689
v -0.568828 0.293976 -0.270630
v -0.570416 0.287190 -0.301638
v -0.555590 0.285152 -0.317010
v -0.524679 0.275889 -0.320492
v -0.603590 0.282219 -0.085817
v -0.551074 0.319967 -0.265337
v -0.548682 0.293550 -0.300770
v -0.507659 0.291020 -0.337328
v -0.504776 0.248924 -0.328610
v -0.487979 0.261692 -0.353347
v -0.560689 0.362006 0.000003
v -0.568855 0.342781 -0.118915
v -0.603651 0.285379 0.000002
v -0.541217 0.365751 -0.232582
v -0.540419 0.354126 -0.245046
v -0.524109 0.339622 -0.299055
v -0.517841 0.347295 -0.299603
v -0.497125 0.310035 -0.329183
v -0.471127 0.270897 -0.336794
v -0.476833 0.242012 -0.353113
v -0.468963 0.258077 -0.343316
v -0.548510 0.388279 -0.213515
v -0.537505 0.384261 0.000003
v -0.514276 0.392348 0.000003
v 0.512154 0.088371 0.353353
v 0.492870 -0.065555 0.827197
v 0.503297 0.021625 0.649001
v 0.396974 -0.057987 0.722450
v 0.402029 0.018994 0.550401
v 0.408497 0.074355 0.296890
v 0.393691 -0.139381 0.807454
v 0.482788 -0.153479 0.905211
v 0.392459 -0.055975 0.730603
v 0.389855 -0.137333 0.820529
v 0.381244 -0.143890 0.803751
v 0.383002 -0.058347 0.710860
v 0.514989 0.093227 0.359502
v 0.530517 0.085046 0.352799
v 0.397264 0.021285 0.557476
v 0.505802 -0.070552 0.833180
v 0.491124 -0.165459 0.925066
v 0.483364 -0.154584 0.921085
v 0.494444 -0.064532 0.843334
v 0.505441 0.024891 0.661715
v 0.392623 0.073510 0.291759
v 0.403196 0.077356 0.300837
v 0.460352 0.082958 0.336544
v 0.450277 0.018772 0.614716
v 0.436326 -0.191007 0.888314
v 0.442481 -0.078984 0.787028
v 0.434872 -0.193589 0.907295
v 0.387450 0.019154 0.540855
v 0.519350 0.019061 0.649968
v 0.433971 -0.210762 0.915446
v 0.522368 0.140077 0.000001
v 0.394807 0.074893 0.294625
v 0.384880 -0.057521 0.717051
v 0.527078 0.087672 0.355473
v 0.516221 0.020889 0.654427
v 0.389454 0.020027 0.546099
v 0.382753 -0.142045 0.810206
v 0.503224 -0.068952 0.837628
v 0.433965 -0.206868 0.916231
v 0.489247 -0.162990 0.926288
v 0.626857 0.055369 0.355612
v 0.615659 -0.006104 0.645268
v 0.505321 0.076418 0.292293
v 0.493794 0.024062 0.540819
v 0.508099 0.019894 0.549972
v 0.520923 0.072790 0.297622
v 0.516076 0.077270 0.301482
v 0.503666 0.023396 0.557039
v 0.495103 -0.054359 0.705932
v 0.503515 -0.060374 0.715092
v 0.517314 0.016876 0.559673
v 0.595191 -0.085570 0.802475
v 0.596870 -0.084922 0.818362
v 0.618108 -0.003582 0.658040
v 0.607575 -0.092402 0.807940
v 0.631463 -0.011127 0.645285
v 0.480009 -0.131570 0.803926
v 0.486891 -0.143427 0.818789
v 0.574135 -0.167950 0.885629
v 0.574611 -0.169147 0.901525
v 0.470083 -0.136491 0.787697
v 0.478249 -0.150571 0.806613
v 0.481246 -0.051566 0.695360
v 0.483194 -0.051175 0.701405
v 0.483585 -0.134311 0.790723
v 0.630225 0.059889 0.362033
v 0.645003 0.049429 0.354946
v 0.641801 0.052522 0.357763
v 0.628495 -0.009031 0.650007
v 0.495858 0.024336 0.545933
v 0.490856 -0.051368 0.714380
v 0.581188 -0.181523 0.905825
v 0.572062 0.065728 0.337999
v 0.559392 0.004714 0.615558
v 0.537959 -0.084532 0.767515
v 0.518845 -0.195924 0.889481
v 0.520544 -0.193634 0.870488
v 0.516148 -0.212783 0.897732
v 0.530959 0.070803 0.303956
v 0.490433 -0.145333 0.802751
v 0.507610 0.077185 0.295173
v 0.472066 -0.134973 0.793812
v 0.479952 -0.148615 0.811846
v 0.605169 -0.090494 0.812407
v 0.516553 -0.208927 0.898495
v 0.579584 -0.178687 0.906968
v 0.694758 0.042954 0.064869
v 0.727937 -0.011824 0.348153
v 0.723519 -0.059745 0.540689
v 0.608294 0.048229 0.334735
v 0.592708 -0.004851 0.570541
v 0.606628 -0.011197 0.578690
v 0.623608 0.042409 0.339847
v 0.619081 0.047502 0.343851
v 0.602452 -0.007222 0.586180
v 0.589036 -0.086170 0.735686
v 0.701677 -0.134769 0.693706
v 0.703436 -0.134137 0.709229
v 0.726532 -0.057900 0.553184
v 0.713452 -0.143646 0.699930
v 0.737965 -0.068611 0.538814
v 0.635761 0.072688 0.057091
v 0.630109 0.078325 0.057847
v 0.568748 -0.158891 0.825643
v 0.617986 0.077380 0.056072
v 0.681101 -0.210703 0.758298
v 0.681496 -0.211871 0.774247
v 0.558487 -0.162485 0.810102
v 0.575422 -0.081698 0.725943
v 0.572106 -0.162118 0.812734
v 0.732149 -0.008587 0.355018
v 0.735840 0.017311 0.069324
v 0.744435 -0.021725 0.345566
v 0.744999 -0.001757 0.067561
v 0.585002 -0.082876 0.743997
v 0.687077 -0.224744 0.779762
v 0.678926 0.012469 0.336689
v 0.663034 -0.041216 0.591402
v 0.642311 -0.121682 0.718964
v 0.615971 -0.227773 0.875083
v 0.617824 -0.225881 0.855915
v 0.611972 -0.243241 0.885305
v 0.730330 0.014704 0.068059
v 0.644159 0.076117 0.000000
v 0.641209 0.069815 0.057821
v 0.628709 0.039480 0.339635
v 0.611826 -0.014235 0.580008
v 0.593980 -0.089473 0.733919
v 0.576360 -0.168102 0.816272
v 0.573142 -0.165362 0.829666
v 0.563465 -0.170191 0.816204
v 0.612679 -0.240549 0.883445
v 0.686092 -0.222501 0.778746
v 0.711685 -0.141958 0.701561
v 0.735949 -0.066707 0.541338
v 0.742266 -0.019421 0.347264
v 0.743380 0.001548 0.067881
v 0.620122 0.077523 0.056386
v 0.610196 0.048083 0.336345
v 0.594427 -0.005277 0.573307
v 0.577113 -0.081906 0.729133
v 0.560299 -0.161851 0.812845
v 0.565174 -0.169339 0.818578
v 0.518803 0.134347 0.000001
v 0.516727 0.110098 0.000000
v 0.622228 0.083704 0.000000
v 0.640240 0.108378 0.000000
v 0.750000 0.004277 0.000001
v 0.415818 0.110677 0.000001
v 0.397164 0.107898 0.000001
v 0.399563 0.109936 0.000001
v 0.535224 0.131856 0.000001
v 0.526337 0.111287 0.000000
v 0.652317 0.098829 0.000000
v 0.543784 0.104064 0.000000
v 0.735394 0.021505 0.000000
v 0.748424 0.007738 0.000001
v 0.741081 0.024206 0.000000
v 0.472097 0.121576 0.000001
v 0.460352 0.082958 -0.336543
v 0.512154 0.088371 -0.353351
v 0.392623 0.073510 -0.291758
v 0.387450 0.019154 -0.540854
v 0.402029 0.018994 -0.550400
v 0.408497 0.074354 -0.296888
v 0.403196 0.077356 -0.300836
v 0.397264 0.021284 -0.557474
v 0.394807 0.074893 -0.294623
v 0.389454 0.020027 -0.546098
v 0.393691 -0.139381 -0.807452
v 0.436326 -0.191007 -0.888312
v 0.442481 -0.078984 -0.787027
v 0.396974 -0.057987 -0.722448
v 0.450277 0.018772 -0.614714
v 0.503297 0.021624 -0.649000
v 0.492870 -0.065556 -0.827195
v 0.494444 -0.064532 -0.843333
v 0.505441 0.024891 -0.661713
v 0.505802 -0.070552 -0.833178
v 0.519350 0.019061 -0.649966
v 0.408970 0.113924 0.000001
v 0.389855 -0.137333 -0.820527
v 0.382753 -0.142045 -0.810204
v 0.433965 -0.206869 -0.916229
v 0.434872 -0.193589 -0.907293
v 0.381244 -0.143891 -0.803749
v 0.433971 -0.210762 -0.915444
v 0.383002 -0.058347 -0.710859
v 0.384880 -0.057521 -0.717049
v 0.392459 -0.055975 -0.730601
v 0.527078 0.087672 -0.355472
v 0.514989 0.093227 -0.359501
v 0.530517 0.085046 -0.352798
v 0.538707 0.128107 0.000001
v 0.516221 0.020889 -0.654425
v 0.503224 -0.068952 -0.837627
v 0.482789 -0.153479 -0.905209
v 0.483364 -0.154584 -0.921083
v 0.491124 -0.165459 -0.925064
v 0.489248 -0.162990 -0.926286
v 0.572062 0.065728 -0.337997
v 0.626857 0.055369 -0.355611
v 0.635990 0.103194 0.000000
v 0.588407 0.100348 0.000000
v 0.493794 0.024062 -0.540818
v 0.505321 0.076418 -0.292292
v 0.508099 0.019894 -0.549970
v 0.520923 0.072790 -0.297621
v 0.516076 0.077270 -0.301481
v 0.503666 0.023396 -0.557038
v 0.507610 0.077185 -0.295172
v 0.495858 0.024335 -0.545931
v 0.483585 -0.134311 -0.790721
v 0.490433 -0.145334 -0.802749
v 0.503515 -0.060374 -0.715091
v 0.495103 -0.054360 -0.705931
v 0.517314 0.016876 -0.559672
v 0.615659 -0.006104 -0.645267
v 0.595191 -0.085571 -0.802474
v 0.596870 -0.084923 -0.818361
v 0.618108 -0.003582 -0.658039
v 0.631463 -0.011127 -0.645284
v 0.607575 -0.092402 -0.807939
v 0.532640 0.106093 0.000000
v 0.472066 -0.134974 -0.793810
v 0.479952 -0.148616 -0.811844
v 0.486891 -0.143427 -0.818787
v 0.480009 -0.131570 -0.803924
v 0.514158 0.108778 0.000000
v 0.478249 -0.150572 -0.806611
v 0.470083 -0.136491 -0.787696
v 0.481246 -0.051567 -0.695359
v 0.483194 -0.051176 -0.701403
v 0.490856 -0.051368 -0.714378
v 0.641801 0.052522 -0.357761
v 0.630225 0.059889 -0.362032
v 0.645003 0.049429 -0.354944
v 0.655433 0.094743 0.000000
v 0.628495 -0.009031 -0.650006
v 0.605169 -0.090495 -0.812405
v 0.574135 -0.167950 -0.885627
v 0.574611 -0.169147 -0.901523
v 0.581188 -0.181524 -0.905823
v 0.579584 -0.178687 -0.906965
v 0.530958 0.070802 -0.303955
v 0.559392 0.004713 -0.615557
v 0.520544 -0.193634 -0.870486
v 0.537959 -0.084532 -0.767514
v 0.518845 -0.195924 -0.889479
v 0.516553 -0.208928 -0.898492
v 0.516148 -0.212784 -0.897730
v 0.700225 0.048218 0.000000
v 0.694758 0.042954 -0.064868
v 0.730330 0.014704 -0.068058
v 0.608294 0.048229 -0.334734
v 0.592708 -0.004851 -0.570540
v 0.623608 0.042409 -0.339846
v 0.619081 0.047502 -0.343850
v 0.602452 -0.007222 -0.586179
v 0.606628 -0.011197 -0.578689
v 0.610196 0.048083 -0.336345
v 0.594427 -0.005277 -0.573306
v 0.572106 -0.162118 -0.812732
v 0.576360 -0.168103 -0.816270
v 0.593980 -0.089474 -0.733917
v 0.589036 -0.086171 -0.735684
v 0.611826 -0.014235 -0.580007
v 0.701677 -0.134770 -0.693704
v 0.703436 -0.134137 -0.709226
v 0.726532 -0.057900 -0.553183
v 0.723519 -0.059745 -0.540688
v 0.713452 -0.143647 -0.699928
v 0.737966 -0.068611 -0.538812
v 0.635761 0.072688 -0.057090
v 0.630109 0.078325 -0.057847
v 0.568748 -0.158892 -0.825641
v 0.560299 -0.161851 -0.812842
v 0.565174 -0.169340 -0.818576
v 0.573142 -0.165363 -0.829664
v 0.558487 -0.162486 -0.810100
v 0.559509 -0.167404 -0.777285
v 0.563465 -0.170192 -0.816202
v 0.585002 -0.082876 -0.743995
v 0.575422 -0.081699 -0.725942
v 0.732150 -0.008587 -0.355017
v 0.742266 -0.019421 -0.347263
v 0.743380 0.001548 -0.067880
v 0.735840 0.017311 -0.069323
v 0.744435 -0.021725 -0.345565
v 0.744999 -0.001757 -0.067559
v 0.727937 -0.011825 -0.348152
v 0.711685 -0.141959 -0.701559
v 0.735949 -0.066707 -0.541337
v 0.681101 -0.210703 -0.758296
v 0.681496 -0.211871 -0.774245
v 0.687077 -0.224745 -0.779760
v 0.686092 -0.222502 -0.778743
v 0.638452 0.079098 0.000000
v 0.641209 0.069815 -0.057820
v 0.617824 -0.225881 -0.855912
v 0.642311 -0.121683 -0.718962
v 0.663034 -0.041216 -0.591401
v 0.611972 -0.243241 -0.885303
v 0.617986 0.077380 -0.056072
v 0.620033 0.083489 0.000000
v 0.628709 0.039479 -0.339634
v 0.678926 0.012469 -0.336688
v 0.615971 -0.227774 -0.875081
v 0.620122 0.077523 -0.056385
v 0.577113 -0.081907 -0.729132
v 0.632487 0.084830 0.000000
v 0.612679 -0.240549 -0.883442
v 0.472097 0.112808 0.000001
v 0.460352 0.074190 0.336544
v 0.531277 0.075408 0.335408
v 0.537343 0.113468 0.000001
v 0.383513 -0.148114 0.770711
v 0.436820 -0.213134 0.878943
v 0.442481 -0.087752 0.787028
v 0.383915 -0.062145 0.684950
v 0.387082 0.013803 0.518814
v 0.450277 0.010004 0.614716
v 0.395562 0.097735 0.000001
v 0.391463 0.066463 0.279739
v 0.493927 -0.166651 0.900262
v 0.506918 -0.074314 0.806341
v 0.520531 0.012985 0.626919
v 0.644750 0.039534 0.336988
v 0.652388 0.080067 0.000001
v 0.471471 -0.141226 0.754138
v 0.479849 -0.154955 0.772584
v 0.520737 -0.081221 0.741304
v 0.481746 -0.055527 0.669430
v 0.492887 0.019051 0.519197
v 0.511478 0.099252 0.000000
v 0.503431 0.069806 0.280331
v 0.551510 0.059498 0.320977
v 0.566096 0.093438 0.000000
v 0.538353 0.002027 0.587616
v 0.518705 -0.215673 0.861275
v 0.583817 -0.183292 0.881024
v 0.608293 -0.096056 0.781476
v 0.632063 -0.016754 0.621823
v 0.700225 0.039450 0.000000
v 0.694758 0.034186 0.064869
v 0.738115 -0.012271 0.063273
v 0.742240 -0.006995 0.000001
v 0.614263 -0.246359 0.849270
v 0.689530 -0.226887 0.755198
v 0.713813 -0.147930 0.674312
v 0.642311 -0.130450 0.718964
v 0.663034 -0.049984 0.591402
v 0.737227 -0.074365 0.515639
v 0.742253 -0.032750 0.326018
v 0.678926 0.003701 0.336689
v 0.559509 -0.167404 0.777287
v 0.575656 -0.085370 0.700822
v 0.591477 -0.009344 0.548838
v 0.616591 0.074175 0.000000
v 0.614747 0.068691 0.053745
v 0.605927 0.041881 0.322670
v 0.531277 0.075408 -0.335407
v 0.460352 0.074190 -0.336543
v 0.383513 -0.148114 -0.770709
v 0.383915 -0.062145 -0.684948
v 0.442481 -0.087752 -0.787027
v 0.436820 -0.213134 -0.878941
v 0.387082 0.013803 -0.518812
v 0.450277 0.010004 -0.614714
v 0.391463 0.066463 -0.279738
v 0.506918 -0.074314 -0.806339
v 0.493927 -0.166651 -0.900260
v 0.520531 0.012985 -0.626918
v 0.551510 0.059497 -0.320976
v 0.644750 0.039533 -0.336987
v 0.471471 -0.141226 -0.754136
v 0.481746 -0.055527 -0.669428
v 0.479849 -0.154956 -0.772583
v 0.492887 0.019051 -0.519195
v 0.538353 0.002027 -0.587614
v 0.503430 0.069806 -0.280330
v 0.518705 -0.215673 -0.861273
v 0.520737 -0.081221 -0.741302
v 0.608293 -0.096056 -0.781475
v 0.583817 -0.183293 -0.881022
v 0.632063 -0.016754 -0.621821
v 0.738115 -0.012271 -0.063272
v 0.694758 0.034186 -0.064868
v 0.614263 -0.246360 -0.849267
v 0.642311 -0.130451 -0.718962
v 0.713813 -0.147931 -0.674310
v 0.689530 -0.226887 -0.755195
v 0.663034 -0.049984 -0.591401
v 0.737227 -0.074365 -0.515638
v 0.678926 0.003701 -0.336688
v 0.742253 -0.032751 -0.326017
v 0.575656 -0.085371 -0.700820
v 0.591477 -0.009344 -0.548837
v 0.614747 0.068691 -0.053744
v 0.605927 0.041881 -0.322670
vn -0.7159 0.4095 0.5655
vn -0.7701 0.3821 0.5108
vn -0.7502 0.4570 0.4778
vn -0.5570 0.5366 0.6339
vn -0.1048 0.3758 0.9207
vn -0.6906 0.2903 0.6624
vn -0.2107 0.5616 0.8002
vn -0.2309 0.6984 0.6774
vn -0.1801 0.5621 0.8072
vn -0.2268 0.6004 0.7669
vn -0.4175 0.6664 0.6177
vn 0.8125 0.4076 0.4167
vn 0.6062 0.6322 0.4826
vn 0.2549 0.7078 0.6588
vn 0.8530 0.3580 0.3799
vn -0.7676 0.4369 0.4690
vn -0.7876 0.3846 0.4814
vn -0.8346 0.4303 0.3441
vn -0.6203 0.5870 0.5203
vn -0.5711 0.4428 0.6912
vn -0.5803 0.4929 0.6483
vn -0.3438 0.4953 0.7978
vn -0.8988 0.2899 0.3289
vn -0.8969 0.1192 0.4258
vn -0.3637 0.3639 0.8575
vn -0.1694 0.4482 0.8778
vn -0.8909 0.1108 0.4406
vn -0.3666 0.6369 0.6782
vn -0.2639 0.6377 0.7237
vn -0.3210 0.7564 0.5700
vn -0.3950 0.7075 0.5860
vn -0.8131 0.3107 0.4922
vn -0.8351 0.3605 0.4154
vn -0.8657 0.3257 0.3802
vn -0.1807 0.7397 0.6482
vn -0.4516 0.5439 0.7073
vn -0.6370 0.4223 0.6449
vn -0.6109 0.4233 0.6690
vn -0.5080 0.5251 0.6828
vn 0.6041 0.5088 0.6133
vn 0.3211 0.5227 0.7897
vn 0.0168 0.6234 0.7817
vn -0.1540 0.5421 0.8261
vn -0.1450 0.5123 0.8465
vn 0.2805 0.8078 0.5185
vn 0.6485 0.6328 0.4231
vn 0.8246 0.2218 0.5205
vn 0.6338 0.3339 0.6977
vn 0.4369 0.5655 0.6995
vn 0.3384 0.5222 0.7828
vn 0.3323 0.4230 0.8430
vn 0.0125 -0.1695 0.9854
vn -0.2549 0.1948 0.9472
vn -0.3002 0.5644 0.7690
vn -0.5005 -0.4604 0.7332
vn -0.5552 0.2642 0.7886
vn -0.5606 0.5514 0.6178
vn -0.1335 0.7923 0.5953
vn 0.2388 0.7609 0.6034
vn -0.1608 0.6744 0.7206
vn 0.3495 0.3341 0.8754
vn 0.5515 -0.2846 0.7842
vn 0.2025 -0.8164 0.5408
vn 0.9026 -0.2711 0.3345
vn 0.9469 -0.0713 0.3136
vn 0.8639 0.1175 0.4898
vn 0.4932 0.3750 0.7849
vn 0.8098 -0.3707 0.4548
vn 0.8760 0.0018 0.4824
vn 0.8823 0.2187 0.4169
vn 0.8268 0.3751 0.4191
vn 0.7736 0.4342 0.4616
vn 0.8722 0.2973 0.3883
vn 0.8722 0.0137 0.4889
vn 0.8715 -0.2261 0.4352
vn 0.9317 0.0680 0.3568
vn 0.8596 -0.1862 0.4759
vn 0.8981 0.1398 0.4169
vn 0.9467 0.1051 0.3045
vn 0.9112 0.2489 0.3284
vn 0.8986 0.2939 0.3256
vn 0.9091 0.3031 0.2856
vn 0.7308 0.4874 0.4780
vn 0.8789 0.3924 0.2712
vn 0.8957 0.3776 0.2346
vn 0.8203 0.5056 0.2673
vn 0.9244 0.3132 0.2178
vn -0.7004 0.6028 0.3822
vn -0.0791 -0.7155 0.6942
vn -0.9002 0.1967 0.3885
vn 0.8146 0.4255 0.3941
vn -0.3713 -0.3437 0.8626
vn 0.8968 -0.3012 0.3239
vn 0.7249 -0.5382 0.4299
vn -0.9325 0.3130 0.1799
vn -0.9043 0.3974 0.1557
vn -0.8586 0.4743 0.1944
vn -0.6752 0.6377 0.3708
vn -0.6962 0.6256 0.3519
vn -0.7277 0.5875 0.3538
vn -0.5654 0.7254 0.3927
vn -0.5858 0.7133 0.3847
vn -0.2481 0.8462 0.4716
vn -0.3574 0.7996 0.4827
vn -0.4248 0.7994 0.4249
vn -0.8475 0.5120 0.1401
vn -0.9518 0.2880 0.1054
vn -0.9621 0.2697 0.0403
vn -0.8709 0.4903 0.0323
vn -0.8884 0.4576 0.0368
vn -0.8735 0.4775 0.0946
vn -0.9549 0.2943 0.0402
vn -0.8776 0.4786 0.0277
vn -0.8865 0.4616 0.0327
vn -0.8693 0.4640 0.1704
vn -0.8943 0.4125 0.1737
vn -0.8555 0.4911 0.1641
vn -0.9066 0.3834 0.1763
vn -0.9488 0.2565 0.1841
vn -0.9569 0.2277 0.1800
vn -0.9143 0.3722 0.1599
vn -0.8404 0.5044 0.1980
vn -0.9311 0.3573 0.0740
vn -0.9736 0.2121 0.0839
vn -0.9768 0.1406 0.1614
vn -0.9758 0.2000 0.0881
vn -0.1290 0.9866 -0.1002
vn -0.1370 0.9842 -0.1125
vn -0.0913 0.9909 -0.0987
vn -0.1738 0.9791 -0.1057
vn -0.4044 0.9133 -0.0478
vn -0.2757 0.9564 -0.0968
vn -0.9791 0.1275 0.1582
vn -0.9601 0.2356 0.1509
vn -0.9693 0.1906 0.1550
vn -0.9807 0.1161 0.1576
vn -0.9726 0.1641 0.1644
vn -0.9799 0.1198 0.1592
vn -0.8610 0.5057 0.0548
vn -0.9273 0.3717 0.0431
vn -0.8595 0.5075 0.0614
vn -0.8542 0.5199 -0.0000
vn -0.9113 0.4118 -0.0000
vn -0.8455 0.5340 -0.0000
vn -0.9881 0.1478 0.0429
vn -0.9684 0.2474 0.0324
vn -0.9551 0.2963 -0.0000
vn -0.9916 0.1207 0.0471
vn -0.9813 0.1683 0.0932
vn -0.9752 0.1436 0.1686
vn -0.9653 0.1719 0.1966
vn -0.9790 0.0407 0.1998
vn -0.8464 0.5031 0.1747
vn -0.8284 0.5401 0.1487
vn -0.8293 0.5416 0.1377
vn -0.8594 0.4732 0.1938
vn -0.8588 0.4658 0.2132
vn -0.8547 0.4800 0.1978
vn -0.1406 0.9826 -0.1213
vn -0.1256 0.9826 -0.1368
vn -0.1216 0.9874 -0.1012
vn -0.1221 0.9837 -0.1321
vn -0.8861 0.4059 0.2236
vn -0.8620 0.4541 0.2253
vn -0.8562 0.4625 0.2303
vn -0.8557 0.4652 0.2268
vn -0.8388 0.4869 0.2435
vn -0.8455 0.4845 0.2247
vn -0.0736 0.9928 -0.0945
vn -0.1300 0.9850 -0.1132
vn -0.8559 0.4387 0.2739
vn -0.8564 0.4553 0.2436
vn -0.1163 0.9875 -0.1066
vn -0.0750 0.9927 -0.0944
vn -0.7785 0.5447 0.3120
vn -0.8361 0.4633 0.2939
vn -0.8010 0.5307 0.2771
vn -0.7565 0.5705 0.3197
vn -0.9644 0.1568 0.2130
vn -0.8279 0.5350 0.1685
vn -0.8158 0.5234 0.2460
vn -0.8645 0.4310 0.2588
vn -0.9205 0.2449 0.3043
vn -0.9748 0.0202 0.2222
vn -0.9422 0.1077 0.3174
vn -0.8654 0.2991 0.4021
vn -0.7831 0.5362 0.3151
vn -0.8858 0.1459 0.4406
vn -0.7320 0.6039 0.3153
vn -0.1574 0.9809 -0.1141
vn -0.2188 0.9681 -0.1223
vn -0.6787 0.6632 0.3154
vn -0.7348 0.5995 0.3173
vn -0.4117 0.9045 -0.1110
vn -0.3231 0.9388 -0.1193
vn -0.5396 0.8372 -0.0895
vn -0.5300 0.8430 -0.0918
vn -0.5034 0.7575 0.4156
vn -0.6353 0.7681 -0.0798
vn -0.6436 0.7612 -0.0802
vn -0.5929 0.6937 0.4088
vn -0.6202 0.6880 0.3769
vn -0.6143 0.6619 0.4296
vn -0.7108 0.5892 0.3843
vn -0.7849 0.3825 0.4874
vn -0.6004 0.7167 0.3547
vn -0.6324 0.6997 0.3324
vn -0.4913 0.7605 0.4246
vn -0.4947 0.7594 0.4226
vn -0.3171 0.8164 0.4826
vn -0.2535 0.8363 0.4861
vn -0.8008 0.2101 0.5609
vn -0.6202 0.5171 0.5899
vn -0.5900 0.3563 0.7245
vn -0.4338 0.6117 0.6615
vn -0.4920 0.7336 0.4688
vn -0.3354 0.4724 0.8151
vn -0.5493 0.7232 0.4186
vn -0.4939 0.7376 0.4605
vn -0.7159 0.6944 -0.0734
vn -0.7041 0.7059 -0.0776
vn -0.7479 0.6610 -0.0605
vn -0.7748 0.6303 -0.0484
vn -0.2018 0.8501 0.4864
vn -0.1611 0.8486 0.5040
vn -0.7918 0.6095 -0.0392
vn -0.7894 0.6126 -0.0383
vn -0.0021 0.8843 0.4669
vn 0.0196 0.8920 0.4515
vn 0.0054 0.8755 0.4831
vn 0.0057 0.8917 0.4526
vn -0.7758 0.6300 -0.0345
vn -0.7511 0.6596 -0.0279
vn -0.0325 0.8813 0.4713
vn 0.0387 0.8631 0.5036
vn -0.7376 0.6748 -0.0244
vn -0.1164 0.8599 0.4970
vn -0.0319 0.8846 0.4652
vn -0.0615 0.8786 0.4736
vn -0.1297 0.8619 0.4902
vn -0.2729 0.8385 0.4716
vn -0.2913 0.8426 0.4530
vn -0.2748 0.8447 0.4594
vn -0.2126 0.8048 0.5542
vn -0.1922 0.7230 0.6635
vn -0.0576 0.7672 0.6388
vn -0.1015 0.6222 0.7763
vn 0.0097 0.7476 0.6641
vn -0.1421 0.7896 0.5969
vn -0.0974 0.8040 0.5867
vn -0.2825 0.7732 0.5678
vn -0.2159 0.7994 0.5607
vn -0.9661 -0.2335 0.1102
vn -0.9445 -0.3097 0.1092
vn -0.9773 -0.1759 0.1181
vn -0.9743 -0.1851 0.1285
vn -0.9235 -0.3681 0.1079
vn -0.2152 0.7997 0.5605
vn -0.9695 -0.2079 0.1298
vn -0.9641 -0.2370 0.1195
vn -0.0756 0.8426 0.5332
vn -0.9575 -0.2625 0.1196
vn -0.9529 -0.2749 0.1278
vn 0.0083 0.8693 0.4942
vn -0.9494 -0.2840 0.1338
vn -0.9802 0.1973 0.0154
vn -0.1317 0.8590 0.4948
vn -0.1486 0.8588 0.4904
vn -0.0847 0.8662 0.4925
vn -0.0211 0.8761 0.4816
vn 0.0262 0.8786 0.4769
vn 0.0413 0.8747 0.4829
vn 0.1303 0.8708 0.4741
vn 0.0765 0.8726 0.4824
vn 0.1672 0.8701 0.4637
vn 0.1834 0.8720 0.4538
vn 0.2427 0.8686 0.4319
vn 0.2095 0.8743 0.4379
vn 0.1790 0.8438 0.5059
vn 0.2496 0.8608 0.4435
vn 0.1705 0.8424 0.5112
vn 0.2632 0.8761 0.4039
vn 0.0365 0.8221 0.5681
vn 0.0402 0.8226 0.5672
vn -0.0551 0.8235 0.5647
vn -0.0474 0.8202 0.5700
vn -0.1113 0.8026 0.5861
vn -0.0943 0.8157 0.5707
vn -0.1400 0.7771 0.6136
vn -0.1343 0.7830 0.6073
vn 0.4706 -0.8670 0.1641
vn 0.4286 -0.8869 0.1726
vn 0.3864 -0.9045 0.1806
vn 0.5285 -0.8371 0.1414
vn 0.5207 -0.8408 0.1484
vn 0.0351 0.7791 0.6259
vn 0.0783 0.7398 0.6682
vn 0.0691 0.7179 0.6927
vn 0.0574 0.7764 0.6277
vn 0.5083 -0.8490 0.1444
vn 0.5172 -0.8441 0.1414
vn -0.0607 0.5774 0.8142
vn -0.0567 0.5814 0.8116
vn 0.4759 -0.8674 0.1454
vn 0.4751 -0.8679 0.1451
vn -0.3231 0.3508 0.8790
vn -0.3082 0.3623 0.8796
vn 0.4658 -0.8726 0.1468
vn 0.4697 -0.8698 0.1512
vn -0.7596 0.6504 -0.0000
vn -0.8241 0.5578 0.0983
vn -0.7822 0.6204 0.0570
vn -0.7006 -0.7136 -0.0000
vn -0.6309 -0.7503 0.1976
vn -0.5861 -0.7861 0.1964
vn -0.3070 -0.9333 0.1862
vn -0.4555 -0.8691 0.1926
vn -0.2009 -0.9651 0.1680
vn -0.1738 -0.9723 0.1562
vn -0.0964 -0.9855 0.1396
vn 0.0082 -0.9913 0.1317
vn 0.0048 -0.9912 0.1321
vn 0.0385 -0.9909 0.1292
vn -0.0828 -0.9834 0.1617
vn -0.1215 -0.9768 0.1765
vn -0.1694 -0.9606 0.2205
vn -0.1577 -0.9603 0.2303
vn -0.1214 -0.9650 0.2323
vn -0.1103 -0.9689 0.2215
vn -0.1118 -0.9735 0.1994
vn -0.1402 -0.9723 0.1871
vn -0.1428 -0.9719 0.1870
vn -0.1156 -0.9728 0.2008
vn -0.0201 -0.9753 0.2198
vn 0.1139 -0.9649 0.2368
vn 0.2751 -0.9288 0.2482
vn 0.3488 -0.9032 0.2501
vn 0.5330 -0.8139 0.2313
vn 0.5321 -0.8144 0.2315
vn 0.6733 -0.7129 0.1961
vn 0.6518 -0.7308 0.2025
vn 0.7792 -0.5954 0.1958
vn 0.7303 -0.6556 0.1918
vn 0.8587 -0.4926 0.1412
vn 0.8278 -0.5316 0.1796
vn 0.8572 -0.5030 0.1100
vn 0.8700 -0.4786 0.1187
vn 0.8537 -0.5004 0.1445
vn 0.8538 -0.5068 0.1188
vn 0.8505 -0.5110 0.1248
vn 0.8524 -0.5024 0.1446
vn 0.8492 -0.5159 0.1131
vn 0.9789 -0.2027 -0.0259
vn 0.9370 0.3290 -0.1175
vn 0.9379 0.3260 -0.1184
vn 0.9352 0.3346 -0.1158
vn 0.9398 0.3242 -0.1081
vn 0.9477 0.3038 -0.0977
vn -0.8791 0.4710 0.0738
vn -0.8634 0.5045 -0.0000
vn -0.8854 0.4649 -0.0000
vn -0.8833 0.4590 0.0955
vn 0.1590 -0.9873 -0.0000
vn 0.1758 -0.9832 0.0483
vn 0.1895 -0.9805 0.0528
vn 0.2075 -0.9763 0.0616
vn 0.2097 -0.9754 0.0682
vn 0.1873 -0.9796 0.0727
vn 0.1272 -0.9889 0.0763
vn 0.1100 -0.9902 0.0860
vn 0.1262 -0.9861 0.1078
vn 0.1653 -0.9793 0.1168
vn 0.2578 -0.9588 0.1195
vn -0.9982 -0.0596 -0.0000
vn -0.9983 -0.0490 0.0307
vn -0.9982 -0.0505 0.0317
vn -0.9987 -0.0124 0.0491
vn -0.9990 -0.0256 0.0374
vn -0.9974 0.0074 0.0723
vn -0.9977 0.0049 0.0674
vn -0.3796 0.9251 -0.0000
vn -0.3709 0.9280 -0.0365
vn -0.3705 0.9281 -0.0370
vn -0.3250 0.9439 -0.0582
vn -0.3507 0.9351 -0.0518
vn -0.3165 0.9468 -0.0587
vn -0.3205 0.9457 -0.0550
vn -0.9922 0.0064 0.1248
vn -0.9950 0.0085 0.0995
vn -0.9838 -0.0599 0.1692
vn -0.9878 -0.0193 0.1548
vn 0.3112 -0.9430 0.1175
vn 0.3729 -0.9214 0.1096
vn -0.9739 -0.0832 0.2113
vn -0.9782 -0.0834 0.1901
vn -0.4006 0.9143 -0.0606
vn -0.3442 0.9373 -0.0550
vn -0.4642 0.8830 -0.0689
vn -0.4295 0.9008 -0.0638
vn -0.4858 0.8711 -0.0727
vn -0.4760 0.8766 -0.0707
vn 0.4107 -0.9052 0.1090
vn 0.4449 -0.8884 0.1132
vn -0.9599 -0.0583 0.2741
vn -0.9669 -0.0730 0.2444
vn 0.4725 -0.8729 0.1218
vn 0.4964 -0.8574 0.1360
vn -0.9416 -0.0364 0.3347
vn -0.9285 -0.0256 0.3704
vn 0.5013 -0.8527 0.1473
vn 0.4936 -0.8557 0.1556
vn -0.8849 0.0057 0.4658
vn -0.8751 0.0120 0.4838
vn 0.4844 -0.8601 0.1598
vn 0.4800 -0.8628 0.1590
vn -0.7573 0.0956 0.6461
vn -0.7842 0.0768 0.6157
vn -0.5805 0.1912 0.7915
vn -0.5694 0.1961 0.7983
vn -0.5260 0.8460 -0.0871
vn -0.4971 0.8643 -0.0764
vn -0.5599 0.8219 -0.1053
vn -0.5406 0.8360 -0.0940
vn -0.5507 0.8279 -0.1064
vn -0.5612 0.8206 -0.1081
vn -0.5076 0.8554 -0.1026
vn -0.5301 0.8415 -0.1044
vn -0.4749 0.8748 -0.0960
vn -0.4817 0.8708 -0.0981
vn -0.4611 0.8830 -0.0874
vn -0.4610 0.8831 -0.0873
vn -0.4764 0.8753 -0.0829
vn -0.4877 0.8690 -0.0836
vn -0.5159 0.8521 -0.0884
vn -0.5249 0.8461 -0.0924
vn -0.5295 0.8431 -0.0934
vn -0.5266 0.8452 -0.0912
vn -0.0965 0.7783 0.6204
vn -0.0692 0.7801 0.6218
vn -0.2484 0.9576 -0.1462
vn -0.3635 0.9233 -0.1243
vn -0.4086 0.9054 -0.1149
vn -0.3192 -0.9344 0.1582
vn 0.9562 0.2921 -0.0197
vn 0.9527 0.3038 -0.0109
vn 0.9612 0.2740 -0.0334
vn 0.9586 0.2777 -0.0634
vn 0.9621 0.2680 -0.0507
vn 0.9552 0.2857 -0.0768
vn 0.9535 0.2889 -0.0855
vn 0.5872 0.7883 -0.1837
vn 0.5974 0.8020 -0.0000
vn 0.0072 0.9962 -0.0867
vn -0.1220 0.9862 -0.1118
vn -0.0271 0.9952 -0.0935
vn -0.1726 0.9814 -0.0839
vn -0.3879 0.9207 -0.0433
vn -0.9099 0.3558 0.2134
vn -0.9580 0.2248 0.1782
vn -0.1302 0.8348 0.5349
vn -0.0421 0.8865 0.4608
vn -0.9320 0.3336 0.1415
vn -0.8713 0.4744 0.1259
vn 0.4128 0.8919 0.1847
vn 0.2586 0.9240 0.2818
vn 0.4744 0.8330 0.2848
vn 0.5779 0.7934 0.1913
vn -0.8388 0.5426 0.0446
vn -0.8336 0.5471 0.0758
vn -0.8376 0.5455 0.0304
vn -0.8297 0.5578 0.0206
vn 0.9761 0.0425 0.2133
vn 0.9756 0.1508 0.1593
vn 0.9769 0.1129 0.1814
vn 0.9751 0.0164 0.2213
vn 0.1098 0.9411 0.3197
vn -0.0613 0.9587 0.2778
vn -0.1683 0.9379 0.3032
vn -0.0340 0.9351 0.3529
vn -0.0410 0.8603 0.5081
vn -0.0828 0.8493 0.5214
vn 0.0197 0.8713 0.4903
vn -0.1914 0.9091 0.3699
vn -0.0885 0.9524 0.2918
vn 0.1145 0.9293 0.3511
vn -0.6496 0.7520 0.1116
vn -0.6907 0.7147 0.1102
vn -0.7067 0.7015 0.0923
vn -0.6760 0.7278 0.1158
vn 0.8205 -0.5701 0.0418
vn 0.8023 -0.5962 0.0307
vn 0.8596 -0.5109 0.0101
vn 0.8127 -0.5823 0.0217
vn 0.9690 0.2219 0.1083
vn 0.9689 0.2226 0.1077
vn -0.5693 0.6873 0.4511
vn -0.6182 0.7080 0.3415
vn -0.6920 0.2885 0.6617
vn -0.5611 0.5850 0.5856
vn -0.1101 0.9789 0.1720
vn -0.2537 0.9369 0.2406
vn 0.0730 0.9758 0.2062
vn -0.9987 0.0478 -0.0162
vn -0.4265 0.8698 0.2481
vn -0.6494 0.7201 0.2443
vn -0.3220 0.8974 0.3016
vn 0.9718 -0.1253 0.1997
vn -0.8713 0.4906 -0.0045
vn -0.8386 0.5446 0.0118
vn -0.8803 0.4743 -0.0094
vn 0.9678 0.1933 0.1615
vn 0.9835 0.1632 0.0782
vn 0.9526 0.2889 0.0949
vn 0.9318 0.3089 0.1906
vn 0.8767 -0.4810 -0.0067
vn 0.8671 -0.4962 -0.0438
vn 0.8293 -0.5575 -0.0382
vn 0.8478 -0.5282 -0.0470
vn 0.9923 0.0480 0.1145
vn 0.9467 0.2539 0.1982
vn 0.9787 0.1201 0.1667
vn -0.5846 0.7981 0.1459
vn -0.6244 0.7719 0.1194
vn -0.3561 0.9006 0.2491
vn 0.9729 -0.0154 0.2308
vn 0.8947 0.1339 0.4262
vn 0.8977 0.0997 0.4293
vn 0.9287 -0.0327 0.3694
vn 0.9291 -0.0228 0.3691
vn -0.7126 0.6964 0.0855
vn 0.8283 -0.5583 0.0467
vn 0.8989 0.0788 0.4309
vn 0.9352 -0.1246 0.3315
vn 0.2793 0.9456 0.1667
vn 0.0761 0.9608 0.2665
vn -0.0921 0.8466 0.5242
vn -0.0023 0.8559 0.5172
vn 0.2621 0.8557 0.4462
vn -0.5205 0.2011 0.8298
vn -0.4316 0.5525 0.7131
vn -0.1516 -0.9798 0.1305
vn -0.8135 0.5765 0.0768
vn -0.7942 0.6041 0.0657
vn -0.5285 0.8393 0.1275
vn -0.4684 0.8792 0.0874
vn 0.9853 0.0918 0.1441
vn 0.0285 0.9981 0.0546
vn 0.2708 0.9336 0.2346
vn -0.2167 0.9132 0.3451
vn 0.9193 0.3298 0.2148
vn -0.8130 0.2138 0.5416
vn 0.9985 0.0236 0.0487
vn 0.9372 -0.1592 0.3102
vn 0.9373 -0.1457 0.3167
vn 0.9364 -0.1907 0.2947
vn -0.5370 -0.1198 0.8350
vn 0.6592 0.7520 -0.0000
vn 0.5113 0.8594 -0.0000
vn 0.2416 0.9686 0.0588
vn -0.0586 0.9880 0.1426
vn 0.3529 0.9357 -0.0000
vn -0.7736 0.6314 0.0543
vn -0.7806 0.6130 -0.1220
vn 0.4111 0.9116 -0.0000
vn 0.2007 0.9255 0.3213
vn 0.4100 0.8855 0.2187
vn 0.5417 0.8031 0.2482
vn 0.3579 0.8574 0.3698
vn 0.1217 0.9339 0.3362
vn 0.3244 0.9171 0.2318
vn -0.0090 0.8860 0.4636
vn 0.0199 0.8994 0.4366
vn -0.0309 0.8748 0.4834
vn 0.5213 0.8533 -0.0000
vn 0.6088 0.7933 -0.0000
vn 0.0390 0.9074 0.4185
vn 0.0663 0.9215 0.3826
vn 0.0795 0.9038 0.4205
vn -0.0543 0.8867 0.4591
vn -0.0586 0.8956 0.4410
vn 0.4774 0.8787 -0.0000
vn 0.0732 0.9309 0.3577
vn -0.5538 0.5814 0.5960
vn -0.4536 0.6085 0.6511
vn -0.5316 0.6121 0.5854
vn -0.6307 0.5552 0.5422
vn 0.5283 0.7409 0.4147
vn 0.6300 0.7262 0.2754
vn 0.6558 0.7039 0.2729
vn 0.5777 0.7021 0.4163
vn -0.7639 0.5088 0.3969
vn -0.7633 0.4988 0.4105
vn -0.6811 0.5938 0.4285
vn -0.7140 0.5683 0.4088
vn 0.6751 0.7377 -0.0000
vn 0.3929 0.7688 0.5046
vn -0.0515 0.8995 0.4339
vn -0.1472 0.8803 0.4510
vn 0.6994 0.7147 -0.0000
vn 0.4990 0.7002 0.5106
vn 0.2018 0.8187 0.5375
vn 0.8909 -0.4449 -0.0911
vn 0.9772 -0.1933 -0.0874
vn 0.9741 -0.1339 -0.1824
vn 0.8948 -0.4214 -0.1473
vn 0.8910 -0.4384 -0.1178
vn 0.8810 -0.4571 -0.1220
vn 0.8809 -0.4710 -0.0468
vn 0.9622 -0.2698 -0.0363
vn 0.8748 -0.4707 -0.1146
vn 0.8551 -0.5139 -0.0689
vn 0.8757 -0.4828 -0.0000
vn 0.9558 -0.2939 -0.0000
vn 0.8409 -0.5412 -0.0000
vn 0.9926 -0.1162 -0.0352
vn 0.9970 -0.0253 -0.0730
vn 0.9869 -0.1611 -0.0000
vn 0.9821 0.0984 -0.1607
vn 0.8594 -0.4655 -0.2113
vn 0.7821 -0.5512 -0.2907
vn 0.7464 -0.6079 -0.2708
vn 0.8035 -0.5553 -0.2145
vn 0.9474 -0.1404 -0.2877
vn 0.8734 -0.2578 -0.4133
vn 0.9477 0.1340 -0.2897
vn 0.8792 0.0079 -0.4763
vn 0.2865 -0.6456 -0.7079
vn 0.3334 -0.8365 -0.4350
vn 0.6072 -0.6967 -0.3820
vn 0.6665 -0.4671 -0.5811
vn 0.6085 -0.2142 -0.7641
vn 0.1384 -0.4340 -0.8902
vn 0.2111 -0.8846 -0.4158
vn 0.4124 -0.8165 -0.4040
vn 0.1299 -0.9053 -0.4045
vn -0.2953 -0.8598 -0.4165
vn -0.1428 -0.8349 -0.5316
vn -0.0477 -0.8902 -0.4530
vn 0.2056 -0.7236 -0.6589
vn 0.2115 -0.8495 -0.4834
vn 0.0163 -0.6219 -0.7829
vn 0.0748 -0.7105 -0.6998
vn 0.2475 -0.7332 -0.6334
vn 0.3251 -0.7866 -0.5250
vn 0.8124 -0.5570 -0.1725
vn 0.7988 -0.5777 -0.1678
vn 0.6561 -0.6825 -0.3221
vn 0.6503 -0.6925 -0.3123
vn 0.9667 0.2558 -0.0000
vn 0.9542 0.2991 -0.0000
vn 0.9850 0.1724 -0.0000
vn 0.8107 -0.5855 -0.0000
vn -0.4210 0.9071 -0.0000
vn 0.9995 0.0310 -0.0000
vn -0.7881 -0.6040 0.1188
vn -0.4407 -0.5570 0.7040
vn -0.4755 -0.5860 0.6562
vn -0.3822 -0.4345 0.8156
vn -0.3630 -0.3531 0.8623
vn -0.9300 0.3483 -0.1176
vn -0.9480 0.3033 -0.0968
vn -0.9396 0.3258 -0.1047
vn -0.9279 0.3521 -0.1223
vn 0.7385 0.6741 -0.0164
vn 0.7360 0.6766 -0.0217
vn 0.7342 0.6785 -0.0256
vn -0.9216 0.3723 -0.1099
vn -0.9228 0.3674 -0.1161
vn 0.9065 -0.3845 0.1743
vn 0.9062 -0.3882 0.1677
vn 0.9003 -0.3860 0.2013
vn 0.8970 -0.3915 0.2051
vn 0.9669 -0.2501 0.0503
vn 0.9605 -0.2755 0.0389
vn 0.9682 -0.2447 0.0527
vn -0.4904 0.0356 0.8707
vn -0.4353 -0.0819 0.8966
vn -0.9109 -0.3537 0.2125
vn -0.9058 -0.3605 0.2227
vn -0.8298 -0.4348 0.3499
vn -0.8482 -0.4203 0.3223
vn -0.4336 0.3252 0.8404
vn -0.5138 0.3759 0.7712
vn -0.4975 0.3656 0.7867
vn -0.5686 -0.6361 0.5216
vn -0.6865 -0.6531 0.3195
vn -0.6961 -0.6516 0.3015
vn -0.6008 -0.6458 0.4711
vn -0.7785 -0.3938 0.4887
vn -0.7856 -0.4131 0.4606
vn 0.8668 -0.4986 -0.0000
vn 0.8637 -0.4934 0.1027
vn 0.8649 -0.4930 0.0944
vn -0.6612 0.2313 0.7136
vn -0.6979 0.0799 0.7117
vn -0.6996 0.0702 0.7110
vn -0.9369 0.3495 -0.0000
vn -0.9479 0.3186 -0.0025
vn -0.9405 0.3387 -0.0280
vn -0.9601 0.2755 0.0487
vn -0.9555 0.2936 0.0276
vn -0.9771 -0.2129 -0.0000
vn -0.9777 -0.1752 0.1159
vn -0.9775 -0.1820 0.1066
vn 0.6398 -0.7685 -0.0000
vn 0.6789 -0.7264 0.1068
vn 0.6747 -0.7311 0.1010
vn -0.8918 0.4525 -0.0000
vn -0.9133 0.4047 -0.0464
vn -0.9083 0.4162 -0.0407
vn -0.8915 -0.4529 -0.0000
vn -0.8909 -0.4526 0.0393
vn 0.8517 -0.4836 0.2018
vn 0.8767 -0.4352 0.2049
vn 0.8829 -0.4204 0.2092
vn 0.8595 -0.4700 0.2010
vn -0.9359 0.3353 0.1078
vn -0.9538 0.2893 0.0814
vn 0.8756 -0.4823 0.0263
vn 0.8514 -0.5245 0.0066
vn 0.8803 -0.4717 0.0507
vn 0.8771 -0.4771 0.0557
vn 0.6450 0.7642 -0.0071
vn 0.6955 0.7184 -0.0103
vn -0.9764 -0.1162 0.1821
vn -0.9748 -0.0897 0.2044
vn -0.9655 0.0100 0.2603
vn -0.9698 -0.0290 0.2424
vn -0.9303 0.3488 0.1134
vn -0.9357 0.3369 0.1046
vn 0.8491 -0.5282 -0.0034
vn 0.8865 -0.4628 -0.0000
vn -0.9614 0.0597 0.2685
vn -0.9627 0.0825 0.2578
vn -0.7409 -0.2047 0.6397
vn -0.7559 -0.3356 0.5622
vn -0.7543 -0.3305 0.5673
vn -0.7390 -0.1905 0.6462
vn -0.9631 0.2684 0.0222
vn -0.9764 0.2141 0.0279
vn -0.9721 0.2331 0.0259
vn 0.9736 -0.2177 0.0682
vn 0.9737 -0.2173 0.0688
vn -0.8759 0.2186 0.4302
vn -0.9268 0.1535 0.3428
vn -0.9214 0.1614 0.3535
vn -0.9192 0.3813 -0.0986
vn 0.9051 -0.3975 0.1507
vn -0.5687 0.3403 0.7488
vn -0.5677 0.3000 0.7666
vn -0.9320 0.3547 -0.0741
vn -0.9299 0.3613 -0.0693
vn -0.9531 0.2893 -0.0889
vn -0.9401 0.3309 -0.0818
vn -0.9479 0.3068 -0.0857
vn -0.9538 0.2868 -0.0899
vn -0.5697 0.4050 0.7151
vn -0.6703 0.7369 -0.0878
vn 0.5971 0.8021 -0.0042
vn -0.5733 0.4003 0.7149
vn -0.9481 0.3057 0.0870
vn -0.9567 0.2811 0.0758
vn -0.9767 0.2099 0.0455
vn -0.9717 0.2301 0.0539
vn 0.9110 -0.4124 0.0085
vn 0.9320 -0.3618 0.0200
vn -0.9618 0.1081 0.2515
vn -0.9638 0.1027 0.2463
vn -0.9643 0.1086 0.2417
vn -0.9607 0.1059 0.2566
vn 0.8074 -0.5607 0.1835
vn 0.8107 -0.5554 0.1853
vn 0.9573 -0.2854 0.0456
vn 0.9647 -0.2571 0.0570
vn -0.9464 -0.3024 0.1131
vn -0.9486 -0.2991 0.1034
vn 0.7468 -0.6453 0.1607
vn 0.7396 -0.6538 0.1595
vn -0.7505 -0.6299 0.1999
vn -0.7694 -0.6162 0.1684
vn -0.7491 -0.6309 0.2022
vn -0.9589 -0.2838 -0.0000
vn -0.7616 -0.6244 0.1735
vn -0.7808 -0.5994 0.1761
vn -0.7437 -0.6464 0.1709
vn -0.5781 -0.5692 0.5846
vn -0.6067 -0.5658 0.5584
vn -0.5542 -0.5519 0.6231
vn -0.5850 -0.5407 0.6045
vn -0.9057 0.4140 -0.0908
vn -0.9079 0.4121 -0.0761
vn -0.9108 0.4051 -0.0792
vn -0.8943 0.4346 -0.1068
vn 0.7235 0.6903 -0.0013
vn 0.7217 0.6921 -0.0086
vn 0.7201 0.6937 -0.0152
vn -0.9008 0.4206 -0.1077
vn -0.9174 0.3862 -0.0961
vn 0.8995 -0.4281 0.0879
vn 0.8978 -0.4250 0.1155
vn 0.9027 -0.4124 0.1228
vn 0.8966 -0.4311 0.1018
vn 0.9594 -0.2748 0.0640
vn 0.9573 -0.2832 0.0582
vn 0.9607 -0.2691 0.0678
vn -0.6994 -0.2923 0.6522
vn -0.7024 -0.2226 0.6761
vn -0.9557 -0.1664 0.2430
vn -0.9702 -0.1759 0.1669
vn -0.9537 -0.2334 0.1896
vn -0.9424 -0.1946 0.2721
vn 0.0455 0.4696 0.8817
vn -0.4251 0.3475 0.8358
vn -0.3612 0.4270 0.8289
vn -0.5502 0.4585 0.6979
vn -0.7526 -0.5333 0.3862
vn -0.7555 -0.5329 0.3812
vn -0.9357 -0.1401 0.3239
vn -0.9330 -0.0907 0.3483
vn 0.7328 -0.6804 -0.0000
vn 0.7639 -0.6317 0.1320
vn 0.7876 -0.6052 0.1164
vn -0.8154 0.0580 0.5760
vn -0.8649 -0.1331 0.4840
vn -0.8568 -0.0036 0.5157
vn -0.7956 0.1054 0.5966
vn -0.9349 0.3550 -0.0000
vn -0.9572 0.2891 -0.0148
vn -0.9491 0.3136 -0.0294
vn -0.9619 0.2715 0.0319
vn -0.9493 0.3072 0.0666
vn -0.9541 -0.2798 0.1067
vn -0.9548 -0.2865 0.0796
vn -0.9560 -0.2932 -0.0000
vn 0.7933 -0.6088 -0.0000
vn 0.7994 -0.5990 0.0473
vn 0.7994 -0.5990 0.0472
vn -0.8638 0.5038 -0.0000
vn -0.8764 0.4814 -0.0167
vn -0.8733 0.4870 -0.0144
vn -0.9297 -0.3683 -0.0000
vn -0.9270 -0.3750 -0.0000
vn -0.9266 -0.3731 0.0468
vn -0.9288 -0.3679 0.0447
vn 0.8963 -0.4375 0.0721
vn 0.8992 -0.4308 0.0764
vn -0.9294 0.3562 0.0963
vn -0.9004 0.4194 0.1157
vn 0.8248 -0.5615 0.0670
vn 0.8133 -0.5819 0.0027
vn 0.7951 -0.6064 -0.0092
vn 0.8270 -0.5610 0.0362
vn 0.7420 0.6702 0.0181
vn 0.7312 0.6821 0.0095
vn -0.9614 -0.2236 0.1603
vn -0.9688 -0.1473 0.1991
vn -0.9663 0.0288 0.2560
vn -0.9704 -0.0470 0.2370
vn -0.8947 0.4311 0.1172
vn -0.9065 0.4084 0.1068
vn 0.8077 -0.5896 -0.0033
vn 0.8309 -0.5564 0.0106
vn -0.9556 0.1130 0.2722
vn -0.9450 0.1704 0.2793
vn -0.9058 -0.1135 0.4083
vn -0.9098 -0.0852 0.4062
vn -0.9393 0.3378 0.0609
vn -0.9484 0.3098 0.0670
vn -0.9488 0.3086 0.0672
vn 0.9530 -0.2915 0.0822
vn 0.9550 -0.2854 0.0805
vn -0.8239 0.3317 0.4596
vn -0.8339 0.3226 0.4478
vn -0.9267 0.3652 -0.0890
vn 0.9049 -0.4064 0.1262
vn -0.5986 0.2759 0.7520
vn -0.5845 0.3080 0.7506
vn -0.8835 0.4675 -0.0279
vn -0.8821 0.4701 -0.0320
vn -0.8894 0.4546 -0.0487
vn -0.8984 0.4347 -0.0621
vn -0.4758 0.4241 0.7706
vn -0.5996 0.2069 0.7731
vn -0.6076 0.2147 0.7647
vn -0.6162 0.2183 0.7568
vn -0.6789 0.7307 -0.0727
vn 0.7470 0.6645 0.0221
vn 0.7553 0.6550 0.0224
vn 0.7547 0.6556 0.0231
vn 0.7648 0.6438 0.0231
vn -0.4122 0.5635 0.7159
vn -0.4105 0.5726 0.7097
vn -0.9323 0.3504 0.0902
vn -0.9425 0.3237 0.0837
vn 0.9022 -0.4277 0.0551
vn 0.9107 -0.4085 0.0611
vn -0.9239 0.2200 0.3130
vn -0.9208 0.2244 0.3190
vn 0.8638 -0.4996 0.0653
vn 0.8761 -0.4775 0.0667
vn -0.9765 -0.2003 0.0801
vn -0.9573 -0.2747 0.0896
vn 0.8253 -0.5604 0.0692
vn 0.8235 -0.5631 0.0698
vn -0.8405 -0.5045 0.1976
vn -0.8351 -0.5110 0.2037
vn -0.8094 -0.5187 0.2753
vn -0.8078 -0.5163 0.2845
vn -0.9770 -0.2132 -0.0000
vn -0.9580 -0.2868 -0.0000
vn -0.8177 -0.5509 0.1668
vn -0.6525 -0.5870 0.4792
vn -0.6944 -0.5772 0.4298
vn -0.5986 -0.5240 0.6058
vn -0.6189 -0.4235 0.6615
vn -0.8214 0.5678 -0.0539
vn -0.8163 0.5766 -0.0346
vn -0.8163 0.5763 -0.0388
vn -0.8284 0.5552 -0.0741
vn 0.8037 0.5936 -0.0411
vn 0.8087 0.5876 -0.0265
vn 0.8086 0.5878 -0.0269
vn -0.8611 0.5023 -0.0788
vn -0.8481 0.5235 -0.0818
vn 0.8120 -0.5812 0.0532
vn 0.8409 -0.5335 0.0909
vn 0.8455 -0.5244 0.1008
vn 0.8285 -0.5552 0.0723
vn 0.9050 -0.4224 0.0515
vn 0.9032 -0.4266 0.0483
vn 0.9067 -0.4183 0.0546
vn -0.7053 -0.1244 0.6979
vn -0.7259 -0.0344 0.6869
vn -0.9416 -0.1992 0.2716
vn -0.9625 -0.2156 0.1649
vn -0.9571 -0.2044 0.2052
vn -0.9247 -0.2103 0.3174
vn 0.7745 0.1980 0.6008
vn 0.4737 0.4134 0.7776
vn 0.5640 0.3615 0.7425
vn -0.7597 -0.5699 0.3132
vn -0.7611 -0.5801 0.2902
vn -0.9029 -0.1900 0.3856
vn -0.8875 -0.1594 0.4323
vn 0.6338 -0.7735 -0.0000
vn 0.6643 -0.7352 0.1349
vn 0.6883 -0.7152 0.1215
vn -0.5305 0.2467 0.8110
vn -0.7160 0.0929 0.6919
vn -0.6963 0.1118 0.7090
vn -0.6974 0.7166 -0.0000
vn -0.6947 0.7138 -0.0883
vn -0.9002 0.4353 -0.0123
vn -0.8974 0.4399 0.0351
vn -0.8993 0.4372 0.0064
vn -0.9661 -0.2381 0.0996
vn -0.9675 -0.2455 0.0599
vn -0.9680 -0.2508 -0.0000
vn 0.7568 -0.6536 -0.0000
vn 0.7597 -0.6498 0.0242
vn 0.7602 -0.6491 0.0276
vn -0.7949 0.6068 -0.0000
vn -0.8184 0.5745 -0.0101
vn -0.8091 0.5877 -0.0068
vn -0.9095 -0.4156 -0.0000
vn -0.9084 -0.4151 0.0492
vn 0.8024 -0.5959 0.0333
vn 0.8017 -0.5964 0.0393
vn -0.8173 0.5668 0.1037
vn -0.8718 0.4848 0.0696
vn 0.7403 -0.6669 0.0846
vn 0.7406 -0.6714 0.0253
vn 0.7026 -0.7116 -0.0031
vn 0.7583 -0.6485 0.0670
vn -0.9640 -0.0801 0.2536
vn -0.9514 -0.0350 0.3061
vn -0.9515 -0.0354 0.3056
vn -0.7975 0.5935 0.1082
vn -0.8079 0.5815 0.0960
vn 0.6861 -0.7272 -0.0202
vn 0.7239 -0.6899 -0.0036
vn -0.9255 0.0311 0.3775
vn -0.9205 0.0423 0.3884
vn -0.8555 -0.0939 0.5092
vn -0.8376 -0.0586 0.5431
vn -0.8580 0.5111 0.0511
vn -0.8796 0.4722 0.0585
vn -0.8784 0.4744 0.0581
vn 0.8885 -0.4543 0.0650
vn 0.8884 -0.4545 0.0650
vn -0.1338 0.5320 0.8361
vn -0.5293 0.3446 0.7753
vn -0.5222 0.3491 0.7781
vn -0.8285 0.5553 -0.0723
vn -0.8194 0.5687 -0.0716
vn 0.8487 -0.5178 0.1080
vn -0.9640 -0.2322 0.1294
vn -0.5316 0.4701 0.7046
vn -0.3133 0.4944 0.8108
vn -0.8264 0.5629 -0.0150
vn -0.8168 0.5767 -0.0149
vn -0.8131 0.5818 -0.0195
vn -0.8152 0.5785 -0.0285
vn -0.1541 0.6262 0.7643
vn -0.7629 0.6430 -0.0674
vn -0.3176 0.6451 0.6950
vn -0.8488 0.5230 0.0781
vn -0.8767 0.4756 0.0715
vn 0.7975 -0.6024 0.0325
vn 0.8260 -0.5616 0.0480
vn -0.8687 0.0834 0.4883
vn -0.8567 0.0885 0.5081
vn 0.7952 -0.6056 0.0305
vn 0.7857 -0.6179 0.0305
vn -0.9657 -0.2501 0.0694
vn -0.9661 -0.2449 0.0818
vn 0.7694 -0.6376 0.0397
vn 0.7711 -0.6356 0.0377
vn -0.7966 -0.5811 0.1663
vn -0.7841 -0.5866 0.2027
vn -0.7767 -0.5892 0.2227
vn -0.9635 -0.2676 -0.0000
vn 0.8457 -0.5145 -0.1416
vn 0.8257 -0.5641 -0.0000
vn 0.9307 -0.3363 -0.1435
vn -0.9193 0.3936 -0.0000
vn -0.8932 0.4221 0.1551
vn -0.8831 0.4373 0.1700
vn 0.3911 0.9204 -0.0000
vn 0.3672 0.9130 0.1776
vn 0.3621 0.9139 0.1833
vn 0.9403 -0.3343 -0.0640
vn 0.9456 -0.3007 -0.1243
vn -0.8333 0.5262 0.1696
vn -0.8077 0.5723 0.1421
vn 0.3757 0.9035 0.2065
vn 0.4030 0.8914 0.2074
vn 0.9337 -0.3563 -0.0360
vn 0.9206 -0.3903 -0.0090
vn 0.8575 -0.5145 0.0013
vn 0.9024 -0.4308 0.0003
vn -0.7662 0.6346 0.1012
vn -0.7496 0.6564 0.0844
vn 0.4339 0.8731 0.2222
vn 0.4345 0.8745 0.2153
vn 0.4391 0.8596 0.2612
vn 0.4469 0.8391 0.3101
vn 0.4745 0.7371 0.4811
vn 0.5366 0.6949 0.4788
vn 0.3306 0.5190 0.7883
vn 0.1812 0.6031 0.7768
vn 0.8084 -0.5885 0.0111
vn 0.8313 -0.5557 0.0047
vn -0.7427 0.6656 0.0729
vn -0.7438 0.6662 0.0541
vn -0.7388 0.6721 0.0487
vn -0.7453 0.6640 0.0604
vn 0.5685 0.7638 0.3057
vn 0.5760 0.7624 0.2950
vn 0.4512 0.8249 0.3406
vn 0.5759 0.7829 0.2352
vn 0.5462 0.8077 0.2220
vn 0.7979 -0.6020 0.0299
vn 0.7985 -0.6016 0.0223
vn -0.7394 0.6703 0.0633
vn -0.7410 0.6673 0.0744
vn -0.8536 0.5061 0.1238
vn -0.7974 0.5939 0.1064
vn -0.8037 0.5852 0.1082
vn -0.4273 -0.5593 0.7104
vn -0.4096 -0.6006 0.6867
vn -0.4125 -0.5941 0.6906
vn 0.1763 0.3180 0.9316
vn 0.1883 0.4322 0.8819
vn 0.0794 0.3424 0.9362
vn 0.1327 0.2393 0.9618
vn 0.6146 0.7882 -0.0317
vn 0.6158 0.7879 0.0012
vn 0.6141 0.7881 -0.0425
vn -0.5240 -0.5383 0.6601
vn -0.5664 -0.5019 0.6537
vn -0.0478 0.2840 0.9576
vn -0.0907 0.3108 0.9461
vn 0.6110 0.7916 -0.0000
vn 0.5692 0.8222 -0.0000
vn 0.5589 0.8207 0.1186
vn 0.5974 0.7919 0.1267
vn 0.5809 0.7913 0.1906
vn 0.5409 0.8208 0.1837
vn 0.3985 0.6651 0.6315
vn 0.3384 0.5878 0.7348
vn 0.3346 0.5829 0.7404
vn 0.6369 0.7598 0.1306
vn 0.6539 0.7566 -0.0000
vn 0.6094 0.7647 0.2092
vn 0.5925 0.7667 0.2471
vn 0.5209 0.7785 0.3502
vn 0.3907 0.7806 0.4879
vn -0.0967 0.6070 0.7888
vn 0.7973 -0.6024 0.0374
vn -0.0787 0.4015 0.9125
vn 0.1384 0.3155 0.9388
vn -0.2959 0.4663 0.8337
vn 0.5971 0.7911 0.1327
vn 0.6057 0.7957 -0.0000
vn 0.5997 0.7922 0.1129
vn -0.7218 0.6920 -0.0125
vn -0.7138 0.7001 -0.0170
vn -0.7270 0.6866 -0.0000
vn 0.6687 -0.7435 -0.0000
vn 0.6687 -0.7432 0.0214
vn 0.6687 -0.7433 0.0196
vn 0.5835 0.7900 0.1883
vn 0.5713 0.7916 0.2168
vn -0.7205 0.6935 -0.0044
vn -0.7344 0.6785 0.0148
vn 0.6854 -0.7281 -0.0076
vn 0.6926 -0.7208 -0.0255
vn 0.5548 0.7965 0.2405
vn 0.5590 0.7941 0.2386
vn 0.5086 0.8105 0.2906
vn 0.4469 0.8215 0.3542
vn -0.7478 0.6632 0.0299
vn -0.7513 0.6593 0.0301
vn 0.7649 -0.6424 -0.0469
vn 0.7693 -0.6373 -0.0454
vn 0.8645 -0.5003 -0.0485
vn 0.8487 -0.5273 -0.0404
vn 0.3505 0.8276 0.4384
vn 0.3160 0.8273 0.4644
vn -0.7769 0.6272 0.0561
vn -0.8250 0.5581 0.0887
vn -0.8305 0.5518 0.0762
vn -0.7984 0.5965 0.0822
vn 0.8792 -0.4750 -0.0383
vn 0.8821 -0.4689 -0.0452
vn 0.1344 0.7529 0.6442
vn 0.0165 0.6664 0.7454
vn -0.8585 0.5103 0.0507
vn -0.8600 0.5078 0.0501
vn 0.8790 -0.4732 -0.0595
vn 0.8790 -0.4731 -0.0596
vn -0.1525 0.5157 0.8431
vn -0.2154 0.4911 0.8440
vn -0.8784 0.4761 0.0423
vn 0.8798 -0.4662 -0.0934
vn 0.8780 -0.4699 -0.0916
vn -0.1885 0.4857 0.8536
vn -0.2509 0.4676 0.8476
vn -0.6414 -0.4118 0.6473
vn -0.6560 -0.4021 0.6387
vn -0.6678 -0.3941 0.6315
vn 0.8722 -0.4816 -0.0856
vn 0.6118 0.7871 -0.0780
vn 0.8169 -0.5648 -0.1166
vn 0.7890 -0.6144 -0.0000
vn 0.9232 -0.3674 -0.1128
vn -0.8728 0.4880 -0.0000
vn -0.8544 0.5012 0.1371
vn -0.8559 0.4995 0.1340
vn 0.5773 0.8165 -0.0000
vn 0.5514 0.8186 0.1609
vn 0.5062 0.8393 0.1984
vn 0.9386 -0.3426 -0.0407
vn 0.9409 -0.3254 -0.0939
vn -0.8275 0.5426 0.1444
vn -0.8046 0.5830 0.1129
vn 0.4853 0.8461 0.2203
vn 0.4871 0.8440 0.2245
vn 0.9329 -0.3598 -0.0155
vn 0.9174 -0.3979 0.0100
vn 0.8400 -0.5409 0.0430
vn 0.8981 -0.4392 0.0233
vn -0.7813 0.6182 0.0864
vn -0.7618 0.6439 0.0710
vn 0.5198 0.8190 0.2431
vn 0.5062 0.8293 0.2367
vn 0.5859 0.7514 0.3037
vn 0.6324 0.6878 0.3564
vn 0.6201 0.5516 0.5580
vn 0.5004 0.4920 0.7124
vn 0.5364 0.3845 0.7513
vn 0.6174 0.4966 0.6101
vn 0.7633 -0.6405 0.0848
vn 0.7972 -0.6002 0.0649
vn -0.7464 0.6627 0.0611
vn -0.6984 0.7145 0.0410
vn -0.6484 0.7609 0.0271
vn -0.7256 0.6863 0.0504
vn 0.7024 0.6121 0.3632
vn 0.6966 0.6319 0.3398
vn 0.5983 0.5610 0.5721
vn 0.6028 0.5648 0.5636
vn 0.6965 0.6659 0.2673
vn 0.6769 0.6964 0.2383
vn 0.7363 -0.6693 0.0996
vn -0.6323 0.7744 0.0227
vn -0.8660 0.4989 0.0328
vn -0.8205 -0.5559 0.1330
vn -0.7730 -0.6202 0.1336
vn -0.7792 -0.6124 0.1336
vn 0.1543 0.2163 0.9641
vn 0.3515 0.3910 0.8506
vn 0.0383 0.1830 0.9824
vn -0.0116 0.0586 0.9982
vn 0.7525 0.6564 0.0547
vn -0.6804 -0.7198 0.1376
vn -0.6941 -0.7068 0.1364
vn 0.1730 -0.2076 0.9628
vn 0.1369 -0.1777 0.9745
vn 0.7304 0.6830 -0.0000
vn 0.6906 0.7232 -0.0000
vn 0.6830 0.7188 0.1302
vn 0.7228 0.6787 0.1302
vn 0.7018 0.6851 0.1950
vn 0.6725 0.7145 0.1930
vn 0.7753 0.6316 -0.0000
vn 0.7554 0.6426 0.1279
vn 0.7107 0.6635 0.2340
vn 0.7152 0.6349 0.2921
vn 0.6953 0.5922 0.4074
vn 0.6247 0.3900 0.6765
vn 0.5677 0.2566 0.7822
vn 0.7198 0.6827 0.1262
vn 0.7246 0.6892 -0.0000
vn 0.7205 0.6839 0.1149
vn -0.6845 0.7288 -0.0179
vn -0.6598 0.7509 -0.0274
vn -0.7007 0.7135 -0.0000
vn 0.6250 -0.7806 -0.0000
vn 0.6577 -0.7523 0.0380
vn 0.6519 -0.7576 0.0332
vn 0.7173 0.6790 0.1562
vn -0.6660 0.7459 -0.0051
vn -0.6976 0.7156 0.0369
vn 0.6830 -0.7280 0.0592
vn 0.6313 0.7062 0.3206
vn 0.6064 0.7289 0.3177
vn 0.6201 0.6806 0.3902
vn 0.5999 0.6702 0.4369
vn -0.7277 0.6833 0.0603
vn -0.7404 0.6697 0.0572
vn 0.8007 -0.5972 -0.0475
vn 0.8025 -0.5948 -0.0468
vn 0.8618 -0.5059 -0.0357
vn 0.8594 -0.5101 -0.0356
vn 0.5682 0.6521 0.5019
vn -0.7739 0.6292 0.0715
vn -0.7960 0.6022 0.0614
vn -0.7966 0.6011 0.0633
vn -0.7893 0.6082 0.0837
vn 0.8340 -0.5518 0.0034
vn 0.8495 -0.5276 -0.0075
vn -0.7825 0.6222 0.0250
vn 0.8475 -0.5307 0.0085
vn 0.8410 -0.5409 0.0111
vn 0.0886 0.1208 0.9887
vn 0.1790 -0.1022 0.9785
vn 0.0853 -0.2096 0.9741
vn -0.0946 -0.1054 0.9899
vn -0.5348 -0.8325 0.1447
vn -0.5955 -0.7906 0.1426
vn -0.5824 -0.8002 0.1431
vn 0.8900 -0.4558 -0.0101
vn 0.6476 0.7586 -0.0713
vn 0.7816 -0.6156 -0.1004
vn 0.7856 -0.6188 -0.0000
vn -0.8879 0.4600 -0.0000
vn -0.8746 0.4740 0.1015
vn -0.8656 0.4871 0.1163
vn 0.6988 0.7153 -0.0000
vn 0.6938 0.7095 0.1235
vn 0.6910 0.7056 0.1571
vn 0.9736 -0.2220 -0.0530
vn 0.9590 -0.2784 0.0528
vn 0.9717 -0.2343 -0.0304
vn -0.8295 0.5472 0.1116
vn -0.7824 0.6185 0.0730
vn 0.7009 0.6785 0.2199
vn 0.7099 0.6580 0.2511
vn 0.9042 -0.4145 0.1033
vn 0.9423 -0.3244 0.0822
vn -0.7441 0.6665 0.0458
vn -0.7222 0.6909 0.0333
vn 0.7292 0.5938 0.3402
vn 0.7316 0.5814 0.3559
vn 0.7877 0.5579 0.2615
vn 0.7513 0.6206 0.2245
vn 0.7181 0.6093 0.3364
vn 0.7670 0.5325 0.3580
vn -0.8030 0.5945 0.0413
vn -0.8367 0.5460 0.0438
vn -0.8240 0.5650 0.0428
vn -0.7964 -0.5874 0.1440
vn -0.7965 -0.5872 0.1440
vn -0.8202 -0.5553 0.1374
vn 0.3564 0.5266 0.7718
vn 0.2674 0.6348 0.7249
vn 0.1732 0.6395 0.7490
vn 0.4465 0.4309 0.7842
vn 0.7854 0.6176 -0.0411
vn 0.8005 0.5966 -0.0566
vn 0.8054 0.5895 -0.0618
vn -0.7812 -0.6027 0.1630
vn -0.7801 -0.6043 0.1619
vn 0.6080 0.3547 0.7104
vn 0.6097 0.3323 0.7196
vn 0.8076 0.5897 -0.0000
vn 0.7737 0.6336 -0.0000
vn 0.7682 0.6312 0.1069
vn 0.8012 0.5819 0.1395
vn 0.8360 0.5284 0.1478
vn 0.8408 0.5413 -0.0000
vn 0.8277 0.4920 0.2700
vn 0.8254 0.4384 0.3557
vn 0.7916 0.6111 -0.0000
vn 0.7870 0.6031 0.1296
vn 0.7826 0.5957 0.1808
vn 0.5364 -0.8440 -0.0000
vn 0.5627 -0.8267 0.0017
vn 0.5437 -0.8392 0.0124
vn 0.7519 0.5975 0.2786
vn 0.7396 0.6031 0.2988
vn -0.2363 0.9712 0.0312
vn -0.4667 0.8822 0.0618
vn -0.5960 0.7984 0.0853
vn -0.3855 0.9214 0.0501
vn 0.5959 -0.8029 -0.0122
vn 0.6684 -0.7426 -0.0413
vn 0.6781 0.6361 0.3682
vn 0.6415 0.6570 0.3961
vn -0.5358 0.8391 0.0944
vn -0.3536 0.9297 0.1028
vn 0.5399 -0.8417 0.0133
vn 0.6556 -0.7543 -0.0349
vn 0.6344 0.4851 0.6019
vn 0.5820 0.3727 0.7228
vn 0.6054 0.4316 0.6687
vn 0.6166 0.4620 0.6375
vn -0.5808 -0.7941 0.1789
vn -0.7006 -0.6909 0.1784
vn -0.6985 -0.6930 0.1785
vn 0.8180 -0.5750 -0.0127
vn 0.7678 -0.6407 0.0098
vn 0.7324 -0.6805 0.0243
vn 0.8193 0.5682 -0.0769
vn 0.8564 -0.5097 0.0826
vn 0.8467 -0.5268 0.0749
vn 0.8778 -0.4683 0.1008
vn -0.7373 0.6748 0.0323
vn -0.7715 0.6351 0.0375
vn 0.6103 0.5909 0.5275
vn 0.4666 0.6214 0.6294
vn 0.4639 0.4067 0.7870
vn 0.5365 0.2959 0.7903
vn 0.6456 0.4173 0.6396
vn 0.6200 0.5532 0.5564
vn 0.5852 0.2085 0.7836
vn 0.7285 0.3195 0.6060
vn 0.6017 0.5484 0.5808
vn 0.5914 0.4788 0.6489
vn -0.7114 0.6702 0.2117
vn -0.5970 0.7804 0.1857
vn -0.4309 0.8905 0.1459
vn 0.6297 -0.7767 0.0109
vn 0.7709 -0.6368 -0.0111
vn 0.8194 0.5733 -0.0064
vn 0.8157 0.5783 -0.0117
vn 0.8236 0.5672 -0.0002
vn -0.8053 -0.5650 0.1795
vn -0.9387 -0.2624 0.2236
vn -0.9398 -0.1622 0.3008
vn -0.9305 0.0007 0.3662
vn -0.8483 0.0587 0.5263
vn -0.7750 0.1490 0.6141
vn -0.9078 -0.0002 0.4193
vn -0.9348 -0.3411 0.0985
vn -0.9355 -0.3533 -0.0000
vn -0.6398 -0.5612 0.5251
vn -0.5106 -0.5597 0.6527
vn -0.6910 -0.3611 0.6262
vn -0.7589 -0.5332 0.3739
vn -0.9244 -0.3814 -0.0000
vn -0.9233 -0.3809 0.0501
vn 0.7121 0.7018 0.0207
vn -0.8320 -0.5146 0.2071
vn -0.8104 -0.5216 0.2670
vn 0.2292 0.2937 0.9280
vn 0.5912 0.7421 0.3157
vn 0.7707 -0.6345 -0.0592
vn -0.1693 0.9856 -0.0000
vn 0.9827 -0.1631 -0.0872
vn 0.9764 -0.2159 -0.0000
vn 0.9957 0.0182 -0.0909
vn -0.9998 0.0193 -0.0000
vn -0.9937 0.0547 0.0976
vn -0.9908 0.0747 0.1129
vn 0.2620 0.9651 -0.0000
vn 0.2520 0.9587 0.1320
vn 0.2502 0.9587 0.1356
vn 0.9993 -0.0018 -0.0382
vn 0.9955 0.0518 -0.0794
vn -0.9741 0.1904 0.1219
vn -0.9580 0.2681 0.1014
vn 0.2801 0.9462 0.1620
vn 0.2985 0.9398 0.1664
vn 0.9995 -0.0213 -0.0214
vn 0.9994 -0.0333 -0.0066
vn 0.9981 -0.0611 -0.0022
vn 0.9991 -0.0429 -0.0021
vn -0.9349 0.3455 0.0811
vn -0.9339 0.3475 0.0837
vn 0.3296 0.9226 0.2004
vn 0.3322 0.9237 0.1907
vn 0.3297 0.9111 0.2475
vn 0.3350 0.8963 0.2904
vn 0.5996 0.5688 0.5630
vn 0.4000 0.7852 0.4727
vn 0.2420 0.1471 0.9591
vn 0.3777 -0.1243 0.9176
vn 0.9899 -0.1404 0.0206
vn 0.9958 -0.0919 0.0056
vn -0.9419 0.3259 0.0814
vn -0.9718 0.2282 0.0594
vn -0.9678 0.2476 0.0451
vn -0.9678 0.2421 0.0691
vn 0.5436 0.7959 0.2665
vn 0.4390 0.8616 0.2547
vn 0.3324 0.8374 0.4339
vn 0.3214 0.7780 0.5398
vn 0.5023 0.8394 0.2078
vn 0.4318 0.8812 0.1927
vn 0.9581 -0.2834 0.0425
vn 0.9686 -0.2456 0.0377
vn -0.9504 0.3037 0.0674
vn -0.9440 0.3208 0.0772
vn -0.9779 0.1528 0.1430
vn -0.9453 0.3047 0.1162
vn -0.9639 0.2328 0.1294
vn -0.3484 -0.8021 0.4851
vn -0.1736 -0.8763 0.4494
vn -0.2564 -0.8456 0.4683
vn 0.0394 -0.2846 0.9578
vn -0.0521 -0.0675 0.9964
vn -0.2120 -0.3410 0.9158
vn 0.0742 -0.5269 0.8467
vn 0.4404 0.8967 -0.0445
vn 0.4880 0.8728 0.0069
vn 0.4668 0.8842 -0.0163
vn -0.1423 -0.8851 0.4432
vn -0.1103 -0.8943 0.4337
vn 0.2257 -0.6045 0.7639
vn 0.2374 -0.6090 0.7568
vn 0.4654 0.8851 -0.0000
vn 0.4486 0.8937 -0.0000
vn 0.4461 0.8905 0.0900
vn 0.4690 0.8776 0.0991
vn 0.4819 0.8612 0.1616
vn 0.4371 0.8889 0.1373
vn 0.2152 0.4849 0.8477
vn 0.1934 0.4318 0.8810
vn 0.4974 0.8604 0.1107
vn 0.4835 0.8753 -0.0000
vn 0.5360 0.8240 0.1836
vn 0.5755 0.7881 0.2183
vn 0.6409 0.7206 0.2644
vn 0.7553 0.4800 0.4463
vn 0.5181 -0.3843 0.7641
vn 0.9335 -0.3548 0.0516
vn 0.0744 -0.6897 0.7203
vn 0.0243 -0.5653 0.8245
vn 0.1024 -0.7525 0.6506
vn 0.4394 0.8890 0.1290
vn 0.4500 0.8930 -0.0000
vn 0.4424 0.8897 0.1133
vn -0.7788 0.6271 -0.0140
vn -0.7736 0.6334 -0.0183
vn -0.7824 0.6228 -0.0000
vn 0.7183 -0.6958 -0.0000
vn 0.7246 -0.6888 0.0231
vn 0.7239 -0.6896 0.0217
vn 0.4233 0.8856 0.1912
vn 0.4144 0.8841 0.2158
vn -0.7797 0.6262 -0.0004
vn -0.7906 0.6118 0.0249
vn 0.7301 -0.6825 0.0341
vn 0.4082 0.8787 0.2476
vn 0.4066 0.8802 0.2447
vn 0.4100 0.8769 0.2508
vn -0.7985 0.6001 0.0478
vn -0.7983 0.6001 0.0511
vn 0.8409 -0.5378 -0.0602
vn 0.8577 -0.5114 -0.0535
vn 0.9504 -0.3026 -0.0720
vn 0.9277 -0.3695 -0.0534
vn 0.3606 0.7890 0.4975
vn 0.3674 0.6376 0.6772
vn 0.3675 0.6450 0.6700
vn -0.8948 0.4098 0.1773
vn -0.9105 0.3782 0.1675
vn -0.9149 0.3686 0.1645
vn 0.9595 -0.2714 -0.0757
vn 0.9623 -0.2599 -0.0804
vn 0.2896 0.1320 0.9480
vn 0.2794 0.0920 0.9557
vn -0.9422 0.3086 0.1308
vn -0.9369 0.3203 0.1404
vn 0.9573 -0.2711 -0.1008
vn 0.9586 -0.2586 -0.1190
vn 0.1653 -0.2114 0.9633
vn 0.1633 -0.3531 0.9212
vn -0.9504 0.2891 0.1149
vn 0.9534 -0.2568 -0.1583
vn 0.9447 -0.2895 -0.1540
vn 0.1532 -0.1689 0.9736
vn 0.1576 -0.3634 0.9182
vn -0.1945 -0.8086 0.5552
vn -0.1846 -0.8446 0.5025
vn -0.1854 -0.8421 0.5065
vn 0.9363 -0.3175 -0.1501
vn 0.4198 0.9052 -0.0660
vn -0.7981 0.6001 0.0538
vn 0.7888 -0.6096 -0.0789
vn 0.8420 -0.5284 -0.1091
vn 0.8470 -0.5315 -0.0000
vn -0.9374 0.3482 -0.0000
vn -0.9251 0.3645 0.1066
vn -0.9170 0.3796 0.1226
vn 0.7122 0.7020 -0.0000
vn 0.7037 0.7003 0.1203
vn 0.6960 0.7020 0.1510
vn 0.9930 -0.1054 -0.0539
vn 0.9835 -0.1729 0.0542
vn 0.9923 -0.1199 -0.0310
vn -0.8853 0.4493 0.1200
vn -0.8342 0.5462 0.0764
vn 0.6912 0.6905 0.2132
vn 0.6916 0.6802 0.2430
vn 0.9291 -0.3527 0.1110
vn 0.9689 -0.2322 0.0859
vn -0.7951 0.6045 0.0495
vn -0.7671 0.6405 0.0354
vn 0.6939 0.6312 0.3466
vn 0.6940 0.6205 0.3653
vn 0.7032 0.6713 0.2344
vn 0.7080 0.6797 0.1919
vn 0.6034 0.7163 0.3505
vn 0.6145 0.6931 0.3768
vn -0.8291 0.5574 0.0439
vn -0.8476 0.5284 0.0481
vn -0.8404 0.5400 0.0464
vn -0.8019 -0.5789 0.1477
vn -0.8088 -0.5692 0.1480
vn -0.7842 -0.6028 0.1471
vn 0.2258 0.6245 0.7477
vn 0.2161 0.6143 0.7589
vn 0.2854 0.6671 0.6881
vn 0.1944 0.6023 0.7742
vn 0.8027 0.5953 -0.0363
vn 0.8170 0.5737 -0.0571
vn 0.8162 0.5751 -0.0559
vn -0.8148 -0.5585 0.1555
vn -0.8125 -0.5615 0.1568
vn 0.3570 0.3377 0.8709
vn 0.2693 0.4313 0.8611
vn 0.7768 0.6298 -0.0000
vn 0.7592 0.6509 -0.0000
vn 0.7483 0.6556 0.1013
vn 0.7675 0.6333 0.0998
vn 0.7853 0.6103 0.1045
vn 0.7967 0.6044 -0.0000
vn 0.7108 0.6547 0.2571
vn 0.6232 0.6680 0.4066
vn 0.7807 0.6249 -0.0000
vn 0.7806 0.6187 0.0883
vn 0.7815 0.6128 0.1170
vn 0.5058 -0.8626 -0.0000
vn 0.4979 -0.8669 0.0228
vn 0.5040 -0.8635 0.0174
vn 0.7420 0.6398 0.2002
vn 0.7097 0.6617 0.2419
vn -0.1470 0.9889 0.0218
vn -0.3112 0.9500 0.0266
vn -0.4168 0.9080 0.0426
vn -0.2598 0.9654 0.0234
vn 0.5023 -0.8644 0.0205
vn 0.5240 -0.8517 0.0069
vn 0.5910 0.7228 0.3581
vn 0.4756 0.7610 0.4412
vn -0.4245 0.9025 0.0730
vn -0.4142 0.9006 0.1320
vn 0.6006 -0.7995 -0.0063
vn 0.5483 -0.8363 0.0011
vn 0.3802 0.2359 0.8943
vn 0.2809 0.2969 0.9127
vn 0.3716 0.2492 0.8943
vn 0.4242 0.2171 0.8792
vn -0.6614 -0.7320 0.1635
vn -0.7393 -0.6530 0.1644
vn -0.7349 -0.6580 0.1644
vn 0.7084 -0.7058 0.0050
vn 0.7039 -0.7102 0.0113
vn 0.6969 -0.7168 0.0211
vn 0.8296 0.5531 -0.0765
vn 0.8764 -0.4731 0.0904
vn 0.8645 -0.4958 0.0819
vn 0.8995 -0.4232 0.1084
vn -0.7784 0.6268 0.0344
vn -0.8073 0.5888 0.0396
vn 0.5376 0.6130 0.5790
vn 0.3936 0.6173 0.6812
vn 0.1268 0.6335 0.7633
vn 0.2988 0.4508 0.8411
vn 0.4185 0.6201 0.6635
vn 0.4370 0.7100 0.5522
vn 0.4006 0.3139 0.8608
vn 0.5071 0.4864 0.7115
vn 0.3402 0.6414 0.6877
vn 0.2930 0.5249 0.7992
vn -0.6182 0.7637 0.1858
vn -0.5558 0.8121 0.1777
vn -0.4914 0.8545 0.1686
vn 0.6538 -0.7566 -0.0067
vn 0.6855 -0.7280 -0.0053
vn -0.1098 0.9940 -0.0000
vn 0.9884 0.0744 -0.1326
vn 0.9992 0.0388 -0.0000
vn 0.9678 0.2079 -0.1416
vn -0.9638 -0.2667 -0.0000
vn -0.9579 -0.2554 0.1308
vn -0.9574 -0.2488 0.1465
vn -0.1096 0.9940 -0.0000
vn -0.1085 0.9789 0.1733
vn -0.1086 0.9773 0.1818
vn 0.9850 0.1531 -0.0790
vn 0.9672 0.2195 -0.1281
vn -0.9560 -0.2384 0.1711
vn -0.0459 0.9777 0.2049
vn 0.0372 0.9780 0.2051
vn 0.9892 0.1364 -0.0535
vn 0.9889 0.1464 -0.0269
vn 0.9861 0.1616 -0.0379
vn 0.9879 0.1535 -0.0230
vn -0.9955 -0.0619 0.0711
vn -0.9968 -0.0450 0.0656
vn -0.9987 0.0022 0.0503
vn 0.1210 0.9658 0.2292
vn 0.1070 0.9709 0.2143
vn 0.1265 0.9534 0.2739
vn 0.1188 0.9309 0.3454
vn 0.1893 0.7023 0.6862
vn 0.2068 0.8920 0.4019
vn -0.5616 0.1526 0.8132
vn -0.0269 -0.0435 0.9987
vn 0.9863 0.1541 -0.0582
vn 0.9858 0.1601 -0.0496
vn -0.9987 0.0065 0.0508
vn -0.9941 -0.0576 0.0921
vn -0.9910 -0.0661 0.1165
vn -0.9965 -0.0402 0.0727
vn 0.4714 0.8502 0.2343
vn 0.4214 0.8807 0.2164
vn 0.0709 0.8498 0.5223
vn 0.0019 0.7057 0.7085
vn 0.4594 0.8654 0.2002
vn 0.4363 0.8797 0.1894
vn 0.9960 0.0826 -0.0338
vn 0.9942 0.0993 -0.0409
vn -0.9883 -0.0342 0.1490
vn -0.9873 -0.0189 0.1577
vn -0.9859 -0.1285 0.1071
vn -0.9879 -0.0437 0.1491
vn -0.9882 -0.0611 0.1406
vn -0.1530 -0.8751 0.4592
vn -0.2300 -0.8630 0.4499
vn -0.2073 -0.8671 0.4529
vn -0.1060 -0.0338 0.9938
vn -0.1564 0.1416 0.9775
vn -0.2082 -0.0580 0.9764
vn -0.0750 -0.2031 0.9763
vn 0.4319 0.9008 -0.0443
vn 0.3819 0.9242 -0.0071
vn 0.4350 0.8992 -0.0466
vn -0.3374 -0.8325 0.4394
vn -0.3338 -0.8339 0.4396
vn -0.1169 -0.3662 0.9232
vn -0.0888 -0.3587 0.9292
vn 0.3815 0.9244 -0.0000
vn 0.3202 0.9473 -0.0000
vn 0.3419 0.9349 0.0952
vn 0.4042 0.9084 0.1070
vn 0.4380 0.8827 0.1701
vn 0.3986 0.9049 0.1491
vn -0.0744 0.4677 0.8807
vn -0.0885 0.4067 0.9093
vn 0.4524 0.8846 0.1128
vn 0.4513 0.8924 -0.0000
vn 0.4608 0.8680 0.1852
vn 0.4784 0.8533 0.2076
vn 0.5412 0.8090 0.2294
vn 0.6575 0.6389 0.3994
vn 0.1399 -0.4439 0.8851
vn 0.9993 0.0353 -0.0134
vn -0.4035 -0.6796 0.6127
vn -0.5122 -0.5458 0.6631
vn -0.3225 -0.7577 0.5673
vn 0.2567 0.9566 0.1381
vn 0.2714 0.9625 -0.0000
vn 0.2620 0.9579 0.1178
vn -0.8387 0.5364 0.0945
vn -0.8651 0.4953 0.0795
vn -0.8229 0.5681 -0.0000
vn 0.2369 0.9526 0.1906
vn 0.2252 0.9511 0.2113
vn -0.9043 0.4216 0.0666
vn -0.9376 0.3422 0.0620
vn 0.8091 -0.5825 -0.0779
vn 0.8074 -0.5847 -0.0791
vn 0.8758 -0.4758 -0.0818
vn 0.8845 -0.4586 -0.0852
vn 0.2057 0.9511 0.2306
vn 0.2098 0.9501 0.2307
vn 0.1855 0.9351 0.3019
vn 0.1725 0.9188 0.3551
vn -0.9464 0.3183 0.0548
vn -0.9327 0.3576 0.0468
vn 0.9424 -0.3267 -0.0712
vn 0.9515 -0.3027 -0.0551
vn 0.9766 -0.2060 -0.0611
vn 0.9714 -0.2340 -0.0408
vn 0.1916 0.7960 0.5741
vn 0.1896 0.8023 0.5660
vn -0.9254 0.3721 0.0714
vn -0.9365 0.3187 0.1466
vn -0.9452 0.2897 0.1505
vn -0.9252 0.3616 0.1151
vn 0.9776 -0.1949 -0.0800
vn 0.9787 -0.1898 -0.0785
vn 0.1771 0.3309 0.9269
vn 0.1529 0.1861 0.9706
vn -0.9827 0.0578 0.1758
vn -0.9803 0.0963 0.1723
vn 0.9901 -0.0538 -0.1300
vn 0.9901 -0.0337 -0.1364
vn 0.0345 -0.1955 0.9801
vn -0.0764 -0.2861 0.9551
vn -0.9764 -0.1065 0.1877
vn 0.9789 0.1064 -0.1743
vn 0.9828 0.0837 -0.1644
vn 0.0070 -0.1624 0.9867
vn -0.0930 -0.2578 0.9617
vn -0.2163 -0.8777 0.4276
vn -0.2996 -0.8500 0.4333
vn -0.3083 -0.8467 0.4337
vn 0.9875 0.0501 -0.1496
vn 0.4836 0.8713 -0.0839
vn 0.7906 -0.6124 -0.0000
vn 0.1364 0.1853 0.9732
vn 0.1257 0.1763 0.9763
vn 0.1792 0.2215 0.9585
vn 0.1920 0.1889 0.9630
vn 0.2265 0.2038 0.9525
vn 0.3306 0.2477 0.9107
vn -0.6409 0.3945 0.6585
vn -0.6151 0.4332 0.6588
vn -0.7444 0.1990 0.6374
vn -0.3378 0.6785 0.6523
vn -0.1811 0.7408 0.6469
vn -0.0028 0.7849 0.6197
vn -0.6425 0.1499 0.7515
vn -0.6443 0.1411 0.7517
vn -0.6720 -0.1431 0.7266
vn -0.4753 0.4465 0.7581
vn -0.4316 0.4705 0.7696
vn -0.3013 0.5322 0.7912
vn -0.4952 0.2403 0.8349
vn -0.0124 0.3912 0.9202
vn -0.0799 0.9264 0.3679
vn 0.9621 -0.2594 0.0839
vn 0.9928 -0.1140 0.0360
vn 0.9986 -0.0507 0.0152
vn -0.9567 0.2601 -0.1307
vn -0.9198 0.3561 -0.1651
vn -0.8309 0.5113 -0.2195
vn -0.2319 0.9066 -0.3525
vn 0.1853 0.9184 -0.3495
vn 0.0771 0.9312 -0.3563
vn 0.7710 0.5978 -0.2195
vn 0.6102 0.7428 -0.2757
vn 0.8570 0.4844 -0.1758
vn -0.7702 0.5884 -0.2460
vn -0.9993 -0.0058 -0.0380
vn -0.8679 -0.4812 0.1229
vn -0.9651 -0.2576 0.0480
vn -0.9417 -0.3288 0.0716
vn -0.8287 -0.5410 0.1434
vn -0.4603 -0.8519 0.2496
vn 0.2223 -0.9317 0.2872
vn 0.7416 -0.6393 0.2034
vn 0.9427 -0.3174 0.1030
vn 0.9771 0.2005 -0.0720
vn 0.0542 0.9985 -0.0001
vn 0.0540 0.9827 -0.1771
vn 0.0542 0.9827 -0.1771
vn 0.0542 0.9985 -0.0000
vn -0.0000 -0.0000 -0.0000
vn -0.7509 0.6604 -0.0007
vn -0.6828 0.5994 -0.4177
vn -0.7512 0.6601 -0.0011
vn 0.4391 0.8984 -0.0003
vn 0.4390 0.8985 -0.0000
vn -0.0038 0.8487 0.5289
vn 0.4426 0.6788 0.5860
vn 0.3074 0.7519 0.5832
vn 0.9224 0.3186 0.2185
vn 0.5381 0.6544 0.5312
vn 0.4462 0.7025 0.5544
vn 0.4170 0.5955 0.6867
vn 0.3961 0.4051 0.8240
vn -0.2163 0.5186 0.8272
vn -0.5010 0.5282 0.6855
vn -0.6035 0.4820 0.6352
vn -0.7311 0.4074 0.5472
vn 0.8815 -0.4592 -0.1099
vn 0.8120 -0.5521 -0.1896
vn 0.5711 -0.7421 -0.3510
vn 0.4447 -0.8091 -0.3842
vn 0.1471 -0.8927 -0.4259
vn 0.1042 -0.8777 -0.4677
vn 0.1195 -0.8803 -0.4592
vn -0.0028 -0.8877 -0.4603
vn -0.1981 0.6987 0.6875
vn -0.3449 0.7424 0.5743
vn -0.4742 0.7558 0.4515
vn -0.5440 0.7003 0.4623
vn -0.5097 0.6709 0.5385
vn -0.1318 0.8212 0.5553
vn -0.2020 0.8501 0.4863
vn -0.3041 0.8334 0.4615
vn -0.2996 0.7864 0.5402
vn -0.1059 0.7766 0.6211
vn -0.1084 0.8363 0.5375
vn 0.1120 0.9237 0.3663
vn 0.9670 -0.2507 0.0449
vn 0.9940 -0.1089 -0.0033
vn 0.9984 -0.0508 -0.0227
vn -0.9649 0.2472 -0.0887
vn -0.9393 0.3227 -0.1165
vn -0.8625 0.4756 -0.1730
vn -0.3924 0.8612 -0.3232
vn -0.0450 0.9328 -0.3576
vn 0.0271 0.9329 -0.3591
vn 0.6791 0.6793 -0.2783
vn 0.5313 0.7865 -0.3148
vn 0.8210 0.5252 -0.2238
vn -0.8180 0.5404 -0.1970
vn -1.0000 -0.0057 0.0001
vn -0.8458 -0.5080 0.1631
vn -0.9601 -0.2658 0.0866
vn -0.9286 -0.3530 0.1142
vn -0.7955 -0.5770 0.1848
vn -0.3431 -0.8970 0.2786
vn 0.3554 -0.8962 0.2654
vn 0.7853 -0.5976 0.1621
vn 0.9500 -0.3055 0.0638
vn 0.9713 0.2094 -0.1130
vn 0.1120 0.9238 0.3663
vn 0.1566 0.9365 0.3137
vn 0.1565 0.9365 0.3137
vn 0.9697 -0.2409 0.0409
vn 0.9937 -0.1116 -0.0114
vn 0.9977 -0.0592 -0.0324
vn -0.9704 0.2265 -0.0840
vn -0.9492 0.2934 -0.1134
vn -0.8833 0.4345 -0.1759
vn -0.4587 0.8143 -0.3557
vn -0.1139 0.9054 -0.4090
vn 0.0081 0.9097 -0.4152
vn 0.6717 0.6633 -0.3299
vn 0.5280 0.7647 -0.3693
vn 0.8296 0.4939 -0.2605
vn -0.8458 0.4937 -0.2021
vn -0.9999 -0.0028 0.0113
vn -0.8527 -0.4850 0.1940
vn -0.9634 -0.2460 0.1063
vn -0.9327 -0.3330 0.1384
vn -0.8031 -0.5541 0.2191
vn -0.3226 -0.8875 0.3290
vn 0.4100 -0.8625 0.2965
vn 0.8105 -0.5605 0.1700
vn 0.9548 -0.2909 0.0615
vn 0.9742 0.1831 -0.1320
vn 0.2455 0.7893 0.5628
vn 0.9761 -0.2174 -0.0025
vn 0.9973 -0.0667 -0.0321
vn 0.9988 0.0124 -0.0473
vn -0.9661 0.2549 -0.0409
vn -0.9379 0.3416 -0.0595
vn -0.8631 0.4964 -0.0930
vn -0.4417 0.8782 -0.1834
vn -0.2045 0.9567 -0.2071
vn -0.0481 0.9753 -0.2154
vn 0.4788 0.8537 -0.2048
vn 0.4362 0.8755 -0.2081
vn 0.6999 0.6921 -0.1767
vn -0.8124 0.5727 -0.1097
vn -0.9986 -0.0495 0.0198
vn -0.7785 -0.6161 0.1199
vn -0.9263 -0.3685 0.0785
vn -0.8608 -0.4989 0.1005
vn -0.6880 -0.7129 0.1357
vn -0.1877 -0.9677 0.1684
vn 0.4107 -0.9009 0.1401
vn 0.7887 -0.6099 0.0766
vn 0.9557 -0.2941 0.0130
vn 0.9354 0.3361 -0.1101
vn -0.0883 0.0043 0.9961
vn 0.9788 -0.2049 -0.0026
vn 0.9768 -0.2141 -0.0025
vn 0.9996 -0.0292 -0.0055
vn -0.9239 0.3812 -0.0322
vn -0.8182 0.5737 -0.0369
vn -0.8297 0.5570 -0.0365
vn -0.2323 0.9717 -0.0428
vn 0.0647 0.9970 -0.0413
vn 0.0368 0.9985 -0.0416
vn 0.5606 0.8275 -0.0318
vn 0.5483 0.8357 -0.0321
vn 0.7429 0.6689 -0.0251
vn -0.6858 0.7267 -0.0396
vn -0.9993 0.0295 -0.0244
vn -0.8604 -0.5094 -0.0135
vn -0.9469 -0.3212 -0.0170
vn -0.8624 -0.5060 -0.0135
vn -0.7419 -0.6704 -0.0095
vn -0.3261 -0.9453 -0.0021
vn 0.2359 -0.9718 0.0032
vn 0.6882 -0.7256 0.0038
vn 0.9249 -0.3802 0.0005
vn 0.9471 0.3207 -0.0140
vn -0.0883 0.0042 0.9961
vn -0.0884 0.0043 0.9961
vn -0.0960 -0.2912 0.9518
vn -0.0959 -0.2912 0.9518
vn 0.9771 -0.2126 -0.0103
vn 0.9600 -0.2798 -0.0117
vn 0.9978 -0.0653 -0.0071
vn -0.9044 0.4264 -0.0174
vn -0.7677 0.6406 -0.0144
vn -0.8164 0.5772 -0.0155
vn -0.1703 0.9854 -0.0060
vn 0.1218 0.9926 -0.0038
vn 0.1013 0.9948 -0.0039
vn 0.5826 0.8128 -0.0010
vn 0.6094 0.7928 -0.0009
vn 0.7729 0.6345 -0.0003
vn -0.6435 0.7653 -0.0118
vn -0.9969 0.0749 -0.0227
vn -0.8979 -0.4391 -0.0313
vn -0.9607 -0.2763 -0.0282
vn -0.8720 -0.4885 -0.0321
vn -0.7764 -0.6293 -0.0338
vn -0.3837 -0.9227 -0.0372
vn 0.1763 -0.9838 -0.0337
vn 0.6511 -0.7586 -0.0242
vn 0.9089 -0.4168 -0.0144
vn 0.9586 0.2846 -0.0024
vn -0.0959 -0.2913 0.9518
vn -0.0960 -0.2913 0.9518
vn -0.2629 -0.4052 0.8756
vn 0.9881 -0.1535 0.0030
vn 0.9678 -0.2517 -0.0011
vn 0.9997 -0.0248 0.0083
vn -0.9206 0.3896 -0.0249
vn -0.7824 0.6226 -0.0152
vn -0.8545 0.5190 -0.0199
vn -0.2351 0.9719 0.0078
vn 0.0922 0.9956 0.0158
vn 0.0054 0.9999 0.0138
vn 0.5466 0.8371 0.0228
vn 0.5500 0.8348 0.0228
vn 0.7385 0.6739 0.0235
vn -0.6828 0.7305 -0.0094
vn -0.9985 0.0391 -0.0380
vn -0.8762 -0.4789 -0.0546
vn -0.9480 -0.3142 -0.0495
vn -0.8457 -0.5307 -0.0559
vn -0.7409 -0.6690 -0.0585
vn -0.3165 -0.9467 -0.0600
vn 0.2502 -0.9670 -0.0471
vn 0.6965 -0.7171 -0.0257
vn 0.9275 -0.3738 -0.0063
vn 0.9455 0.3250 0.0184
vn -0.2629 -0.4053 0.8756
vn -0.2630 -0.4052 0.8756
vn -0.7162 0.5651 0.4095
vn -0.6702 0.6314 0.3900
vn -0.7780 0.4168 0.4700
vn -0.8039 -0.5459 0.2363
vn -0.8273 -0.5618 -0.0000
vn -0.5243 0.2452 0.8155
vn -0.7266 0.6647 -0.1739
vn -0.6445 0.2917 0.7068
vn 0.6797 0.7335 -0.0000
vn 0.6471 0.6983 0.3061
vn -0.9690 -0.2239 0.1047
vn -0.9581 -0.2853 0.0269
vn -0.9773 -0.2112 0.0173
vn -0.9822 0.0056 0.1878
vn -0.9552 0.0668 0.2884
vn -0.9932 -0.1155 -0.0151
vn -0.9295 0.2594 0.2621
vn -0.9633 0.2176 0.1570
vn -0.9253 0.3123 0.2152
vn 0.4711 0.8118 0.3450
vn 0.5405 0.7419 0.3968
vn 0.4794 0.8042 0.3512
vn -0.9985 -0.0385 0.0380
vn -0.9448 0.2960 0.1406
vn -0.9477 0.3068 0.0878
vn -0.9370 0.3296 0.1156
vn -0.6273 -0.1403 0.7661
vn -0.5628 -0.2920 0.7733
vn -0.6217 -0.2233 0.7507
vn -0.8065 -0.4942 0.3247
vn -0.8417 -0.4681 0.2690
vn -0.8806 -0.3904 0.2685
vn -0.9995 0.0311 0.0023
vn -0.9924 0.1222 0.0157
vn -0.9999 0.0022 -0.0108
vn -0.8939 -0.4186 0.1603
vn -0.8283 -0.5186 0.2119
vn -0.8209 -0.5413 0.1820
vn -0.9102 -0.4090 0.0655
vn -0.8379 -0.5321 0.1217
vn -0.8681 -0.4925 0.0623
vn -0.8774 -0.4778 0.0442
vn -0.8924 0.4237 -0.1552
vn -0.8926 0.4230 -0.1559
vn -0.8925 0.4235 -0.1554
vn -0.8926 0.4229 -0.1561
vn -0.5498 -0.2802 0.7869
vn -0.8034 0.5954 -0.0000
vn -0.6456 -0.6577 0.3881
vn -0.1105 0.4787 0.8710
vn 0.3115 0.8566 0.4114
vn -0.8155 0.5788 -0.0000
vn -0.7826 0.0727 0.6183
vn -0.3181 0.7095 0.6288
vn -0.8878 -0.3401 0.3099
vn 0.0723 0.9544 0.2896
vn 0.4775 0.8786 -0.0000
vn -0.2308 0.0407 0.9721
vn -0.9478 0.3188 -0.0002
vn -0.3982 -0.7329 0.5516
vn -0.3899 -0.9209 -0.0000
vn 0.0643 0.7926 0.6064
vn 0.1962 0.9806 -0.0000
vn -0.2551 0.9640 0.0755
vn -0.6530 0.7503 0.1031
vn -0.4741 0.8769 0.0795
vn 0.0603 0.9917 0.1135
vn 0.1696 0.9760 0.1364
vn 0.1174 0.9791 0.1658
vn -0.6419 0.6708 0.3715
vn -0.5043 0.8156 0.2835
vn -0.2849 -0.9102 0.3006
vn -0.7469 -0.6516 0.1325
vn -0.8088 -0.5792 0.1021
vn -0.6935 -0.7035 0.1553
vn -0.7052 0.6081 0.3645
vn -0.6154 0.7215 0.3173
vn -0.6413 0.7304 0.2353
vn -0.7528 0.6317 0.1851
vn -0.7597 0.5749 0.3039
vn -0.7495 0.5642 0.3463
vn -0.4904 0.8518 0.1845
vn -0.6229 0.7741 0.1132
vn -0.4858 0.8454 0.2220
vn -0.4560 0.8900 -0.0000
vn -0.6053 0.7960 -0.0000
vn -0.4013 0.9160 -0.0000
vn -0.7607 0.6484 0.0303
vn -0.7455 0.6665 -0.0000
vn 0.7900 -0.4189 0.4477
vn 0.7499 -0.4875 0.4473
vn 0.5138 -0.7531 0.4109
vn 0.8651 -0.1369 0.4825
vn 0.8734 -0.1265 0.4704
vn 0.0505 0.9839 0.1715
vn 0.0092 0.9864 0.1639
vn -0.8781 -0.4747 0.0596
vn -0.9009 -0.4320 0.0423
vn -0.0361 0.9993 -0.0000
vn -0.9220 -0.3872 -0.0000
vn -0.8090 0.5836 -0.0706
vn -0.8025 0.5967 -0.0000
vn -0.8243 0.5460 0.1500
vn -0.8316 0.5490 0.0833
vn -0.8196 0.5611 -0.1156
vn -0.8380 0.4904 0.2392
vn -0.8462 0.4374 0.3044
vn -0.8780 0.4529 0.1546
vn -0.8751 0.4612 0.1465
vn -0.8671 0.4751 0.1496
vn -0.8783 0.4526 0.1540
vn 0.8118 -0.3603 0.4595
vn 0.8138 -0.3479 0.4655
vn -0.8650 0.4960 0.0751
vn -0.8583 0.5124 -0.0268
vn -0.9112 0.4080 -0.0562
vn -0.8780 0.4629 0.1223
vn -0.8603 0.5099 -0.0000
vn -0.9020 0.4316 -0.0000
vn -0.7630 -0.5981 0.2452
vn -0.7870 -0.6169 -0.0000
vn -0.6089 0.1327 0.7821
vn -0.7093 0.2333 0.6652
vn -0.7138 0.2382 0.6585
vn 0.5682 0.8229 -0.0000
vn 0.3522 0.9359 -0.0000
vn 0.4802 0.8540 0.2003
vn 0.5579 0.8081 0.1891
vn -0.9925 -0.1224 -0.0000
vn -0.9725 -0.1199 0.1997
vn 0.1135 0.9935 -0.0000
vn 0.1105 0.9672 0.2286
vn -0.8969 0.4076 0.1714
vn -0.8607 0.4700 0.1959
vn -0.8636 0.4674 0.1892
vn -0.8898 0.3583 0.2825
vn -0.8762 0.3247 0.3562
vn -0.8892 0.3396 0.3065
vn -0.8990 0.3763 0.2241
vn -0.8450 0.4700 0.2549
vn -0.8465 0.4735 0.2434
vn -0.5686 0.8120 -0.1321
vn -0.4944 0.8650 -0.0859
vn -0.4441 0.8960 -0.0000
vn -0.8039 0.5762 -0.1475
vn -0.7078 0.6898 -0.1527
vn -0.8796 0.4706 0.0694
vn -0.8640 0.5007 0.0527
vn -0.8945 0.4278 -0.1301
vn -0.9131 0.3891 -0.1222
vn -0.8821 0.4683 -0.0505
vn -0.8641 0.5031 -0.0171
vn -0.9520 0.2905 -0.0962
vn -0.9710 0.2303 -0.0645
vn -0.9137 0.3963 0.0903
vn -0.9297 0.3420 0.1367
vn -0.9043 0.4218 -0.0654
vn -0.9506 0.3090 0.0299
vn -0.9433 0.3317 0.0110
vn -0.9563 0.2798 0.0849
vn -0.9785 0.2061 -0.0000
vn -0.8910 0.4540 -0.0000
vn -0.8751 0.4840 -0.0000
vn -0.7720 -0.5749 0.2711
vn -0.8555 0.0203 0.5175
vn -0.8601 -0.1732 0.4799
vn -0.7734 -0.5696 0.2782
vn -0.7616 -0.6480 -0.0000
vn -0.5850 0.6298 0.5110
vn -0.3654 0.8203 0.4399
vn 0.1361 0.9702 0.2004
vn 0.2350 0.9612 0.1447
vn 0.3392 0.9407 -0.0000
vn -0.9943 -0.1067 -0.0000
vn -0.9686 0.0071 0.2483
vn -0.8592 0.3144 0.4037
vn -0.6608 0.6343 0.4012
vn -0.2275 0.9506 0.2110
vn -0.0852 0.9964 -0.0000
vn -0.6725 -0.7401 -0.0000
vn -0.9057 0.4238 -0.0000
vn -0.6671 0.7352 -0.1206
vn -0.7248 0.6889 -0.0000
vn -0.6824 0.7214 -0.1180
vn -0.6293 0.7668 -0.1266
vn -0.9563 0.2923 0.0053
vn -0.9538 0.2993 -0.0264
vn -0.9577 0.2833 0.0507
vn -0.9403 0.2698 -0.2076
vn -0.9629 0.1973 -0.1844
vn -0.8714 0.4203 -0.2531
vn -0.9606 0.2766 -0.0262
vn -0.9551 0.2962 -0.0068
vn -0.9943 -0.0386 -0.0997
vn -0.9942 -0.0636 -0.0864
vn -0.9721 0.2156 -0.0927
vn -0.9438 0.3067 -0.1234
vn -0.9502 0.3101 0.0307
vn -0.9958 -0.0916 -0.0000
vn -0.9429 0.3330 -0.0000
vn -0.3222 0.5174 0.7928
vn -0.3789 0.3784 0.8445
vn -0.4782 -0.7520 0.4538
vn -0.5337 -0.5385 0.6521
vn 0.0748 0.9776 0.1965
vn 0.0581 0.9702 0.2354
vn 0.1147 0.9934 -0.0000
vn -0.8957 -0.4447 -0.0000
vn -0.8950 -0.1397 0.4237
vn -0.9007 -0.2881 0.3251
vn -0.7695 0.4525 0.4506
vn -0.7873 0.4099 0.4606
vn -0.4733 0.8411 0.2617
vn -0.4023 0.8928 0.2029
vn -0.3107 0.9505 -0.0000
vn -0.3520 -0.7307 0.5849
vn -0.1728 0.1875 0.9670
vn -0.3529 -0.9357 -0.0000
vn 0.1182 0.8731 0.4731
vn 0.2010 0.9796 -0.0000
vn -0.9567 0.2692 0.1108
vn 0.7134 -0.6099 0.3451
vn 0.7340 -0.5779 0.3568
vn 0.6551 -0.6997 0.2851
vn 0.6517 -0.7101 0.2664
vn -0.8521 0.4298 0.2985
vn -0.8565 0.4143 0.3079
vn 0.6634 -0.7197 0.2047
vn 0.6762 -0.7138 0.1821
vn -0.8395 0.3469 0.4181
vn -0.8837 0.2742 0.3794
vn -0.9077 0.2524 0.3352
vn -0.9023 0.2715 0.3349
vn 0.8429 -0.5190 0.1417
vn 0.8863 -0.4427 0.1362
vn -0.9430 0.1124 0.3133
vn -0.9313 0.1432 0.3348
vn 0.9623 -0.2447 0.1186
vn -0.9733 -0.1569 0.1673
vn -0.8407 -0.5357 0.0792
vn -0.8579 -0.5087 0.0727
vn -0.9111 -0.4092 0.0492
vn 0.7169 0.6046 0.3471
vn -0.9329 -0.3597 0.0202
vn -0.9512 -0.3070 -0.0315
vn -0.2394 0.6106 0.7549
vn -0.1260 0.7010 0.7020
vn -0.2765 0.5766 0.7688
vn -0.9836 0.0997 0.1502
vn -0.9813 -0.1635 -0.1014
vn -0.9868 -0.1076 -0.1212
vn -0.3889 0.2553 0.8852
vn -0.3890 0.2629 0.8829
vn -0.9618 0.2423 -0.1272
vn -0.9752 0.1732 -0.1379
vn -0.2185 -0.3612 0.9065
vn -0.2765 -0.2332 0.9323
vn -0.8665 0.4903 -0.0937
vn -0.8945 0.4364 -0.0970
vn -0.1161 -0.7224 0.6816
vn -0.1139 -0.7166 0.6881
vn -0.9835 0.1749 0.0463
vn -0.9851 0.1708 0.0184
vn -0.9233 0.3769 0.0730
vn -0.8892 0.4573 0.0151
vn -0.8179 0.5691 -0.0847
vn -0.7641 0.6410 -0.0728
vn -0.9182 0.3880 0.0796
vn -0.8443 0.5358 -0.0035
vn -0.2168 -0.8387 0.4996
vn -0.2201 -0.8400 0.4960
vn -0.6952 0.7170 -0.0503
vn -0.6331 0.7737 -0.0235
vn -0.3312 -0.8639 0.3794
vn -0.3291 -0.8638 0.3815
vn -0.7562 0.6514 0.0620
vn -0.7700 0.6358 0.0522
vn -0.3611 0.9323 0.0224
vn -0.5370 0.8436 -0.0000
vn -0.4195 -0.8475 0.3254
vn -0.4520 -0.8340 0.3164
vn -0.5630 0.8201 0.1017
vn -0.5950 0.7904 0.1457
vn -0.2029 0.9776 0.0559
vn -0.0561 0.9940 0.0944
vn -0.4811 -0.8278 0.2887
vn -0.4569 -0.8514 0.2577
vn -0.3539 0.8919 0.2816
vn -0.3357 0.9214 0.1959
vn 0.2064 0.9567 0.2051
vn 0.2618 0.9368 0.2321
vn -0.4488 -0.8730 0.1910
vn -0.4491 -0.8801 0.1542
vn -0.4487 -0.8866 0.1120
vn -0.4190 -0.9078 -0.0187
vn -0.6289 -0.2167 0.7467
vn -0.5010 0.0943 0.8603
vn -0.1546 0.3638 0.9185
vn -0.5086 -0.2817 0.8136
vn -0.9697 0.2115 0.1224
vn -0.9373 0.3097 0.1602
vn -0.7964 0.5778 0.1786
vn -0.6483 0.7121 0.2694
vn -0.9334 0.3481 0.0868
vn -0.8786 0.4405 0.1843
vn -0.8219 0.4734 0.3168
vn -0.5132 0.6447 0.5665
vn -0.6802 0.3959 0.6169
vn -0.4831 0.2616 0.8355
vn -0.2835 0.1686 0.9441
vn -0.7214 -0.1512 0.6758
vn -0.7235 -0.1478 0.6743
vn -0.7866 -0.6050 -0.1234
vn -0.8542 -0.4989 -0.1464
vn -0.8749 -0.4591 -0.1540
vn -0.1493 0.1385 0.9790
vn -0.9967 0.0811 -0.0000
vn -0.9760 0.2176 -0.0000
vn -0.9143 0.4050 -0.0066
vn -0.8912 0.4537 -0.0000
vn -0.8595 0.5110 -0.0145
vn -0.8242 0.5663 -0.0000
vn -0.8818 0.4717 0.0020
vn -0.8220 -0.5694 -0.0000
vn -0.8500 -0.4088 0.3323
vn -0.8231 -0.4849 0.2956
vn -0.9173 0.3982 -0.0000
vn -0.9213 0.3876 0.0325
vn -0.9230 0.3832 0.0356
vn -0.9129 0.1810 0.3659
vn -0.9246 -0.0538 0.3770
vn -0.8985 0.4277 0.0987
vn -0.8822 0.4540 0.1249
vn -0.7290 0.6048 0.3204
vn -0.4135 0.8730 0.2587
vn -0.7878 0.5948 0.1600
vn -0.6971 0.7053 0.1292
vn -0.5713 -0.8208 -0.0000
vn -0.5950 -0.7367 0.3213
vn -0.5916 -0.7533 0.2872
vn -0.5644 -0.0321 0.8249
vn -0.7599 -0.0587 0.6474
vn -0.1061 0.7270 0.6783
vn -0.2781 0.7770 0.5648
vn -0.5738 0.8173 0.0522
vn -0.5633 0.8256 0.0325
vn -0.0381 0.9896 0.1387
vn -0.0261 0.9941 0.1049
vn 0.3765 0.9182 0.1233
vn 0.3460 0.9229 0.1693
vn -0.5380 0.8429 -0.0000
vn 0.4103 0.9120 -0.0000
vn -0.0187 0.9998 -0.0000
vn -0.7742 0.6329 -0.0000
vn -0.7958 0.6056 -0.0000
vn -0.7663 0.6367 0.0860
vn -0.7218 0.6911 0.0373
vn -0.9898 0.1374 0.0377
vn -0.9627 0.1284 0.2382
vn -0.9591 -0.0894 0.2687
vn -0.9937 -0.0836 0.0742
vn -0.6387 0.5331 0.5549
vn -0.7847 0.5565 0.2731
vn -0.7643 0.3113 0.5647
vn -0.8528 -0.0378 0.5209
vn -0.2610 0.4767 0.8394
vn -0.1504 0.6078 0.7798
vn -0.1700 0.7233 0.6692
vn -0.6472 0.1890 0.7386
vn -0.7648 -0.0200 0.6440
vn 0.0005 0.3352 0.9422
vn -0.0562 0.2367 0.9699
vn 0.1780 0.3305 0.9269
vn -0.0199 0.3398 0.9403
vn -0.2212 0.1368 0.9656
vn -0.6113 -0.1313 0.7805
vn 0.2258 0.4234 0.8773
vn 0.0599 0.4178 0.9065
vn -0.2296 0.1388 0.9633
vn -0.4242 -0.2335 0.8750
vn -0.9084 -0.3797 -0.1750
vn -0.9132 -0.3682 -0.1748
vn -0.8960 -0.4081 -0.1753
vn -0.2420 -0.9416 -0.2342
vn 0.9797 -0.1998 -0.0168
vn 0.8879 -0.4600 0.0061
vn 0.8861 -0.4635 0.0064
vn 0.8686 -0.4955 0.0092
vn 0.9040 -0.4274 0.0034
vn 0.9883 0.1521 -0.0088
vn 0.8270 0.5597 -0.0529
vn 0.8373 0.5443 -0.0513
vn 0.8715 0.4882 -0.0454
vn 0.7826 0.6178 -0.0773
vn 0.7852 0.6156 -0.0672
vn 0.7799 0.6198 -0.0872
vn 0.9641 0.2561 -0.0705
vn 0.9546 0.2961 -0.0326
vn 0.9548 0.2955 -0.0331
vn -0.8374 -0.4138 0.3572
vn -0.8303 -0.4419 0.3396
vn 0.9296 0.3675 0.0286
vn 0.9259 0.3762 0.0349
vn -0.8728 -0.4412 0.2086
vn 0.8565 0.5140 0.0474
vn 0.8625 0.5038 0.0483
vn -0.8190 -0.5188 0.2451
vn -0.8197 -0.5006 0.2784
vn 0.6793 0.7335 0.0234
vn 0.7483 0.6626 0.0322
vn 0.4369 0.8993 0.0205
vn 0.5704 0.8212 0.0155
vn -0.9532 -0.3001 0.0380
vn -0.9734 -0.2290 -0.0093
vn -0.9746 -0.2222 -0.0275
vn -0.9451 -0.3151 0.0862
vn -0.9476 -0.3189 0.0177
vn -0.9184 -0.3942 0.0332
vn 0.2856 0.9583 0.0118
vn 0.3725 0.9278 0.0203
vn 0.2461 0.9692 0.0025
vn 0.1621 0.9863 -0.0321
vn 0.1406 0.9892 -0.0408
vn 0.3171 0.8877 -0.3338
vn 0.2463 0.9464 -0.2090
vn 0.2682 0.9311 -0.2471
vn 0.1789 0.9083 -0.3782
vn 0.2669 0.8890 -0.3721
vn 0.1067 0.9184 -0.3809
vn 0.4661 0.8772 0.1148
vn 0.5104 0.8516 0.1193
vn 0.5752 0.8083 0.1255
vn -0.4161 0.9093 -0.0000
vn -0.4161 0.9093 0.0079
vn -0.2996 0.9539 -0.0155
vn -0.3121 0.9501 -0.0000
vn 0.3261 -0.1770 0.9286
vn -0.2043 0.9789 -0.0000
vn -0.2041 0.9784 -0.0339
vn -0.0793 -0.8241 0.5608
vn 0.1894 0.9818 -0.0145
vn 0.2105 0.9776 -0.0000
vn 0.2448 0.9696 -0.0000
vn 0.2447 0.9690 -0.0344
vn -0.8150 -0.5089 0.2772
vn -0.7739 -0.5408 0.3295
vn -0.7826 -0.5346 0.3190
vn 0.2285 0.9735 0.0071
vn 0.2235 0.9747 -0.0000
vn -0.8216 -0.5031 0.2681
vn 0.2659 0.9638 0.0205
vn 0.2660 0.9640 -0.0000
vn 0.5238 0.8352 0.1677
vn 0.7139 0.6645 0.2210
vn 0.5905 0.7852 0.1866
vn -0.8238 0.5055 0.2566
vn -0.9153 0.2805 0.2891
vn -0.8819 0.3815 0.2770
vn 0.9538 -0.2953 -0.0548
vn 0.9217 -0.3864 -0.0351
vn 0.9083 -0.4182 -0.0000
vn 0.8785 -0.4681 -0.0953
vn 0.9466 -0.3151 -0.0686
vn 0.7962 0.5416 0.2697
vn 0.7852 0.5662 0.2509
vn -0.7759 0.5834 0.2402
vn 0.8562 -0.5065 -0.1020
vn 0.8041 0.5225 0.2837
vn -0.5849 0.7986 0.1420
vn 0.6125 -0.7878 -0.0655
vn -0.8456 -0.3049 0.4381
vn -0.9491 -0.3150 -0.0000
vn -0.9554 -0.1320 0.2640
vn -0.9552 -0.2224 0.1950
vn -0.8947 0.1935 0.4025
vn -0.5456 0.7563 0.3609
vn -0.2801 0.9370 0.2088
vn -0.2233 0.9602 0.1678
vn -0.1514 0.9885 -0.0000
vn -0.6744 -0.7384 -0.0000
vn -0.5932 -0.8051 -0.0000
vn -0.5863 -0.7114 0.3876
vn -0.4946 -0.1827 0.8497
vn -0.1087 0.5247 0.8443
vn 0.3108 0.8787 0.3623
vn 0.4110 0.9116 -0.0000
vn 0.4204 0.9074 -0.0000
vn 0.3403 0.9349 -0.1007
vn 0.6185 0.7751 0.1293
vn -0.9579 0.2744 -0.0839
vn -0.9558 0.2819 -0.0837
vn -0.9253 0.3792 -0.0000
vn -0.4180 -0.9084 -0.0000
vn -0.4474 -0.8943 -0.0000
vn -0.9901 -0.0580 0.1277
vn -0.7520 0.6591 0.0045
vn -0.7544 0.6565 -0.0000
vn -0.8141 0.5804 0.0222
vn -0.0852 0.8243 0.5597
vn -0.7889 0.6007 0.1299
vn -0.8066 0.5753 0.1356
vn -0.8029 0.5828 0.1256
vn -0.8177 0.5608 0.1300
vn -0.8019 0.5937 0.0669
vn -0.7459 0.6654 0.0290
vn -0.7458 0.6661 0.0104
vn 0.6893 -0.6559 -0.3077
vn 0.7464 -0.4722 -0.4690
vn 0.6300 -0.6484 -0.4274
vn 0.9105 0.4135 0.0080
vn 0.9134 0.4070 -0.0072
vn 0.9775 0.2108 -0.0000
vn 0.9443 0.3210 0.0728
vn 0.9965 0.0824 -0.0119
vn -0.4266 -0.8792 -0.2122
vn -0.4296 -0.8767 -0.2164
vn -0.4571 -0.8518 -0.2559
vn 0.9889 -0.1419 0.0437
vn 0.6120 0.0266 -0.7904
vn 0.6612 0.0733 -0.7466
vn 0.6108 0.1284 -0.7813
vn 0.8658 0.4568 -0.2042
vn 0.9093 0.3850 -0.1580
vn 0.7903 0.5915 -0.1600
vn 0.9860 -0.0141 -0.1660
vn 0.9912 -0.0530 -0.1209
vn 0.9914 -0.0478 -0.1222
vn 0.6910 0.7159 -0.1001
vn 0.7327 0.6709 -0.1138
vn 0.8165 0.5684 -0.1013
vn 0.6799 0.7274 -0.0929
vn 0.6838 0.7242 -0.0889
vn 0.7831 0.6098 -0.1219
vn 0.9164 0.2849 0.2810
vn 0.9855 -0.0112 0.1693
vn 0.3330 -0.9420 -0.0419
vn -0.1873 -0.9745 -0.1233
vn 0.0542 -0.9813 -0.1845
vn -0.2018 -0.9729 -0.1131
vn 0.6307 -0.5894 -0.5049
vn 0.7862 -0.5901 -0.1836
vn 0.7290 -0.6046 -0.3209
vn 0.8182 -0.4948 -0.2929
vn 0.8426 -0.4807 -0.2430
vn 0.3625 -0.9320 -0.0000
vn 0.6672 -0.7449 -0.0000
vn 0.6189 -0.7665 -0.1714
vn 0.4128 -0.8893 -0.1967
vn 0.1643 -0.9691 -0.1841
vn 0.0644 -0.9979 -0.0000
vn 0.8260 -0.5636 -0.0000
vn 0.8156 -0.5645 -0.1269
vn -0.0803 -0.9809 -0.1771
vn 0.0193 -0.9998 -0.0000
vn 0.8775 -0.4604 -0.1345
vn 0.8768 -0.4637 -0.1271
vn 0.8990 -0.4380 -0.0000
vn 0.8998 -0.4316 -0.0642
vn 0.8807 -0.4189 -0.2210
vn 0.8689 -0.4643 -0.1716
vn 0.9014 -0.3622 -0.2374
vn 0.9358 -0.2555 -0.2428
vn 0.8831 -0.3943 -0.2541
vn 0.8512 -0.4755 -0.2222
vn 0.9389 -0.3443 -0.0000
vn 0.9390 -0.3427 -0.0284
vn 0.9447 -0.2899 -0.1534
vn 0.8416 -0.4269 -0.3309
vn 0.8624 -0.4415 -0.2479
vn 0.8912 -0.2177 -0.3979
vn 0.9156 -0.3061 -0.2607
vn 0.9199 -0.2993 -0.2532
vn 0.8729 -0.2773 -0.4015
vn 0.9419 0.3267 -0.0784
vn 0.9822 0.1013 -0.1584
vn 0.9853 -0.1394 -0.0991
vn 0.8716 0.4898 0.0196
vn 0.9081 0.4083 0.0926
vn 0.9436 -0.1117 -0.3117
vn 0.9579 -0.2474 -0.1456
vn 0.9352 0.1555 0.3182
vn 0.9321 0.2207 0.2872
vn 0.9117 -0.2111 0.3524
vn 0.8953 -0.2874 0.3403
vn 0.7721 -0.5699 0.2813
vn 0.7062 -0.6571 0.2636
vn 0.9642 -0.2597 0.0542
vn 0.9010 -0.4325 0.0331
vn 0.9104 -0.4100 0.0556
vn 0.6125 -0.7577 0.2253
vn 0.5823 -0.7863 0.2067
vn 0.8685 -0.4949 -0.0260
vn 0.5064 -0.8480 0.1564
vn 0.4496 -0.8856 0.1165
vn 0.8553 -0.5170 -0.0348
vn 0.3536 -0.9321 0.0784
vn 0.1976 -0.9790 0.0500
vn 0.6263 -0.7795 -0.0146
vn 0.0669 -0.9976 0.0178
vn -0.0447 -0.9989 -0.0146
vn 0.5303 -0.8335 -0.1553
vn 0.4068 -0.8905 -0.2040
vn 0.3169 -0.9189 -0.2349
vn -0.2471 -0.9636 -0.1023
vn -0.2834 -0.9514 -0.1204
vn 0.4429 0.0803 -0.8930
vn -0.0947 -0.6833 -0.7240
vn 0.4979 -0.1816 -0.8480
vn 0.9165 -0.3748 -0.1397
vn 0.8487 -0.5157 -0.1168
vn 0.7999 -0.5895 -0.1130
vn 0.8489 -0.5098 -0.1395
vn 0.7316 -0.4616 -0.5017
vn 0.4275 -0.6121 -0.6653
vn 0.6840 -0.5620 -0.4651
vn 0.3992 -0.2898 -0.8699
vn 0.6352 0.0572 -0.7702
vn 0.5356 0.0120 -0.8444
vn 0.1687 -0.1720 -0.9706
vn 0.7977 -0.6031 -0.0000
vn 0.7908 -0.6113 -0.0310
vn 0.9175 -0.3970 -0.0233
vn 0.9179 -0.3969 -0.0000
vn 0.8721 -0.4893 -0.0000
vn 0.9953 -0.0326 -0.0909
vn 0.9954 -0.0292 -0.0909
vn 0.7978 -0.4661 -0.3826
vn 0.7879 -0.3069 -0.5338
vn 0.9637 0.2361 -0.1243
vn 0.9198 0.0376 -0.3906
vn 0.4236 -0.2747 -0.8632
vn 0.7449 -0.0223 -0.6668
vn 0.7194 -0.0429 -0.6933
vn 0.8194 -0.1220 -0.5601
vn 0.9012 0.0978 -0.4221
vn 0.4819 0.1478 -0.8637
vn 0.1012 -0.2477 -0.9635
vn 0.4016 -0.1966 -0.8945
vn 0.3234 -0.2129 -0.9220
vn 0.5615 -0.0148 -0.8273
vn -0.0666 -0.4447 -0.8932
vn 0.1635 -0.4879 -0.8574
vn 0.3872 -0.2455 -0.8887
vn 0.5018 0.0896 -0.8603
vn 0.9040 0.3809 -0.1942
vn 0.8099 0.5661 -0.1538
vn 0.8414 0.5174 -0.1559
vn 0.9148 0.4031 -0.0265
vn 0.9037 0.4235 -0.0629
vn 0.9046 0.4252 -0.0292
vn 0.8966 0.4412 -0.0378
vn 0.8127 0.5717 -0.1126
vn 0.4231 -0.9061 -0.0000
vn 0.3100 -0.9507 -0.0000
vn 0.3018 -0.9532 0.0197
vn 0.4231 -0.9061 -0.0025
vn 0.1920 -0.9814 -0.0000
vn 0.1918 -0.9807 0.0387
vn -0.1934 -0.9809 0.0222
vn -0.2290 -0.9725 0.0420
vn -0.2292 -0.9734 -0.0000
vn -0.2065 -0.9784 -0.0000
vn -0.2727 -0.9621 -0.0021
vn -0.2637 -0.9646 -0.0000
vn -0.3362 -0.9418 -0.0000
vn -0.3362 -0.9416 -0.0171
vn -0.5965 -0.7868 -0.1584
vn -0.8552 -0.4707 -0.2169
vn -0.8628 -0.4499 -0.2305
vn -0.8639 -0.4466 -0.2327
vn -0.8714 -0.4235 -0.2474
vn 0.7267 -0.6869 -0.0000
vn 0.7354 -0.6767 -0.0361
vn 0.7520 -0.6591 -0.0146
vn -0.1526 -0.7507 -0.6428
vn 0.2625 -0.9314 -0.2521
vn 0.7454 -0.6609 -0.0868
vn 0.8010 -0.5896 -0.1034
vn 0.8921 -0.4183 -0.1707
vn 0.8917 -0.4221 -0.1631
vn -0.7502 0.4570 -0.4778
vn -0.7701 0.3821 -0.5108
vn -0.7159 0.4095 -0.5655
vn -0.5570 0.5366 -0.6338
vn -0.1048 0.3758 -0.9207
vn -0.2107 0.5616 -0.8002
vn -0.6906 0.2903 -0.6624
vn -0.2268 0.6004 -0.7669
vn -0.1801 0.5621 -0.8072
vn -0.2309 0.6984 -0.6774
vn -0.4175 0.6664 -0.6177
vn 0.2549 0.7078 -0.6588
vn 0.6062 0.6322 -0.4826
vn 0.8125 0.4076 -0.4167
vn 0.8530 0.3580 -0.3799
vn -0.7676 0.4369 -0.4690
vn -0.7876 0.3846 -0.4814
vn -0.6203 0.5870 -0.5203
vn -0.8346 0.4303 -0.3441
vn -0.5803 0.4929 -0.6483
vn -0.5711 0.4428 -0.6912
vn -0.3438 0.4953 -0.7978
vn -0.8988 0.2899 -0.3289
vn -0.8969 0.1192 -0.4258
vn -0.3637 0.3640 -0.8575
vn -0.1694 0.4482 -0.8778
vn -0.8909 0.1108 -0.4406
vn -0.3666 0.6369 -0.6782
vn -0.2639 0.6377 -0.7237
vn -0.3950 0.7075 -0.5860
vn -0.3210 0.7564 -0.5700
vn -0.8131 0.3107 -0.4922
vn -0.8351 0.3605 -0.4154
vn -0.8657 0.3257 -0.3802
vn -0.4516 0.5439 -0.7073
vn -0.1807 0.7397 -0.6482
vn -0.6370 0.4223 -0.6449
vn -0.6109 0.4233 -0.6690
vn -0.5080 0.5251 -0.6828
vn 0.6041 0.5088 -0.6133
vn 0.3211 0.5227 -0.7897
vn 0.0168 0.6235 -0.7817
vn -0.1540 0.5421 -0.8261
vn -0.1450 0.5123 -0.8465
vn 0.6485 0.6328 -0.4231
vn 0.2805 0.8078 -0.5185
vn 0.8246 0.2218 -0.5205
vn 0.6338 0.3339 -0.6977
vn 0.4369 0.5655 -0.6995
vn 0.3384 0.5222 -0.7828
vn 0.3323 0.4230 -0.8430
vn -0.2549 0.1948 -0.9472
vn 0.0125 -0.1695 -0.9854
vn -0.3001 0.5644 -0.7690
vn -0.5552 0.2642 -0.7886
vn -0.5005 -0.4603 -0.7332
vn -0.5606 0.5514 -0.6178
vn 0.2388 0.7609 -0.6034
vn -0.1335 0.7924 -0.5953
vn -0.1608 0.6744 -0.7206
vn 0.3495 0.3341 -0.8754
vn 0.5515 -0.2846 -0.7841
vn 0.9026 -0.2711 -0.3345
vn 0.2025 -0.8164 -0.5408
vn 0.9469 -0.0713 -0.3136
vn 0.8639 0.1175 -0.4898
vn 0.4932 0.3750 -0.7849
vn 0.8098 -0.3707 -0.4548
vn 0.8760 0.0018 -0.4824
vn 0.8823 0.2187 -0.4169
vn 0.7736 0.4342 -0.4616
vn 0.8268 0.3751 -0.4191
vn 0.8722 0.2973 -0.3883
vn 0.8722 0.0137 -0.4889
vn 0.8715 -0.2261 -0.4352
vn 0.9317 0.0680 -0.3568
vn 0.8981 0.1398 -0.4169
vn 0.8596 -0.1861 -0.4759
vn 0.9467 0.1051 -0.3045
vn 0.9112 0.2489 -0.3284
vn 0.8986 0.2939 -0.3256
vn 0.9091 0.3031 -0.2856
vn 0.7308 0.4874 -0.4780
vn 0.8203 0.5056 -0.2673
vn 0.8957 0.3776 -0.2346
vn 0.8789 0.3924 -0.2712
vn 0.9244 0.3132 -0.2178
vn -0.7004 0.6028 -0.3822
vn -0.0791 -0.7155 -0.6942
vn -0.9002 0.1967 -0.3885
vn 0.8146 0.4255 -0.3941
vn -0.3713 -0.3437 -0.8626
vn 0.8968 -0.3012 -0.3239
vn 0.7249 -0.5382 -0.4299
vn -0.9325 0.3130 -0.1799
vn -0.8586 0.4743 -0.1944
vn -0.9043 0.3974 -0.1556
vn -0.6752 0.6377 -0.3708
vn -0.7277 0.5875 -0.3538
vn -0.6962 0.6256 -0.3519
vn -0.5654 0.7254 -0.3927
vn -0.5858 0.7133 -0.3847
vn -0.2481 0.8462 -0.4716
vn -0.4248 0.7994 -0.4249
vn -0.3574 0.7996 -0.4827
vn -0.8475 0.5120 -0.1401
vn -0.8709 0.4903 -0.0323
vn -0.9621 0.2697 -0.0403
vn -0.9518 0.2880 -0.1054
vn -0.8735 0.4775 -0.0946
vn -0.8884 0.4576 -0.0368
vn -0.8776 0.4786 -0.0277
vn -0.9549 0.2943 -0.0402
vn -0.8865 0.4616 -0.0327
vn -0.8693 0.4640 -0.1704
vn -0.8555 0.4911 -0.1641
vn -0.8943 0.4125 -0.1737
vn -0.9066 0.3834 -0.1763
vn -0.9488 0.2565 -0.1841
vn -0.9143 0.3722 -0.1599
vn -0.9569 0.2277 -0.1800
vn -0.8404 0.5044 -0.1980
vn -0.9311 0.3573 -0.0740
vn -0.9758 0.2000 -0.0881
vn -0.9768 0.1406 -0.1614
vn -0.9736 0.2121 -0.0839
vn -0.1290 0.9866 0.1002
vn -0.1738 0.9791 0.1057
vn -0.0913 0.9909 0.0987
vn -0.1370 0.9842 0.1125
vn -0.2757 0.9564 0.0968
vn -0.4044 0.9133 0.0478
vn -0.9791 0.1275 -0.1582
vn -0.9807 0.1161 -0.1576
vn -0.9693 0.1906 -0.1550
vn -0.9601 0.2356 -0.1509
vn -0.9726 0.1641 -0.1644
vn -0.9799 0.1198 -0.1592
vn -0.8610 0.5057 -0.0548
vn -0.9273 0.3717 -0.0431
vn -0.8595 0.5075 -0.0614
vn -0.9684 0.2474 -0.0324
vn -0.9881 0.1478 -0.0429
vn -0.9916 0.1207 -0.0471
vn -0.9813 0.1683 -0.0932
vn -0.9752 0.1436 -0.1686
vn -0.9653 0.1719 -0.1966
vn -0.9790 0.0407 -0.1998
vn -0.8284 0.5401 -0.1487
vn -0.8464 0.5031 -0.1747
vn -0.8293 0.5416 -0.1377
vn -0.8594 0.4732 -0.1938
vn -0.8547 0.4800 -0.1978
vn -0.8588 0.4658 -0.2132
vn -0.1406 0.9826 0.1213
vn -0.1221 0.9837 0.1321
vn -0.1216 0.9874 0.1012
vn -0.1256 0.9826 0.1368
vn -0.8861 0.4059 -0.2236
vn -0.8557 0.4652 -0.2268
vn -0.8562 0.4625 -0.2303
vn -0.8620 0.4541 -0.2253
vn -0.8455 0.4845 -0.2247
vn -0.8388 0.4869 -0.2435
vn -0.1300 0.9850 0.1132
vn -0.0736 0.9928 0.0945
vn -0.8564 0.4553 -0.2436
vn -0.8559 0.4387 -0.2739
vn -0.1163 0.9875 0.1066
vn -0.0750 0.9927 0.0944
vn -0.7785 0.5447 -0.3120
vn -0.8361 0.4633 -0.2939
vn -0.8010 0.5307 -0.2771
vn -0.7565 0.5705 -0.3197
vn -0.9644 0.1568 -0.2130
vn -0.8279 0.5350 -0.1685
vn -0.8158 0.5234 -0.2460
vn -0.8645 0.4310 -0.2588
vn -0.9205 0.2449 -0.3043
vn -0.9748 0.0202 -0.2222
vn -0.9422 0.1077 -0.3174
vn -0.8654 0.2991 -0.4021
vn -0.7831 0.5362 -0.3151
vn -0.8858 0.1459 -0.4406
vn -0.7320 0.6039 -0.3153
vn -0.1574 0.9809 0.1141
vn -0.2188 0.9681 0.1223
vn -0.6787 0.6632 -0.3154
vn -0.7348 0.5995 -0.3173
vn -0.3231 0.9388 0.1193
vn -0.4117 0.9045 0.1110
vn -0.5300 0.8430 0.0918
vn -0.5396 0.8372 0.0895
vn -0.5034 0.7575 -0.4156
vn -0.6353 0.7681 0.0798
vn -0.6436 0.7612 0.0802
vn -0.5929 0.6937 -0.4088
vn -0.6202 0.6880 -0.3769
vn -0.7108 0.5892 -0.3843
vn -0.6143 0.6619 -0.4296
vn -0.7849 0.3825 -0.4874
vn -0.6004 0.7167 -0.3546
vn -0.6324 0.6997 -0.3324
vn -0.4947 0.7594 -0.4226
vn -0.4913 0.7605 -0.4246
vn -0.3171 0.8164 -0.4826
vn -0.2535 0.8363 -0.4861
vn -0.8008 0.2101 -0.5609
vn -0.6202 0.5171 -0.5899
vn -0.5900 0.3564 -0.7245
vn -0.4338 0.6118 -0.6615
vn -0.4920 0.7336 -0.4688
vn -0.3354 0.4724 -0.8151
vn -0.5493 0.7232 -0.4186
vn -0.4939 0.7376 -0.4605
vn -0.7159 0.6944 0.0734
vn -0.7748 0.6303 0.0484
vn -0.7479 0.6610 0.0605
vn -0.7041 0.7059 0.0776
vn -0.1611 0.8486 -0.5040
vn -0.2018 0.8501 -0.4864
vn -0.7894 0.6126 0.0383
vn -0.7918 0.6095 0.0392
vn 0.0196 0.8920 -0.4515
vn -0.0021 0.8843 -0.4669
vn 0.0054 0.8755 -0.4831
vn 0.0057 0.8917 -0.4526
vn -0.7758 0.6300 0.0344
vn -0.7511 0.6596 0.0279
vn -0.0325 0.8813 -0.4713
vn 0.0387 0.8631 -0.5036
vn -0.7376 0.6748 0.0244
vn -0.1164 0.8599 -0.4970
vn -0.0319 0.8846 -0.4652
vn -0.0615 0.8786 -0.4736
vn -0.1297 0.8619 -0.4902
vn -0.2913 0.8426 -0.4530
vn -0.2729 0.8385 -0.4716
vn -0.2748 0.8447 -0.4594
vn -0.2126 0.8048 -0.5542
vn -0.1922 0.7230 -0.6635
vn -0.0576 0.7672 -0.6388
vn -0.1015 0.6222 -0.7763
vn 0.0097 0.7476 -0.6641
vn -0.1421 0.7896 -0.5969
vn -0.0974 0.8040 -0.5867
vn -0.2159 0.7994 -0.5607
vn -0.2825 0.7732 -0.5678
vn -0.9661 -0.2335 -0.1102
vn -0.9743 -0.1851 -0.1285
vn -0.9773 -0.1759 -0.1181
vn -0.9445 -0.3097 -0.1092
vn -0.9235 -0.3681 -0.1079
vn -0.2152 0.7997 -0.5605
vn -0.9641 -0.2370 -0.1195
vn -0.9695 -0.2079 -0.1298
vn -0.0756 0.8426 -0.5332
vn -0.9575 -0.2625 -0.1196
vn -0.9529 -0.2749 -0.1278
vn 0.0083 0.8693 -0.4942
vn -0.9494 -0.2840 -0.1338
vn -0.9802 0.1973 -0.0154
vn -0.1317 0.8590 -0.4948
vn -0.1486 0.8588 -0.4904
vn -0.0211 0.8761 -0.4816
vn -0.0847 0.8662 -0.4925
vn 0.0413 0.8747 -0.4829
vn 0.0262 0.8786 -0.4769
vn 0.1303 0.8708 -0.4741
vn 0.0765 0.8726 -0.4824
vn 0.1834 0.8720 -0.4538
vn 0.1672 0.8701 -0.4637
vn 0.2427 0.8687 -0.4319
vn 0.2095 0.8743 -0.4379
vn 0.1790 0.8438 -0.5059
vn 0.1705 0.8424 -0.5112
vn 0.2496 0.8608 -0.4435
vn 0.2632 0.8761 -0.4039
vn 0.0402 0.8226 -0.5672
vn 0.0365 0.8221 -0.5681
vn -0.0474 0.8202 -0.5700
vn -0.0551 0.8235 -0.5647
vn -0.1113 0.8026 -0.5861
vn -0.0943 0.8157 -0.5707
vn -0.1400 0.7771 -0.6136
vn -0.1344 0.7830 -0.6073
vn 0.4706 -0.8670 -0.1641
vn 0.3864 -0.9045 -0.1806
vn 0.4286 -0.8869 -0.1726
vn 0.5285 -0.8371 -0.1415
vn 0.5207 -0.8408 -0.1484
vn 0.0351 0.7791 -0.6259
vn 0.0574 0.7764 -0.6277
vn 0.0691 0.7179 -0.6927
vn 0.0783 0.7398 -0.6682
vn 0.5172 -0.8441 -0.1414
vn 0.5083 -0.8490 -0.1445
vn -0.0607 0.5775 -0.8142
vn -0.0567 0.5814 -0.8116
vn 0.4759 -0.8674 -0.1454
vn 0.4751 -0.8679 -0.1451
vn -0.3082 0.3623 -0.8796
vn -0.3231 0.3508 -0.8790
vn 0.4697 -0.8698 -0.1512
vn 0.4658 -0.8726 -0.1468
vn -0.7822 0.6204 -0.0570
vn -0.8241 0.5578 -0.0983
vn -0.5861 -0.7861 -0.1964
vn -0.6309 -0.7503 -0.1976
vn -0.3070 -0.9333 -0.1862
vn -0.4555 -0.8691 -0.1926
vn -0.2008 -0.9651 -0.1680
vn -0.1738 -0.9723 -0.1562
vn 0.0082 -0.9913 -0.1317
vn -0.0964 -0.9855 -0.1396
vn 0.0048 -0.9912 -0.1321
vn 0.0385 -0.9909 -0.1292
vn -0.0828 -0.9834 -0.1617
vn -0.1215 -0.9768 -0.1765
vn -0.1577 -0.9603 -0.2303
vn -0.1694 -0.9606 -0.2205
vn -0.1214 -0.9650 -0.2323
vn -0.1103 -0.9689 -0.2215
vn -0.1402 -0.9723 -0.1871
vn -0.1118 -0.9735 -0.1994
vn -0.1156 -0.9728 -0.2008
vn -0.1428 -0.9719 -0.1870
vn 0.1138 -0.9649 -0.2368
vn -0.0201 -0.9753 -0.2199
vn 0.3488 -0.9032 -0.2502
vn 0.2751 -0.9288 -0.2482
vn 0.5330 -0.8139 -0.2313
vn 0.5321 -0.8144 -0.2315
vn 0.6733 -0.7129 -0.1961
vn 0.6518 -0.7308 -0.2025
vn 0.7303 -0.6556 -0.1918
vn 0.7792 -0.5954 -0.1958
vn 0.8278 -0.5316 -0.1796
vn 0.8587 -0.4926 -0.1412
vn 0.8572 -0.5030 -0.1100
vn 0.8700 -0.4786 -0.1187
vn 0.8538 -0.5068 -0.1188
vn 0.8537 -0.5004 -0.1445
vn 0.8524 -0.5024 -0.1446
vn 0.8505 -0.5110 -0.1248
vn 0.8492 -0.5159 -0.1131
vn 0.9789 -0.2027 0.0259
vn 0.9359 0.3334 0.1138
vn 0.9370 0.3312 0.1113
vn 0.9379 0.3260 0.1184
vn 0.9398 0.3242 0.1081
vn 0.9477 0.3038 0.0977
vn 0.9364 0.3301 0.1195
vn 0.9353 0.3323 0.1219
vn -0.8791 0.4710 -0.0738
vn -0.8833 0.4590 -0.0955
vn 0.1895 -0.9805 -0.0528
vn 0.1758 -0.9832 -0.0483
vn 0.2098 -0.9754 -0.0682
vn 0.2075 -0.9763 -0.0616
vn 0.1272 -0.9889 -0.0763
vn 0.1873 -0.9796 -0.0727
vn 0.1262 -0.9861 -0.1078
vn 0.1100 -0.9902 -0.0860
vn 0.2579 -0.9588 -0.1195
vn 0.1653 -0.9793 -0.1168
vn -0.9982 -0.0505 -0.0317
vn -0.9983 -0.0490 -0.0307
vn -0.9990 -0.0256 -0.0374
vn -0.9987 -0.0124 -0.0491
vn -0.9977 0.0049 -0.0674
vn -0.9974 0.0074 -0.0723
vn -0.3705 0.9281 0.0370
vn -0.3709 0.9280 0.0365
vn -0.3507 0.9351 0.0518
vn -0.3250 0.9439 0.0582
vn -0.3165 0.9468 0.0587
vn -0.3205 0.9457 0.0550
vn -0.9950 0.0085 -0.0995
vn -0.9922 0.0064 -0.1248
vn -0.9838 -0.0599 -0.1692
vn -0.9878 -0.0193 -0.1548
vn 0.3729 -0.9214 -0.1096
vn 0.3112 -0.9430 -0.1175
vn -0.9739 -0.0832 -0.2113
vn -0.9782 -0.0834 -0.1901
vn -0.3442 0.9373 0.0550
vn -0.4006 0.9142 0.0606
vn -0.4295 0.9008 0.0638
vn -0.4642 0.8830 0.0689
vn -0.4760 0.8766 0.0707
vn -0.4858 0.8711 0.0727
vn 0.4108 -0.9052 -0.1090
vn 0.4449 -0.8884 -0.1132
vn -0.9599 -0.0583 -0.2741
vn -0.9669 -0.0730 -0.2444
vn 0.4964 -0.8574 -0.1360
vn 0.4725 -0.8729 -0.1218
vn -0.9416 -0.0364 -0.3347
vn -0.9285 -0.0256 -0.3704
vn 0.4936 -0.8557 -0.1556
vn 0.5013 -0.8527 -0.1473
vn -0.8849 0.0057 -0.4658
vn -0.8751 0.0120 -0.4838
vn 0.4800 -0.8628 -0.1590
vn 0.4844 -0.8601 -0.1598
vn -0.7842 0.0768 -0.6157
vn -0.7573 0.0956 -0.6461
vn -0.5805 0.1912 -0.7915
vn -0.5694 0.1961 -0.7983
vn -0.5260 0.8460 0.0871
vn -0.4971 0.8643 0.0764
vn -0.5599 0.8219 0.1053
vn -0.5407 0.8360 0.0940
vn -0.5507 0.8279 0.1064
vn -0.5612 0.8206 0.1081
vn -0.5301 0.8415 0.1044
vn -0.5076 0.8554 0.1026
vn -0.4817 0.8708 0.0981
vn -0.4749 0.8748 0.0960
vn -0.4611 0.8830 0.0874
vn -0.4610 0.8831 0.0873
vn -0.4877 0.8690 0.0836
vn -0.4764 0.8753 0.0829
vn -0.5249 0.8461 0.0924
vn -0.5159 0.8521 0.0884
vn -0.5295 0.8431 0.0934
vn -0.5266 0.8452 0.0912
vn -0.0692 0.7801 -0.6218
vn -0.0965 0.7783 -0.6204
vn -0.2484 0.9576 0.1462
vn -0.4086 0.9054 0.1149
vn -0.3635 0.9232 0.1243
vn -0.3192 -0.9344 -0.1582
vn 0.9562 0.2921 0.0197
vn 0.9612 0.2740 0.0334
vn 0.9527 0.3038 0.0109
vn 0.9621 0.2680 0.0507
vn 0.9586 0.2777 0.0634
vn 0.9552 0.2857 0.0768
vn 0.9535 0.2889 0.0855
vn 0.5872 0.7883 0.1837
vn 0.0072 0.9962 0.0867
vn -0.0271 0.9952 0.0935
vn -0.1220 0.9862 0.1118
vn -0.3879 0.9207 0.0433
vn -0.1726 0.9814 0.0839
vn -0.9099 0.3558 -0.2134
vn -0.9580 0.2248 -0.1781
vn -0.1302 0.8348 -0.5349
vn -0.0421 0.8865 -0.4608
vn -0.8713 0.4744 -0.1259
vn -0.9320 0.3336 -0.1415
vn 0.4128 0.8919 -0.1846
vn 0.5779 0.7934 -0.1913
vn 0.4744 0.8330 -0.2848
vn 0.2586 0.9240 -0.2818
vn -0.8388 0.5426 -0.0447
vn -0.8297 0.5578 -0.0206
vn -0.8376 0.5455 -0.0304
vn -0.8336 0.5471 -0.0758
vn 0.9761 0.0425 -0.2133
vn 0.9751 0.0164 -0.2213
vn 0.9769 0.1129 -0.1814
vn 0.9756 0.1508 -0.1593
vn 0.1098 0.9411 -0.3197
vn -0.0340 0.9351 -0.3528
vn -0.1683 0.9379 -0.3032
vn -0.0613 0.9587 -0.2778
vn -0.0410 0.8603 -0.5081
vn -0.1914 0.9091 -0.3699
vn 0.0197 0.8713 -0.4903
vn -0.0828 0.8493 -0.5214
vn -0.0885 0.9524 -0.2918
vn 0.1145 0.9293 -0.3511
vn -0.6496 0.7520 -0.1116
vn -0.6760 0.7278 -0.1158
vn -0.7067 0.7015 -0.0923
vn -0.6907 0.7147 -0.1102
vn 0.8205 -0.5701 -0.0418
vn 0.8127 -0.5823 -0.0217
vn 0.8596 -0.5109 -0.0101
vn 0.8023 -0.5962 -0.0307
vn 0.9689 0.2226 -0.1077
vn 0.9690 0.2219 -0.1083
vn -0.5693 0.6873 -0.4511
vn -0.5611 0.5850 -0.5856
vn -0.6920 0.2885 -0.6617
vn -0.6182 0.7080 -0.3415
vn -0.1101 0.9789 -0.1720
vn 0.0730 0.9758 -0.2062
vn -0.2537 0.9369 -0.2406
vn -0.9987 0.0478 0.0162
vn -0.4265 0.8698 -0.2481
vn -0.3220 0.8974 -0.3016
vn -0.6494 0.7202 -0.2443
vn 0.9718 -0.1253 -0.1997
vn -0.8713 0.4906 0.0045
vn -0.8803 0.4743 0.0094
vn -0.8386 0.5446 -0.0118
vn 0.9678 0.1933 -0.1615
vn 0.9318 0.3089 -0.1906
vn 0.9526 0.2889 -0.0949
vn 0.9835 0.1632 -0.0782
vn 0.8767 -0.4810 0.0067
vn 0.8478 -0.5282 0.0470
vn 0.8293 -0.5575 0.0382
vn 0.8671 -0.4962 0.0438
vn 0.9923 0.0480 -0.1145
vn 0.9787 0.1201 -0.1667
vn 0.9467 0.2539 -0.1982
vn -0.5846 0.7981 -0.1459
vn -0.6244 0.7719 -0.1194
vn -0.3561 0.9006 -0.2491
vn 0.9729 -0.0154 -0.2308
vn 0.8947 0.1339 -0.4262
vn 0.9291 -0.0228 -0.3691
vn 0.9287 -0.0327 -0.3694
vn 0.8977 0.0997 -0.4293
vn -0.7125 0.6964 -0.0855
vn 0.8283 -0.5583 -0.0467
vn 0.9352 -0.1246 -0.3315
vn 0.8989 0.0789 -0.4309
vn 0.2793 0.9456 -0.1667
vn 0.0761 0.9608 -0.2665
vn -0.0023 0.8559 -0.5172
vn -0.0921 0.8466 -0.5242
vn 0.2621 0.8557 -0.4462
vn -0.4316 0.5525 -0.7131
vn -0.5205 0.2011 -0.8298
vn -0.1516 -0.9798 -0.1305
vn -0.8135 0.5765 -0.0768
vn -0.7942 0.6041 -0.0657
vn -0.4684 0.8792 -0.0874
vn -0.5285 0.8393 -0.1275
vn 0.9853 0.0918 -0.1441
vn 0.0285 0.9981 -0.0546
vn 0.2708 0.9336 -0.2346
vn -0.2167 0.9132 -0.3451
vn 0.9193 0.3298 -0.2148
vn -0.8130 0.2138 -0.5416
vn 0.9985 0.0236 -0.0487
vn 0.9373 -0.1457 -0.3167
vn 0.9372 -0.1592 -0.3102
vn 0.9364 -0.1907 -0.2947
vn -0.5370 -0.1198 -0.8350
vn -0.0586 0.9880 -0.1426
vn 0.2417 0.9686 -0.0588
vn -0.7806 0.6130 0.1220
vn -0.7736 0.6314 -0.0543
vn 0.2007 0.9255 -0.3213
vn 0.3579 0.8574 -0.3698
vn 0.5417 0.8031 -0.2482
vn 0.4100 0.8855 -0.2187
vn 0.3244 0.9171 -0.2318
vn 0.1217 0.9339 -0.3362
vn -0.0090 0.8860 -0.4635
vn -0.0309 0.8748 -0.4834
vn 0.0199 0.8994 -0.4366
vn 0.0390 0.9074 -0.4184
vn 0.0663 0.9215 -0.3826
vn 0.0795 0.9038 -0.4205
vn -0.0543 0.8867 -0.4591
vn -0.0586 0.8956 -0.4410
vn 0.0732 0.9309 -0.3577
vn -0.5538 0.5814 -0.5960
vn -0.6307 0.5552 -0.5422
vn -0.5316 0.6121 -0.5854
vn -0.4536 0.6085 -0.6511
vn 0.5283 0.7409 -0.4147
vn 0.6300 0.7262 -0.2754
vn 0.5777 0.7021 -0.4163
vn 0.6558 0.7039 -0.2729
vn -0.7639 0.5088 -0.3969
vn -0.7140 0.5683 -0.4088
vn -0.6811 0.5938 -0.4285
vn -0.7633 0.4988 -0.4105
vn 0.3929 0.7688 -0.5046
vn -0.0515 0.8995 -0.4339
vn -0.1472 0.8803 -0.4510
vn 0.4990 0.7002 -0.5106
vn 0.2018 0.8187 -0.5375
vn 0.8909 -0.4449 0.0911
vn 0.8948 -0.4214 0.1473
vn 0.9741 -0.1339 0.1824
vn 0.9772 -0.1933 0.0874
vn 0.8910 -0.4384 0.1178
vn 0.8810 -0.4571 0.1220
vn 0.8809 -0.4710 0.0468
vn 0.9622 -0.2698 0.0363
vn 0.8748 -0.4707 0.1146
vn 0.8551 -0.5139 0.0689
vn 0.9970 -0.0253 0.0730
vn 0.9926 -0.1162 0.0352
vn 0.9821 0.0984 0.1607
vn 0.8594 -0.4655 0.2113
vn 0.8035 -0.5553 0.2145
vn 0.7464 -0.6079 0.2708
vn 0.7821 -0.5512 0.2907
vn 0.8734 -0.2578 0.4133
vn 0.9474 -0.1404 0.2877
vn 0.8792 0.0079 0.4763
vn 0.9477 0.1340 0.2897
vn 0.2865 -0.6456 0.7079
vn 0.6665 -0.4671 0.5811
vn 0.6072 -0.6967 0.3820
vn 0.3334 -0.8365 0.4350
vn 0.1384 -0.4340 0.8902
vn 0.6085 -0.2142 0.7641
vn 0.4124 -0.8165 0.4040
vn 0.2111 -0.8846 0.4158
vn 0.1299 -0.9053 0.4045
vn -0.2953 -0.8598 0.4165
vn 0.1090 -0.8747 0.4722
vn 0.1192 -0.8730 0.4729
vn 0.2115 -0.8495 0.4834
vn 0.2056 -0.7236 0.6589
vn 0.0163 -0.6219 0.7829
vn 0.2475 -0.7332 0.6334
vn 0.0748 -0.7105 0.6998
vn 0.3251 -0.7866 0.5250
vn 0.7988 -0.5777 0.1678
vn 0.8124 -0.5570 0.1725
vn 0.6503 -0.6925 0.3123
vn 0.6561 -0.6825 0.3221
vn -0.7881 -0.6040 -0.1188
vn -0.4407 -0.5570 -0.7040
vn -0.3630 -0.3531 -0.8623
vn -0.3822 -0.4345 -0.8156
vn -0.4755 -0.5860 -0.6562
vn -0.9300 0.3483 0.1176
vn -0.9279 0.3521 0.1223
vn -0.9396 0.3258 0.1047
vn -0.9480 0.3033 0.0968
vn 0.7385 0.6741 0.0164
vn 0.7342 0.6785 0.0256
vn 0.7360 0.6766 0.0217
vn -0.9228 0.3674 0.1161
vn -0.9216 0.3723 0.1099
vn 0.9065 -0.3845 -0.1743
vn 0.8970 -0.3915 -0.2051
vn 0.9003 -0.3860 -0.2013
vn 0.9062 -0.3882 -0.1677
vn 0.9669 -0.2501 -0.0503
vn 0.9682 -0.2447 -0.0527
vn 0.9605 -0.2755 -0.0389
vn -0.4904 0.0356 -0.8707
vn -0.4353 -0.0819 -0.8966
vn -0.9109 -0.3537 -0.2125
vn -0.8482 -0.4203 -0.3223
vn -0.8298 -0.4348 -0.3499
vn -0.9058 -0.3605 -0.2227
vn -0.4336 0.3252 -0.8404
vn -0.4975 0.3656 -0.7867
vn -0.5138 0.3759 -0.7712
vn -0.5686 -0.6361 -0.5216
vn -0.6009 -0.6458 -0.4711
vn -0.6961 -0.6516 -0.3015
vn -0.6866 -0.6531 -0.3195
vn -0.7856 -0.4131 -0.4606
vn -0.7785 -0.3938 -0.4887
vn 0.8649 -0.4930 -0.0944
vn 0.8637 -0.4934 -0.1027
vn -0.6612 0.2313 -0.7136
vn -0.6996 0.0702 -0.7110
vn -0.6979 0.0799 -0.7117
vn -0.9405 0.3387 0.0281
vn -0.9479 0.3186 0.0025
vn -0.9555 0.2936 -0.0276
vn -0.9601 0.2755 -0.0487
vn -0.9775 -0.1820 -0.1066
vn -0.9777 -0.1752 -0.1159
vn 0.6747 -0.7311 -0.1010
vn 0.6789 -0.7264 -0.1068
vn -0.9083 0.4162 0.0407
vn -0.9133 0.4047 0.0464
vn -0.8909 -0.4526 -0.0393
vn 0.8517 -0.4836 -0.2018
vn 0.8595 -0.4700 -0.2010
vn 0.8829 -0.4204 -0.2092
vn 0.8767 -0.4352 -0.2049
vn -0.9538 0.2893 -0.0814
vn -0.9359 0.3353 -0.1078
vn 0.8756 -0.4823 -0.0263
vn 0.8771 -0.4771 -0.0557
vn 0.8803 -0.4717 -0.0507
vn 0.8514 -0.5245 -0.0066
vn 0.6955 0.7184 0.0103
vn 0.6450 0.7642 0.0071
vn -0.9764 -0.1162 -0.1821
vn -0.9697 -0.0290 -0.2424
vn -0.9655 0.0100 -0.2603
vn -0.9748 -0.0896 -0.2044
vn -0.9303 0.3488 -0.1134
vn -0.9357 0.3369 -0.1046
vn 0.8491 -0.5282 0.0034
vn -0.9614 0.0597 -0.2685
vn -0.9627 0.0825 -0.2578
vn -0.7409 -0.2047 -0.6397
vn -0.7390 -0.1905 -0.6462
vn -0.7543 -0.3305 -0.5673
vn -0.7559 -0.3356 -0.5622
vn -0.9631 0.2684 -0.0222
vn -0.9721 0.2331 -0.0259
vn -0.9764 0.2141 -0.0279
vn 0.9737 -0.2173 -0.0688
vn 0.9736 -0.2177 -0.0682
vn -0.8759 0.2186 -0.4302
vn -0.9214 0.1614 -0.3535
vn -0.9268 0.1535 -0.3428
vn -0.9192 0.3813 0.0986
vn 0.9051 -0.3975 -0.1507
vn -0.5677 0.3000 -0.7666
vn -0.5687 0.3403 -0.7488
vn -0.9299 0.3613 0.0693
vn -0.9320 0.3547 0.0741
vn -0.9531 0.2893 0.0889
vn -0.9538 0.2868 0.0899
vn -0.9479 0.3068 0.0857
vn -0.9401 0.3309 0.0818
vn -0.5697 0.4050 -0.7151
vn -0.6703 0.7369 0.0878
vn 0.5971 0.8021 0.0042
vn -0.5733 0.4003 -0.7149
vn -0.9481 0.3057 -0.0870
vn -0.9717 0.2301 -0.0539
vn -0.9767 0.2099 -0.0455
vn -0.9567 0.2811 -0.0758
vn 0.9110 -0.4124 -0.0085
vn 0.9320 -0.3618 -0.0200
vn -0.9618 0.1081 -0.2515
vn -0.9607 0.1059 -0.2566
vn -0.9643 0.1086 -0.2417
vn -0.9638 0.1027 -0.2463
vn 0.8074 -0.5607 -0.1835
vn 0.8107 -0.5554 -0.1853
vn 0.9573 -0.2854 -0.0456
vn 0.9647 -0.2571 -0.0570
vn -0.9464 -0.3024 -0.1131
vn -0.9486 -0.2991 -0.1034
vn 0.7396 -0.6538 -0.1595
vn 0.7468 -0.6453 -0.1607
vn -0.7505 -0.6299 -0.1999
vn -0.7491 -0.6309 -0.2022
vn -0.7694 -0.6162 -0.1684
vn -0.7616 -0.6244 -0.1735
vn -0.7437 -0.6464 -0.1709
vn -0.7808 -0.5994 -0.1761
vn -0.5781 -0.5692 -0.5847
vn -0.5850 -0.5407 -0.6045
vn -0.5542 -0.5519 -0.6231
vn -0.6067 -0.5658 -0.5584
vn -0.9057 0.4140 0.0908
vn -0.8943 0.4346 0.1068
vn -0.9108 0.4051 0.0792
vn -0.9079 0.4121 0.0761
vn 0.7235 0.6903 0.0013
vn 0.7201 0.6937 0.0152
vn 0.7217 0.6921 0.0086
vn -0.9008 0.4206 0.1077
vn -0.9174 0.3862 0.0961
vn 0.8995 -0.4281 -0.0879
vn 0.8966 -0.4311 -0.1018
vn 0.9027 -0.4124 -0.1227
vn 0.8978 -0.4250 -0.1155
vn 0.9594 -0.2748 -0.0640
vn 0.9607 -0.2691 -0.0678
vn 0.9573 -0.2832 -0.0582
vn -0.7024 -0.2226 -0.6761
vn -0.6994 -0.2923 -0.6522
vn -0.9557 -0.1664 -0.2430
vn -0.9424 -0.1946 -0.2721
vn -0.9537 -0.2334 -0.1896
vn -0.9702 -0.1759 -0.1669
vn 0.0455 0.4696 -0.8817
vn -0.5502 0.4585 -0.6979
vn -0.3612 0.4271 -0.8289
vn -0.4251 0.3475 -0.8358
vn -0.7526 -0.5333 -0.3862
vn -0.7555 -0.5329 -0.3812
vn -0.9357 -0.1401 -0.3239
vn -0.9330 -0.0907 -0.3483
vn 0.7876 -0.6052 -0.1164
vn 0.7639 -0.6317 -0.1320
vn -0.8154 0.0580 -0.5760
vn -0.7956 0.1054 -0.5967
vn -0.8568 -0.0036 -0.5157
vn -0.8649 -0.1331 -0.4840
vn -0.9491 0.3136 0.0294
vn -0.9572 0.2891 0.0148
vn -0.9619 0.2715 -0.0319
vn -0.9493 0.3072 -0.0666
vn -0.9541 -0.2798 -0.1067
vn -0.9548 -0.2865 -0.0796
vn 0.7993 -0.5990 -0.0472
vn 0.7994 -0.5990 -0.0473
vn -0.8733 0.4870 0.0145
vn -0.8764 0.4814 0.0167
vn -0.9288 -0.3679 -0.0447
vn -0.9266 -0.3731 -0.0468
vn 0.8963 -0.4375 -0.0721
vn 0.8992 -0.4308 -0.0764
vn -0.9294 0.3562 -0.0963
vn -0.9004 0.4194 -0.1157
vn 0.8248 -0.5615 -0.0670
vn 0.8270 -0.5610 -0.0362
vn 0.7951 -0.6064 0.0092
vn 0.8133 -0.5819 -0.0027
vn 0.7312 0.6821 -0.0095
vn 0.7420 0.6702 -0.0181
vn -0.9614 -0.2236 -0.1603
vn -0.9704 -0.0470 -0.2370
vn -0.9663 0.0288 -0.2560
vn -0.9688 -0.1473 -0.1991
vn -0.8947 0.4311 -0.1172
vn -0.9065 0.4084 -0.1068
vn 0.8309 -0.5564 -0.0106
vn 0.8077 -0.5896 0.0033
vn -0.9556 0.1130 -0.2722
vn -0.9450 0.1704 -0.2794
vn -0.9058 -0.1135 -0.4083
vn -0.9098 -0.0852 -0.4062
vn -0.9393 0.3378 -0.0609
vn -0.9488 0.3086 -0.0672
vn -0.9484 0.3098 -0.0670
vn 0.9550 -0.2854 -0.0805
vn 0.9530 -0.2915 -0.0822
vn -0.8339 0.3226 -0.4478
vn -0.8239 0.3317 -0.4596
vn -0.9267 0.3652 0.0890
vn 0.9050 -0.4064 -0.1262
vn -0.5845 0.3080 -0.7506
vn -0.5986 0.2759 -0.7520
vn -0.8835 0.4675 0.0279
vn -0.8821 0.4701 0.0320
vn -0.8984 0.4347 0.0621
vn -0.8894 0.4546 0.0487
vn -0.4758 0.4241 -0.7706
vn -0.6162 0.2183 -0.7568
vn -0.6076 0.2147 -0.7647
vn -0.5996 0.2069 -0.7731
vn -0.6789 0.7306 0.0727
vn 0.7470 0.6645 -0.0221
vn 0.7648 0.6438 -0.0231
vn 0.7547 0.6556 -0.0231
vn 0.7553 0.6550 -0.0224
vn -0.4105 0.5726 -0.7097
vn -0.4122 0.5635 -0.7159
vn -0.9323 0.3504 -0.0902
vn -0.9425 0.3237 -0.0837
vn 0.9107 -0.4085 -0.0610
vn 0.9022 -0.4277 -0.0551
vn -0.9239 0.2200 -0.3130
vn -0.9208 0.2244 -0.3190
vn 0.8638 -0.4996 -0.0653
vn 0.8761 -0.4775 -0.0667
vn -0.9765 -0.2003 -0.0801
vn -0.9573 -0.2747 -0.0896
vn 0.8234 -0.5631 -0.0698
vn 0.8253 -0.5604 -0.0692
vn -0.8405 -0.5045 -0.1976
vn -0.8078 -0.5163 -0.2845
vn -0.8094 -0.5187 -0.2753
vn -0.8351 -0.5110 -0.2037
vn -0.8177 -0.5509 -0.1668
vn -0.6525 -0.5870 -0.4792
vn -0.6189 -0.4235 -0.6615
vn -0.5986 -0.5240 -0.6058
vn -0.6944 -0.5772 -0.4298
vn -0.8214 0.5678 0.0539
vn -0.8284 0.5552 0.0741
vn -0.8163 0.5763 0.0388
vn -0.8163 0.5766 0.0346
vn 0.8037 0.5936 0.0411
vn 0.8086 0.5878 0.0269
vn 0.8087 0.5876 0.0265
vn -0.8481 0.5235 0.0818
vn -0.8611 0.5023 0.0788
vn 0.8120 -0.5812 -0.0532
vn 0.8285 -0.5552 -0.0723
vn 0.8455 -0.5244 -0.1008
vn 0.8409 -0.5335 -0.0909
vn 0.9050 -0.4224 -0.0515
vn 0.9067 -0.4183 -0.0546
vn 0.9032 -0.4266 -0.0483
vn -0.7259 -0.0344 -0.6869
vn -0.7053 -0.1244 -0.6979
vn -0.9416 -0.1992 -0.2716
vn -0.9247 -0.2103 -0.3174
vn -0.9571 -0.2044 -0.2052
vn -0.9625 -0.2156 -0.1649
vn 0.7745 0.1980 -0.6008
vn 0.5640 0.3615 -0.7425
vn 0.4737 0.4134 -0.7776
vn -0.7597 -0.5699 -0.3132
vn -0.7611 -0.5801 -0.2902
vn -0.9029 -0.1900 -0.3856
vn -0.8875 -0.1593 -0.4323
vn 0.6883 -0.7152 -0.1215
vn 0.6643 -0.7352 -0.1349
vn -0.5305 0.2467 -0.8110
vn -0.6963 0.1119 -0.7090
vn -0.7160 0.0929 -0.6919
vn -0.6947 0.7138 0.0883
vn -0.9002 0.4353 0.0123
vn -0.8993 0.4372 -0.0064
vn -0.8974 0.4399 -0.0351
vn -0.9661 -0.2381 -0.0996
vn -0.9675 -0.2455 -0.0599
vn 0.7602 -0.6491 -0.0276
vn 0.7597 -0.6498 -0.0242
vn -0.8091 0.5877 0.0068
vn -0.8184 0.5745 0.0101
vn -0.9084 -0.4151 -0.0492
vn 0.8024 -0.5959 -0.0333
vn 0.8017 -0.5964 -0.0393
vn -0.8718 0.4848 -0.0696
vn -0.8173 0.5668 -0.1037
vn 0.7403 -0.6669 -0.0846
vn 0.7583 -0.6485 -0.0670
vn 0.7026 -0.7116 0.0031
vn 0.7406 -0.6714 -0.0253
vn -0.9640 -0.0801 -0.2536
vn -0.9515 -0.0354 -0.3056
vn -0.9514 -0.0350 -0.3061
vn -0.7976 0.5935 -0.1082
vn -0.8079 0.5815 -0.0960
vn 0.6861 -0.7272 0.0202
vn 0.7239 -0.6899 0.0035
vn -0.9255 0.0311 -0.3775
vn -0.9205 0.0423 -0.3884
vn -0.8555 -0.0939 -0.5092
vn -0.8376 -0.0586 -0.5431
vn -0.8580 0.5111 -0.0511
vn -0.8784 0.4744 -0.0581
vn -0.8796 0.4722 -0.0585
vn 0.8885 -0.4543 -0.0650
vn 0.8884 -0.4545 -0.0650
vn -0.1338 0.5320 -0.8361
vn -0.5222 0.3491 -0.7781
vn -0.5293 0.3446 -0.7753
vn -0.8285 0.5553 0.0723
vn -0.8194 0.5687 0.0716
vn 0.8487 -0.5178 -0.1080
vn -0.9640 -0.2322 -0.1294
vn -0.5316 0.4701 -0.7046
vn -0.3133 0.4944 -0.8108
vn -0.8264 0.5629 0.0150
vn -0.8168 0.5767 0.0149
vn -0.8152 0.5785 0.0285
vn -0.8131 0.5818 0.0195
vn -0.1541 0.6262 -0.7643
vn -0.7629 0.6430 0.0674
vn -0.3176 0.6451 -0.6950
vn -0.8488 0.5230 -0.0781
vn -0.8767 0.4756 -0.0715
vn 0.7975 -0.6024 -0.0325
vn 0.8260 -0.5616 -0.0480
vn -0.8687 0.0834 -0.4883
vn -0.8567 0.0885 -0.5081
vn 0.7857 -0.6179 -0.0305
vn 0.7952 -0.6056 -0.0305
vn -0.9657 -0.2501 -0.0694
vn -0.9661 -0.2449 -0.0818
vn 0.7711 -0.6356 -0.0377
vn 0.7694 -0.6376 -0.0397
vn -0.7966 -0.5811 -0.1663
vn -0.7767 -0.5892 -0.2227
vn -0.7841 -0.5866 -0.2027
vn 0.8458 -0.5145 0.1416
vn 0.9307 -0.3363 0.1435
vn -0.8831 0.4373 -0.1700
vn -0.8932 0.4221 -0.1551
vn 0.3621 0.9139 -0.1833
vn 0.3672 0.9130 -0.1776
vn 0.9456 -0.3007 0.1243
vn 0.9403 -0.3343 0.0640
vn -0.8077 0.5723 -0.1421
vn -0.8333 0.5262 -0.1696
vn 0.4030 0.8914 -0.2074
vn 0.3757 0.9035 -0.2065
vn 0.9337 -0.3563 0.0360
vn 0.9024 -0.4308 -0.0003
vn 0.8575 -0.5145 -0.0012
vn 0.9206 -0.3903 0.0090
vn -0.7496 0.6564 -0.0844
vn -0.7662 0.6346 -0.1012
vn 0.4339 0.8731 -0.2222
vn 0.4469 0.8391 -0.3101
vn 0.4391 0.8596 -0.2612
vn 0.4345 0.8745 -0.2153
vn 0.4745 0.7371 -0.4811
vn 0.1812 0.6031 -0.7768
vn 0.3306 0.5190 -0.7883
vn 0.5366 0.6949 -0.4788
vn 0.8313 -0.5558 -0.0047
vn 0.8084 -0.5885 -0.0111
vn -0.7427 0.6656 -0.0729
vn -0.7453 0.6640 -0.0604
vn -0.7388 0.6721 -0.0487
vn -0.7438 0.6662 -0.0541
vn 0.5685 0.7638 -0.3057
vn 0.5760 0.7624 -0.2950
vn 0.4512 0.8249 -0.3406
vn 0.5759 0.7829 -0.2352
vn 0.5462 0.8077 -0.2220
vn 0.7985 -0.6016 -0.0223
vn 0.7979 -0.6020 -0.0299
vn -0.7410 0.6673 -0.0744
vn -0.7394 0.6703 -0.0633
vn -0.8536 0.5061 -0.1238
vn -0.8037 0.5852 -0.1082
vn -0.7974 0.5939 -0.1064
vn -0.4273 -0.5593 -0.7104
vn -0.4125 -0.5941 -0.6906
vn -0.4096 -0.6006 -0.6867
vn 0.1763 0.3180 -0.9316
vn 0.1327 0.2393 -0.9618
vn 0.0794 0.3424 -0.9362
vn 0.1883 0.4322 -0.8819
vn 0.6146 0.7882 0.0317
vn 0.6141 0.7881 0.0425
vn 0.6158 0.7879 -0.0012
vn -0.5664 -0.5019 -0.6537
vn -0.5240 -0.5383 -0.6601
vn -0.0478 0.2840 -0.9576
vn -0.0907 0.3108 -0.9461
vn 0.5974 0.7919 -0.1267
vn 0.5589 0.8207 -0.1186
vn 0.5809 0.7913 -0.1906
vn 0.5409 0.8208 -0.1837
vn 0.3985 0.6652 -0.6315
vn 0.3346 0.5829 -0.7404
vn 0.3384 0.5878 -0.7348
vn 0.6369 0.7598 -0.1305
vn 0.6094 0.7647 -0.2092
vn 0.5925 0.7667 -0.2471
vn 0.5209 0.7785 -0.3502
vn 0.3907 0.7806 -0.4879
vn -0.0967 0.6070 -0.7888
vn 0.7973 -0.6024 -0.0374
vn -0.0787 0.4015 -0.9125
vn 0.1384 0.3155 -0.9388
vn -0.2959 0.4663 -0.8337
vn 0.5971 0.7911 -0.1327
vn 0.5997 0.7922 -0.1129
vn -0.7218 0.6920 0.0125
vn -0.7138 0.7001 0.0170
vn 0.6687 -0.7433 -0.0196
vn 0.6687 -0.7432 -0.0214
vn 0.5713 0.7916 -0.2168
vn 0.5835 0.7900 -0.1883
vn -0.7345 0.6785 -0.0148
vn -0.7205 0.6935 0.0044
vn 0.6926 -0.7208 0.0255
vn 0.6854 -0.7281 0.0076
vn 0.5548 0.7965 -0.2405
vn 0.4469 0.8215 -0.3542
vn 0.5086 0.8105 -0.2906
vn 0.5590 0.7941 -0.2386
vn -0.7513 0.6593 -0.0301
vn -0.7478 0.6632 -0.0299
vn 0.7649 -0.6424 0.0469
vn 0.8487 -0.5273 0.0404
vn 0.8645 -0.5003 0.0485
vn 0.7693 -0.6373 0.0454
vn 0.3160 0.8273 -0.4644
vn 0.3505 0.8276 -0.4384
vn -0.7769 0.6272 -0.0561
vn -0.7984 0.5965 -0.0822
vn -0.8305 0.5518 -0.0762
vn -0.8250 0.5581 -0.0887
vn 0.8821 -0.4689 0.0452
vn 0.8792 -0.4750 0.0383
vn 0.0165 0.6664 -0.7454
vn 0.1344 0.7529 -0.6442
vn -0.8600 0.5078 -0.0501
vn -0.8585 0.5103 -0.0507
vn 0.8790 -0.4731 0.0596
vn 0.8790 -0.4732 0.0595
vn -0.1525 0.5157 -0.8431
vn -0.2154 0.4911 -0.8440
vn -0.8784 0.4761 -0.0423
vn 0.8780 -0.4699 0.0916
vn 0.8797 -0.4662 0.0934
vn -0.1885 0.4857 -0.8536
vn -0.2509 0.4676 -0.8476
vn -0.6414 -0.4118 -0.6473
vn -0.6678 -0.3940 -0.6315
vn -0.6560 -0.4021 -0.6387
vn 0.8722 -0.4816 0.0856
vn 0.6118 0.7871 0.0780
vn 0.8169 -0.5648 0.1166
vn 0.9232 -0.3674 0.1128
vn -0.8559 0.4995 -0.1340
vn -0.8544 0.5012 -0.1371
vn 0.5062 0.8393 -0.1984
vn 0.5514 0.8186 -0.1609
vn 0.9409 -0.3254 0.0939
vn 0.9386 -0.3426 0.0407
vn -0.8046 0.5830 -0.1129
vn -0.8275 0.5426 -0.1444
vn 0.4871 0.8440 -0.2245
vn 0.4853 0.8461 -0.2202
vn 0.9329 -0.3598 0.0155
vn 0.8981 -0.4392 -0.0233
vn 0.8400 -0.5409 -0.0430
vn 0.9174 -0.3979 -0.0100
vn -0.7618 0.6439 -0.0710
vn -0.7813 0.6182 -0.0864
vn 0.5198 0.8190 -0.2431
vn 0.6324 0.6878 -0.3564
vn 0.5859 0.7514 -0.3037
vn 0.5062 0.8293 -0.2367
vn 0.6201 0.5516 -0.5580
vn 0.6174 0.4966 -0.6101
vn 0.5364 0.3845 -0.7513
vn 0.5004 0.4920 -0.7124
vn 0.7972 -0.6002 -0.0650
vn 0.7633 -0.6405 -0.0848
vn -0.7464 0.6627 -0.0611
vn -0.7256 0.6863 -0.0504
vn -0.6484 0.7609 -0.0271
vn -0.6984 0.7145 -0.0410
vn 0.7024 0.6121 -0.3632
vn 0.6966 0.6319 -0.3398
vn 0.6028 0.5648 -0.5636
vn 0.5983 0.5610 -0.5721
vn 0.6965 0.6659 -0.2673
vn 0.6769 0.6964 -0.2383
vn 0.7363 -0.6693 -0.0996
vn -0.6323 0.7744 -0.0227
vn -0.8660 0.4989 -0.0328
vn -0.8205 -0.5559 -0.1330
vn -0.7792 -0.6124 -0.1336
vn -0.7730 -0.6202 -0.1336
vn 0.1543 0.2163 -0.9641
vn -0.0116 0.0586 -0.9982
vn 0.0383 0.1830 -0.9824
vn 0.3515 0.3910 -0.8506
vn 0.7525 0.6564 -0.0547
vn -0.6804 -0.7198 -0.1376
vn -0.6941 -0.7068 -0.1364
vn 0.1730 -0.2076 -0.9628
vn 0.1369 -0.1777 -0.9745
vn 0.7228 0.6787 -0.1302
vn 0.6830 0.7188 -0.1301
vn 0.7018 0.6851 -0.1950
vn 0.6725 0.7145 -0.1930
vn 0.7554 0.6426 -0.1279
vn 0.7106 0.6635 -0.2340
vn 0.7152 0.6349 -0.2921
vn 0.6953 0.5922 -0.4074
vn 0.6247 0.3900 -0.6765
vn 0.5677 0.2566 -0.7822
vn 0.7198 0.6827 -0.1262
vn 0.7205 0.6839 -0.1149
vn -0.6845 0.7288 0.0179
vn -0.6598 0.7509 0.0274
vn 0.6519 -0.7576 -0.0332
vn 0.6577 -0.7523 -0.0380
vn 0.7173 0.6790 -0.1562
vn -0.6976 0.7156 -0.0369
vn -0.6660 0.7459 0.0051
vn 0.6830 -0.7280 -0.0592
vn 0.6313 0.7062 -0.3206
vn 0.5999 0.6702 -0.4369
vn 0.6201 0.6806 -0.3902
vn 0.6064 0.7289 -0.3177
vn -0.7404 0.6697 -0.0572
vn -0.7277 0.6833 -0.0603
vn 0.8007 -0.5972 0.0475
vn 0.8594 -0.5101 0.0356
vn 0.8618 -0.5059 0.0357
vn 0.8025 -0.5948 0.0468
vn 0.5683 0.6521 -0.5019
vn -0.7739 0.6292 -0.0715
vn -0.7893 0.6082 -0.0837
vn -0.7966 0.6011 -0.0633
vn -0.7960 0.6022 -0.0614
vn 0.8495 -0.5276 0.0075
vn 0.8340 -0.5518 -0.0034
vn -0.7825 0.6222 -0.0250
vn 0.8410 -0.5409 -0.0111
vn 0.8475 -0.5307 -0.0085
vn 0.0886 0.1208 -0.9887
vn -0.0946 -0.1054 -0.9899
vn 0.0853 -0.2096 -0.9741
vn 0.1790 -0.1022 -0.9785
vn -0.5348 -0.8325 -0.1447
vn -0.5824 -0.8002 -0.1431
vn -0.5955 -0.7906 -0.1426
vn 0.8900 -0.4558 0.0101
vn 0.6476 0.7586 0.0713
vn 0.7816 -0.6156 0.1004
vn -0.8656 0.4871 -0.1163
vn -0.8746 0.4740 -0.1015
vn 0.6910 0.7056 -0.1571
vn 0.6938 0.7095 -0.1235
vn 0.9736 -0.2220 0.0530
vn 0.9717 -0.2343 0.0304
vn 0.9590 -0.2784 -0.0528
vn -0.7824 0.6185 -0.0730
vn -0.8295 0.5472 -0.1116
vn 0.7099 0.6580 -0.2511
vn 0.7009 0.6785 -0.2199
vn 0.9423 -0.3244 -0.0822
vn 0.9042 -0.4145 -0.1033
vn -0.7222 0.6909 -0.0333
vn -0.7441 0.6665 -0.0458
vn 0.7316 0.5814 -0.3559
vn 0.7292 0.5938 -0.3402
vn 0.7877 0.5579 -0.2615
vn 0.7670 0.5325 -0.3580
vn 0.7181 0.6093 -0.3364
vn 0.7513 0.6206 -0.2244
vn -0.8030 0.5945 -0.0413
vn -0.8240 0.5650 -0.0428
vn -0.8367 0.5460 -0.0438
vn -0.7964 -0.5874 -0.1440
vn -0.8202 -0.5553 -0.1374
vn -0.7965 -0.5872 -0.1440
vn 0.3564 0.5266 -0.7718
vn 0.4465 0.4309 -0.7842
vn 0.1732 0.6395 -0.7490
vn 0.2674 0.6348 -0.7249
vn 0.7854 0.6176 0.0411
vn 0.8054 0.5895 0.0618
vn 0.8005 0.5966 0.0566
vn -0.7812 -0.6027 -0.1630
vn -0.7801 -0.6043 -0.1619
vn 0.6080 0.3547 -0.7104
vn 0.6097 0.3323 -0.7196
vn 0.8012 0.5819 -0.1395
vn 0.7682 0.6312 -0.1069
vn 0.8360 0.5284 -0.1478
vn 0.8277 0.4920 -0.2700
vn 0.8254 0.4384 -0.3557
vn 0.7826 0.5957 -0.1808
vn 0.7870 0.6031 -0.1296
vn 0.5437 -0.8392 -0.0124
vn 0.5627 -0.8267 -0.0017
vn 0.7396 0.6031 -0.2988
vn 0.7519 0.5975 -0.2786
vn -0.2363 0.9712 -0.0312
vn -0.3855 0.9214 -0.0501
vn -0.5960 0.7984 -0.0853
vn -0.4667 0.8822 -0.0618
vn 0.5959 -0.8029 0.0122
vn 0.6684 -0.7426 0.0413
vn 0.6415 0.6570 -0.3961
vn 0.6781 0.6361 -0.3682
vn -0.3536 0.9297 -0.1028
vn -0.5358 0.8391 -0.0944
vn 0.6556 -0.7543 0.0349
vn 0.5399 -0.8416 -0.0133
vn 0.6344 0.4851 -0.6019
vn 0.6166 0.4621 -0.6375
vn 0.6054 0.4316 -0.6687
vn 0.5820 0.3727 -0.7228
vn -0.5808 -0.7941 -0.1789
vn -0.6985 -0.6930 -0.1785
vn -0.7006 -0.6909 -0.1784
vn 0.8180 -0.5750 0.0127
vn 0.7324 -0.6805 -0.0243
vn 0.7678 -0.6407 -0.0098
vn 0.8193 0.5682 0.0769
vn 0.8564 -0.5097 -0.0826
vn 0.8778 -0.4683 -0.1008
vn 0.8467 -0.5268 -0.0749
vn -0.7373 0.6748 -0.0323
vn -0.7715 0.6351 -0.0375
vn 0.6103 0.5909 -0.5275
vn 0.4666 0.6214 -0.6294
vn 0.4639 0.4067 -0.7870
vn 0.6200 0.5532 -0.5564
vn 0.6456 0.4173 -0.6396
vn 0.5365 0.2959 -0.7903
vn 0.7285 0.3195 -0.6060
vn 0.5852 0.2085 -0.7836
vn 0.6017 0.5484 -0.5808
vn 0.5914 0.4788 -0.6489
vn -0.7114 0.6702 -0.2117
vn -0.4309 0.8905 -0.1459
vn -0.5970 0.7804 -0.1857
vn 0.7709 -0.6368 0.0111
vn 0.6298 -0.7767 -0.0109
vn 0.8194 0.5733 0.0064
vn 0.8157 0.5783 0.0117
vn 0.8236 0.5671 0.0002
vn -0.8053 -0.5650 -0.1795
vn -0.9398 -0.1622 -0.3008
vn -0.9387 -0.2624 -0.2236
vn -0.9305 0.0007 -0.3662
vn -0.7750 0.1490 -0.6141
vn -0.8483 0.0587 -0.5263
vn -0.9078 -0.0002 -0.4193
vn -0.9348 -0.3411 -0.0985
vn -0.5106 -0.5597 -0.6527
vn -0.6398 -0.5612 -0.5251
vn -0.6910 -0.3611 -0.6262
vn -0.7589 -0.5332 -0.3739
vn -0.9233 -0.3809 -0.0501
vn 0.7121 0.7018 -0.0207
vn -0.8104 -0.5215 -0.2670
vn -0.8321 -0.5145 -0.2071
vn 0.2292 0.2937 -0.9280
vn 0.5912 0.7421 -0.3157
vn 0.7707 -0.6345 0.0592
vn 0.9827 -0.1631 0.0872
vn 0.9957 0.0182 0.0909
vn -0.9908 0.0747 -0.1129
vn -0.9937 0.0547 -0.0976
vn 0.2502 0.9587 -0.1356
vn 0.2520 0.9587 -0.1320
vn 0.9955 0.0518 0.0794
vn 0.9993 -0.0018 0.0382
vn -0.9580 0.2681 -0.1014
vn -0.9741 0.1904 -0.1219
vn 0.2985 0.9398 -0.1664
vn 0.2801 0.9462 -0.1620
vn 0.9995 -0.0213 0.0214
vn 0.9991 -0.0429 0.0021
vn 0.9981 -0.0611 0.0022
vn 0.9994 -0.0333 0.0066
vn -0.9339 0.3475 -0.0837
vn -0.9349 0.3455 -0.0811
vn 0.3296 0.9226 -0.2004
vn 0.3350 0.8964 -0.2904
vn 0.3297 0.9111 -0.2475
vn 0.3322 0.9237 -0.1907
vn 0.5996 0.5688 -0.5630
vn 0.3777 -0.1242 -0.9176
vn 0.2420 0.1471 -0.9591
vn 0.4000 0.7852 -0.4727
vn 0.9958 -0.0919 -0.0057
vn 0.9899 -0.1404 -0.0206
vn -0.9419 0.3259 -0.0814
vn -0.9678 0.2421 -0.0691
vn -0.9678 0.2476 -0.0451
vn -0.9718 0.2282 -0.0594
vn 0.5436 0.7959 -0.2665
vn 0.4390 0.8616 -0.2547
vn 0.3214 0.7780 -0.5398
vn 0.3323 0.8374 -0.4339
vn 0.5023 0.8394 -0.2078
vn 0.4318 0.8812 -0.1927
vn 0.9686 -0.2456 -0.0377
vn 0.9581 -0.2834 -0.0425
vn -0.9440 0.3208 -0.0772
vn -0.9504 0.3037 -0.0674
vn -0.9779 0.1528 -0.1430
vn -0.9639 0.2328 -0.1294
vn -0.9453 0.3047 -0.1162
vn -0.3484 -0.8021 -0.4851
vn -0.2564 -0.8456 -0.4682
vn -0.1736 -0.8763 -0.4494
vn 0.0394 -0.2846 -0.9578
vn 0.0742 -0.5269 -0.8467
vn -0.2120 -0.3410 -0.9158
vn -0.0521 -0.0675 -0.9964
vn 0.4404 0.8967 0.0445
vn 0.4668 0.8842 0.0163
vn 0.4880 0.8728 -0.0069
vn -0.1103 -0.8943 -0.4337
vn -0.1423 -0.8851 -0.4432
vn 0.2257 -0.6045 -0.7639
vn 0.2374 -0.6090 -0.7568
vn 0.4690 0.8776 -0.0991
vn 0.4461 0.8905 -0.0900
vn 0.4819 0.8612 -0.1616
vn 0.4371 0.8889 -0.1373
vn 0.1934 0.4318 -0.8810
vn 0.2152 0.4849 -0.8477
vn 0.4974 0.8604 -0.1107
vn 0.5360 0.8240 -0.1836
vn 0.5755 0.7881 -0.2183
vn 0.6409 0.7206 -0.2644
vn 0.7553 0.4800 -0.4463
vn 0.5181 -0.3843 -0.7641
vn 0.9335 -0.3548 -0.0516
vn 0.0744 -0.6897 -0.7203
vn 0.0243 -0.5653 -0.8245
vn 0.1024 -0.7525 -0.6506
vn 0.4394 0.8890 -0.1290
vn 0.4424 0.8897 -0.1133
vn -0.7788 0.6271 0.0140
vn -0.7736 0.6334 0.0183
vn 0.7238 -0.6896 -0.0217
vn 0.7246 -0.6888 -0.0231
vn 0.4144 0.8841 -0.2158
vn 0.4234 0.8856 -0.1911
vn -0.7906 0.6119 -0.0249
vn -0.7797 0.6262 0.0004
vn 0.7301 -0.6825 -0.0341
vn 0.4082 0.8787 -0.2476
vn 0.4100 0.8769 -0.2508
vn 0.4066 0.8802 -0.2447
vn -0.7983 0.6001 -0.0511
vn -0.7985 0.6001 -0.0478
vn 0.8409 -0.5378 0.0602
vn 0.9277 -0.3695 0.0534
vn 0.9504 -0.3026 0.0720
vn 0.8577 -0.5114 0.0535
vn 0.3606 0.7890 -0.4975
vn 0.3675 0.6450 -0.6700
vn 0.3674 0.6376 -0.6772
vn -0.8948 0.4098 -0.1773
vn -0.9149 0.3686 -0.1645
vn -0.9105 0.3782 -0.1675
vn 0.9623 -0.2599 0.0804
vn 0.9595 -0.2714 0.0757
vn 0.2794 0.0920 -0.9557
vn 0.2896 0.1320 -0.9480
vn -0.9369 0.3203 -0.1404
vn -0.9422 0.3086 -0.1308
vn 0.9586 -0.2586 0.1190
vn 0.9573 -0.2711 0.1008
vn 0.1653 -0.2114 -0.9633
vn 0.1633 -0.3531 -0.9212
vn -0.9504 0.2891 -0.1149
vn 0.9447 -0.2895 0.1540
vn 0.9534 -0.2568 0.1583
vn 0.1532 -0.1689 -0.9736
vn 0.1576 -0.3634 -0.9182
vn -0.1945 -0.8086 -0.5552
vn -0.1854 -0.8421 -0.5064
vn -0.1846 -0.8446 -0.5025
vn 0.9363 -0.3175 0.1501
vn 0.4198 0.9052 0.0660
vn -0.7981 0.6001 -0.0538
vn 0.7888 -0.6096 0.0789
vn 0.8420 -0.5284 0.1091
vn -0.9170 0.3796 -0.1226
vn -0.9251 0.3645 -0.1066
vn 0.6960 0.7020 -0.1510
vn 0.7037 0.7003 -0.1203
vn 0.9930 -0.1054 0.0539
vn 0.9923 -0.1199 0.0310
vn 0.9835 -0.1729 -0.0542
vn -0.8342 0.5462 -0.0764
vn -0.8853 0.4493 -0.1200
vn 0.6916 0.6802 -0.2430
vn 0.6912 0.6905 -0.2132
vn 0.9689 -0.2322 -0.0859
vn 0.9291 -0.3527 -0.1110
vn -0.7671 0.6405 -0.0354
vn -0.7951 0.6045 -0.0495
vn 0.6940 0.6205 -0.3653
vn 0.6939 0.6312 -0.3466
vn 0.7032 0.6713 -0.2344
vn 0.6145 0.6931 -0.3768
vn 0.6034 0.7163 -0.3505
vn 0.7080 0.6797 -0.1919
vn -0.8291 0.5574 -0.0439
vn -0.8404 0.5400 -0.0464
vn -0.8476 0.5284 -0.0481
vn -0.8019 -0.5789 -0.1478
vn -0.7842 -0.6028 -0.1471
vn -0.8088 -0.5692 -0.1480
vn 0.2258 0.6245 -0.7477
vn 0.1944 0.6023 -0.7742
vn 0.2854 0.6671 -0.6881
vn 0.2161 0.6143 -0.7589
vn 0.8027 0.5953 0.0363
vn 0.8162 0.5751 0.0559
vn 0.8170 0.5737 0.0572
vn -0.8148 -0.5585 -0.1555
vn -0.8125 -0.5615 -0.1568
vn 0.3570 0.3377 -0.8709
vn 0.2692 0.4313 -0.8611
vn 0.7675 0.6333 -0.0998
vn 0.7483 0.6556 -0.1013
vn 0.7853 0.6103 -0.1045
vn 0.7108 0.6547 -0.2571
vn 0.6232 0.6680 -0.4066
vn 0.7815 0.6128 -0.1170
vn 0.7806 0.6187 -0.0883
vn 0.5040 -0.8635 -0.0174
vn 0.4979 -0.8669 -0.0228
vn 0.7097 0.6617 -0.2419
vn 0.7420 0.6398 -0.2002
vn -0.1471 0.9889 -0.0218
vn -0.2599 0.9654 -0.0234
vn -0.4168 0.9080 -0.0426
vn -0.3112 0.9500 -0.0266
vn 0.5023 -0.8644 -0.0205
vn 0.5240 -0.8517 -0.0069
vn 0.4756 0.7610 -0.4412
vn 0.5910 0.7228 -0.3581
vn -0.4142 0.9006 -0.1320
vn -0.4245 0.9025 -0.0730
vn 0.5483 -0.8363 -0.0011
vn 0.6006 -0.7995 0.0063
vn 0.3802 0.2359 -0.8943
vn 0.4242 0.2171 -0.8792
vn 0.3716 0.2492 -0.8943
vn 0.2809 0.2969 -0.9127
vn -0.6614 -0.7320 -0.1635
vn -0.7349 -0.6580 -0.1644
vn -0.7393 -0.6530 -0.1644
vn 0.7084 -0.7058 -0.0050
vn 0.6969 -0.7168 -0.0212
vn 0.7039 -0.7102 -0.0113
vn 0.8296 0.5531 0.0765
vn 0.8764 -0.4731 -0.0904
vn 0.8995 -0.4232 -0.1084
vn 0.8645 -0.4958 -0.0819
vn -0.7784 0.6268 -0.0344
vn -0.8073 0.5888 -0.0396
vn 0.5376 0.6130 -0.5790
vn 0.3936 0.6173 -0.6812
vn 0.1268 0.6335 -0.7633
vn 0.4370 0.7100 -0.5522
vn 0.4185 0.6201 -0.6635
vn 0.2988 0.4508 -0.8411
vn 0.5071 0.4864 -0.7115
vn 0.4006 0.3139 -0.8608
vn 0.3402 0.6414 -0.6877
vn 0.2930 0.5249 -0.7992
vn -0.6182 0.7637 -0.1858
vn -0.4914 0.8545 -0.1686
vn -0.5558 0.8121 -0.1777
vn 0.6855 -0.7280 0.0053
vn 0.6538 -0.7566 0.0067
vn 0.9884 0.0744 0.1326
vn 0.9678 0.2079 0.1416
vn -0.9574 -0.2488 -0.1465
vn -0.9579 -0.2554 -0.1308
vn -0.1086 0.9773 -0.1818
vn -0.1085 0.9789 -0.1733
vn 0.9672 0.2194 0.1281
vn 0.9850 0.1531 0.0790
vn -0.9560 -0.2384 -0.1711
vn 0.0372 0.9780 -0.2051
vn -0.0459 0.9777 -0.2049
vn 0.9892 0.1364 0.0535
vn 0.9879 0.1535 0.0230
vn 0.9861 0.1616 0.0379
vn 0.9889 0.1464 0.0269
vn -0.9955 -0.0619 -0.0711
vn -0.9987 0.0022 -0.0503
vn -0.9968 -0.0450 -0.0656
vn 0.1210 0.9658 -0.2292
vn 0.1188 0.9309 -0.3454
vn 0.1265 0.9534 -0.2739
vn 0.1070 0.9709 -0.2143
vn 0.1893 0.7023 -0.6862
vn -0.0269 -0.0435 -0.9987
vn -0.5616 0.1526 -0.8132
vn 0.2068 0.8920 -0.4019
vn 0.9858 0.1601 0.0496
vn 0.9863 0.1541 0.0582
vn -0.9987 0.0065 -0.0508
vn -0.9965 -0.0402 -0.0727
vn -0.9910 -0.0661 -0.1165
vn -0.9941 -0.0576 -0.0921
vn 0.4714 0.8502 -0.2343
vn 0.4214 0.8807 -0.2164
vn 0.0019 0.7057 -0.7085
vn 0.0710 0.8498 -0.5223
vn 0.4594 0.8654 -0.2002
vn 0.4363 0.8797 -0.1894
vn 0.9942 0.0993 0.0409
vn 0.9960 0.0826 0.0337
vn -0.9873 -0.0189 -0.1577
vn -0.9883 -0.0342 -0.1490
vn -0.9859 -0.1285 -0.1071
vn -0.9882 -0.0611 -0.1406
vn -0.9879 -0.0437 -0.1491
vn -0.1530 -0.8751 -0.4592
vn -0.2073 -0.8671 -0.4529
vn -0.2300 -0.8630 -0.4499
vn -0.1060 -0.0338 -0.9938
vn -0.0750 -0.2031 -0.9763
vn -0.2082 -0.0580 -0.9764
vn -0.1564 0.1416 -0.9775
vn 0.4319 0.9008 0.0442
vn 0.4350 0.8992 0.0466
vn 0.3819 0.9242 0.0071
vn -0.3338 -0.8339 -0.4396
vn -0.3374 -0.8325 -0.4394
vn -0.1169 -0.3662 -0.9232
vn -0.0888 -0.3587 -0.9292
vn 0.4042 0.9084 -0.1070
vn 0.3419 0.9349 -0.0952
vn 0.4380 0.8827 -0.1701
vn 0.3986 0.9049 -0.1491
vn -0.0885 0.4067 -0.9093
vn -0.0744 0.4677 -0.8807
vn 0.4524 0.8846 -0.1128
vn 0.4608 0.8680 -0.1852
vn 0.4784 0.8533 -0.2076
vn 0.5412 0.8090 -0.2294
vn 0.6575 0.6389 -0.3994
vn 0.1399 -0.4439 -0.8851
vn 0.9993 0.0353 0.0134
vn -0.4035 -0.6796 -0.6127
vn -0.5122 -0.5458 -0.6631
vn -0.3225 -0.7577 -0.5674
vn 0.2567 0.9566 -0.1381
vn 0.2620 0.9579 -0.1178
vn -0.8387 0.5364 -0.0945
vn -0.8651 0.4953 -0.0795
vn 0.2252 0.9511 -0.2113
vn 0.2369 0.9526 -0.1906
vn -0.9376 0.3422 -0.0620
vn -0.9043 0.4216 -0.0666
vn 0.8091 -0.5825 0.0779
vn 0.8845 -0.4586 0.0852
vn 0.8758 -0.4758 0.0818
vn 0.8074 -0.5847 0.0791
vn 0.2057 0.9511 -0.2306
vn 0.1725 0.9188 -0.3551
vn 0.1855 0.9351 -0.3019
vn 0.2098 0.9501 -0.2307
vn -0.9327 0.3576 -0.0468
vn -0.9464 0.3183 -0.0548
vn 0.9424 -0.3267 0.0712
vn 0.9714 -0.2340 0.0408
vn 0.9766 -0.2060 0.0611
vn 0.9515 -0.3027 0.0551
vn 0.1896 0.8023 -0.5660
vn 0.1916 0.7960 -0.5741
vn -0.9254 0.3721 -0.0714
vn -0.9252 0.3616 -0.1151
vn -0.9452 0.2897 -0.1505
vn -0.9365 0.3187 -0.1466
vn 0.9787 -0.1898 0.0785
vn 0.9775 -0.1949 0.0800
vn 0.1530 0.1861 -0.9706
vn 0.1771 0.3309 -0.9269
vn -0.9803 0.0963 -0.1723
vn -0.9827 0.0578 -0.1758
vn 0.9901 -0.0337 0.1364
vn 0.9901 -0.0538 0.1300
vn 0.0345 -0.1954 -0.9801
vn -0.0764 -0.2861 -0.9551
vn -0.9764 -0.1065 -0.1877
vn 0.9828 0.0837 0.1644
vn 0.9789 0.1064 0.1743
vn 0.0070 -0.1623 -0.9867
vn -0.0930 -0.2578 -0.9617
vn -0.2163 -0.8777 -0.4276
vn -0.3083 -0.8467 -0.4337
vn -0.2996 -0.8500 -0.4333
vn 0.9875 0.0501 0.1496
vn 0.4836 0.8713 0.0839
vn 0.1364 0.1854 -0.9732
vn 0.1792 0.2215 -0.9585
vn 0.1257 0.1763 -0.9763
vn 0.2265 0.2038 -0.9525
vn 0.1920 0.1889 -0.9630
vn 0.3306 0.2477 -0.9107
vn -0.6409 0.3945 -0.6585
vn -0.7444 0.1990 -0.6374
vn -0.6151 0.4332 -0.6588
vn -0.1811 0.7408 -0.6469
vn -0.3378 0.6785 -0.6523
vn -0.0028 0.7849 -0.6197
vn -0.6425 0.1499 -0.7515
vn -0.6720 -0.1430 -0.7266
vn -0.6443 0.1411 -0.7517
vn -0.4316 0.4705 -0.7696
vn -0.4753 0.4465 -0.7581
vn -0.3013 0.5322 -0.7912
vn -0.4952 0.2403 -0.8349
vn -0.0124 0.3912 -0.9202
vn -0.0799 0.9264 -0.3679
vn 0.9621 -0.2594 -0.0839
vn 0.9986 -0.0507 -0.0152
vn 0.9928 -0.1140 -0.0360
vn -0.9567 0.2601 0.1307
vn -0.8309 0.5113 0.2195
vn -0.9198 0.3561 0.1651
vn -0.2319 0.9066 0.3525
vn 0.0771 0.9312 0.3563
vn 0.1853 0.9184 0.3495
vn 0.6102 0.7428 0.2757
vn 0.7710 0.5978 0.2195
vn 0.8570 0.4843 0.1758
vn -0.7702 0.5884 0.2460
vn -0.9993 -0.0058 0.0380
vn -0.8679 -0.4812 -0.1229
vn -0.9417 -0.3288 -0.0716
vn -0.9651 -0.2576 -0.0480
vn -0.8287 -0.5410 -0.1434
vn -0.4603 -0.8519 -0.2496
vn 0.2223 -0.9317 -0.2872
vn 0.7416 -0.6393 -0.2034
vn 0.9427 -0.3174 -0.1030
vn 0.9771 0.2005 0.0720
vn 0.0542 0.9827 0.1771
vn 0.0540 0.9827 0.1771
vn -0.6835 0.6003 0.4153
vn -0.0038 0.8487 -0.5288
vn 0.3074 0.7519 -0.5832
vn 0.4426 0.6788 -0.5860
vn 0.9224 0.3186 -0.2185
vn 0.5381 0.6544 -0.5312
vn 0.4462 0.7025 -0.5544
vn 0.4170 0.5955 -0.6867
vn 0.3961 0.4051 -0.8240
vn -0.2163 0.5186 -0.8272
vn -0.5010 0.5282 -0.6855
vn -0.6035 0.4820 -0.6352
vn -0.7311 0.4074 -0.5472
vn 0.8815 -0.4592 0.1099
vn 0.8120 -0.5521 0.1896
vn 0.5710 -0.7421 0.3510
vn 0.4447 -0.8091 0.3842
vn 0.1471 -0.8927 0.4259
vn -0.0029 -0.8877 0.4603
vn -0.3449 0.7424 -0.5743
vn -0.1981 0.6987 -0.6875
vn -0.4742 0.7558 -0.4515
vn -0.5440 0.7003 -0.4623
vn -0.5097 0.6709 -0.5385
vn -0.2020 0.8501 -0.4863
vn -0.1457 0.8036 -0.5771
vn -0.3041 0.8334 -0.4615
vn -0.2996 0.7864 -0.5402
vn -0.1059 0.7766 -0.6211
vn 0.1120 0.9237 -0.3663
vn 0.1120 0.9238 -0.3663
vn 0.9670 -0.2507 -0.0449
vn 0.9984 -0.0508 0.0227
vn 0.9940 -0.1089 0.0033
vn -0.9649 0.2472 0.0887
vn -0.8625 0.4756 0.1730
vn -0.9393 0.3227 0.1165
vn -0.3924 0.8612 0.3232
vn 0.0271 0.9329 0.3591
vn -0.0450 0.9328 0.3576
vn 0.5313 0.7865 0.3148
vn 0.6791 0.6793 0.2783
vn 0.8210 0.5252 0.2238
vn -0.8180 0.5404 0.1970
vn -1.0000 -0.0058 -0.0001
vn -0.8458 -0.5080 -0.1631
vn -0.9286 -0.3530 -0.1142
vn -0.9601 -0.2658 -0.0866
vn -0.7955 -0.5770 -0.1848
vn -0.3431 -0.8970 -0.2786
vn 0.3554 -0.8962 -0.2654
vn 0.7853 -0.5976 -0.1621
vn 0.9500 -0.3055 -0.0639
vn 0.9713 0.2094 0.1130
vn 0.1566 0.9365 -0.3137
vn 0.1565 0.9365 -0.3137
vn 0.9697 -0.2409 -0.0409
vn 0.9977 -0.0592 0.0324
vn 0.9937 -0.1116 0.0114
vn -0.9704 0.2265 0.0840
vn -0.8833 0.4345 0.1759
vn -0.9492 0.2934 0.1134
vn -0.4587 0.8143 0.3556
vn 0.0082 0.9097 0.4152
vn -0.1139 0.9054 0.4090
vn 0.5280 0.7647 0.3693
vn 0.6717 0.6633 0.3299
vn 0.8296 0.4939 0.2605
vn -0.8458 0.4937 0.2021
vn -0.9999 -0.0028 -0.0113
vn -0.8527 -0.4850 -0.1940
vn -0.9327 -0.3330 -0.1384
vn -0.9634 -0.2460 -0.1063
vn -0.8031 -0.5541 -0.2191
vn -0.3226 -0.8875 -0.3290
vn 0.4100 -0.8625 -0.2965
vn 0.8105 -0.5605 -0.1700
vn 0.9548 -0.2909 -0.0615
vn 0.9742 0.1831 0.1320
vn 0.2455 0.7893 -0.5628
vn 0.9761 -0.2174 0.0025
vn 0.9988 0.0124 0.0473
vn 0.9973 -0.0667 0.0321
vn -0.9661 0.2549 0.0409
vn -0.8631 0.4964 0.0930
vn -0.9379 0.3416 0.0595
vn -0.4417 0.8782 0.1834
vn -0.0481 0.9753 0.2154
vn -0.2045 0.9567 0.2071
vn 0.4362 0.8755 0.2081
vn 0.4788 0.8537 0.2048
vn 0.6999 0.6921 0.1767
vn -0.8124 0.5727 0.1097
vn -0.9986 -0.0495 -0.0199
vn -0.7785 -0.6161 -0.1199
vn -0.8608 -0.4989 -0.1005
vn -0.9263 -0.3685 -0.0785
vn -0.6880 -0.7129 -0.1356
vn -0.1877 -0.9677 -0.1684
vn 0.4107 -0.9009 -0.1401
vn 0.7887 -0.6099 -0.0766
vn 0.9557 -0.2941 -0.0130
vn 0.9354 0.3361 0.1101
vn -0.0883 0.0043 -0.9961
vn 0.9788 -0.2049 0.0026
vn 0.9996 -0.0292 0.0055
vn 0.9768 -0.2141 0.0025
vn -0.9239 0.3812 0.0322
vn -0.8297 0.5570 0.0365
vn -0.8182 0.5737 0.0369
vn -0.2323 0.9717 0.0428
vn 0.0368 0.9985 0.0416
vn 0.0647 0.9970 0.0413
vn 0.5483 0.8357 0.0322
vn 0.5606 0.8275 0.0318
vn 0.7429 0.6689 0.0251
vn -0.6858 0.7267 0.0396
vn -0.9993 0.0295 0.0245
vn -0.8604 -0.5094 0.0134
vn -0.8624 -0.5060 0.0135
vn -0.9469 -0.3212 0.0170
vn -0.7419 -0.6704 0.0095
vn -0.3261 -0.9453 0.0021
vn 0.2359 -0.9718 -0.0032
vn 0.6882 -0.7255 -0.0038
vn 0.9249 -0.3802 -0.0005
vn 0.9471 0.3207 0.0140
vn -0.0883 0.0042 -0.9961
vn -0.0884 0.0043 -0.9961
vn -0.0960 -0.2912 -0.9518
vn -0.0959 -0.2912 -0.9518
vn -0.0959 -0.2913 -0.9518
vn 0.9771 -0.2126 0.0103
vn 0.9978 -0.0653 0.0071
vn 0.9600 -0.2798 0.0117
vn -0.9044 0.4264 0.0174
vn -0.8164 0.5772 0.0155
vn -0.7677 0.6406 0.0144
vn -0.1703 0.9854 0.0060
vn 0.1013 0.9948 0.0039
vn 0.1218 0.9926 0.0038
vn 0.6094 0.7928 0.0009
vn 0.5826 0.8128 0.0010
vn 0.7729 0.6345 0.0003
vn -0.6435 0.7653 0.0118
vn -0.9969 0.0749 0.0227
vn -0.8979 -0.4391 0.0313
vn -0.8720 -0.4885 0.0321
vn -0.9607 -0.2763 0.0282
vn -0.7764 -0.6293 0.0338
vn -0.3837 -0.9227 0.0372
vn 0.1763 -0.9838 0.0337
vn 0.6511 -0.7586 0.0242
vn 0.9089 -0.4168 0.0144
vn 0.9586 0.2846 0.0024
vn -0.0960 -0.2913 -0.9518
vn -0.2629 -0.4052 -0.8756
vn 0.9881 -0.1535 -0.0030
vn 0.9997 -0.0248 -0.0083
vn 0.9678 -0.2517 0.0011
vn -0.9206 0.3896 0.0249
vn -0.8545 0.5190 0.0199
vn -0.7824 0.6225 0.0152
vn -0.2350 0.9720 -0.0077
vn 0.0054 0.9999 -0.0138
vn 0.0922 0.9956 -0.0158
vn 0.5500 0.8348 -0.0228
vn 0.5466 0.8371 -0.0228
vn 0.7385 0.6739 -0.0235
vn -0.6829 0.7305 0.0095
vn -0.9985 0.0391 0.0380
vn -0.8762 -0.4789 0.0546
vn -0.8457 -0.5307 0.0559
vn -0.9480 -0.3142 0.0495
vn -0.7409 -0.6690 0.0585
vn -0.3165 -0.9467 0.0600
vn 0.2502 -0.9670 0.0471
vn 0.6965 -0.7171 0.0257
vn 0.9275 -0.3738 0.0063
vn 0.9455 0.3250 -0.0184
vn -0.2629 -0.4053 -0.8756
vn -0.2630 -0.4052 -0.8756
vn -0.7162 0.5651 -0.4095
vn -0.7780 0.4168 -0.4700
vn -0.6702 0.6314 -0.3900
vn -0.8039 -0.5459 -0.2363
vn -0.5243 0.2452 -0.8155
vn -0.6445 0.2917 -0.7067
vn -0.7266 0.6647 0.1739
vn 0.6471 0.6983 -0.3060
vn -0.9690 -0.2239 -0.1047
vn -0.9552 0.0668 -0.2884
vn -0.9822 0.0057 -0.1878
vn -0.9773 -0.2112 -0.0173
vn -0.9581 -0.2853 -0.0269
vn -0.9932 -0.1155 0.0151
vn -0.9295 0.2594 -0.2621
vn -0.9253 0.3123 -0.2152
vn -0.9633 0.2176 -0.1570
vn 0.4711 0.8118 -0.3450
vn 0.4794 0.8042 -0.3512
vn 0.5405 0.7419 -0.3968
vn -0.9985 -0.0385 -0.0380
vn -0.9448 0.2960 -0.1406
vn -0.9370 0.3296 -0.1156
vn -0.9477 0.3068 -0.0878
vn -0.6273 -0.1403 -0.7661
vn -0.6217 -0.2233 -0.7507
vn -0.5628 -0.2920 -0.7733
vn -0.8065 -0.4942 -0.3247
vn -0.8806 -0.3904 -0.2685
vn -0.8417 -0.4681 -0.2690
vn -0.9995 0.0311 -0.0023
vn -0.9999 0.0022 0.0108
vn -0.9924 0.1222 -0.0157
vn -0.8939 -0.4186 -0.1603
vn -0.8209 -0.5413 -0.1820
vn -0.8283 -0.5186 -0.2119
vn -0.9102 -0.4090 -0.0655
vn -0.8681 -0.4925 -0.0623
vn -0.8379 -0.5321 -0.1217
vn -0.8774 -0.4777 -0.0442
vn -0.8924 0.4237 0.1552
vn -0.8925 0.4235 0.1554
vn -0.8926 0.4230 0.1560
vn -0.8926 0.4229 0.1561
vn -0.5498 -0.2802 -0.7869
vn -0.6456 -0.6577 -0.3881
vn -0.1105 0.4787 -0.8710
vn 0.3115 0.8566 -0.4114
vn -0.3181 0.7095 -0.6288
vn -0.7826 0.0727 -0.6183
vn -0.8878 -0.3401 -0.3099
vn 0.0723 0.9544 -0.2896
vn -0.2308 0.0407 -0.9721
vn -0.3982 -0.7329 -0.5516
vn 0.0643 0.7926 -0.6064
vn -0.2551 0.9640 -0.0755
vn 0.0603 0.9917 -0.1135
vn -0.4741 0.8769 -0.0795
vn -0.6530 0.7503 -0.1031
vn 0.1696 0.9760 -0.1364
vn 0.1174 0.9791 -0.1658
vn -0.6419 0.6708 -0.3715
vn -0.5043 0.8156 -0.2835
vn -0.2849 -0.9102 -0.3006
vn -0.7469 -0.6516 -0.1325
vn -0.6935 -0.7035 -0.1553
vn -0.8088 -0.5792 -0.1021
vn -0.7052 0.6081 -0.3645
vn -0.6154 0.7215 -0.3173
vn -0.6413 0.7304 -0.2353
vn -0.7528 0.6317 -0.1851
vn -0.7597 0.5749 -0.3039
vn -0.7495 0.5642 -0.3463
vn -0.4904 0.8518 -0.1845
vn -0.6229 0.7741 -0.1132
vn -0.4858 0.8454 -0.2220
vn -0.7607 0.6484 -0.0303
vn 0.7900 -0.4189 -0.4477
vn 0.5138 -0.7531 -0.4109
vn 0.7499 -0.4875 -0.4473
vn 0.8651 -0.1369 -0.4825
vn 0.8734 -0.1265 -0.4704
vn 0.0505 0.9839 -0.1715
vn 0.0092 0.9864 -0.1639
vn -0.8781 -0.4747 -0.0596
vn -0.9009 -0.4320 -0.0423
vn -0.8090 0.5836 0.0706
vn -0.8243 0.5460 -0.1500
vn -0.8316 0.5490 -0.0833
vn -0.8196 0.5611 0.1156
vn -0.8380 0.4904 -0.2392
vn -0.8462 0.4375 -0.3044
vn -0.8780 0.4529 -0.1546
vn -0.8783 0.4526 -0.1540
vn -0.8671 0.4751 -0.1496
vn -0.8751 0.4612 -0.1465
vn 0.8138 -0.3479 -0.4655
vn 0.8118 -0.3603 -0.4595
vn -0.8650 0.4960 -0.0751
vn -0.9112 0.4080 0.0562
vn -0.8583 0.5124 0.0268
vn -0.8779 0.4629 -0.1223
vn -0.7630 -0.5981 -0.2452
vn -0.6089 0.1327 -0.7821
vn -0.7138 0.2382 -0.6585
vn -0.7093 0.2333 -0.6652
vn 0.5579 0.8081 -0.1891
vn 0.4802 0.8540 -0.2003
vn -0.9725 -0.1199 -0.1997
vn 0.1105 0.9672 -0.2286
vn -0.8969 0.4076 -0.1714
vn -0.8636 0.4674 -0.1892
vn -0.8607 0.4700 -0.1959
vn -0.8898 0.3583 -0.2825
vn -0.8990 0.3763 -0.2241
vn -0.8892 0.3396 -0.3065
vn -0.8762 0.3247 -0.3562
vn -0.8465 0.4735 -0.2434
vn -0.8450 0.4700 -0.2549
vn -0.5686 0.8120 0.1321
vn -0.4944 0.8650 0.0859
vn -0.7078 0.6898 0.1527
vn -0.8039 0.5762 0.1475
vn -0.8796 0.4706 -0.0694
vn -0.8640 0.5007 -0.0527
vn -0.8945 0.4278 0.1301
vn -0.9131 0.3891 0.1222
vn -0.8821 0.4683 0.0505
vn -0.8641 0.5031 0.0171
vn -0.9710 0.2303 0.0645
vn -0.9520 0.2905 0.0962
vn -0.9137 0.3963 -0.0903
vn -0.9297 0.3420 -0.1367
vn -0.9043 0.4218 0.0654
vn -0.9433 0.3317 -0.0110
vn -0.9506 0.3090 -0.0299
vn -0.9563 0.2798 -0.0849
vn -0.7720 -0.5749 -0.2711
vn -0.7734 -0.5696 -0.2782
vn -0.8601 -0.1732 -0.4799
vn -0.8555 0.0203 -0.5175
vn -0.3654 0.8203 -0.4399
vn -0.5850 0.6298 -0.5110
vn 0.1361 0.9702 -0.2004
vn 0.2350 0.9612 -0.1447
vn -0.9686 0.0071 -0.2483
vn -0.8592 0.3144 -0.4037
vn -0.6608 0.6343 -0.4012
vn -0.2275 0.9506 -0.2110
vn -0.6671 0.7352 0.1206
vn -0.6824 0.7214 0.1180
vn -0.6293 0.7668 0.1266
vn -0.9538 0.2993 0.0264
vn -0.9563 0.2923 -0.0053
vn -0.9577 0.2833 -0.0507
vn -0.9403 0.2698 0.2076
vn -0.8714 0.4203 0.2531
vn -0.9629 0.1973 0.1844
vn -0.9606 0.2766 0.0262
vn -0.9551 0.2962 0.0068
vn -0.9943 -0.0386 0.0997
vn -0.9942 -0.0636 0.0864
vn -0.9438 0.3067 0.1234
vn -0.9721 0.2156 0.0927
vn -0.9502 0.3101 -0.0307
vn -0.3222 0.5174 -0.7928
vn -0.5337 -0.5385 -0.6521
vn -0.4782 -0.7520 -0.4538
vn -0.3789 0.3784 -0.8445
vn 0.0748 0.9776 -0.1965
vn 0.0581 0.9702 -0.2354
vn -0.9007 -0.2881 -0.3251
vn -0.8950 -0.1397 -0.4237
vn -0.7695 0.4525 -0.4506
vn -0.7873 0.4099 -0.4606
vn -0.4733 0.8411 -0.2617
vn -0.4023 0.8928 -0.2029
vn -0.1728 0.1875 -0.9670
vn -0.3520 -0.7307 -0.5849
vn 0.1182 0.8731 -0.4731
vn -0.9567 0.2692 -0.1108
vn 0.7134 -0.6099 -0.3451
vn 0.7340 -0.5779 -0.3568
vn 0.6551 -0.6997 -0.2851
vn 0.6517 -0.7101 -0.2664
vn -0.8521 0.4298 -0.2985
vn -0.8565 0.4143 -0.3079
vn 0.6762 -0.7138 -0.1821
vn 0.6634 -0.7197 -0.2047
vn -0.8837 0.2742 -0.3794
vn -0.8395 0.3469 -0.4181
vn -0.9023 0.2715 -0.3349
vn -0.9077 0.2524 -0.3352
vn 0.8863 -0.4427 -0.1362
vn 0.8429 -0.5190 -0.1417
vn -0.9430 0.1124 -0.3133
vn -0.9313 0.1432 -0.3348
vn 0.9623 -0.2447 -0.1186
vn -0.9733 -0.1569 -0.1673
vn -0.8407 -0.5357 -0.0792
vn -0.9111 -0.4091 -0.0492
vn -0.8579 -0.5087 -0.0727
vn 0.7169 0.6046 -0.3471
vn -0.9512 -0.3070 0.0315
vn -0.9329 -0.3597 -0.0202
vn -0.2394 0.6106 -0.7549
vn -0.2765 0.5766 -0.7688
vn -0.1260 0.7010 -0.7019
vn -0.9836 0.0997 -0.1502
vn -0.9868 -0.1076 0.1212
vn -0.9813 -0.1635 0.1014
vn -0.3889 0.2553 -0.8852
vn -0.3890 0.2629 -0.8829
vn -0.9752 0.1732 0.1379
vn -0.9618 0.2423 0.1272
vn -0.2765 -0.2332 -0.9323
vn -0.2185 -0.3612 -0.9065
vn -0.8945 0.4364 0.0970
vn -0.8665 0.4902 0.0937
vn -0.1139 -0.7166 -0.6881
vn -0.1161 -0.7224 -0.6816
vn -0.9835 0.1749 -0.0463
vn -0.9851 0.1708 -0.0184
vn -0.9233 0.3769 -0.0730
vn -0.8892 0.4573 -0.0151
vn -0.8179 0.5691 0.0847
vn -0.7641 0.6410 0.0728
vn -0.9182 0.3880 -0.0796
vn -0.8443 0.5358 0.0035
vn -0.2168 -0.8387 -0.4996
vn -0.2201 -0.8400 -0.4960
vn -0.6952 0.7170 0.0503
vn -0.6331 0.7737 0.0235
vn -0.3291 -0.8638 -0.3815
vn -0.3312 -0.8639 -0.3794
vn -0.7700 0.6359 -0.0522
vn -0.7562 0.6514 -0.0620
vn -0.3611 0.9323 -0.0224
vn -0.4521 -0.8340 -0.3164
vn -0.4195 -0.8475 -0.3254
vn -0.5630 0.8201 -0.1017
vn -0.5950 0.7904 -0.1457
vn -0.2028 0.9776 -0.0559
vn -0.0561 0.9940 -0.0944
vn -0.4569 -0.8514 -0.2577
vn -0.4811 -0.8278 -0.2887
vn -0.3357 0.9214 -0.1959
vn -0.3539 0.8919 -0.2816
vn 0.2064 0.9567 -0.2051
vn 0.2618 0.9368 -0.2321
vn -0.4491 -0.8801 -0.1542
vn -0.4488 -0.8730 -0.1910
vn -0.4487 -0.8866 -0.1120
vn -0.4190 -0.9078 0.0187
vn -0.6289 -0.2167 -0.7467
vn -0.5086 -0.2817 -0.8136
vn -0.1546 0.3638 -0.9185
vn -0.5010 0.0943 -0.8603
vn -0.9697 0.2115 -0.1224
vn -0.9373 0.3097 -0.1602
vn -0.7964 0.5778 -0.1786
vn -0.6483 0.7121 -0.2694
vn -0.9334 0.3481 -0.0868
vn -0.8786 0.4405 -0.1843
vn -0.8219 0.4734 -0.3168
vn -0.6802 0.3959 -0.6169
vn -0.5132 0.6447 -0.5665
vn -0.4831 0.2616 -0.8355
vn -0.2835 0.1686 -0.9441
vn -0.7235 -0.1478 -0.6743
vn -0.7214 -0.1512 -0.6758
vn -0.7866 -0.6050 0.1234
vn -0.8749 -0.4591 0.1540
vn -0.8542 -0.4989 0.1464
vn -0.1493 0.1385 -0.9790
vn -0.9143 0.4050 0.0066
vn -0.8595 0.5110 0.0145
vn -0.8818 0.4717 -0.0020
vn -0.8231 -0.4849 -0.2956
vn -0.8500 -0.4088 -0.3324
vn -0.9230 0.3832 -0.0356
vn -0.9213 0.3876 -0.0325
vn -0.9129 0.1810 -0.3659
vn -0.9246 -0.0538 -0.3770
vn -0.8822 0.4541 -0.1249
vn -0.8985 0.4277 -0.0987
vn -0.4135 0.8730 -0.2587
vn -0.7290 0.6048 -0.3204
vn -0.6971 0.7053 -0.1292
vn -0.7878 0.5948 -0.1600
vn -0.5916 -0.7533 -0.2872
vn -0.5950 -0.7367 -0.3213
vn -0.7599 -0.0587 -0.6474
vn -0.5644 -0.0321 -0.8249
vn -0.1061 0.7270 -0.6783
vn -0.2781 0.7770 -0.5648
vn -0.5738 0.8173 -0.0522
vn -0.5633 0.8256 -0.0325
vn -0.0261 0.9941 -0.1049
vn -0.0381 0.9896 -0.1387
vn 0.3765 0.9182 -0.1233
vn 0.3460 0.9229 -0.1693
vn -0.7218 0.6911 -0.0373
vn -0.7663 0.6367 -0.0860
vn -0.9898 0.1374 -0.0377
vn -0.9937 -0.0836 -0.0742
vn -0.9591 -0.0894 -0.2687
vn -0.9627 0.1284 -0.2382
vn -0.7847 0.5565 -0.2731
vn -0.6387 0.5331 -0.5549
vn -0.8528 -0.0378 -0.5209
vn -0.7643 0.3113 -0.5647
vn -0.2610 0.4767 -0.8394
vn -0.1700 0.7233 -0.6692
vn -0.1504 0.6078 -0.7797
vn -0.6472 0.1890 -0.7386
vn -0.7648 -0.0200 -0.6440
vn 0.0005 0.3352 -0.9421
vn -0.0562 0.2367 -0.9699
vn 0.1780 0.3305 -0.9269
vn -0.0199 0.3398 -0.9403
vn -0.2212 0.1368 -0.9656
vn -0.6113 -0.1313 -0.7805
vn 0.2258 0.4234 -0.8773
vn 0.0599 0.4179 -0.9065
vn -0.2296 0.1388 -0.9633
vn -0.4242 -0.2334 -0.8750
vn -0.9084 -0.3797 0.1750
vn -0.9132 -0.3682 0.1748
vn -0.8960 -0.4081 0.1753
vn -0.2420 -0.9416 0.2342
vn 0.9797 -0.1998 0.0168
vn 0.8879 -0.4600 -0.0061
vn 0.8686 -0.4955 -0.0091
vn 0.8861 -0.4635 -0.0064
vn 0.9040 -0.4274 -0.0034
vn 0.9883 0.1521 0.0088
vn 0.8270 0.5597 0.0529
vn 0.8715 0.4882 0.0454
vn 0.8373 0.5443 0.0513
vn 0.7826 0.6178 0.0773
vn 0.7852 0.6156 0.0672
vn 0.7799 0.6198 0.0872
vn 0.9641 0.2561 0.0705
vn 0.9548 0.2955 0.0331
vn 0.9546 0.2961 0.0326
vn -0.8303 -0.4419 -0.3396
vn -0.8374 -0.4138 -0.3572
vn 0.9259 0.3762 -0.0349
vn 0.9296 0.3675 -0.0286
vn -0.8728 -0.4412 -0.2086
vn 0.8565 0.5140 -0.0474
vn 0.8625 0.5038 -0.0483
vn -0.8190 -0.5188 -0.2451
vn -0.8197 -0.5006 -0.2784
vn 0.7483 0.6626 -0.0322
vn 0.6793 0.7335 -0.0234
vn 0.4369 0.8993 -0.0205
vn 0.5704 0.8212 -0.0155
vn -0.9532 -0.3001 -0.0380
vn -0.9734 -0.2290 0.0093
vn -0.9746 -0.2222 0.0275
vn -0.9451 -0.3151 -0.0862
vn -0.9476 -0.3189 -0.0177
vn -0.9184 -0.3942 -0.0332
vn 0.3725 0.9278 -0.0203
vn 0.2856 0.9583 -0.0118
vn 0.2461 0.9692 -0.0025
vn 0.1406 0.9892 0.0408
vn 0.1621 0.9863 0.0321
vn 0.3171 0.8877 0.3338
vn 0.2682 0.9311 0.2471
vn 0.2464 0.9464 0.2090
vn 0.1789 0.9082 0.3782
vn 0.2669 0.8890 0.3722
vn 0.1067 0.9184 0.3809
vn 0.4661 0.8772 -0.1148
vn 0.5752 0.8083 -0.1254
vn 0.5104 0.8516 -0.1193
vn -0.2996 0.9539 0.0155
vn -0.4161 0.9093 -0.0079
vn 0.3261 -0.1770 -0.9286
vn -0.2041 0.9784 0.0339
vn -0.0793 -0.8241 -0.5608
vn 0.1894 0.9818 0.0145
vn 0.2447 0.9690 0.0344
vn -0.8150 -0.5089 -0.2772
vn -0.7826 -0.5345 -0.3190
vn -0.7739 -0.5408 -0.3295
vn 0.2285 0.9735 -0.0071
vn -0.8216 -0.5031 -0.2681
vn 0.2659 0.9638 -0.0205
vn 0.5238 0.8352 -0.1677
vn 0.5905 0.7852 -0.1866
vn 0.7139 0.6645 -0.2210
vn -0.8238 0.5055 -0.2566
vn -0.8819 0.3815 -0.2770
vn -0.9153 0.2805 -0.2891
vn 0.9538 -0.2953 0.0548
vn 0.9217 -0.3864 0.0351
vn 0.9466 -0.3151 0.0686
vn 0.8785 -0.4681 0.0953
vn 0.7852 0.5662 -0.2509
vn 0.7962 0.5416 -0.2697
vn -0.7759 0.5834 -0.2402
vn 0.8562 -0.5065 0.1020
vn 0.8041 0.5225 -0.2837
vn -0.5849 0.7986 -0.1420
vn 0.6125 -0.7878 0.0655
vn -0.8456 -0.3049 -0.4381
vn -0.9552 -0.2224 -0.1950
vn -0.9554 -0.1320 -0.2640
vn -0.8947 0.1935 -0.4025
vn -0.5456 0.7563 -0.3609
vn -0.2801 0.9370 -0.2088
vn -0.2232 0.9602 -0.1678
vn -0.5863 -0.7114 -0.3876
vn -0.4946 -0.1827 -0.8497
vn -0.1087 0.5247 -0.8443
vn 0.3107 0.8787 -0.3623
vn 0.3403 0.9349 0.1007
vn 0.6185 0.7751 -0.1293
vn -0.9579 0.2744 0.0839
vn -0.9558 0.2819 0.0837
vn -0.9901 -0.0580 -0.1277
vn -0.7520 0.6591 -0.0045
vn -0.8141 0.5804 -0.0222
vn -0.0852 0.8243 -0.5597
vn -0.8066 0.5753 -0.1356
vn -0.7889 0.6007 -0.1299
vn -0.8029 0.5828 -0.1256
vn -0.8177 0.5608 -0.1300
vn -0.8019 0.5937 -0.0669
vn -0.7458 0.6661 -0.0104
vn -0.7459 0.6654 -0.0290
vn 0.6893 -0.6559 0.3077
vn 0.6300 -0.6484 0.4274
vn 0.7464 -0.4722 0.4690
vn 0.9105 0.4135 -0.0080
vn 0.9134 0.4070 0.0072
vn 0.9443 0.3210 -0.0728
vn 0.9965 0.0824 0.0119
vn -0.4266 -0.8792 0.2122
vn -0.4571 -0.8518 0.2559
vn -0.4296 -0.8767 0.2164
vn 0.9889 -0.1419 -0.0437
vn 0.6120 0.0266 0.7904
vn 0.6108 0.1284 0.7813
vn 0.6612 0.0733 0.7466
vn 0.8658 0.4568 0.2042
vn 0.7903 0.5915 0.1600
vn 0.9093 0.3850 0.1580
vn 0.9860 -0.0141 0.1660
vn 0.9914 -0.0478 0.1222
vn 0.9912 -0.0530 0.1209
vn 0.7327 0.6709 0.1138
vn 0.6910 0.7159 0.1001
vn 0.8165 0.5684 0.1013
vn 0.6838 0.7242 0.0889
vn 0.6799 0.7274 0.0929
vn 0.7831 0.6098 0.1219
vn 0.9164 0.2849 -0.2810
vn 0.9855 -0.0112 -0.1693
vn 0.3330 -0.9420 0.0419
vn -0.1873 -0.9745 0.1233
vn -0.2018 -0.9729 0.1131
vn 0.0542 -0.9813 0.1845
vn 0.6307 -0.5894 0.5049
vn 0.7862 -0.5901 0.1836
vn 0.7290 -0.6046 0.3209
vn 0.8426 -0.4807 0.2430
vn 0.8182 -0.4948 0.2929
vn 0.4128 -0.8893 0.1967
vn 0.6189 -0.7665 0.1714
vn 0.1643 -0.9691 0.1841
vn 0.8156 -0.5645 0.1269
vn -0.0803 -0.9809 0.1771
vn 0.8768 -0.4637 0.1271
vn 0.8775 -0.4604 0.1345
vn 0.8998 -0.4316 0.0642
vn 0.8689 -0.4643 0.1716
vn 0.8807 -0.4189 0.2210
vn 0.8831 -0.3943 0.2541
vn 0.9358 -0.2555 0.2428
vn 0.9014 -0.3622 0.2374
vn 0.8512 -0.4755 0.2222
vn 0.9390 -0.3427 0.0284
vn 0.9447 -0.2899 0.1534
vn 0.8416 -0.4269 0.3309
vn 0.8624 -0.4415 0.2479
vn 0.8912 -0.2177 0.3979
vn 0.9199 -0.2993 0.2532
vn 0.9156 -0.3061 0.2607
vn 0.8729 -0.2773 0.4015
vn 0.9822 0.1013 0.1584
vn 0.9419 0.3267 0.0784
vn 0.9853 -0.1394 0.0991
vn 0.8716 0.4898 -0.0196
vn 0.9081 0.4083 -0.0926
vn 0.9436 -0.1117 0.3117
vn 0.9579 -0.2474 0.1456
vn 0.9321 0.2207 -0.2871
vn 0.9352 0.1555 -0.3182
vn 0.8953 -0.2874 -0.3403
vn 0.9117 -0.2111 -0.3524
vn 0.7062 -0.6571 -0.2636
vn 0.7721 -0.5699 -0.2813
vn 0.9642 -0.2597 -0.0542
vn 0.9010 -0.4325 -0.0332
vn 0.9104 -0.4100 -0.0556
vn 0.6125 -0.7577 -0.2253
vn 0.5823 -0.7863 -0.2067
vn 0.8685 -0.4949 0.0260
vn 0.5064 -0.8480 -0.1564
vn 0.4496 -0.8856 -0.1165
vn 0.8553 -0.5170 0.0348
vn 0.1976 -0.9790 -0.0500
vn 0.3536 -0.9321 -0.0784
vn 0.6263 -0.7795 0.0146
vn 0.0669 -0.9976 -0.0178
vn -0.0447 -0.9989 0.0146
vn 0.5303 -0.8335 0.1553
vn 0.3169 -0.9189 0.2349
vn 0.4068 -0.8905 0.2040
vn -0.2471 -0.9636 0.1023
vn -0.2834 -0.9514 0.1204
vn 0.4429 0.0803 0.8930
vn 0.4979 -0.1816 0.8480
vn -0.0947 -0.6833 0.7240
vn 0.9165 -0.3748 0.1397
vn 0.8487 -0.5157 0.1168
vn 0.7999 -0.5895 0.1130
vn 0.8489 -0.5098 0.1395
vn 0.7316 -0.4616 0.5017
vn 0.6840 -0.5620 0.4651
vn 0.4275 -0.6121 0.6653
vn 0.3992 -0.2898 0.8699
vn 0.5356 0.0120 0.8444
vn 0.6352 0.0572 0.7702
vn 0.1687 -0.1720 0.9706
vn 0.9175 -0.3970 0.0233
vn 0.7908 -0.6113 0.0310
vn 0.9954 -0.0292 0.0909
vn 0.9953 -0.0326 0.0909
vn 0.7879 -0.3069 0.5338
vn 0.7978 -0.4661 0.3825
vn 0.9637 0.2361 0.1243
vn 0.9198 0.0376 0.3906
vn 0.4236 -0.2747 0.8632
vn 0.7194 -0.0429 0.6933
vn 0.7449 -0.0223 0.6668
vn 0.8194 -0.1220 0.5601
vn 0.9012 0.0978 0.4221
vn 0.4819 0.1478 0.8636
vn 0.1012 -0.2477 0.9635
vn 0.4016 -0.1966 0.8945
vn 0.3234 -0.2129 0.9220
vn 0.5615 -0.0148 0.8273
vn -0.0667 -0.4447 0.8932
vn 0.1635 -0.4879 0.8574
vn 0.3872 -0.2455 0.8887
vn 0.5018 0.0896 0.8603
vn 0.9040 0.3809 0.1942
vn 0.8099 0.5661 0.1538
vn 0.8414 0.5174 0.1559
vn 0.9037 0.4235 0.0629
vn 0.9148 0.4031 0.0265
vn 0.8966 0.4412 0.0378
vn 0.9046 0.4252 0.0292
vn 0.8127 0.5717 0.1126
vn 0.4231 -0.9061 0.0025
vn 0.3018 -0.9532 -0.0197
vn 0.1918 -0.9807 -0.0387
vn -0.1934 -0.9809 -0.0222
vn -0.2290 -0.9725 -0.0420
vn -0.2727 -0.9621 0.0021
vn -0.3362 -0.9416 0.0171
vn -0.5965 -0.7868 0.1584
vn -0.8552 -0.4707 0.2169
vn -0.8639 -0.4466 0.2327
vn -0.8628 -0.4499 0.2305
vn -0.8714 -0.4235 0.2474
vn 0.7354 -0.6767 0.0361
vn 0.7520 -0.6591 0.0146
vn -0.1526 -0.7507 0.6428
vn 0.2625 -0.9314 0.2521
vn 0.7454 -0.6609 0.0868
vn 0.8010 -0.5896 0.1034
vn 0.8921 -0.4183 0.1707
vn 0.8917 -0.4221 0.1631
vn -0.2092 0.9779 0.0001
vn -0.2395 0.9453 0.2215
vn -0.2792 0.9330 0.2273
vn -0.3186 0.9479 -0.0000
vn -0.9250 0.3706 -0.0838
vn -0.9892 0.1458 0.0109
vn -0.9960 0.0890 0.0036
vn -0.9762 0.2157 0.0210
vn -0.0879 0.9531 0.2895
vn -0.0238 0.9509 0.3086
vn 0.0297 0.9697 0.2426
vn 0.0247 0.9048 0.4252
vn -0.4589 0.8668 0.1953
vn -0.6027 0.7455 0.2846
vn -0.1062 0.7799 0.6168
vn -0.1762 0.6915 0.7006
vn -0.4732 0.7319 0.4903
vn -0.0567 0.8811 0.4696
vn -0.3071 0.8947 0.3243
vn -0.3560 0.8845 0.3015
vn -0.5611 0.5283 0.6372
vn -0.0261 0.8248 0.5648
vn -0.1357 0.7991 0.5856
vn 0.9754 0.2117 0.0620
vn 0.9976 -0.0442 0.0536
vn 0.9990 0.0082 0.0441
vn 0.9724 0.2074 0.1066
vn -0.0622 0.9981 -0.0000
vn 0.0124 0.9999 0.0021
vn -0.2048 0.8437 0.4962
vn -0.8661 0.2592 0.4274
vn -0.5770 0.0371 0.8159
vn -0.6406 0.4973 0.5851
vn -0.9303 0.3653 0.0322
vn -0.4468 0.8946 -0.0000
vn -0.9439 -0.3007 -0.1367
vn -0.9694 -0.2448 0.0155
vn -0.4524 -0.8916 -0.0207
vn -0.0200 -0.9569 0.2898
vn -0.9983 0.0467 -0.0340
vn -0.7592 0.5480 0.3511
vn -0.0510 0.8328 0.5512
vn -0.9998 -0.0062 -0.0213
vn 0.5489 0.8090 0.2104
vn 0.5672 0.8236 -0.0000
vn 0.0908 0.9953 -0.0331
vn 0.0327 0.9905 0.1335
vn 0.9574 0.2844 -0.0492
vn 0.9993 -0.0276 0.0255
vn 0.9993 -0.0375 -0.0000
vn 0.9735 0.2270 0.0279
vn 0.5958 0.7414 0.3089
vn 0.6588 0.6094 0.4412
vn -0.5685 0.5115 0.6444
vn -0.0929 0.6717 0.7350
vn 0.8155 -0.4543 0.3586
vn 0.9006 -0.4220 0.1039
vn 0.2188 0.3563 0.9084
vn -0.9881 0.1536 -0.0000
vn 0.0275 0.9734 0.2275
vn -0.0628 0.9717 0.2277
vn -0.1081 0.9941 0.0002
vn 0.0602 0.9982 -0.0005
vn -0.9654 0.2602 0.0164
vn -0.9791 0.2031 0.0048
vn -0.9322 0.3608 0.0276
vn -0.8539 0.5125 -0.0909
vn 0.3878 0.8803 0.2734
vn 0.4135 0.8827 0.2231
vn 0.2712 0.9329 0.2371
vn 0.1980 0.8795 0.4328
vn -0.2259 0.9527 0.2033
vn -0.4339 0.8475 0.3058
vn 0.2994 0.6948 0.6539
vn -0.1318 0.7158 0.6857
vn -0.1882 0.8460 0.4989
vn 0.4219 0.7884 0.4476
vn -0.0423 0.9520 0.3032
vn -0.1432 0.9433 0.2994
vn -0.4162 0.6066 0.6773
vn 0.0761 0.8282 0.5553
vn 0.0024 0.8170 0.5767
vn 0.9819 -0.1775 0.0666
vn 0.9961 -0.0813 0.0338
vn 0.9897 0.1045 0.0973
vn 0.9949 0.0710 0.0719
vn 0.3991 0.9169 -0.0000
vn 0.2701 0.9628 0.0016
vn -0.8249 0.4330 0.3633
vn -0.8141 0.2351 0.5310
vn -0.2012 0.7788 0.5942
vn -0.0961 0.8341 0.5432
vn -0.8622 0.5052 0.0357
vn -0.2010 0.9796 -0.0000
vn -0.9791 0.0863 -0.1843
vn -0.8464 -0.5318 0.0294
vn -0.8313 -0.5559 -0.0003
vn -0.9869 0.1266 -0.1002
vn -0.9853 0.1677 -0.0316
vn -0.6631 0.6471 0.3762
vn 0.0747 0.8213 0.5655
vn -0.9937 0.1095 -0.0254
vn 0.6338 0.7479 0.1972
vn 0.6532 0.7572 -0.0000
vn 0.1901 0.9813 -0.0303
vn 0.1351 0.9833 0.1224
vn 0.9785 0.1938 -0.0701
vn 0.9917 -0.1281 0.0085
vn 0.9905 -0.1373 -0.0000
vn 0.9921 0.1216 0.0322
vn 0.6741 0.6763 0.2969
vn 0.7297 0.5251 0.4380
vn -0.4350 0.6081 0.6641
vn 0.0509 0.6972 0.7151
vn 0.7163 -0.5920 0.3694
vn 0.8138 -0.5716 0.1050
vn 0.2812 0.3352 0.8992
vn 0.0557 0.9753 0.2139
vn 0.0900 0.9959 -0.0000
vn -0.0788 0.9386 0.3357
vn -0.1859 0.7529 0.6314
vn -0.3175 0.7990 0.5107
vn -0.4977 0.6078 0.6188
vn -0.5108 0.1462 0.8472
vn -0.4281 -0.8762 0.2215
vn -0.5238 -0.8507 0.0443
vn -0.9640 0.2661 -0.0000
vn 0.5261 0.8504 0.0006
vn 0.4872 0.8531 0.1866
vn 0.3358 0.9291 0.1546
vn 0.4230 0.9061 0.0001
vn -0.7340 0.6596 -0.1618
vn -0.9407 0.3385 0.0244
vn -0.9599 0.2803 0.0049
vn -0.8815 0.4707 0.0381
vn 0.6542 0.7306 0.1956
vn 0.3261 0.9129 0.2456
vn 0.2217 0.8670 0.4463
vn 0.6755 0.6910 0.2572
vn -0.0737 0.9739 0.2147
vn -0.2679 0.9212 0.2823
vn 0.6169 0.4372 0.6544
vn 0.4450 0.5920 0.6720
vn 0.4567 0.7246 0.5162
vn 0.7366 0.5433 0.4027
vn 0.4579 0.8311 0.3155
vn 0.0607 0.5439 0.8370
vn 0.2263 0.7772 0.5872
vn 0.1527 0.7856 0.5997
vn 0.2501 0.9290 0.2727
vn 0.9945 0.1028 0.0204
vn 0.9710 -0.2334 0.0524
vn 0.9840 -0.1783 0.0069
vn 0.9962 -0.0557 0.0677
vn 0.6289 0.7573 0.1759
vn 0.3162 0.9294 0.1905
vn -0.1189 0.7288 0.6743
vn -0.7756 0.4823 0.4073
vn -0.6679 0.1644 0.7259
vn -0.2579 0.5114 0.8197
vn -0.9739 0.1142 -0.1963
vn -0.9657 0.2054 -0.1589
vn -0.8144 -0.5801 -0.0157
vn 0.0815 0.8185 0.5687
vn -0.8637 0.4746 -0.1697
vn -0.9830 0.1813 -0.0274
vn 0.3417 0.9395 0.0228
vn 0.8006 0.5830 0.1380
vn 0.8489 0.5222 0.0821
vn 0.5302 0.8351 0.1464
vn 0.9719 0.0293 -0.2337
vn 0.9402 -0.3366 -0.0522
vn 0.8987 -0.4279 -0.0958
vn 0.9669 -0.2440 -0.0744
vn 0.2780 0.9358 0.2167
vn 0.7648 0.4640 0.4469
vn 0.7822 0.5622 0.2686
vn 0.2108 0.5039 0.8377
vn 0.4735 0.6861 0.5523
vn 0.7842 -0.5965 0.1710
vn 0.8945 -0.4303 0.1212
vn 0.7136 0.3854 0.5850
vn 0.6081 0.7938 -0.0004
vn 0.4565 0.8675 0.1976
vn 0.4511 0.8925 -0.0000
vn 0.5720 0.5904 0.5694
vn 0.5052 0.6867 0.5227
vn 0.4560 0.8100 0.3686
vn -0.2773 -0.9597 0.0444
vn -0.6742 -0.6382 0.3718
vn -0.9395 0.3426 -0.0000
vn -0.9382 0.3448 0.0298
vn -0.7907 0.6067 0.0817
vn -0.8107 0.5854 -0.0000
vn 0.4494 0.8647 0.2242
vn 0.4539 0.8642 0.2169
vn 0.2479 0.4670 0.8488
vn -0.0592 0.9814 0.1828
vn -0.0971 0.9953 -0.0000
vn -0.5671 0.7441 0.3531
vn 0.2851 0.9585 0.0025
vn 0.9091 0.4166 -0.0000
vn 0.6342 0.7723 -0.0360
vn 0.9131 -0.4037 0.0575
vn -0.8232 -0.5654 -0.0516
vn 0.1188 0.4464 0.8869
vn -0.8309 -0.5551 0.0388
vn -0.3114 0.8936 -0.3232
vn -0.2204 0.9496 -0.2230
vn -0.9484 0.3113 -0.0600
vn -0.9471 0.3057 0.0975
vn -0.9960 0.0890 -0.0036
vn -0.9892 0.1458 -0.0109
vn -0.0032 0.8859 -0.4639
vn -0.0064 0.9296 -0.3684
vn 0.0664 0.9616 -0.2662
vn -0.0775 0.9754 -0.2062
vn -0.5819 0.7769 -0.2404
vn -0.4952 0.8396 -0.2232
vn -0.0842 0.6823 -0.7262
vn 0.0197 0.9529 -0.3027
vn -0.4921 0.7267 -0.4792
vn -0.3393 0.7084 -0.6189
vn -0.3076 0.8955 -0.3216
vn -0.4796 0.6676 -0.5695
vn 0.0005 0.9409 -0.3386
vn -0.0861 0.6468 -0.7578
vn -0.5116 0.7401 -0.4365
vn 0.9876 0.0913 -0.1281
vn 0.9547 0.2976 -0.0002
vn 0.9990 0.0082 -0.0441
vn 0.9976 -0.0442 -0.0536
vn -0.2493 0.8017 -0.5433
vn -0.6253 0.5009 -0.5985
vn -0.5622 0.0407 -0.8260
vn -0.8591 0.2357 -0.4542
vn -0.9012 -0.4332 0.0114
vn -0.3429 -0.9179 -0.1997
vn -0.4524 -0.8916 0.0208
vn -0.9694 -0.2448 -0.0155
vn -0.9758 0.1775 0.1277
vn -0.7576 0.5842 -0.2912
vn -0.0454 0.7602 -0.6481
vn -0.9998 -0.0062 0.0213
vn 0.5581 0.8007 -0.2176
vn 0.0285 0.9696 -0.2430
vn 0.9723 0.2220 -0.0738
vn 0.9993 -0.0276 -0.0255
vn 0.5989 0.7532 -0.2720
vn 0.6392 0.6066 -0.4727
vn -0.5237 0.6054 -0.5993
vn -0.1248 0.6252 -0.7704
vn 0.7309 -0.5396 -0.4178
vn 0.9006 -0.4220 -0.1039
vn 0.2374 0.3637 -0.9007
vn 0.0466 0.9729 -0.2266
vn -0.0966 0.9399 -0.3275
vn -0.9654 0.2602 -0.0164
vn -0.8878 0.4548 -0.0703
vn -0.8867 0.4519 0.0977
vn -0.9791 0.2032 -0.0047
vn 0.4078 0.8533 -0.3250
vn 0.1776 0.9067 -0.3825
vn 0.3007 0.9194 -0.2536
vn 0.3861 0.8993 -0.2052
vn -0.4120 0.8738 -0.2583
vn -0.2698 0.9338 -0.2351
vn 0.3241 0.6279 -0.7076
vn 0.4571 0.7973 -0.3941
vn -0.2157 0.8371 -0.5028
vn -0.1828 0.7899 -0.5854
vn -0.0520 0.9480 -0.3139
vn -0.2973 0.7365 -0.6076
vn 0.1243 0.9387 -0.3215
vn -0.0111 0.6671 -0.7449
vn -0.3279 0.8206 -0.4680
vn 0.9819 -0.1775 -0.0665
vn 0.9892 -0.0387 -0.1414
vn 0.9815 0.1916 -0.0027
vn 0.9961 -0.0813 -0.0338
vn -0.8041 0.4258 -0.4149
vn -0.1453 0.8012 -0.5805
vn -0.1899 0.8448 -0.5003
vn -0.8257 0.2499 -0.5058
vn -0.9791 0.0863 0.1843
vn -0.9846 -0.0593 0.1644
vn -0.9170 -0.3763 0.1321
vn -0.8464 -0.5318 -0.0294
vn -0.9442 0.3053 0.1235
vn -0.6594 0.6793 -0.3220
vn 0.0761 0.7482 -0.6591
vn -0.9937 0.1095 0.0254
vn 0.6417 0.7387 -0.2060
vn 0.1326 0.9632 -0.2340
vn 0.9911 0.1207 -0.0569
vn 0.9917 -0.1281 -0.0085
vn 0.6896 0.6803 -0.2484
vn 0.7131 0.5223 -0.4676
vn 0.0080 0.6569 -0.7539
vn -0.3632 0.7074 -0.6063
vn 0.6126 -0.6554 -0.4418
vn 0.8138 -0.5716 -0.1050
vn 0.3014 0.3413 -0.8903
vn 0.0314 0.9789 -0.2021
vn -0.0699 0.9364 -0.3438
vn -0.0369 0.7081 -0.7051
vn -0.2969 0.8017 -0.5188
vn -0.5077 0.6079 -0.6105
vn -0.5359 0.1500 -0.8308
vn -0.3227 -0.9157 -0.2396
vn -0.5237 -0.8507 -0.0443
vn 0.3238 0.9253 -0.1977
vn 0.4977 0.8467 -0.1879
vn -0.8171 0.5690 -0.0928
vn -0.7813 0.6051 0.1529
vn -0.9599 0.2803 -0.0049
vn -0.9407 0.3385 -0.0244
vn 0.6370 0.7434 -0.2040
vn 0.6723 0.6895 -0.2694
vn 0.2109 0.9017 -0.3774
vn 0.3543 0.8955 -0.2694
vn -0.2779 0.9224 -0.2683
vn -0.1086 0.9721 -0.2079
vn 0.6487 0.3752 -0.6621
vn 0.7328 0.5451 -0.4073
vn 0.4626 0.7235 -0.5125
vn 0.3992 0.6584 -0.6380
vn 0.4539 0.8318 -0.3194
vn 0.2775 0.8095 -0.5174
vn 0.0331 0.7527 -0.6575
vn 0.2977 0.8924 -0.3391
vn 0.1009 0.5776 -0.8101
vn 0.9835 -0.1023 -0.1490
vn 0.9900 0.0952 0.1037
vn 0.9840 -0.1783 -0.0069
vn 0.9710 -0.2334 -0.0524
vn 0.3233 0.9262 -0.1939
vn 0.6244 0.7603 -0.1793
vn -0.1999 0.6985 -0.6871
vn -0.2947 0.6840 -0.6674
vn -0.6749 0.1719 -0.7176
vn -0.7552 0.4895 -0.4359
vn -0.9376 0.3355 0.0912
vn -0.8422 -0.5388 0.0189
vn -0.8196 -0.5729 -0.0087
vn 0.0715 0.7309 -0.6787
vn -0.9615 0.2727 0.0339
vn -0.9984 0.0550 0.0109
vn -0.9830 0.1813 0.0274
vn 0.3821 0.9021 -0.2007
vn 0.5346 0.8423 -0.0681
vn 0.8493 0.5227 -0.0741
vn 0.8069 0.5736 -0.1409
vn 0.9934 -0.1034 0.0496
vn 0.9690 -0.1670 0.1821
vn 0.8987 -0.4279 0.0958
vn 0.9402 -0.3366 0.0522
vn 0.0940 0.8773 -0.4706
vn 0.7856 0.5653 -0.2515
vn 0.7483 0.4755 -0.4626
vn 0.3324 0.6287 -0.7030
vn 0.4071 0.6680 -0.6229
vn 0.6841 -0.6586 -0.3135
vn 0.8945 -0.4303 -0.1212
vn 0.7162 0.3831 -0.5833
vn 0.4460 0.8729 -0.1979
vn 0.4073 0.6394 -0.6521
vn 0.4992 0.6882 -0.5265
vn 0.4494 0.8104 -0.3758
vn -0.2773 -0.9597 -0.0444
vn -0.7538 -0.5146 -0.4086
vn -0.7817 0.6227 0.0333
vn -0.9382 0.3448 -0.0298
vn 0.4496 0.8646 -0.2242
vn 0.4449 0.8693 -0.2153
vn 0.2253 0.4716 -0.8526
vn -0.0760 0.9799 -0.1842
vn -0.5931 0.7357 -0.3271
vn 0.1159 0.4527 -0.8841
vn 0.1520 -0.9804 -0.1251
vn 0.1515 -0.9800 -0.1290
vn 0.1514 -0.9799 -0.1298
vn 0.1518 -0.9802 -0.1270
vn 0.5895 -0.5497 -0.5919
vn 0.5894 -0.5534 -0.5885
vn 0.5878 -0.5421 -0.6005
vn 0.5869 -0.5443 -0.5994
vn 0.4071 -0.8133 -0.4157
vn 0.4135 -0.8031 -0.4290
vn 0.4122 -0.8048 -0.4271
vn 0.4068 -0.8135 -0.4156
vn 0.2094 -0.9707 -0.1181
vn 0.2088 -0.9707 -0.1188
vn 0.2093 -0.9707 -0.1183
vn 0.2116 -0.9706 -0.1147
vn 0.5575 -0.5802 -0.5938
vn 0.5653 -0.5696 -0.5967
vn 0.5598 -0.5739 -0.5977
vn 0.5605 -0.5835 -0.5877
vn 0.3210 -0.8512 -0.4152
vn 0.3254 -0.8423 -0.4298
vn 0.3224 -0.8448 -0.4271
vn 0.3213 -0.8570 -0.4030
vn 0.2798 -0.9393 -0.1985
vn 0.2796 -0.9394 -0.1983
vn 0.2809 -0.9379 -0.2034
vn 0.2809 -0.9379 -0.2038
vn 0.1365 -0.9676 -0.2126
vn 0.1358 -0.9651 -0.2239
vn 0.1353 -0.9643 -0.2278
vn 0.1357 -0.9650 -0.2245
vn -0.0820 -0.9892 -0.1211
vn -0.0829 -0.9882 -0.1290
vn -0.0830 -0.9879 -0.1308
vn -0.0828 -0.9883 -0.1280
vn 0.3991 -0.6542 -0.6425
vn 0.3960 -0.6574 -0.6411
vn 0.4022 -0.6316 -0.6628
vn 0.3977 -0.6360 -0.6613
vn 0.1363 -0.8829 -0.4494
vn 0.1459 -0.8641 -0.4817
vn 0.1473 -0.8622 -0.4847
vn 0.1371 -0.8799 -0.4549
vn -0.1422 -0.9813 -0.1299
vn -0.1418 -0.9813 -0.1304
vn -0.1333 -0.9813 -0.1387
vn -0.1402 -0.9812 -0.1324
vn 0.3718 -0.6875 -0.6238
vn 0.3681 -0.6886 -0.6247
vn 0.3749 -0.6804 -0.6297
vn 0.3717 -0.6809 -0.6311
vn 0.0938 -0.8861 -0.4540
vn 0.0935 -0.8795 -0.4666
vn 0.0921 -0.8780 -0.4698
vn 0.0944 -0.8860 -0.4539
vn 0.4914 -0.6227 -0.6089
vn 0.4827 -0.6161 -0.6225
vn 0.4838 -0.6172 -0.6204
vn -0.0627 -0.9725 -0.2243
vn -0.0612 -0.9721 -0.2264
vn -0.0655 -0.9738 -0.2177
vn -0.0658 -0.9741 -0.2164
vn -0.1083 -0.9683 -0.2251
vn -0.1086 -0.9681 -0.2258
vn -0.1100 -0.9674 -0.2282
vn -0.1105 -0.9671 -0.2291
vn -0.6187 -0.7745 -0.1319
vn -0.6197 -0.7731 -0.1355
vn -0.6188 -0.7736 -0.1368
vn -0.6196 -0.7733 -0.1345
vn -0.5883 -0.5250 -0.6151
vn -0.5894 -0.5239 -0.6150
vn -0.5886 -0.5246 -0.6151
vn -0.5873 -0.5261 -0.6150
vn -0.5350 -0.6868 -0.4919
vn -0.5301 -0.6960 -0.4843
vn -0.5297 -0.6989 -0.4806
vn -0.5310 -0.6930 -0.4876
vn -0.4560 -0.8514 -0.2591
vn -0.4443 -0.8622 -0.2434
vn -0.4421 -0.8648 -0.2382
vn -0.4438 -0.8626 -0.2427
vn -0.5251 -0.8394 -0.1402
vn -0.5258 -0.8407 -0.1291
vn -0.5221 -0.8430 -0.1297
vn -0.5293 -0.8365 -0.1417
vn -0.3024 -0.6700 -0.6779
vn -0.2976 -0.6794 -0.6707
vn -0.3028 -0.6717 -0.6761
vn -0.2988 -0.6608 -0.6885
vn -0.3719 -0.7824 -0.4995
vn -0.3725 -0.7787 -0.5048
vn -0.3633 -0.7729 -0.5202
vn -0.3720 -0.7773 -0.5074
vn -0.4248 -0.8951 -0.1358
vn -0.4256 -0.8949 -0.1344
vn -0.4259 -0.8948 -0.1338
vn -0.4258 -0.8948 -0.1340
vn -0.4298 -0.8733 -0.2295
vn -0.4305 -0.8734 -0.2278
vn -0.4294 -0.8731 -0.2308
vn -0.4261 -0.8730 -0.2372
vn -0.4425 -0.8859 -0.1394
vn -0.4440 -0.8854 -0.1376
vn -0.4432 -0.8857 -0.1384
vn -0.4422 -0.8858 -0.1404
vn 0.1520 -0.9804 0.1251
vn 0.1518 -0.9802 0.1270
vn 0.1514 -0.9799 0.1298
vn 0.1515 -0.9800 0.1289
vn 0.5895 -0.5497 0.5919
vn 0.5869 -0.5443 0.5994
vn 0.5878 -0.5421 0.6005
vn 0.5894 -0.5535 0.5885
vn 0.4071 -0.8133 0.4157
vn 0.4068 -0.8135 0.4156
vn 0.4122 -0.8048 0.4271
vn 0.4135 -0.8031 0.4290
vn 0.2094 -0.9707 0.1181
vn 0.2116 -0.9706 0.1147
vn 0.2093 -0.9707 0.1183
vn 0.2088 -0.9707 0.1188
vn 0.5575 -0.5802 0.5938
vn 0.5605 -0.5835 0.5877
vn 0.5598 -0.5739 0.5977
vn 0.5653 -0.5696 0.5967
vn 0.3210 -0.8512 0.4152
vn 0.3213 -0.8570 0.4030
vn 0.3224 -0.8448 0.4271
vn 0.3254 -0.8423 0.4298
vn 0.2798 -0.9393 0.1985
vn 0.2809 -0.9379 0.2038
vn 0.2809 -0.9379 0.2034
vn 0.2796 -0.9394 0.1983
vn 0.1365 -0.9676 0.2126
vn 0.1357 -0.9650 0.2245
vn 0.1353 -0.9643 0.2278
vn 0.1358 -0.9651 0.2239
vn -0.0820 -0.9892 0.1211
vn -0.0828 -0.9883 0.1280
vn -0.0830 -0.9879 0.1308
vn -0.0829 -0.9882 0.1290
vn 0.3991 -0.6542 0.6425
vn 0.3977 -0.6360 0.6613
vn 0.4021 -0.6316 0.6628
vn 0.3960 -0.6574 0.6411
vn 0.1363 -0.8829 0.4493
vn 0.1371 -0.8799 0.4549
vn 0.1473 -0.8622 0.4847
vn 0.1459 -0.8641 0.4817
vn -0.1422 -0.9813 0.1299
vn -0.1402 -0.9812 0.1324
vn -0.1333 -0.9813 0.1387
vn -0.1418 -0.9813 0.1304
vn 0.3718 -0.6875 0.6238
vn 0.3717 -0.6808 0.6311
vn 0.3749 -0.6804 0.6297
vn 0.3681 -0.6886 0.6247
vn 0.0938 -0.8861 0.4540
vn 0.0944 -0.8860 0.4539
vn 0.0921 -0.8779 0.4698
vn 0.0935 -0.8795 0.4665
vn 0.4838 -0.6172 0.6204
vn 0.4827 -0.6161 0.6225
vn 0.4914 -0.6227 0.6089
vn -0.0627 -0.9725 0.2243
vn -0.0658 -0.9741 0.2164
vn -0.0655 -0.9738 0.2177
vn -0.0612 -0.9721 0.2264
vn -0.1083 -0.9683 0.2251
vn -0.1105 -0.9671 0.2291
vn -0.1100 -0.9674 0.2282
vn -0.1086 -0.9681 0.2258
vn -0.6187 -0.7745 0.1319
vn -0.6196 -0.7733 0.1345
vn -0.6188 -0.7736 0.1368
vn -0.6197 -0.7731 0.1355
vn -0.5883 -0.5250 0.6151
vn -0.5873 -0.5261 0.6150
vn -0.5886 -0.5245 0.6152
vn -0.5894 -0.5239 0.6150
vn -0.5350 -0.6868 0.4919
vn -0.5310 -0.6930 0.4876
vn -0.5297 -0.6989 0.4806
vn -0.5301 -0.6960 0.4843
vn -0.4560 -0.8514 0.2591
vn -0.4438 -0.8626 0.2427
vn -0.4421 -0.8648 0.2382
vn -0.4443 -0.8622 0.2434
vn -0.5251 -0.8394 0.1402
vn -0.5293 -0.8365 0.1417
vn -0.5221 -0.8430 0.1297
vn -0.5259 -0.8407 0.1290
vn -0.3024 -0.6700 0.6780
vn -0.2988 -0.6608 0.6885
vn -0.3028 -0.6717 0.6761
vn -0.2976 -0.6794 0.6707
vn -0.3719 -0.7824 0.4995
vn -0.3720 -0.7773 0.5074
vn -0.3633 -0.7729 0.5202
vn -0.3725 -0.7787 0.5048
vn -0.4248 -0.8951 0.1358
vn -0.4258 -0.8948 0.1339
vn -0.4259 -0.8948 0.1338
vn -0.4256 -0.8949 0.1344
vn -0.4298 -0.8733 0.2295
vn -0.4261 -0.8730 0.2372
vn -0.4294 -0.8731 0.2308
vn -0.4305 -0.8734 0.2278
vn -0.4425 -0.8859 0.1394
vn -0.4422 -0.8858 0.1404
vn -0.4432 -0.8857 0.1384
vn -0.4440 -0.8854 0.1376
vt 0.629829 0.276038
vt 0.644933 0.274516
vt 0.644203 0.289140
vt 0.616288 0.294644
vt 0.595785 0.358353
vt 0.568858 0.348735
vt 0.604402 0.339105
vt 0.472807 0.274157
vt 0.483974 0.274539
vt 0.481040 0.290143
vt 0.457861 0.290794
vt 0.400966 0.259494
vt 0.415241 0.265348
vt 0.419734 0.285537
vt 0.392313 0.273539
vt 0.667936 0.287678
vt 0.667198 0.259880
vt 0.667115 0.325741
vt 0.643021 0.324491
vt 0.592260 0.290063
vt 0.594043 0.277687
vt 0.631113 0.355227
vt 0.658532 0.359914
vt 0.646951 0.402445
vt 0.623574 0.392239
vt 0.585533 0.385866
vt 0.633946 0.441983
vt 0.605732 0.428284
vt 0.575143 0.420049
vt 0.595093 0.444539
vt 0.571103 0.428909
vt 0.551517 0.384051
vt 0.543900 0.422226
vt 0.546045 0.431787
vt 0.515411 0.416104
vt 0.522989 0.380220
vt 0.539526 0.342547
vt 0.563252 0.291035
vt 0.563561 0.275927
vt 0.490122 0.416617
vt 0.501934 0.376296
vt 0.521290 0.332689
vt 0.542777 0.289120
vt 0.540571 0.273980
vt 0.509084 0.454474
vt 0.484701 0.452688
vt 0.463939 0.416107
vt 0.477679 0.371876
vt 0.495288 0.328401
vt 0.512853 0.290873
vt 0.513126 0.272366
vt 0.437695 0.413456
vt 0.449056 0.371528
vt 0.468700 0.324488
vt 0.406239 0.399241
vt 0.422638 0.356488
vt 0.446992 0.318654
vt 0.436896 0.289312
vt 0.445262 0.273474
vt 0.426185 0.316789
vt 0.403788 0.352975
vt 0.385297 0.395017
vt 0.364345 0.475714
vt 0.334953 0.460357
vt 0.363727 0.388986
vt 0.389885 0.350108
vt 0.411215 0.313326
vt 0.335774 0.377732
vt 0.364651 0.337215
vt 0.379164 0.312985
vt 0.353888 0.250104
vt 0.366873 0.215269
vt 0.339317 0.288834
vt 0.332550 0.320329
vt 0.306837 0.363424
vt 0.275974 0.344679
vt 0.301619 0.381476
vt 0.270216 0.368565
vt 0.295935 0.308015
vt 0.298721 0.268825
vt 0.296358 0.218820
vt 0.314481 0.190852
vt 0.374183 0.195658
vt 0.325219 0.174282
vt 0.312081 0.092233
vt 0.334591 0.104291
vt 0.296468 0.169763
vt 0.519074 0.449760
vt 0.389347 0.470337
vt 0.627429 0.453894
vt 0.461104 0.441096
vt 0.428844 0.448753
vt 0.326420 0.434860
vt 0.318475 0.397302
vt 0.138946 0.296359
vt 0.135642 0.327508
vt 0.113157 0.299756
vt 0.024061 0.229352
vt 0.066546 0.238386
vt 0.025307 0.246133
vt 0.028027 0.193496
vt 0.079009 0.204078
vt 0.046304 0.131199
vt 0.086816 0.136429
vt 0.037596 0.155106
vt 0.130103 0.395487
vt 0.184221 0.382120
vt 0.190799 0.406936
vt 0.145087 0.423053
vt 0.109323 0.438292
vt 0.096329 0.427112
vt 0.195669 0.433614
vt 0.161233 0.449937
vt 0.107662 0.455372
vt 0.131048 0.361826
vt 0.068506 0.411409
vt 0.070056 0.376150
vt 0.075593 0.425384
vt 0.182156 0.352822
vt 0.029768 0.419549
vt 0.028367 0.408000
vt 0.028071 0.372432
vt 0.071408 0.464279
vt 0.034920 0.461799
vt 0.032438 0.437890
vt 0.060528 0.438183
vt 0.029392 0.443357
vt 0.024549 0.424874
vt 0.024091 0.411368
vt 0.021792 0.445007
vt 0.017172 0.426520
vt 0.015638 0.411273
vt 0.165175 0.479578
vt 0.203447 0.462208
vt 0.132538 0.494598
vt 0.178258 0.505924
vt 0.215918 0.485280
vt 0.147204 0.522578
vt 0.220399 0.426966
vt 0.228794 0.453099
vt 0.236984 0.474196
vt 0.213358 0.401468
vt 0.206545 0.377433
vt 0.202769 0.352772
vt 0.181515 0.325652
vt 0.200882 0.327926
vt 0.075766 0.347692
vt 0.111616 0.348802
vt 0.116299 0.329841
vt 0.030665 0.353327
vt 0.032641 0.342010
vt 0.070759 0.334461
vt 0.031231 0.338609
vt 0.027960 0.351122
vt 0.020927 0.348341
vt 0.023885 0.336764
vt 0.033814 0.311034
vt 0.070030 0.304104
vt 0.033182 0.309462
vt 0.026121 0.308890
vt 0.026257 0.279027
vt 0.027943 0.278342
vt 0.019096 0.278097
vt 0.073468 0.273139
vt 0.180918 0.295476
vt 0.106160 0.313483
vt 0.110897 0.269794
vt 0.138602 0.268697
vt 0.181692 0.268056
vt 0.199909 0.295739
vt 0.201482 0.266546
vt 0.186147 0.241248
vt 0.134033 0.238574
vt 0.205177 0.240380
vt 0.112679 0.239265
vt 0.019936 0.249065
vt 0.011345 0.247815
vt 0.019764 0.232153
vt 0.026320 0.196596
vt 0.085129 0.170058
vt 0.034774 0.159967
vt 0.109726 0.174136
vt 0.098805 0.205079
vt 0.141810 0.179232
vt 0.140273 0.207732
vt 0.189907 0.213149
vt 0.012111 0.229296
vt 0.019475 0.194785
vt 0.028739 0.157987
vt 0.209349 0.212185
vt 0.194269 0.186758
vt 0.214021 0.185271
vt 0.199876 0.164747
vt 0.153357 0.152301
vt 0.217923 0.163229
vt 0.121620 0.151964
vt 0.099755 0.152411
vt 0.042846 0.135297
vt 0.050962 0.114857
vt 0.055644 0.110495
vt 0.092716 0.119590
vt 0.064788 0.090110
vt 0.069283 0.086557
vt 0.102077 0.109342
vt 0.118342 0.079847
vt 0.084857 0.061691
vt 0.080879 0.063138
vt 0.099722 0.035257
vt 0.129370 0.057875
vt 0.099188 0.034632
vt 0.153616 0.062614
vt 0.140523 0.085849
vt 0.120336 0.113071
vt 0.169159 0.089076
vt 0.161261 0.125139
vt 0.135115 0.131279
vt 0.111618 0.132128
vt 0.177465 0.064630
vt 0.204699 0.140010
vt 0.212515 0.097339
vt 0.223370 0.138070
vt 0.234340 0.094713
vt 0.217482 0.071387
vt 0.239548 0.070758
vt 0.184327 0.040056
vt 0.222407 0.045317
vt 0.228230 0.042184
vt 0.189674 0.037821
vt 0.240031 0.047066
vt 0.238087 0.049670
vt 0.164244 0.039019
vt 0.170185 0.035254
vt 0.138038 0.035578
vt 0.142840 0.031905
vt 0.109838 0.030945
vt 0.112291 0.027071
vt 0.035696 0.132914
vt 0.044675 0.111844
vt 0.058564 0.086493
vt 0.075473 0.060340
vt 0.093915 0.031523
vt 0.101832 0.018088
vt 0.114071 0.016463
vt 0.142280 0.021852
vt 0.102176 0.017608
vt 0.107505 0.015562
vt 0.170690 0.026039
vt 0.191218 0.029222
vt 0.231063 0.033519
vt 0.255754 0.037211
vt 0.243220 0.072353
vt 0.240984 0.056431
vt 0.244620 0.055906
vt 0.237663 0.096592
vt 0.251992 0.074058
vt 0.245725 0.098365
vt 0.226866 0.139542
vt 0.234962 0.143495
vt 0.221298 0.164348
vt 0.230701 0.167116
vt 0.217234 0.185895
vt 0.022412 0.584304
vt 0.026291 0.528966
vt 0.035249 0.528007
vt 0.034393 0.578632
vt 0.013895 0.581536
vt 0.019940 0.528551
vt 0.025660 0.467956
vt 0.020059 0.468850
vt 0.015658 0.445459
vt 0.010962 0.427788
vt 0.008850 0.411357
vt 0.011546 0.367691
vt 0.017226 0.370903
vt 0.015036 0.344880
vt 0.017306 0.332479
vt 0.019285 0.307238
vt 0.011915 0.277581
vt 0.004500 0.247779
vt 0.004689 0.227940
vt 0.013406 0.193020
vt 0.022728 0.154890
vt 0.030705 0.129781
vt 0.039791 0.108383
vt 0.055101 0.079647
vt 0.070408 0.055661
vt 0.088312 0.028888
vt 0.095577 0.015287
vt 0.100415 0.010629
vt 0.107629 0.009661
vt 0.114258 0.009845
vt 0.142112 0.014903
vt 0.096573 0.512193
vt 0.112368 0.541035
vt 0.038917 0.577881
vt 0.038131 0.528257
vt 0.240597 0.473539
vt 0.232121 0.452204
vt 0.224089 0.425772
vt 0.216665 0.400642
vt 0.210602 0.376727
vt 0.206526 0.352541
vt 0.242468 0.448126
vt 0.251145 0.468930
vt 0.234547 0.422861
vt 0.227029 0.397678
vt 0.247820 0.444838
vt 0.258509 0.464426
vt 0.240710 0.421248
vt 0.233094 0.395313
vt 0.220209 0.374407
vt 0.216229 0.351758
vt 0.204957 0.328122
vt 0.214219 0.327692
vt 0.226629 0.372446
vt 0.223035 0.350855
vt 0.220897 0.327145
vt 0.203860 0.296957
vt 0.213240 0.297037
vt 0.205461 0.267595
vt 0.215398 0.267663
vt 0.208853 0.241884
vt 0.219240 0.241535
vt 0.213169 0.213800
vt 0.223300 0.215153
vt 0.227349 0.187278
vt 0.220149 0.297350
vt 0.222156 0.268557
vt 0.226006 0.242848
vt 0.229769 0.215970
vt 0.233982 0.188031
vt 0.237566 0.167334
vt 0.241831 0.143623
vt 0.252265 0.099322
vt 0.257951 0.077051
vt 0.256579 0.050471
vt 0.258769 0.032530
vt 0.263812 0.049979
vt 0.230535 0.026575
vt 0.190930 0.022730
vt 0.170395 0.018820
vt 0.032824 0.468016
vt 0.025208 0.372195
vt 0.263451 0.055696
vt 0.256997 0.052844
vt 0.029623 0.892520
vt 0.124979 0.894804
vt 0.114937 0.956866
vt 0.013231 0.948891
vt 0.133787 0.811456
vt 0.135829 0.804441
vt 0.218478 0.809614
vt 0.218117 0.816845
vt 0.217275 0.836040
vt 0.130904 0.831697
vt 0.131223 0.824620
vt 0.217735 0.829615
vt 0.132905 0.814345
vt 0.217851 0.819699
vt 0.380087 0.841996
vt 0.427487 0.896156
vt 0.323632 0.897246
vt 0.303515 0.839613
vt 0.221742 0.896222
vt 0.216658 0.960527
vt 0.312258 0.958828
vt 0.313451 0.963377
vt 0.216342 0.965607
vt 0.316188 0.977653
vt 0.316885 0.985431
vt 0.216675 0.991295
vt 0.216308 0.983181
vt 0.046422 0.825911
vt 0.046415 0.816867
vt 0.380788 0.836636
vt 0.384313 0.827731
vt 0.443687 0.894949
vt 0.432469 0.895518
vt 0.052187 0.802228
vt 0.050325 0.805431
vt 0.385307 0.826032
vt 0.389855 0.818824
vt 0.452776 0.894842
vt 0.445418 0.894894
vt 0.304637 0.820758
vt 0.304167 0.823661
vt 0.303667 0.833560
vt 0.305093 0.813218
vt 0.113043 0.977693
vt 0.011187 0.973151
vt 0.009661 0.955658
vt 0.113088 0.962448
vt 0.113775 0.982365
vt 0.115161 0.992232
vt 0.020075 0.991515
vt 0.013023 0.978708
vt 0.216077 0.979049
vt 0.315527 0.974300
vt 0.394318 0.951513
vt 0.397261 0.954365
vt 0.405533 0.962616
vt 0.407723 0.968544
vt 0.404108 0.961181
vt 0.058009 0.794093
vt 0.070094 0.953350
vt 0.080836 0.893746
vt 0.095398 0.810296
vt 0.096707 0.807262
vt 0.092861 0.829092
vt 0.100448 0.799736
vt 0.092818 0.821109
vt 0.161569 0.328823
vt 0.166510 0.380592
vt 0.129689 0.381423
vt 0.125613 0.333847
vt 0.198550 0.324120
vt 0.205780 0.377440
vt 0.179032 0.234400
vt 0.151906 0.237215
vt 0.151443 0.198555
vt 0.170110 0.207612
vt 0.168496 0.435811
vt 0.128346 0.432183
vt 0.189477 0.274878
vt 0.156255 0.278846
vt 0.117814 0.285507
vt 0.121167 0.242012
vt 0.193793 0.439503
vt 0.160342 0.110670
vt 0.170196 0.126237
vt 0.155388 0.141902
vt 0.151410 0.113941
vt 0.156915 0.337633
vt 0.189124 0.328985
vt 0.197168 0.376107
vt 0.164608 0.380183
vt 0.138748 0.384721
vt 0.128235 0.346235
vt 0.097893 0.129966
vt 0.114404 0.125937
vt 0.128574 0.158646
vt 0.103718 0.159545
vt 0.204227 0.426464
vt 0.173851 0.429257
vt 0.149601 0.302154
vt 0.179190 0.281165
vt 0.181737 0.237697
vt 0.159302 0.263442
vt 0.157589 0.236969
vt 0.150275 0.431954
vt 0.121431 0.312783
vt 0.141163 0.272140
vt 0.143772 0.431500
vt 0.191826 0.415248
vt 0.185688 0.351118
vt 0.128488 0.365829
vt 0.032608 0.445065
vt 0.032931 0.425357
vt 0.167708 0.477423
vt 0.203966 0.463558
vt 0.034958 0.467010
vt 0.041422 0.527366
vt 0.181446 0.503049
vt 0.216460 0.486208
vt 0.042781 0.575558
vt 0.229114 0.453344
vt 0.217188 0.414773
vt 0.237444 0.474952
vt 0.207316 0.356529
vt 0.113203 0.300158
vt 0.113424 0.246555
vt 0.034727 0.270887
vt 0.035014 0.298602
vt 0.179549 0.286989
vt 0.184237 0.242036
vt 0.197443 0.298285
vt 0.204713 0.248487
vt 0.200085 0.148970
vt 0.119681 0.134218
vt 0.113646 0.192952
vt 0.188926 0.197083
vt 0.211983 0.198690
vt 0.220525 0.150658
vt 0.055335 0.115515
vt 0.044519 0.147629
vt 0.067812 0.093862
vt 0.104257 0.035363
vt 0.098828 0.043507
vt 0.115332 0.032935
vt 0.217369 0.081653
vt 0.141446 0.072111
vt 0.234326 0.094636
vt 0.241002 0.070677
vt 0.235243 0.050191
vt 0.160622 0.036465
vt 0.034264 0.344258
vt 0.033811 0.371833
vt 0.034183 0.218235
vt 0.034398 0.239057
vt 0.067809 0.959475
vt 0.068592 0.975711
vt 0.069840 0.980770
vt 0.073938 0.991921
vt 0.950646 0.788164
vt 0.981250 0.697908
vt 0.985563 0.697526
vt 0.952745 0.791766
vt 0.851098 0.740471
vt 0.852419 0.733837
vt 0.859825 0.737720
vt 0.858076 0.744283
vt 0.855700 0.749632
vt 0.848032 0.745624
vt 0.995265 0.702069
vt 0.989837 0.700270
vt 0.990512 0.696850
vt 0.994973 0.696100
vt 0.897183 0.766857
vt 0.892093 0.771823
vt 0.899729 0.757726
vt 0.898648 0.760383
vt 0.861374 0.735962
vt 0.991813 0.689610
vt 0.987635 0.692885
vt 0.780377 0.701288
vt 0.799335 0.609668
vt 0.853979 0.629806
vt 0.818688 0.713858
vt 0.843392 0.735777
vt 0.816423 0.721912
vt 0.817202 0.716230
vt 0.844409 0.729973
vt 0.886753 0.633378
vt 0.845956 0.727662
vt 0.735641 0.561860
vt 0.766481 0.578197
vt 0.764307 0.581624
vt 0.732165 0.565204
vt 0.950749 0.673859
vt 0.734387 0.589190
vt 0.733882 0.585245
vt 0.763622 0.593055
vt 0.761547 0.597495
vt 0.800294 0.605986
vt 0.737577 0.694592
vt 0.759724 0.696110
vt 0.757987 0.700104
vt 0.735856 0.699239
vt 0.736456 0.711931
vt 0.735877 0.705102
vt 0.757695 0.705361
vt 0.757326 0.712420
vt 0.853924 0.731712
vt 0.855832 0.624734
vt 0.859660 0.611853
vt 0.858713 0.616216
vt 0.802996 0.596820
vt 0.805552 0.593479
vt 0.966039 0.794856
vt 0.958894 0.792615
vt 0.886961 0.627942
vt 0.888731 0.613744
vt 0.890516 0.619275
vt 0.899638 0.637237
vt 0.911230 0.641859
vt 0.954532 0.671473
vt 0.960151 0.665234
vt 0.963687 0.661752
vt 0.950186 0.797579
vt 0.948267 0.804126
vt 0.777249 0.709347
vt 0.775535 0.715728
vt 0.840069 0.740869
vt 0.813408 0.727596
vt 0.957905 0.803091
vt 0.954927 0.797840
vt 0.901990 0.631584
vt 0.913329 0.637653
vt 0.907380 0.617669
vt 0.905577 0.622829
vt 0.917159 0.628389
vt 0.920393 0.624524
vt 0.778237 0.704423
vt 0.763930 0.406035
vt 0.761096 0.404595
vt 0.763988 0.399016
vt 0.766208 0.403220
vt 0.878966 0.451772
vt 0.878206 0.456366
vt 0.863104 0.448456
vt 0.864230 0.443076
vt 0.867764 0.436711
vt 0.882764 0.445594
vt 0.711652 0.493191
vt 0.716770 0.494965
vt 0.715914 0.498255
vt 0.711522 0.499221
vt 0.824134 0.416180
vt 0.818969 0.423006
vt 0.861348 0.454369
vt 0.817677 0.433214
vt 0.818086 0.429444
vt 0.862735 0.450902
vt 0.714968 0.505143
vt 0.718379 0.502108
vt 0.818317 0.427453
vt 0.904592 0.474697
vt 0.934468 0.484125
vt 0.933542 0.489460
vt 0.901379 0.479941
vt 0.720072 0.497037
vt 0.906962 0.465422
vt 0.906573 0.469806
vt 0.876633 0.461651
vt 0.873392 0.467708
vt 0.987569 0.619594
vt 0.955804 0.605940
vt 0.957720 0.602002
vt 0.990305 0.615728
vt 0.814394 0.438223
vt 0.986934 0.593783
vt 0.987683 0.597163
vt 0.959167 0.591130
vt 0.958959 0.586622
vt 0.918484 0.578397
vt 0.918177 0.581726
vt 0.977712 0.488655
vt 0.955787 0.488498
vt 0.957706 0.483822
vt 0.979459 0.483569
vt 0.978332 0.468435
vt 0.979990 0.476896
vt 0.957536 0.477993
vt 0.957179 0.470432
vt 0.980001 0.481518
vt 0.957880 0.482129
vt 0.878005 0.458468
vt 0.848292 0.566284
vt 0.846628 0.571737
vt 0.914717 0.594140
vt 0.843152 0.584378
vt 0.844491 0.579835
vt 0.916147 0.590524
vt 0.748827 0.399227
vt 0.755646 0.402260
vt 0.817638 0.564685
vt 0.815805 0.570294
vt 0.809748 0.581715
vt 0.812552 0.577421
vt 0.857349 0.460217
vt 0.724195 0.496984
vt 0.754222 0.520863
vt 0.750953 0.524189
vt 0.745258 0.530081
vt 0.741517 0.533562
vt 0.769789 0.386395
vt 0.766339 0.393234
vt 0.764577 0.397420
vt 0.938732 0.468482
vt 0.937605 0.475651
vt 0.909384 0.457667
vt 0.758254 0.396464
vt 0.760104 0.387662
vt 0.761350 0.392217
vt 0.754156 0.389501
vt 0.759421 0.394337
vt 0.751600 0.392579
vt 0.791056 0.554677
vt 0.788645 0.559230
vt 0.781973 0.570399
vt 0.786453 0.567539
vt 0.906420 0.471805
vt 0.955588 0.494154
vt 0.936958 0.480682
vt 0.937170 0.479153
vt 0.977583 0.494158
vt 0.437757 0.838945
vt 0.431908 0.839543
vt 0.473651 0.751959
vt 0.476222 0.754677
vt 0.581230 0.800935
vt 0.580222 0.807724
vt 0.564515 0.800450
vt 0.566194 0.792688
vt 0.570364 0.785538
vt 0.586298 0.794408
vt 0.422650 0.840616
vt 0.422520 0.834212
vt 0.428911 0.836983
vt 0.427517 0.839715
vt 0.530996 0.773085
vt 0.537001 0.765087
vt 0.563090 0.804227
vt 0.529498 0.784532
vt 0.530228 0.779769
vt 0.425674 0.847233
vt 0.430124 0.843690
vt 0.609807 0.824852
vt 0.646850 0.833830
vt 0.625257 0.926207
vt 0.566042 0.909453
vt 0.611423 0.815167
vt 0.611095 0.821452
vt 0.579189 0.811532
vt 0.529118 0.906492
vt 0.704371 0.972140
vt 0.664749 0.955993
vt 0.666724 0.951877
vt 0.707335 0.967766
vt 0.467061 0.863863
vt 0.705361 0.943153
vt 0.705450 0.947282
vt 0.670094 0.940594
vt 0.669562 0.936353
vt 0.624438 0.931144
vt 0.694285 0.836873
vt 0.671542 0.837833
vt 0.672864 0.832894
vt 0.695552 0.831796
vt 0.693943 0.816860
vt 0.695564 0.825286
vt 0.672111 0.826769
vt 0.672184 0.819100
vt 0.564058 0.914898
vt 0.619669 0.944018
vt 0.560431 0.929049
vt 0.562489 0.923914
vt 0.621997 0.939728
vt 0.528224 0.912737
vt 0.523142 0.926542
vt 0.524131 0.921613
vt 0.503539 0.897879
vt 0.462225 0.868385
vt 0.451479 0.877824
vt 0.455948 0.873644
vt 0.479998 0.737325
vt 0.475960 0.745413
vt 0.651235 0.817430
vt 0.649095 0.824759
vt 0.615158 0.807296
vt 0.467522 0.749887
vt 0.468482 0.737537
vt 0.471060 0.744610
vt 0.500676 0.903232
vt 0.491217 0.915511
vt 0.495674 0.912221
vt 0.648805 0.829920
vt 0.733515 0.274298
vt 0.749793 0.285281
vt 0.749015 0.289446
vt 0.732239 0.276115
vt 0.724003 0.303236
vt 0.715467 0.288399
vt 0.730362 0.283311
vt 0.747198 0.298758
vt 0.706842 0.254453
vt 0.707761 0.252250
vt 0.696329 0.266594
vt 0.706664 0.260131
vt 0.686718 0.241361
vt 0.686443 0.243830
vt 0.665611 0.236536
vt 0.665619 0.234578
vt 0.679653 0.257381
vt 0.686317 0.249447
vt 0.666363 0.242195
vt 0.635574 0.192648
vt 0.640140 0.229289
vt 0.603111 0.225186
vt 0.599624 0.192386
vt 0.640138 0.230645
vt 0.662662 0.249355
vt 0.638927 0.241109
vt 0.641207 0.236772
vt 0.663705 0.198744
vt 0.683473 0.204346
vt 0.603240 0.226397
vt 0.602278 0.234278
vt 0.603641 0.232700
vt 0.573600 0.230268
vt 0.575538 0.230183
vt 0.581872 0.231288
vt 0.579922 0.232237
vt 0.572886 0.224907
vt 0.575426 0.225210
vt 0.581251 0.225242
vt 0.581809 0.193672
vt 0.582595 0.224227
vt 0.580062 0.193866
vt 0.572182 0.195197
vt 0.574839 0.194907
vt 0.753012 0.233851
vt 0.732565 0.227544
vt 0.703796 0.209766
vt 0.729678 0.164569
vt 0.755636 0.164355
vt 0.696034 0.165349
vt 0.677007 0.162816
vt 0.657661 0.160112
vt 0.632288 0.151355
vt 0.593996 0.143525
vt 0.581973 0.142326
vt 0.730176 0.154408
vt 0.756978 0.150834
vt 0.757032 0.160354
vt 0.730490 0.161568
vt 0.749756 0.137266
vt 0.722935 0.142092
vt 0.697558 0.162071
vt 0.696587 0.156514
vt 0.688617 0.146595
vt 0.678004 0.154647
vt 0.679080 0.159950
vt 0.660175 0.157730
vt 0.659178 0.152447
vt 0.671472 0.145042
vt 0.653937 0.142750
vt 0.635040 0.149358
vt 0.635008 0.143683
vt 0.630921 0.137765
vt 0.596488 0.142098
vt 0.596301 0.136274
vt 0.593507 0.133760
vt 0.583688 0.135112
vt 0.581510 0.141241
vt 0.581255 0.133519
vt 0.579816 0.134520
vt 0.578369 0.140801
vt 0.577177 0.133727
vt 0.575377 0.140999
vt 0.629497 0.661444
vt 0.649650 0.676354
vt 0.648398 0.681828
vt 0.627813 0.663469
vt 0.614451 0.697586
vt 0.603748 0.677687
vt 0.627311 0.674162
vt 0.645251 0.693962
vt 0.596002 0.633173
vt 0.597274 0.630142
vt 0.582568 0.650026
vt 0.595104 0.642119
vt 0.574129 0.616943
vt 0.573430 0.620145
vt 0.545187 0.609050
vt 0.545858 0.606667
vt 0.563785 0.637810
vt 0.571949 0.628434
vt 0.545280 0.616816
vt 0.513869 0.601016
vt 0.450768 0.602493
vt 0.450744 0.554610
vt 0.509068 0.556183
vt 0.514595 0.603058
vt 0.539191 0.626018
vt 0.514337 0.620722
vt 0.514763 0.609596
vt 0.545495 0.563288
vt 0.571603 0.569750
vt 0.448688 0.603847
vt 0.446742 0.618975
vt 0.449291 0.611109
vt 0.436898 0.613678
vt 0.443098 0.609224
vt 0.432842 0.604463
vt 0.441008 0.603165
vt 0.448830 0.555138
vt 0.434273 0.555207
vt 0.442357 0.555168
vt 0.656366 0.615888
vt 0.632153 0.598255
vt 0.599049 0.579902
vt 0.663072 0.517813
vt 0.630439 0.517078
vt 0.590043 0.519087
vt 0.565374 0.514094
vt 0.538186 0.508488
vt 0.500957 0.497666
vt 0.456262 0.497075
vt 0.631213 0.503719
vt 0.665139 0.499954
vt 0.664992 0.512518
vt 0.631441 0.513122
vt 0.655726 0.482068
vt 0.621719 0.487543
vt 0.589377 0.508713
vt 0.591546 0.515645
vt 0.577566 0.492332
vt 0.566304 0.504020
vt 0.568090 0.510991
vt 0.541808 0.505701
vt 0.540624 0.498638
vt 0.556065 0.490019
vt 0.531655 0.487481
vt 0.504711 0.495696
vt 0.504863 0.488517
vt 0.499069 0.479896
vt 0.455737 0.496074
vt 0.459290 0.488258
vt 0.455798 0.479288
vt 0.446582 0.493765
vt 0.449334 0.487518
vt 0.444090 0.482634
vt 0.438761 0.490825
vt 0.767727 0.806240
vt 0.743230 0.789039
vt 0.745077 0.783307
vt 0.769296 0.805232
vt 0.778398 0.763129
vt 0.790500 0.786987
vt 0.770448 0.795069
vt 0.749586 0.771241
vt 0.803326 0.833034
vt 0.801883 0.835579
vt 0.816866 0.816768
vt 0.804135 0.825638
vt 0.843091 0.849260
vt 0.842514 0.852147
vt 0.852255 0.831458
vt 0.844277 0.841752
vt 0.806228 0.896300
vt 0.845864 0.900544
vt 0.974377 0.861486
vt 0.985809 0.867035
vt 0.978854 0.875132
vt 0.971772 0.871463
vt 0.989830 0.876039
vt 0.980047 0.880234
vt 0.972860 0.879210
vt 0.971318 0.880235
vt 0.976429 0.921573
vt 0.974902 0.921928
vt 0.994547 0.919939
vt 0.984005 0.923222
vt 0.730619 0.848512
vt 0.759585 0.865323
vt 0.759469 0.949667
vt 0.719055 0.945195
vt 0.811861 0.953609
vt 0.849018 0.956974
vt 0.716682 0.960684
vt 0.717351 0.950097
vt 0.759013 0.952175
vt 0.760076 0.960634
vt 0.722634 0.977674
vt 0.761321 0.975407
vt 0.812883 0.956909
vt 0.813895 0.963692
vt 0.815638 0.973979
vt 0.847822 0.959281
vt 0.848499 0.965806
vt 0.849648 0.974873
vt 0.982596 0.971541
vt 0.975973 0.972925
vt 0.979216 0.966393
vt 0.984908 0.966434
vt 0.988804 0.977363
vt 0.995500 0.967545
vt 0.976681 0.982976
vt 0.978290 0.965288
vt 0.890300 0.861020
vt 0.889711 0.862956
vt 0.894922 0.844007
vt 0.889073 0.852769
vt 0.892365 0.910853
vt 0.894263 0.960456
vt 0.893143 0.963514
vt 0.893785 0.968453
vt 0.896071 0.976422
vt 0.459314 0.744760
vt 0.733568 0.276241
vt 0.749948 0.286860
vt 0.749186 0.290382
vt 0.732920 0.277192
vt 0.726597 0.302053
vt 0.718018 0.287495
vt 0.732332 0.282657
vt 0.749291 0.298241
vt 0.708018 0.255643
vt 0.708539 0.253897
vt 0.698782 0.265653
vt 0.708832 0.259627
vt 0.688049 0.242859
vt 0.687932 0.245072
vt 0.667594 0.237491
vt 0.667364 0.235727
vt 0.682074 0.256409
vt 0.688463 0.249116
vt 0.668637 0.241799
vt 0.638243 0.193284
vt 0.642483 0.230178
vt 0.605988 0.225851
vt 0.602550 0.192797
vt 0.642554 0.231239
vt 0.665185 0.248558
vt 0.641562 0.240742
vt 0.643790 0.236268
vt 0.665518 0.199631
vt 0.685077 0.205130
vt 0.606018 0.226760
vt 0.605087 0.234343
vt 0.606437 0.232562
vt 0.576688 0.230507
vt 0.578434 0.230259
vt 0.584904 0.231561
vt 0.582863 0.232644
vt 0.575632 0.225449
vt 0.578215 0.225557
vt 0.583270 0.225835
vt 0.583065 0.194661
vt 0.584711 0.224759
vt 0.581069 0.194729
vt 0.574038 0.196218
vt 0.576937 0.195806
vt 0.751841 0.240455
vt 0.733509 0.228121
vt 0.705241 0.210375
vt 0.730973 0.163973
vt 0.755324 0.163403
vt 0.764085 0.232408
vt 0.697874 0.164780
vt 0.679002 0.162531
vt 0.659867 0.160305
vt 0.634951 0.151902
vt 0.596980 0.144273
vt 0.583709 0.142290
vt 0.731547 0.155372
vt 0.756863 0.152128
vt 0.756850 0.159040
vt 0.731633 0.160674
vt 0.699290 0.161228
vt 0.698307 0.157518
vt 0.724259 0.143887
vt 0.690412 0.148327
vt 0.679810 0.155669
vt 0.681070 0.159339
vt 0.662380 0.157555
vt 0.661182 0.153496
vt 0.673239 0.146863
vt 0.655826 0.144559
vt 0.637731 0.149567
vt 0.637546 0.144527
vt 0.633360 0.139054
vt 0.599529 0.142376
vt 0.599293 0.136793
vt 0.596523 0.134199
vt 0.586737 0.135488
vt 0.584493 0.141826
vt 0.584437 0.133581
vt 0.582522 0.135009
vt 0.581384 0.141575
vt 0.579983 0.134556
vt 0.578080 0.141901
vt 0.750592 0.139280
vt 0.105867 0.176419
vt 0.096841 0.207100
vt 0.077812 0.205371
vt 0.082491 0.172173
vt 0.136698 0.181233
vt 0.136732 0.209164
vt 0.191043 0.183488
vt 0.186724 0.210637
vt 0.073732 0.257785
vt 0.066754 0.250508
vt 0.063626 0.244653
vt 0.063130 0.238830
vt 0.064530 0.228904
vt 0.071074 0.217525
vt 0.077199 0.214012
vt 0.084810 0.211868
vt 0.099514 0.213450
vt 0.110165 0.223359
vt 0.113771 0.233911
vt 0.113935 0.240181
vt 0.113133 0.244597
vt 0.110571 0.249919
vt 0.105728 0.256001
vt 0.100804 0.259569
vt 0.090444 0.262562
vt 0.080055 0.260852
vt 0.090592 0.236415
vt 0.094796 0.256546
vt 0.086405 0.257270
vt 0.076476 0.219705
vt 0.074137 0.215769
vt 0.086387 0.216283
vt 0.103520 0.250783
vt 0.107269 0.246112
vt 0.111852 0.247258
vt 0.109447 0.238871
vt 0.107987 0.230946
vt 0.103939 0.223483
vt 0.096137 0.217087
vt 0.095624 0.261066
vt 0.079021 0.254688
vt 0.071249 0.248338
vt 0.067512 0.236713
vt 0.063378 0.241742
vt 0.069596 0.227781
vt 0.096687 0.807260
vt 0.095378 0.810294
vt 0.100428 0.799734
vt 0.092799 0.821107
vt 0.136486 0.240567
vt 0.119094 0.282565
vt 0.116122 0.246068
vt 0.296630 0.096994
vt 0.410496 0.244026
vt 0.453786 0.257336
vt 0.487021 0.258334
vt 0.513339 0.257998
vt 0.538520 0.259905
vt 0.563843 0.262130
vt 0.596385 0.261436
vt 0.645964 0.253866
vt 0.033216 0.408066
vt 0.034434 0.333888
vt 0.034041 0.204572
vt 0.033782 0.179512
vt 0.084093 0.065606
vt 0.106343 0.032234
vt 0.134064 0.169075
vt 0.108556 0.176456
vt 0.097339 0.145283
vt 0.113461 0.130921
vt 0.168262 0.172407
vt 0.144955 0.181143
vt 0.129428 0.185946
vt 0.112762 0.192135
vt 0.118706 0.207083
vt 0.178669 0.202945
vt 0.153542 0.208225
vt 0.133095 0.212259
vt 0.113527 0.215278
vt 0.723265 0.077596
vt 0.723180 0.065046
vt 0.731323 0.073869
vt 0.022434 0.088713
vt 0.026078 0.061268
vt 0.025158 0.088582
vt 0.020115 0.087824
vt 0.017230 0.086963
vt 0.570054 0.099529
vt 0.565224 0.095787
vt 0.561261 0.092031
vt 0.564245 0.088463
vt 0.580385 0.099720
vt 0.551194 0.089043
vt 0.571699 0.075481
vt 0.555897 0.058779
vt 0.571647 0.063880
vt 0.472494 0.158376
vt 0.468375 0.174779
vt 0.467690 0.157473
vt 0.552114 0.084207
vt 0.502841 0.075360
vt 0.505985 0.048857
vt 0.517745 0.072145
vt 0.488647 0.231018
vt 0.499440 0.246468
vt 0.488351 0.241770
vt 0.358194 0.102414
vt 0.345774 0.090683
vt 0.363539 0.088504
vt 0.377544 0.057560
vt 0.390807 0.051648
vt 0.383048 0.061397
vt 0.341862 0.078512
vt 0.337954 0.087116
vt 0.336971 0.078588
vt 0.346901 0.067048
vt 0.337579 0.069877
vt 0.341362 0.063677
vt 0.346986 0.061920
vt 0.368875 0.039154
vt 0.372418 0.045490
vt 0.012438 0.045725
vt 0.005075 0.096920
vt 0.010181 0.044929
vt 0.016090 0.047118
vt 0.019319 0.048756
vt 0.536980 0.132438
vt 0.502043 0.127132
vt 0.502747 0.124484
vt 0.501921 0.129207
vt 0.503053 0.122816
vt 0.504520 0.121088
vt 0.052056 0.031046
vt 0.055612 0.009661
vt 0.053461 0.030904
vt 0.055123 0.031406
vt 0.050455 0.029924
vt 0.048344 0.029654
vt 0.735794 0.077829
vt 0.725408 0.083336
vt 0.749742 0.053830
vt 0.745730 0.052653
vt 0.729114 0.045145
vt 0.725880 0.086547
vt 0.738162 0.080583
vt 0.753609 0.057005
vt 0.707515 0.079350
vt 0.715543 0.061570
vt 0.719744 0.040402
vt 0.678357 0.033260
vt 0.676613 0.056262
vt 0.674065 0.069697
vt 0.733232 0.024913
vt 0.721775 0.023082
vt 0.753530 0.026023
vt 0.733992 0.008763
vt 0.723069 0.010416
vt 0.752723 0.005339
vt 0.675416 0.017671
vt 0.678257 0.010679
vt 0.708399 0.088524
vt 0.708390 0.084761
vt 0.673822 0.077178
vt 0.675259 0.080456
vt 0.757012 0.026013
vt 0.761331 0.028003
vt 0.756729 0.004500
vt 0.761118 0.006207
vt 0.672718 0.014165
vt 0.675313 0.010829
vt 0.663073 0.032896
vt 0.667166 0.018017
vt 0.668806 0.014694
vt 0.655910 0.053293
vt 0.655058 0.069721
vt 0.657625 0.076695
vt 0.658000 0.080722
vt 0.619594 0.019248
vt 0.624743 0.015349
vt 0.664662 0.014908
vt 0.618734 0.032159
vt 0.624301 0.011208
vt 0.664812 0.011152
vt 0.021985 0.092720
vt 0.022594 0.090343
vt 0.025929 0.090097
vt 0.026062 0.092542
vt 0.018459 0.091869
vt 0.019503 0.089480
vt 0.014821 0.090228
vt 0.016534 0.087546
vt 0.616775 0.049714
vt 0.647769 0.078622
vt 0.645095 0.073722
vt 0.619160 0.086748
vt 0.598287 0.075464
vt 0.606724 0.059874
vt 0.622095 0.092024
vt 0.620871 0.012903
vt 0.622261 0.010881
vt 0.618586 0.015657
vt 0.601528 0.028105
vt 0.611403 0.019561
vt 0.613858 0.016353
vt 0.591843 0.015013
vt 0.608658 0.016681
vt 0.612116 0.013971
vt 0.586579 0.041336
vt 0.577038 0.051924
vt 0.565664 0.014148
vt 0.558783 0.034305
vt 0.561490 0.017800
vt 0.559274 0.045229
vt 0.608839 0.011577
vt 0.611273 0.011382
vt 0.591754 0.011514
vt 0.496871 0.130578
vt 0.497434 0.127214
vt 0.500022 0.127357
vt 0.500178 0.129891
vt 0.500435 0.132120
vt 0.497262 0.132933
vt 0.498881 0.122962
vt 0.500755 0.123631
vt 0.499902 0.120411
vt 0.502089 0.121727
vt 0.501808 0.118550
vt 0.503604 0.120152
vt 0.502309 0.131136
vt 0.565810 0.011357
vt 0.561045 0.013333
vt 0.562706 0.011199
vt 0.559323 0.014768
vt 0.541893 0.031543
vt 0.551617 0.018644
vt 0.539758 0.040388
vt 0.554036 0.016115
vt 0.504374 0.016032
vt 0.510829 0.024789
vt 0.548827 0.014401
vt 0.552138 0.013437
vt 0.513518 0.014432
vt 0.506981 0.032701
vt 0.548943 0.011112
vt 0.551389 0.011053
vt 0.517770 0.010839
vt 0.045929 0.051458
vt 0.047270 0.048815
vt 0.051765 0.049504
vt 0.051215 0.053151
vt 0.042818 0.050223
vt 0.044656 0.047576
vt 0.042624 0.045775
vt 0.040625 0.049093
vt 0.055432 0.048812
vt 0.051353 0.047347
vt 0.054642 0.047473
vt 0.048241 0.047139
vt 0.045812 0.045765
vt 0.043561 0.044884
vt 0.537654 0.052555
vt 0.649351 0.082868
vt 0.623558 0.095565
vt 0.595612 0.103979
vt 0.600006 0.108295
vt 0.601786 0.111395
vt 0.584370 0.088479
vt 0.592636 0.114300
vt 0.589359 0.109512
vt 0.593646 0.117101
vt 0.582953 0.115144
vt 0.580891 0.109712
vt 0.581493 0.119531
vt 0.572085 0.107793
vt 0.570979 0.109315
vt 0.566225 0.102089
vt 0.564698 0.103876
vt 0.555424 0.081366
vt 0.550508 0.092151
vt 0.549852 0.094262
vt 0.536395 0.087903
vt 0.537045 0.084512
vt 0.535847 0.089812
vt 0.522070 0.090271
vt 0.521362 0.086455
vt 0.522505 0.091616
vt 0.535704 0.077263
vt 0.517939 0.077825
vt 0.509122 0.091354
vt 0.511517 0.094664
vt 0.505257 0.081400
vt 0.513153 0.096326
vt 0.496819 0.098808
vt 0.500221 0.101468
vt 0.500995 0.103020
vt 0.489821 0.092611
vt 0.490658 0.110997
vt 0.487385 0.108256
vt 0.492017 0.112500
vt 0.478629 0.103727
vt 0.480048 0.118503
vt 0.484242 0.119665
vt 0.486107 0.120676
vt 0.471061 0.115325
vt 0.472659 0.134920
vt 0.477341 0.134652
vt 0.479202 0.135484
vt 0.474561 0.159804
vt 0.470805 0.173948
vt 0.463585 0.176239
vt 0.461785 0.157964
vt 0.537360 0.073801
vt 0.488694 0.086344
vt 0.475776 0.098932
vt 0.467867 0.114545
vt 0.481419 0.050761
vt 0.460023 0.071585
vt 0.435193 0.096692
vt 0.461561 0.132096
vt 0.431372 0.128956
vt 0.431874 0.158945
vt 0.437393 0.182679
vt 0.477825 0.200980
vt 0.474360 0.202444
vt 0.480293 0.198903
vt 0.445551 0.208079
vt 0.503750 0.011114
vt 0.493533 0.019999
vt 0.495752 0.010391
vt 0.479146 0.016843
vt 0.486589 0.009604
vt 0.464835 0.024321
vt 0.475293 0.011909
vt 0.478799 0.006510
vt 0.462270 0.012610
vt 0.463699 0.007322
vt 0.463229 0.019985
vt 0.455452 0.017873
vt 0.445060 0.027388
vt 0.444643 0.021264
vt 0.447510 0.017082
vt 0.004500 0.009893
vt 0.009921 0.009661
vt 0.010411 0.017135
vt 0.005506 0.017560
vt 0.018780 0.010934
vt 0.016858 0.017468
vt 0.027125 0.012841
vt 0.024234 0.018962
vt 0.439394 0.011742
vt 0.445723 0.010900
vt 0.436084 0.014071
vt 0.032663 0.016370
vt 0.028407 0.021052
vt 0.438261 0.008042
vt 0.444688 0.007650
vt 0.035910 0.017092
vt 0.032011 0.023703
vt 0.435019 0.008692
vt 0.405879 0.009063
vt 0.412691 0.028700
vt 0.396066 0.070853
vt 0.399731 0.093575
vt 0.391459 0.095574
vt 0.387433 0.075502
vt 0.403902 0.123466
vt 0.393633 0.124696
vt 0.406957 0.153962
vt 0.402312 0.153860
vt 0.401333 0.142209
vt 0.392047 0.129219
vt 0.410606 0.178909
vt 0.405294 0.179593
vt 0.418826 0.212432
vt 0.415773 0.214843
vt 0.454541 0.231463
vt 0.497035 0.229508
vt 0.429625 0.223210
vt 0.428392 0.228015
vt 0.454459 0.236163
vt 0.501869 0.240785
vt 0.499347 0.226781
vt 0.504550 0.240404
vt 0.500106 0.247864
vt 0.487901 0.245581
vt 0.453067 0.239682
vt 0.425602 0.231271
vt 0.411859 0.216570
vt 0.401859 0.179847
vt 0.398328 0.153404
vt 0.397726 0.141631
vt 0.391910 0.129592
vt 0.371961 0.116139
vt 0.374326 0.112998
vt 0.371325 0.116721
vt 0.376769 0.091882
vt 0.354112 0.106072
vt 0.353279 0.107198
vt 0.341232 0.094127
vt 0.340106 0.094676
vt 0.336554 0.087017
vt 0.374881 0.077237
vt 0.373586 0.067449
vt 0.370926 0.064823
vt 0.363653 0.077722
vt 0.362643 0.066681
vt 0.361901 0.062802
vt 0.335653 0.078249
vt 0.336547 0.068824
vt 0.340403 0.062776
vt 0.346395 0.060594
vt 0.361481 0.061369
vt 0.370255 0.064027
vt 0.363269 0.041686
vt 0.371617 0.045894
vt 0.367761 0.009362
vt 0.340180 0.039423
vt 0.338852 0.010447
vt 0.340937 0.042768
vt 0.319251 0.011272
vt 0.324620 0.041629
vt 0.326876 0.045043
vt 0.309849 0.051335
vt 0.299536 0.010295
vt 0.312902 0.052548
vt 0.295216 0.060126
vt 0.291699 0.009925
vt 0.296037 0.061825
vt 0.284722 0.056315
vt 0.288330 0.009683
vt 0.283846 0.071823
vt 0.279196 0.070191
vt 0.286476 0.072972
vt 0.281405 0.055480
vt 0.284295 0.009928
vt 0.276119 0.068581
vt 0.278336 0.081210
vt 0.275064 0.079779
vt 0.281569 0.082012
vt 0.271385 0.079309
vt 0.268961 0.095145
vt 0.270236 0.094905
vt 0.271437 0.096852
vt 0.267698 0.096442
vt 0.011167 0.020763
vt 0.007107 0.020951
vt 0.017202 0.021244
vt 0.022263 0.022347
vt 0.026295 0.024033
vt 0.030154 0.025561
vt 0.006780 0.045224
vt 0.022298 0.049501
vt 0.377302 0.057445
vt 0.666941 0.011019
vt 0.056063 0.052885
vt 0.420700 0.067955
vt 0.446504 0.054246
vt 0.434357 0.037725
vt 0.726147 0.055095
vt 0.562753 0.090247
vt 0.545150 0.079159
vt 0.366260 0.107706
vt 0.369711 0.083836
vt 0.343818 0.084598
vt 0.393436 0.061250
vt 0.717644 0.050986
vt 0.668488 0.043928
vt 0.664561 0.069709
vt 0.733612 0.016838
vt 0.722422 0.016749
vt 0.670063 0.014485
vt 0.604027 0.014434
vt 0.598893 0.046864
vt 0.578333 0.072577
vt 0.557058 0.014577
vt 0.548351 0.046767
vt 0.500102 0.083080
vt 0.473333 0.108132
vt 0.462685 0.167101
vt 0.501304 0.039277
vt 0.439490 0.106547
vt 0.434634 0.170812
vt 0.428563 0.047156
vt 0.494785 0.015711
vt 0.457789 0.016820
vt 0.389446 0.085538
vt 0.408781 0.166436
vt 0.368114 0.067065
vt 0.499394 0.014918
vt 0.897380 0.120589
vt 0.830646 0.115321
vt 0.836276 0.012933
vt 0.893437 0.025629
vt 0.988063 0.125842
vt 0.988168 0.208525
vt 0.980956 0.208536
vt 0.980948 0.124246
vt 0.961805 0.208850
vt 0.960612 0.122650
vt 0.967678 0.122510
vt 0.968228 0.208930
vt 0.978015 0.123538
vt 0.978103 0.208460
vt 0.965449 0.368856
vt 0.956295 0.377706
vt 0.953488 0.296411
vt 0.964599 0.292319
vt 0.950187 0.210196
vt 0.827838 0.214136
vt 0.838706 0.309762
vt 0.834174 0.311201
vt 0.822905 0.214047
vt 0.812337 0.316365
vt 0.797888 0.216110
vt 0.805754 0.215203
vt 0.820041 0.314850
vt 0.961062 0.038212
vt 0.970042 0.037592
vt 0.980180 0.372338
vt 0.970053 0.384531
vt 0.961879 0.379746
vt 0.971042 0.369269
vt 0.984955 0.042412
vt 0.981658 0.040755
vt 0.990585 0.376444
vt 0.979579 0.393665
vt 0.972533 0.386264
vt 0.982105 0.373164
vt 0.983615 0.292315
vt 0.980720 0.292114
vt 0.970773 0.292128
vt 0.991150 0.292342
vt 0.809628 0.114713
vt 0.812061 0.012365
vt 0.829393 0.009661
vt 0.824909 0.113762
vt 0.804934 0.115802
vt 0.795080 0.117430
vt 0.794093 0.021959
vt 0.806620 0.014529
vt 0.809681 0.214702
vt 0.823383 0.314011
vt 0.853462 0.390882
vt 0.850890 0.394059
vt 0.843047 0.402750
vt 0.837301 0.405380
vt 0.844439 0.401253
vt 0.948253 0.122280
vt 0.947427 0.036095
vt 0.896779 0.216740
vt 0.914697 0.418962
vt 0.908078 0.315671
vt 0.915776 0.423934
vt 0.916958 0.435044
vt 0.916996 0.436856
vt 0.917247 0.444562
vt 0.993421 0.047695
vt 0.423854 0.681431
vt 0.406207 0.686684
vt 0.398265 0.636429
vt 0.417339 0.632211
vt 0.330106 0.787630
vt 0.328769 0.794764
vt 0.244172 0.797137
vt 0.244386 0.789988
vt 0.330956 0.767458
vt 0.331370 0.774427
vt 0.243901 0.777520
vt 0.243832 0.771182
vt 0.330655 0.785314
vt 0.244457 0.787831
vt 0.077025 0.766221
vt 0.073531 0.760341
vt 0.151434 0.763207
vt 0.152145 0.769753
vt 0.243174 0.764479
vt 0.155774 0.627068
vt 0.154809 0.622429
vt 0.245769 0.618602
vt 0.245767 0.623668
vt 0.151818 0.608055
vt 0.150969 0.600219
vt 0.241989 0.593473
vt 0.242541 0.601443
vt 0.410991 0.762458
vt 0.411820 0.770900
vt 0.076681 0.771801
vt 0.072716 0.781136
vt 0.066900 0.774616
vt 0.072154 0.765795
vt 0.072407 0.782004
vt 0.068140 0.789757
vt 0.066021 0.776532
vt 0.152347 0.775712
vt 0.151880 0.788291
vt 0.151264 0.795782
vt 0.321165 0.627221
vt 0.317897 0.611292
vt 0.393901 0.611295
vt 0.399414 0.629045
vt 0.316639 0.608028
vt 0.314677 0.596408
vt 0.387848 0.594296
vt 0.392353 0.606951
vt 0.320282 0.632775
vt 0.152302 0.610564
vt 0.243222 0.604351
vt 0.083238 0.629287
vt 0.080066 0.626987
vt 0.071612 0.618395
vt 0.070308 0.611613
vt 0.072957 0.619243
vt 0.427114 0.761447
vt 0.410672 0.755386
vt 0.426921 0.753674
vt 0.039368 0.697303
vt 0.143118 0.698469
vt 0.235605 0.698519
vt 0.014821 0.696351
vt 0.021751 0.699200
vt 0.419823 0.794947
vt 0.404826 0.793987
vt 0.408549 0.785475
vt 0.424307 0.786068
vt 0.330831 0.760921
vt 0.327892 0.695955
vt 0.034508 0.699055
vt 0.409431 0.782904
vt 0.425146 0.783261
vt 0.152040 0.786070
vt 0.428059 0.770696
vt 0.412923 0.608104
vt 0.418773 0.625209
vt 0.405068 0.592825
vt 0.411924 0.604983
vt 0.022803 0.698930
vt 0.057412 0.781393
vt 0.922817 0.121435
vt 0.920432 0.030862
vt 0.930783 0.306041
vt 0.923483 0.213468
s 1
usemtl Armour
f 1193/1/1 1194/2/2 3/3/3 13/4/4
f 15/5/5 20/6/6 14/7/7
f 1187/8/8 1188/9/9 43/10/10 42/11/11
f 1184/12/12 1185/13/13 55/14/14 56/15/15
f 2/16/16 3/3/3 1194/2/2 1/17/17
f 2/16/16 5/18/18 6/19/19 3/3/3
f 14/7/7 13/4/4 3/3/3 6/19/19
f 13/4/4 21/20/20 1192/21/21 1193/1/1
f 8/22/22 6/19/19 5/18/18 7/23/23
f 6/19/19 8/22/22 15/5/5 14/7/7
f 9/24/24 12/25/25 8/22/22 7/23/23
f 8/22/22 12/25/25 16/26/26 15/5/5
f 10/27/27 11/28/28 12/25/25 9/24/24
f 12/25/25 11/28/28 17/29/29 16/26/26
f 11/28/28 78/30/30 80/31/31 17/29/29
f 20/6/6 21/20/20 13/4/4 14/7/7
f 19/32/32 20/6/6 15/5/5 16/26/26
f 18/33/33 19/32/32 16/26/26 17/29/29
f 17/29/29 80/31/31 81/34/34 18/33/33
f 19/32/32 18/33/33 28/35/35 23/36/36
f 23/36/36 24/37/37 20/6/6 19/32/32
f 21/20/20 20/6/6 24/37/37 25/38/38
f 21/20/20 25/38/38 1191/39/39 1192/21/21
f 27/40/40 29/41/41 23/36/36 28/35/35
f 29/41/41 30/42/42 24/37/37 23/36/36
f 25/38/38 24/37/37 30/42/42 31/43/43
f 25/38/38 31/43/43 1190/44/44 1191/39/39
f 28/35/35 74/45/45 82/46/46 27/40/40
f 33/47/47 34/48/48 29/41/41 27/40/40
f 30/42/42 29/41/41 34/48/48 35/49/49
f 31/43/43 30/42/42 35/49/49 36/50/50
f 31/43/43 36/50/50 1189/51/51 1190/44/44
f 34/48/48 33/47/47 38/52/52 39/53/53
f 39/53/53 40/54/54 35/49/49 34/48/48
f 36/50/50 35/49/49 40/54/54 43/10/10
f 1188/9/9 1189/51/51 36/50/50 43/10/10
f 38/52/52 46/55/55 45/56/56 39/53/53
f 39/53/53 45/56/56 44/57/57 40/54/54
f 43/10/10 40/54/54 44/57/57 42/11/11
f 42/11/11 49/58/58 1186/59/59 1187/8/8
f 42/11/11 44/57/57 54/60/60 49/58/58
f 44/57/57 45/56/56 48/61/61 54/60/60
f 47/62/62 48/61/61 45/56/56 46/55/55
f 46/55/55 76/63/63 85/64/64 47/62/62
f 51/65/65 52/66/66 48/61/61 47/62/62
f 52/66/66 53/67/67 54/60/60 48/61/61
f 49/58/58 54/60/60 53/67/67 55/14/14
f 49/58/58 55/14/14 1185/13/13 1186/59/59
f 59/68/68 58/69/69 52/66/66 51/65/65
f 53/67/67 52/66/66 58/69/69 57/70/70
f 57/70/70 56/15/15 55/14/14 53/67/67
f 1184/12/12 56/15/15 63/71/71 1183/72/72
f 57/70/70 62/73/73 63/71/71 56/15/15
f 62/73/73 57/70/70 58/69/69 61/74/74
f 58/69/69 59/68/68 60/75/75 61/74/74
f 66/76/76 60/75/75 88/77/77 89/78/78
f 61/74/74 60/75/75 66/76/76 67/79/79
f 68/80/80 62/73/73 61/74/74 67/79/79
f 69/81/81 63/71/71 62/73/73 68/80/80
f 63/71/71 69/81/81 1182/82/82 1183/72/72
f 64/83/83 70/84/84 71/85/85 73/86/86
f 69/81/81 1181/87/87 1182/82/82
f 74/45/45 28/35/35 75/88/88
f 76/63/63 46/55/55 77/89/89
f 78/30/30 11/28/28 10/27/27 79/90/90
f 75/88/88 28/35/35 18/33/33 81/34/34
f 83/91/91 33/47/47 27/40/40 82/46/46
f 84/92/92 38/52/52 33/47/47 83/91/91
f 77/89/89 46/55/55 38/52/52 84/92/92
f 86/93/93 51/65/65 47/62/62 85/64/64
f 87/94/94 59/68/68 51/65/65 86/93/93
f 88/77/77 60/75/75 59/68/68 87/94/94
f 116/95/95 115/96/96 282/97/97
f 127/98/98 286/99/99 126/100/100
f 128/101/101 129/102/102 286/99/99 127/98/98
f 291/103/103 289/104/104 290/105/105
f 91/106/106 103/107/107 102/108/108 90/109/109
f 91/106/106 90/109/109 278/110/110 303/111/111
f 90/109/109 102/108/108 101/112/112 297/113/113
f 297/113/113 277/114/114 278/110/110 90/109/109
f 105/115/115 91/106/106 92/116/116 106/117/117
f 91/106/106 303/111/111 304/118/118 92/116/116
f 91/106/106 105/115/115 104/119/119 103/107/107
f 304/118/118 94/120/120 95/121/121 92/116/116
f 95/121/121 109/122/122 106/117/117 92/116/116
f 275/123/123 300/124/124 93/125/125 276/126/126
f 94/120/127 93/125/128 96/127/129 97/128/130
f 304/118/118 276/126/126 93/125/125 94/120/120
f 97/128/130 98/129/131 95/121/132 94/120/127
f 97/128/133 96/127/134 181/130/135 182/131/136
f 183/132/137 98/129/138 97/128/133 182/131/136
f 99/133/139 297/113/113 101/112/112 100/134/140
f 277/114/114 297/113/113 99/133/139 298/135/141
f 1924/136/142 99/133/139 100/134/140 426/137/143
f 298/135/141 99/133/139 1924/136/142 1925/138/144
f 100/134/140 101/112/112 204/139/145 203/140/146
f 100/134/140 203/140/146 427/141/147 426/137/143
f 101/112/112 102/108/108 205/142/148 204/139/145
f 102/108/108 103/107/107 206/143/149 205/142/148
f 103/107/107 104/119/119 214/144/150 206/143/149
f 105/115/115 115/96/96 117/145/151 104/119/119
f 104/119/119 117/145/151 218/146/152 214/144/150
f 105/115/115 106/117/117 279/147/153 283/148/154
f 105/115/115 283/148/154 284/149/155 115/96/96
f 279/147/153 106/117/117 109/122/122 108/150/156
f 108/150/156 111/151/157 280/152/158 279/147/153
f 112/153/159 111/151/160 108/150/161 110/154/162
f 110/154/163 185/155/164 186/156/165 112/153/166
f 111/151/157 114/157/167 123/158/168 280/152/158
f 111/151/160 112/153/159 113/159/169 114/157/170
f 112/153/166 186/156/165 187/160/171 113/159/172
f 125/161/173 124/162/174 114/157/170 113/159/169
f 188/163/175 125/161/176 113/159/172 187/160/171
f 122/164/177 123/158/168 114/157/167 124/162/178
f 115/96/96 116/95/95 118/165/179 117/145/151
f 115/96/96 284/149/155 281/166/180 282/97/97
f 121/167/181 120/168/182 116/95/95 282/97/97
f 119/169/183 118/165/179 116/95/95 120/168/182
f 220/170/184 218/146/152 117/145/151 118/165/179
f 222/171/185 220/170/184 118/165/179 119/169/183
f 223/172/186 119/169/183 120/168/182 131/173/187
f 119/169/183 223/172/186 227/174/188 222/171/185
f 120/168/182 121/167/181 285/175/189 131/173/187
f 123/158/168 122/164/177 121/167/181 282/97/97
f 286/99/99 285/175/189 121/167/181 122/164/177
f 122/164/177 124/162/178 126/100/100 286/99/99
f 282/97/97 281/166/180 280/152/158 123/158/168
f 126/100/190 124/162/174 125/161/173 132/176/191
f 189/177/192 132/176/193 125/161/176 188/163/175
f 132/176/191 133/178/194 127/98/195 126/100/190
f 133/178/194 134/179/196 128/101/197 127/98/195
f 128/101/101 290/105/105 139/180/198 129/102/102
f 161/181/199 290/105/200 128/101/197 134/179/196
f 138/182/201 130/183/202 129/102/102 139/180/198
f 285/175/189 286/99/99 129/102/102 130/183/202
f 130/183/202 138/182/201 137/184/203 224/185/204
f 130/183/202 224/185/204 131/173/187 285/175/189
f 131/173/187 224/185/204 135/186/205 223/172/186
f 190/187/206 133/178/207 132/176/193 189/177/192
f 133/178/207 190/187/206 191/188/208 134/179/209
f 192/189/210 161/181/211 134/179/209 191/188/208
f 223/172/186 135/186/205 228/190/212 227/174/188
f 136/191/213 135/186/205 224/185/204 137/184/203
f 230/192/214 228/190/212 135/186/205 136/191/213
f 147/193/215 136/191/213 137/184/203 145/194/216
f 136/191/213 147/193/215 178/195/217 230/192/214
f 137/184/203 138/182/201 287/196/218 145/194/216
f 139/180/198 288/197/219 287/196/218 138/182/201
f 290/105/105 289/104/104 288/197/219 139/180/198
f 291/103/220 162/198/221 163/199/222 140/200/223
f 291/103/103 140/200/224 292/201/225 289/104/104
f 140/200/223 163/199/222 164/202/226 141/203/227
f 140/200/224 141/203/228 293/204/229 292/201/225
f 143/205/230 293/204/229 141/203/228 142/206/231
f 165/207/232 142/206/233 141/203/227 164/202/226
f 156/208/234 157/209/235 143/205/230 142/206/231
f 142/206/233 165/207/232 166/210/236 156/208/236
f 158/211/237 144/212/238 143/205/230 157/209/235
f 144/212/238 296/213/239 293/204/229 143/205/230
f 149/214/240 146/215/241 294/216/242 144/212/238
f 144/212/238 294/216/242 295/217/243 296/213/239
f 144/212/238 158/211/237 160/218/244 149/214/240
f 145/194/216 287/196/218 294/216/242 146/215/241
f 145/194/216 146/215/241 148/219/245 147/193/215
f 146/215/241 149/214/240 150/220/246 148/219/245
f 176/221/247 178/195/217 147/193/215 148/219/245
f 175/222/248 176/221/247 148/219/245 150/220/246
f 149/214/240 160/218/244 159/223/249 150/220/246
f 150/220/246 159/223/249 172/224/250 175/222/248
f 160/218/244 152/225/251 151/226/252 159/223/249
f 171/227/253 151/226/254 152/225/255 170/228/256
f 151/226/254 171/227/253 245/229/257 244/230/257
f 158/211/237 153/231/258 152/225/251 160/218/244
f 170/228/256 152/225/255 153/231/259 169/232/260
f 153/231/258 158/211/237 157/209/235 154/233/261
f 154/233/262 168/234/263 169/232/260 153/231/259
f 156/208/234 155/235/264 154/233/261 157/209/235
f 168/234/263 154/233/262 155/235/265 167/236/265
f 166/210/266 167/236/266 155/235/266 156/208/266
f 162/198/221 291/103/220 290/105/200 161/181/199
f 162/198/267 161/181/211 192/189/210 193/237/268
f 193/237/268 194/238/269 163/199/270 162/198/267
f 194/238/269 195/239/271 164/202/272 163/199/270
f 165/207/273 164/202/272 195/239/271 196/240/274
f 196/240/274 197/241/275 166/210/276 165/207/273
f 167/236/277 166/210/276 197/241/275 198/242/278
f 168/234/279 167/236/277 200/243/280 251/244/281
f 167/236/277 198/245/278 199/246/282 200/243/280
f 251/244/281 250/247/283 169/232/284 168/234/279
f 250/247/283 249/248/285 170/228/286 169/232/284
f 248/249/287 171/227/288 170/228/286 249/248/285
f 247/250/289 245/229/290 171/227/288 248/249/287
f 173/251/291 172/224/292 243/252/293 246/253/293
f 174/254/294 175/222/295 172/224/292 173/251/291
f 259/255/296 241/256/297 174/254/298 173/251/299
f 175/222/295 174/254/294 177/257/300 176/221/301
f 240/258/302 177/257/303 174/254/298 241/256/297
f 232/259/304 178/195/305 176/221/301 177/257/300
f 177/257/303 240/258/302 239/260/306 232/259/307
f 178/195/305 232/259/304 231/261/308 230/192/309
f 428/262/310 179/263/311 274/264/312 2049/265/310
f 428/262/313 2050/266/313 417/267/314 179/263/315
f 180/268/316 179/263/315 417/267/314 1195/269/317
f 394/270/318 181/130/319 180/268/316 1195/269/317
f 181/130/319 394/270/318 201/271/320 182/131/321
f 183/132/322 182/131/321 201/271/320 202/272/323
f 420/273/324 184/274/325 183/132/322 202/272/323
f 184/274/325 420/273/324 1196/275/326 185/155/327
f 1197/276/328 186/156/329 185/155/327 1196/275/326
f 186/156/329 1197/276/328 389/277/330 187/160/331
f 187/160/331 389/277/330 1198/278/332 188/163/333
f 188/163/333 1198/278/332 422/279/334 189/177/335
f 189/177/335 422/279/334 1199/280/336 190/187/337
f 1200/281/338 191/188/339 190/187/337 1199/280/336
f 390/282/340 192/189/341 191/188/339 1200/281/338
f 192/189/341 390/282/340 1201/283/342 193/237/343
f 193/237/343 1201/283/342 408/284/344 194/238/345
f 1202/285/346 195/239/347 194/238/345 408/284/344
f 195/239/347 1202/285/346 410/286/348 196/240/349
f 196/240/349 410/286/348 1203/287/350 197/241/351
f 198/242/352 197/241/351 1203/287/350 1205/288/352
f 1205/289/353 415/290/353 199/246/353 198/245/353
f 200/243/354 199/246/355 415/290/355 1204/291/356
f 251/244/357 200/243/354 1204/291/356 252/292/358
f 299/293/359 298/135/141 1925/138/144 429/294/360
f 1143/295/361 301/296/362 299/293/359 429/294/360
f 430/297/363 427/141/363 203/140/364 207/298/365
f 207/298/365 203/140/364 204/139/366 208/299/367
f 208/299/367 204/139/366 205/142/368 211/300/369
f 211/300/369 205/142/368 206/143/370 212/301/371
f 212/301/371 206/143/370 214/144/372 213/302/373
f 430/297/374 207/298/375 209/303/376 2084/304/374
f 207/298/375 208/299/377 210/305/378 209/303/376
f 210/305/378 208/299/377 211/300/379 215/306/380
f 2084/304/381 209/303/382 273/307/383 2088/308/381
f 209/303/382 210/305/384 272/309/385 273/307/383
f 271/310/386 272/309/385 210/305/384 215/306/387
f 211/300/379 212/301/388 216/311/389 215/306/380
f 213/302/390 217/312/391 216/311/389 212/301/388
f 213/302/373 214/144/372 218/146/392 219/313/393
f 219/313/394 233/314/395 217/312/391 213/302/390
f 215/306/387 216/311/396 270/315/397 271/310/386
f 216/311/396 217/312/398 269/316/399 270/315/397
f 217/312/398 233/314/400 268/317/401 269/316/399
f 220/170/402 221/318/403 219/313/393 218/146/392
f 221/318/404 234/319/405 233/314/395 219/313/394
f 221/318/403 220/170/402 222/171/406 225/320/407
f 235/321/408 234/319/405 221/318/404 225/320/409
f 225/320/407 222/171/406 227/174/410 226/322/411
f 236/323/412 235/321/408 225/320/409 226/322/413
f 226/322/411 227/174/410 228/190/414 229/324/415
f 226/322/413 229/324/416 237/325/417 236/323/412
f 229/324/415 228/190/414 230/192/309 231/261/308
f 238/326/418 237/325/417 229/324/416 231/261/419
f 232/259/307 239/260/306 238/326/418 231/261/419
f 234/319/420 267/327/421 268/317/401 233/314/400
f 235/321/422 266/328/423 267/327/421 234/319/420
f 236/323/424 265/329/425 266/328/423 235/321/422
f 236/323/424 237/325/426 264/330/427 265/329/425
f 237/325/426 238/326/428 263/331/429 264/330/427
f 262/332/430 263/331/429 238/326/428 239/260/431
f 239/260/431 240/258/432 261/333/433 262/332/430
f 240/258/432 241/256/434 260/334/435 261/333/433
f 259/255/436 258/335/437 260/334/435 241/256/434
f 247/250/289 242/336/438 246/253/439 245/229/290
f 256/337/440 257/338/441 242/336/442 247/250/440
f 246/253/443 243/252/443 244/230/443 245/229/443
f 255/339/444 256/337/445 247/250/445 248/249/446
f 248/249/446 249/248/447 254/340/448 255/339/444
f 253/341/449 254/340/448 249/248/447 250/247/450
f 250/247/450 251/244/357 252/292/358 253/341/449
f 274/264/451 301/296/451 1143/295/452 2049/265/452
f 301/296/453 274/264/453 302/342/454 300/124/455
f 275/123/123 277/114/114 298/135/141 299/293/359
f 301/296/362 300/124/124 275/123/123 299/293/359
f 276/126/126 278/110/110 277/114/114 275/123/123
f 294/216/242 287/196/218 288/197/219 295/217/243
f 288/197/219 289/104/104 292/201/225 295/217/243
f 95/121/132 98/129/131 107/343/456 109/122/457
f 184/274/458 107/343/459 98/129/138 183/132/137
f 257/344/441 258/335/437 259/255/436 242/345/442
f 242/345/438 259/255/296 173/251/299 246/253/439
f 276/126/126 304/118/118 303/111/111 278/110/110
f 296/213/239 295/217/243 292/201/225 293/204/229
f 159/223/249 151/226/252 243/252/460 172/224/250
f 243/252/460 151/226/252 244/230/461
f 280/152/158 281/166/180 284/149/155 279/147/153
f 283/148/154 279/147/153 284/149/155
f 184/274/458 185/155/164 110/154/163 107/343/459
f 110/154/162 108/150/161 109/122/457 107/343/456
f 179/263/311 180/268/462 302/342/463 274/264/312
f 181/130/135 96/127/134 302/342/463 180/268/462
f 300/124/455 302/342/454 96/127/129 93/125/128
f 305/346/464 306/347/465 307/348/466 308/349/467
f 309/350/468 310/351/469 311/352/470 312/353/471
f 313/354/472 314/355/473 315/356/474 316/357/475
f 315/356/476 317/358/477 318/359/478 316/357/479
f 319/360/480 320/361/481 321/362/482 322/363/483
f 313/354/484 322/363/483 321/362/482 323/364/485
f 324/365/486 325/366/487 326/367/488 327/368/489
f 328/369/490 329/370/491 330/371/492 331/372/493
f 315/356/474 314/355/473 332/373/494 333/374/495
f 334/375/496 335/376/497 336/377/498 337/378/499
f 338/379/500 309/350/501 317/358/477 339/380/502
f 340/381/503 341/382/503 342/383/503 343/384/503
f 344/385/504 340/381/505 335/376/497 345/386/506
f 319/360/507 322/363/507 346/387/507 334/375/507
f 344/385/508 347/388/509 341/382/510 340/381/510
f 348/389/511 349/390/512 350/391/513 351/392/514
f 352/393/515 353/394/516 354/395/517 355/396/518
f 352/393/519 348/389/511 356/397/520 331/372/521
f 331/372/493 330/371/492 353/394/516 352/393/515
f 307/348/522 324/365/486 327/368/489 351/392/523
f 312/353/524 344/385/504 345/386/506 318/359/478
f 322/363/525 313/354/472 316/357/475 346/387/525
f 312/353/471 311/352/470 347/388/509 344/385/508
f 327/368/526 326/367/527 357/398/528 356/397/529
f 358/399/530 359/400/530 326/367/488 325/366/487
f 360/401/531 361/402/531 329/370/491 328/369/490
f 326/367/527 359/400/532 362/403/533 357/398/528
f 332/373/534 314/355/535 306/347/465 305/346/464
f 321/362/482 320/361/481 358/399/536 325/366/537
f 323/364/485 321/362/482 325/366/537 324/365/538
f 337/378/499 336/377/498 362/403/539 359/400/540
f 343/384/541 342/383/541 361/402/541 360/401/541
f 338/379/542 363/404/543 310/351/469 309/350/468
f 351/392/523 350/391/544 308/349/545 307/348/522
f 313/354/484 323/364/485 306/347/465 314/355/535
f 334/375/546 337/378/546 320/361/546 319/360/546
f 323/364/485 324/365/538 307/348/466 306/347/465
f 337/378/547 359/400/547 358/399/547 320/361/547
f 339/380/502 317/358/477 315/356/476 333/374/548
f 345/386/506 335/376/497 334/375/496 346/387/549
f 327/368/550 356/397/520 348/389/511 351/392/514
f 318/359/478 345/386/506 346/387/549 316/357/479
f 317/358/477 309/350/501 312/353/524 318/359/478
f 335/376/497 340/381/505 343/384/551 336/377/498
f 348/389/511 352/393/519 355/396/552 349/390/512
f 356/397/529 357/398/528 328/369/553 331/372/554
f 357/398/528 362/403/533 360/401/555 328/369/553
f 336/377/498 343/384/551 360/401/556 362/403/539
f 305/346/464 308/349/467 2183/405/557 2184/406/558
f 338/379/500 339/380/502 431/407/559 432/408/560
f 332/373/534 305/346/464 2184/406/558 433/409/561
f 338/379/542 432/408/562 2187/410/563 363/404/543
f 339/380/502 333/374/548 434/411/564 431/407/559
f 364/412/565 365/413/566 374/414/567 375/415/568
f 364/412/565 366/416/569 367/417/570 365/413/566
f 373/418/571 368/419/572 369/420/573 372/421/573
f 365/413/566 2198/422/574 435/423/575 374/414/567
f 370/424/576 371/425/576 368/419/572 373/418/571
f 371/425/577 364/412/565 375/415/568 376/426/578
f 368/419/579 371/425/577 376/426/578 387/427/580
f 2203/428/581 2198/422/574 365/413/566 367/417/570
f 366/416/569 364/412/565 371/425/577 370/424/582
f 388/429/583 1209/430/584 1210/431/585 1222/432/586
f 377/433/587 375/434/568 374/435/567 378/436/588
f 377/433/587 378/436/588 380/437/589 379/438/590
f 381/439/591 383/440/592 1211/441/593 1212/442/594
f 378/436/588 374/435/567 435/443/575 2216/444/595
f 385/445/596 376/446/578 375/434/568 377/433/587
f 387/447/580 376/446/578 1206/448/597 386/449/598
f 436/450/599 380/437/589 378/436/588 2216/444/595
f 379/438/590 384/451/600 385/445/596 377/433/587
f 385/445/596 1207/452/601 1206/448/597 376/446/578
f 392/453/602 391/454/603 419/455/604 418/456/605
f 394/457/606 392/453/602 201/458/607
f 395/459/608 396/460/609 391/454/603 392/453/602
f 1195/461/610 417/462/611 395/459/608 392/453/602
f 2228/463/612 2229/464/613 396/460/609 395/459/608
f 417/462/611 2050/465/614 2228/463/612 395/459/608
f 396/460/609 398/466/615 397/467/616 391/454/603
f 396/460/609 2229/464/613 399/468/617 398/466/615
f 391/454/603 397/467/616 421/469/618 419/455/604
f 401/470/619 423/471/620 1198/472/621 389/473/622
f 401/470/619 393/474/623 424/475/624 423/471/620
f 393/474/623 400/476/625 425/477/626 424/475/624
f 405/478/627 406/479/628 402/480/629 403/481/630
f 403/481/630 404/482/631 407/483/632 405/478/627
f 406/479/628 408/484/633 1201/485/634
f 1202/486/635 408/484/633 406/479/628
f 1205/487/636 1203/488/637 1204/489/638
f 406/479/628 405/478/627 411/490/639 409/491/640
f 412/492/641 411/490/639 405/478/627 407/483/632
f 411/490/639 412/492/641 413/493/642 416/494/643
f 409/491/640 411/490/639 416/494/643 414/495/644
f 419/455/604 393/474/623 401/470/619 418/456/605
f 418/456/605 1196/496/645 420/497/646
f 421/469/618 400/476/625 393/474/623 419/455/604
f 423/471/620 1199/498/647 422/499/648
f 424/475/624 403/481/630 402/480/629 423/471/620
f 425/477/626 404/482/631 403/481/630 424/475/624
f 434/411/649 333/374/495 332/373/494 433/409/649
f 2251/500/650 350/391/513 349/390/512 2252/501/651
f 437/502/652 355/396/518 354/395/517 438/503/652
f 2183/405/653 308/349/545 350/391/544 2251/500/653
f 2252/501/651 349/390/512 355/396/552 437/502/654
f 479/504/655 490/505/655 491/506/655 481/507/655
f 851/508/656 850/509/657 446/510/658 445/511/659
f 443/512/660 852/513/661 851/508/662 445/511/663
f 483/514/664 485/515/665 486/516/666 484/517/666
f 443/512/660 445/511/663 451/518/667 452/519/668
f 453/520/669 454/521/670 446/510/671 444/522/672
f 492/523/673 484/517/674 486/516/674 493/524/675
f 451/518/676 445/511/659 446/510/658 454/521/677
f 462/525/678 470/526/679 463/527/680 441/528/681
f 486/516/682 485/515/683 491/506/684 493/524/682
f 447/529/685 439/530/686 442/531/687 450/532/688
f 441/528/681 463/527/680 495/533/689 449/534/690
f 2284/535/691 474/536/692 473/537/693 1145/538/691
f 479/504/694 453/520/695 487/539/696 490/505/694
f 1146/540/697 1147/541/697 467/542/698 468/543/699
f 468/543/699 467/542/698 469/544/700 470/526/701
f 1145/538/702 473/537/703 467/542/704 1147/541/702
f 1148/545/705 457/546/706 461/547/707 2293/548/705
f 1149/549/708 2294/550/708 455/551/709 456/552/710
f 2294/550/711 2293/548/711 461/547/712 455/551/712
f 449/534/713 849/553/714 850/509/715 450/532/716
f 470/526/701 469/544/700 464/554/717 463/527/718
f 465/555/719 466/556/720 471/557/721 472/558/722
f 483/514/664 480/559/723 482/560/724 485/515/665
f 469/544/725 471/557/726 466/556/727 464/554/728
f 495/533/729 463/527/718 464/554/717 496/561/730
f 500/562/731 497/563/732 466/556/720 465/555/719
f 496/561/733 464/554/728 466/556/727 497/563/734
f 444/522/735 849/553/736 848/564/737 498/565/738
f 474/536/692 472/558/722 471/557/721 473/537/693
f 453/520/695 444/522/735 498/565/738 487/539/696
f 490/505/739 487/539/740 488/566/741 491/506/739
f 492/523/673 493/524/675 489/567/742 494/568/743
f 493/524/744 491/506/744 488/566/745 489/567/746
f 452/519/668 451/518/667 476/569/747 475/570/747
f 453/520/669 479/504/748 481/507/748 454/521/670
f 469/544/725 467/542/704 473/537/703 471/557/726
f 451/518/676 454/521/677 481/507/749 476/569/750
f 456/552/710 455/551/709 458/571/751 459/572/752
f 448/573/753 440/574/754 439/530/755 447/529/756
f 482/560/757 481/507/749 491/506/684 485/515/683
f 477/575/758 475/570/758 476/569/758 478/576/758
f 480/559/723 477/575/759 478/576/759 482/560/724
f 476/569/750 481/507/749 482/560/757 478/576/760
f 848/564/761 847/577/762 499/578/763 498/565/764
f 845/579/765 846/580/766 497/563/732 500/562/731
f 499/578/767 847/577/768 846/580/769 502/581/770
f 441/528/771 449/534/713 450/532/716 442/531/772
f 487/539/740 498/565/764 499/578/763 488/566/741
f 501/582/773 494/568/743 489/567/742 502/581/774
f 457/546/775 468/543/776 470/526/679 462/525/678
f 488/566/745 499/578/767 502/581/770 489/567/746
f 457/546/706 462/525/777 460/583/778 461/547/707
f 458/571/779 455/551/780 461/547/780 460/583/781
f 440/574/754 459/572/752 458/571/751 439/530/755
f 462/525/777 441/528/771 442/531/772 460/583/778
f 439/530/686 458/571/779 460/583/781 442/531/687
f 1148/545/782 1146/540/782 468/543/776 457/546/775
f 805/584/783 806/585/784 506/586/785 503/587/785
f 508/588/786 814/589/787 813/590/788 507/591/789
f 511/592/790 512/593/791 508/588/792 507/591/793
f 514/594/794 515/595/795 516/596/796 513/597/796
f 517/598/797 511/592/790 507/591/793 518/599/798
f 519/600/799 520/601/800 521/602/801 510/603/802
f 522/604/803 513/597/804 516/596/804 523/605/805
f 507/591/789 813/590/788 812/606/806 518/599/807
f 524/607/808 525/608/809 800/609/810 801/610/811
f 516/596/812 515/595/813 505/611/814 523/605/815
f 528/612/816 815/613/817 814/589/787 508/588/786
f 530/614/818 524/607/808 801/610/811 802/615/819
f 1150/616/820 532/617/821 533/618/822 2362/619/820
f 503/587/823 520/601/824 804/620/825 805/584/826
f 1064/621/827 1065/622/827 536/623/828 535/624/829
f 526/625/830 535/624/829 536/623/828 537/626/831
f 533/618/832 536/623/833 1065/622/834 2362/619/834
f 2368/627/835 538/628/836 539/629/837 2371/630/835
f 1151/631/838 2372/632/838 541/633/839 540/634/840
f 2372/632/841 1152/635/842 817/636/843 541/633/844
f 530/614/845 519/600/799 510/603/802 509/637/846
f 527/638/847 526/625/830 537/626/831 542/639/848
f 543/640/849 544/641/850 545/642/851 546/643/852
f 514/594/794 808/644/853 807/645/854 515/595/795
f 537/626/855 546/643/856 545/642/857 542/639/858
f 531/646/859 527/638/847 542/639/848 549/647/860
f 544/641/850 550/648/861 551/649/862 545/642/851
f 549/647/863 542/639/858 545/642/857 551/649/864
f 519/600/865 530/614/818 802/615/819 803/650/866
f 532/617/821 543/640/849 546/643/852 533/618/822
f 520/601/824 519/600/865 803/650/866 804/620/825
f 504/651/867 534/652/868 553/653/869 505/611/867
f 522/604/803 523/605/805 555/654/870 554/655/871
f 523/605/815 505/611/814 553/653/872 555/654/873
f 556/656/874 517/598/797 518/599/798 557/657/874
f 503/587/875 506/586/875 521/602/801 520/601/800
f 537/626/855 536/623/833 533/618/832 546/643/856
f 518/599/807 812/606/806 811/658/876 557/657/877
f 558/659/878 540/634/840 541/633/839 559/660/879
f 512/593/791 560/661/880 528/612/881 508/588/792
f 548/662/882 506/586/883 806/585/884 807/645/885
f 561/663/886 556/656/886 557/657/886 562/664/886
f 809/665/887 810/666/888 548/662/889 547/667/890
f 557/657/877 811/658/876 810/666/891 562/664/892
f 552/668/893 531/646/859 549/647/860 563/669/894
f 550/648/861 564/670/895 565/671/896 551/649/862
f 563/669/897 549/647/863 551/649/864 565/671/898
f 524/607/899 530/614/845 509/637/846 529/672/900
f 534/652/868 552/668/893 563/669/894 553/653/869
f 564/670/895 554/655/871 555/654/870 565/671/896
f 538/628/901 799/673/902 800/609/810 525/608/809
f 553/653/872 563/669/897 565/671/898 555/654/873
f 538/628/836 525/608/903 566/674/904 539/629/837
f 541/633/905 817/636/906 816/675/907 559/660/908
f 560/661/880 558/659/878 559/660/879 528/612/881
f 525/608/903 524/607/899 529/672/900 566/674/904
f 559/660/908 816/675/907 815/613/817 528/612/816
f 2368/627/909 1153/676/910 799/673/902 538/628/901
f 568/677/911 569/678/911 570/679/911 567/680/911
f 572/681/912 573/682/913 574/683/914 571/684/915
f 575/685/916 576/686/917 572/681/918 571/684/919
f 577/687/920 578/688/921 579/689/922 580/690/920
f 575/685/916 571/684/919 582/691/923 581/692/924
f 583/693/925 584/694/926 585/695/927 574/683/928
f 586/696/929 577/687/930 580/690/930 587/697/931
f 571/684/915 574/683/914 585/695/932 582/691/933
f 588/698/934 589/699/935 590/700/936 591/701/937
f 580/690/938 579/689/939 569/678/940 587/697/938
f 592/702/941 593/703/942 573/682/913 572/681/912
f 594/704/943 588/698/934 591/701/937 595/705/944
f 2444/706/945 596/707/946 597/708/947 1095/709/945
f 567/680/948 584/694/949 598/710/950 568/677/948
f 1154/711/951 1155/712/951 600/713/952 599/714/952
f 599/714/953 600/713/953 601/715/954 590/700/955
f 597/708/956 600/713/957 1155/712/958 1095/709/958
f 2451/716/959 602/717/960 603/718/961 853/719/959
f 1156/720/962 1066/721/962 605/722/963 604/723/964
f 1066/721/965 853/719/965 603/718/966 605/722/966
f 594/704/967 583/693/925 574/683/928 573/682/968
f 590/700/955 601/715/954 606/724/969 591/701/970
f 607/725/971 608/726/972 609/727/973 610/728/974
f 601/715/975 610/728/975 609/727/976 606/724/977
f 595/705/978 591/701/970 606/724/969 613/729/979
f 614/730/980 615/731/981 609/727/973 608/726/972
f 613/729/982 606/724/977 609/727/976 615/731/983
f 583/693/984 594/704/943 595/705/944 616/732/985
f 596/707/946 607/725/971 610/728/974 597/708/947
f 584/694/949 583/693/984 616/732/985 598/710/950
f 568/677/986 598/710/987 617/733/988 569/678/986
f 618/734/989 586/696/929 587/697/931 619/735/990
f 587/697/991 569/678/991 617/733/992 619/735/993
f 620/736/994 581/692/924 582/691/923 621/737/995
f 567/680/996 570/679/996 585/695/927 584/694/926
f 601/715/997 600/713/957 597/708/956 610/728/997
f 621/737/998 582/691/933 585/695/932 570/679/999
f 622/738/1000 604/723/964 605/722/963 623/739/1001
f 576/686/917 624/740/1002 592/702/1003 572/681/918
f 570/679/999 569/678/940 579/689/939 612/741/1004
f 625/742/1005 620/736/994 621/737/995 626/743/1005
f 621/737/998 570/679/999 612/741/1004 626/743/1006
f 616/732/1007 595/705/978 613/729/979 627/744/1008
f 628/745/1009 629/746/1010 615/731/981 614/730/980
f 627/744/1011 613/729/982 615/731/983 629/746/1012
f 594/704/967 573/682/968 593/703/1013 588/698/1014
f 616/732/1007 627/744/1008 617/733/988 598/710/987
f 628/745/1009 618/734/989 619/735/990 629/746/1010
f 602/717/1015 599/714/1016 590/700/936 589/699/935
f 617/733/992 627/744/1011 629/746/1012 619/735/993
f 602/717/960 589/699/1017 630/747/1018 603/718/961
f 605/722/1019 603/718/1019 630/747/1020 623/739/1021
f 624/740/1002 622/738/1000 623/739/1001 592/702/1003
f 589/699/1017 588/698/1014 593/703/1013 630/747/1018
f 623/739/1021 630/747/1020 593/703/942 592/702/941
f 2451/716/1022 1154/711/1022 599/714/1016 602/717/1015
f 660/748/1023 2481/749/1024 2482/750/1024 695/751/1025
f 1157/752/1026 631/753/1027 694/754/1028 1158/755/1026
f 2482/750/1029 1158/755/1029 694/754/1030 695/751/1031
f 660/748/1023 695/751/1025 693/756/1032 659/757/1033
f 631/753/1027 632/758/1034 692/759/1035 694/754/1028
f 695/751/1031 694/754/1030 692/759/1036 693/756/1037
f 841/760/1038 842/761/1039 691/762/1040 657/763/1041
f 632/758/1034 844/764/1042 843/765/1043 692/759/1035
f 842/761/1044 843/765/1045 690/766/1046 691/762/1047
f 647/767/1048 656/768/1049 655/769/1050 648/770/1051
f 657/763/1041 691/762/1040 689/771/1052 656/768/1053
f 633/772/1054 634/773/1055 688/774/1056 690/766/1057
f 646/775/1058 657/763/1059 656/768/1049 647/767/1048
f 691/762/1047 690/766/1046 688/774/1060 689/771/1060
f 840/776/1061 841/760/1062 657/763/1059 646/775/1058
f 656/768/1053 689/771/1052 687/777/1063 655/769/1064
f 634/773/1055 635/778/1065 686/779/1066 688/774/1056
f 636/780/1067 684/781/1067 685/782/1068 664/783/1069
f 636/780/1070 658/784/1071 682/785/1072 684/781/1070
f 683/786/1073 685/782/1074 684/781/1075 682/785/1076
f 662/787/1077 663/788/1078 683/786/1078 681/789/1079
f 658/784/1071 643/790/1080 680/791/1081 682/785/1072
f 680/791/1082 681/789/1083 683/786/1073 682/785/1076
f 2522/792/1084 2481/749/1085 660/748/1086 644/793/1087
f 645/794/1088 644/793/1087 660/748/1086 659/757/1089
f 689/771/1090 688/774/1090 686/779/1091 687/777/1092
f 651/795/1093 2526/796/1094 2522/792/1084 644/793/1087
f 651/795/1093 644/793/1087 645/794/1088 652/797/1095
f 839/798/1096 840/776/1061 646/775/1058 653/799/1097
f 653/799/1097 646/775/1058 647/767/1048 654/800/1098
f 654/800/1098 647/767/1048 648/770/1051 650/801/1099
f 663/788/1100 655/769/1064 687/777/1063 683/786/1100
f 635/778/1065 664/783/1069 685/782/1068 686/779/1066
f 662/787/1101 648/770/1051 655/769/1050 663/788/1102
f 683/786/1073 687/777/1092 686/779/1091 685/782/1074
f 661/802/1103 650/801/1099 648/770/1051 662/787/1101
f 667/803/1104 2534/804/1105 2535/805/1105 666/806/1106
f 651/795/1107 666/806/1108 2535/805/1109 2526/796/1109
f 1159/807/1110 2534/804/1110 667/803/1111 637/808/1112
f 667/803/1104 666/806/1106 668/809/1113 669/810/1114
f 651/795/1107 652/797/1115 668/809/1116 666/806/1108
f 637/808/1112 667/803/1111 669/810/1117 638/811/1118
f 837/812/1119 838/813/1120 670/814/1121 671/815/1122
f 652/797/1115 839/798/1123 838/813/1124 668/809/1116
f 836/816/1125 837/812/1126 671/815/1127 639/817/1128
f 671/815/1122 670/814/1121 672/818/1129 673/819/1130
f 653/799/1131 654/800/1132 672/818/1133 670/814/1134
f 639/817/1128 671/815/1127 673/819/1135 640/820/1136
f 673/819/1130 672/818/1129 674/821/1137 675/822/1138
f 654/800/1132 650/801/1139 674/821/1140 672/818/1133
f 640/820/1136 673/819/1135 675/822/1141 641/823/1142
f 677/824/1143 675/822/1138 674/821/1137 676/825/1144
f 661/802/1145 676/825/1145 674/821/1140 650/801/1139
f 641/823/1142 675/822/1141 677/824/1146 665/826/1147
f 679/827/1148 677/824/1143 676/825/1144 678/828/1149
f 642/829/1150 679/827/1150 678/828/1151 649/830/1152
f 642/829/1153 665/826/1147 677/824/1146 679/827/1153
f 676/825/1144 681/789/1083 680/791/1082 678/828/1149
f 649/830/1152 678/828/1151 680/791/1081 643/790/1080
f 662/787/1077 681/789/1079 676/825/1154 661/802/1154
f 696/831/1155 2561/832/1156 2562/833/1156 697/834/1157
f 1160/835/1158 698/836/1159 699/837/1160 1161/838/1158
f 2562/833/1161 1161/838/1161 699/837/1162 697/834/1163
f 696/831/1155 697/834/1157 701/839/1164 700/840/1165
f 698/836/1159 702/841/1166 703/842/1167 699/837/1160
f 697/834/1163 699/837/1162 703/842/1168 701/839/1169
f 830/843/1170 829/844/1171 705/845/1172 704/846/1173
f 702/841/1166 827/847/1174 828/848/1175 703/842/1167
f 829/844/1176 828/848/1177 707/849/1178 705/845/1179
f 709/850/1180 723/851/1181 722/852/1182 708/853/1183
f 704/846/1173 705/845/1172 710/854/1184 709/850/1185
f 706/855/1186 711/856/1187 712/857/1188 707/849/1189
f 713/858/1190 704/846/1191 709/850/1180 708/853/1183
f 705/845/1179 707/849/1178 712/857/1192 710/854/1193
f 831/859/1194 830/843/1195 704/846/1191 713/858/1190
f 710/854/1184 721/860/1196 723/851/1196 709/850/1185
f 711/856/1187 715/861/1197 718/862/1197 712/857/1188
f 716/863/1198 717/864/1198 718/862/1198 715/861/1198
f 716/863/1199 719/865/1200 720/866/1201 717/864/1199
f 721/860/1202 718/862/1203 717/864/1204 720/866/1205
f 722/852/1206 723/851/1206 721/860/1206 724/867/1206
f 725/868/1207 726/869/1208 720/866/1201 719/865/1200
f 726/869/1209 724/867/1210 721/860/1202 720/866/1205
f 1162/870/1211 2561/832/1212 696/831/1213 727/871/1214
f 714/872/1215 727/871/1214 696/831/1213 700/840/1216
f 712/857/1192 718/862/1203 721/860/1202 710/854/1193
f 1163/873/1217 1162/870/1211 727/871/1214 728/874/1218
f 729/875/1219 728/874/1218 727/871/1214 714/872/1215
f 832/876/1220 831/859/1194 713/858/1190 730/877/1221
f 731/878/1222 730/877/1221 713/858/1190 708/853/1183
f 708/853/1183 722/852/1182 732/879/1223 731/878/1222
f 733/880/1224 2606/881/1225 1164/882/1225 734/883/1226
f 728/874/1227 734/883/1228 1164/882/1229 1163/873/1229
f 2608/884/1230 2606/881/1230 733/880/1231 735/885/1232
f 736/886/1233 733/880/1224 734/883/1226 737/887/1233
f 728/874/1227 729/875/1234 737/887/1235 734/883/1228
f 735/885/1232 733/880/1231 736/886/1236 738/888/1236
f 834/889/1237 833/890/1238 740/891/1239 739/892/1240
f 729/875/1234 832/876/1241 833/890/1242 737/887/1235
f 835/893/1243 834/889/1244 739/892/1245 741/894/1246
f 739/892/1240 740/891/1239 743/895/1247 742/896/1247
f 730/877/1248 731/878/1249 743/895/1250 740/891/1251
f 741/894/1246 739/892/1245 742/896/1252 744/897/1253
f 732/879/1254 746/898/1254 743/895/1250 731/878/1249
f 744/897/1253 742/896/1252 745/899/1255 747/900/1256
f 745/899/1257 746/898/1258 749/901/1259 748/902/1260
f 751/903/1261 748/902/1261 749/901/1262 750/904/1263
f 751/903/1264 747/900/1256 745/899/1255 748/902/1264
f 749/901/1259 746/898/1258 724/867/1210 726/869/1209
f 725/868/1207 750/904/1263 749/901/1262 726/869/1208
f 732/879/1265 722/852/1265 724/867/1265 746/898/1265
f 752/905/1266 2630/906/1267 2631/907/1267 753/908/1266
f 2633/909/1268 754/910/1269 755/911/1270 1165/912/1268
f 2631/907/1271 1165/912/1271 755/911/1272 753/908/1273
f 752/905/1274 753/908/1274 757/913/1275 756/914/1276
f 754/910/1269 758/915/1277 759/916/1278 755/911/1270
f 753/908/1273 755/911/1272 759/916/1279 757/913/1280
f 756/914/1276 757/913/1275 820/917/1281 821/918/1282
f 758/915/1277 818/919/1283 819/920/1284 759/916/1278
f 757/913/1280 759/916/1279 819/920/1285 820/917/1286
f 762/921/1287 756/914/1288 821/918/1289 822/922/1290
f 764/923/1291 766/924/1292 767/925/1292 765/926/1293
f 768/927/1294 769/928/1295 767/925/1296 766/924/1296
f 763/929/1297 765/926/1298 767/925/1299 769/928/1300
f 760/930/1301 763/929/1301 770/931/1302 761/932/1303
f 771/933/1304 772/934/1305 769/928/1295 768/927/1294
f 772/934/1306 770/931/1307 763/929/1297 769/928/1300
f 2658/935/1308 2630/906/1309 752/905/1310 773/936/1311
f 762/921/1287 773/936/1311 752/905/1310 756/914/1288
f 774/937/1312 2661/938/1313 2658/935/1308 773/936/1311
f 774/937/1312 773/936/1311 762/921/1287 775/939/1314
f 775/939/1314 762/921/1287 822/922/1290 823/940/1315
f 1166/941/1316 2664/942/1316 778/943/1317 777/944/1318
f 1167/945/1319 1166/941/1319 777/944/1320 779/946/1321
f 777/944/1318 778/943/1317 781/947/1322 780/948/1323
f 774/937/1324 775/939/1325 781/947/1326 778/943/1327
f 782/949/1328 779/946/1321 777/944/1320 780/948/1329
f 780/948/1323 781/947/1322 824/950/1330 825/951/1331
f 775/939/1325 823/940/1332 824/950/1333 781/947/1326
f 782/949/1328 780/948/1329 825/951/1334 826/952/1335
f 786/953/1336 784/954/1337 783/955/1338 787/956/1339
f 789/957/1340 786/953/1340 787/956/1341 788/958/1342
f 785/959/1343 784/954/1344 786/953/1345 789/957/1345
f 783/955/1338 770/931/1307 772/934/1306 787/956/1339
f 788/958/1342 787/956/1341 772/934/1305 771/933/1304
f 776/960/1346 761/932/1303 770/931/1302 783/955/1346
f 792/961/1347 763/929/1348 760/930/1348 793/962/1349
f 790/963/1350 764/923/1291 765/926/1293 791/964/1351
f 791/964/1352 765/926/1298 763/929/1297 792/961/1353
f 760/930/1354 761/932/1355 794/965/1356 793/962/1357
f 761/932/1355 776/960/1358 795/966/1359 794/965/1356
f 796/967/1360 783/955/1338 784/954/1337 797/968/1361
f 776/960/1362 783/955/1362 796/967/1363 795/966/1364
f 784/954/1344 785/959/1343 798/969/1365 797/968/1366
f 611/970/1367 612/741/1368 579/689/922 578/688/921
f 625/742/1369 626/743/1369 612/741/1368 611/970/1367
f 805/584/783 504/651/1370 505/611/1370 806/585/784
f 800/609/810 526/625/1371 527/638/1372 801/610/811
f 527/638/1372 531/646/1373 802/615/819 801/610/811
f 804/620/825 534/652/1374 504/651/1375 805/584/826
f 531/646/1373 552/668/1376 803/650/866 802/615/819
f 552/668/1376 534/652/1374 804/620/825 803/650/866
f 806/585/884 505/611/814 515/595/813 807/645/885
f 799/673/902 535/624/1377 526/625/1371 800/609/810
f 1153/676/910 1064/621/1378 535/624/1377 799/673/902
f 547/667/890 548/662/889 807/645/854 808/644/853
f 814/589/787 509/637/1379 510/603/1380 813/590/788
f 813/590/788 510/603/1380 521/602/1381 812/606/806
f 815/613/817 529/672/1382 509/637/1379 814/589/787
f 1152/635/842 2371/630/1383 539/629/1384 817/636/843
f 812/606/806 521/602/1381 506/586/883 811/658/876
f 561/663/1385 562/664/1385 810/666/888 809/665/887
f 811/658/876 506/586/883 548/662/882 810/666/891
f 817/636/906 539/629/1386 566/674/1387 816/675/907
f 816/675/907 566/674/1387 529/672/1382 815/613/817
f 743/895/1388 746/898/1258 745/899/1257 742/896/1388
f 792/961/1347 793/962/1349 821/918/1282 820/917/1281
f 818/919/1283 790/963/1350 791/964/1351 819/920/1284
f 791/964/1352 792/961/1353 820/917/1286 819/920/1285
f 793/962/1357 794/965/1356 822/922/1290 821/918/1289
f 794/965/1356 795/966/1359 823/940/1315 822/922/1290
f 796/967/1360 797/968/1361 825/951/1331 824/950/1330
f 823/940/1332 795/966/1364 796/967/1363 824/950/1333
f 797/968/1366 798/969/1365 826/952/1335 825/951/1334
f 700/840/1165 701/839/1164 829/844/1171 830/843/1170
f 827/847/1174 706/855/1186 707/849/1189 828/848/1175
f 701/839/1169 703/842/1168 828/848/1177 829/844/1176
f 714/872/1215 700/840/1216 830/843/1195 831/859/1194
f 729/875/1219 714/872/1215 831/859/1194 832/876/1220
f 736/886/1389 737/887/1389 833/890/1238 834/889/1237
f 832/876/1241 730/877/1248 740/891/1251 833/890/1242
f 738/888/1390 736/886/1390 834/889/1244 835/893/1243
f 659/757/1033 693/756/1032 842/761/1039 841/760/1038
f 844/764/1042 633/772/1054 690/766/1057 843/765/1043
f 693/756/1037 692/759/1036 843/765/1045 842/761/1044
f 645/794/1088 659/757/1089 841/760/1062 840/776/1061
f 652/797/1095 645/794/1088 840/776/1061 839/798/1096
f 669/810/1114 668/809/1113 838/813/1120 837/812/1119
f 839/798/1123 653/799/1131 670/814/1134 838/813/1124
f 638/811/1118 669/810/1117 837/812/1126 836/816/1125
f 447/529/685 450/532/688 850/509/657 851/508/656
f 448/573/753 447/529/756 851/508/662 852/513/661
f 849/553/714 444/522/672 446/510/671 850/509/715
f 849/553/736 449/534/690 495/533/689 848/564/737
f 495/533/729 496/561/730 847/577/762 848/564/761
f 501/582/773 502/581/774 846/580/766 845/579/765
f 496/561/733 497/563/734 846/580/769 847/577/768
f 2661/938/1391 774/937/1324 778/943/1327 2664/942/1391
f 854/748/1392 2693/749/1393 855/750/1393 856/751/1394
f 2695/752/1395 857/753/1396 858/754/1397 859/755/1395
f 855/750/1398 859/755/1398 858/754/1399 856/751/1400
f 854/748/1392 856/751/1394 860/756/1401 861/757/1402
f 857/753/1396 862/758/1403 863/759/1404 858/754/1397
f 856/751/1400 858/754/1399 863/759/1405 860/756/1406
f 864/760/1407 865/761/1408 866/762/1409 867/763/1410
f 862/758/1403 868/764/1411 869/765/1412 863/759/1404
f 865/761/1413 869/765/1414 870/766/1415 866/762/1416
f 871/767/1417 872/768/1418 873/769/1419 874/770/1420
f 867/763/1410 866/762/1409 875/771/1421 872/768/1422
f 876/772/1423 877/773/1424 878/774/1425 870/766/1426
f 879/775/1427 867/763/1428 872/768/1418 871/767/1417
f 866/762/1416 870/766/1415 878/774/1429 875/771/1430
f 880/776/1431 864/760/1432 867/763/1428 879/775/1427
f 872/768/1422 875/771/1421 881/777/1433 873/769/1434
f 877/773/1424 882/778/1435 883/779/1436 878/774/1425
f 884/780/1437 885/781/1437 886/782/1438 887/783/1439
f 884/780/1440 888/784/1441 889/785/1442 885/781/1440
f 890/786/1443 886/782/1444 885/781/1445 889/785/1446
f 891/787/1447 892/788/1448 890/786/1448 893/789/1449
f 888/784/1441 894/790/1450 895/791/1451 889/785/1442
f 895/791/1452 893/789/1453 890/786/1443 889/785/1446
f 1168/792/1454 2693/749/1455 854/748/1456 896/793/1457
f 897/794/1458 896/793/1457 854/748/1456 861/757/1459
f 875/771/1430 878/774/1429 883/779/1460 881/777/1461
f 898/795/1462 1169/796/1463 1168/792/1454 896/793/1457
f 898/795/1462 896/793/1457 897/794/1458 899/797/1464
f 900/798/1465 880/776/1431 879/775/1427 901/799/1466
f 901/799/1466 879/775/1427 871/767/1417 902/800/1467
f 902/800/1467 871/767/1417 874/770/1420 903/801/1468
f 892/788/1469 873/769/1434 881/777/1433 890/786/1469
f 882/778/1435 887/783/1439 886/782/1438 883/779/1436
f 891/787/1470 874/770/1420 873/769/1419 892/788/1471
f 890/786/1443 881/777/1461 883/779/1460 886/782/1444
f 904/802/1472 903/801/1468 874/770/1420 891/787/1470
f 905/803/1473 2744/804/1474 1170/805/1474 906/806/1475
f 898/795/1476 906/806/1477 1170/805/1478 1169/796/1478
f 1171/807/1479 2744/804/1479 905/803/1480 907/808/1481
f 905/803/1473 906/806/1475 908/809/1482 909/810/1483
f 898/795/1476 899/797/1484 908/809/1485 906/806/1477
f 907/808/1481 905/803/1480 909/810/1486 910/811/1486
f 911/812/1487 912/813/1488 913/814/1489 914/815/1489
f 899/797/1484 900/798/1490 912/813/1491 908/809/1485
f 915/816/1492 911/812/1493 914/815/1494 916/817/1495
f 914/815/1496 913/814/1496 917/818/1497 918/819/1498
f 901/799/1499 902/800/1500 917/818/1501 913/814/1499
f 916/817/1495 914/815/1494 918/819/1502 919/820/1503
f 918/819/1498 917/818/1497 920/821/1504 921/822/1505
f 902/800/1500 903/801/1506 920/821/1507 917/818/1501
f 919/820/1503 918/819/1502 921/822/1508 922/823/1509
f 923/824/1510 921/822/1505 920/821/1504 924/825/1511
f 904/802/1512 924/825/1512 920/821/1507 903/801/1506
f 922/823/1509 921/822/1508 923/824/1513 925/826/1514
f 926/827/1515 923/824/1510 924/825/1511 927/828/1516
f 928/829/1517 926/827/1517 927/828/1518 929/830/1519
f 928/829/1520 925/826/1514 923/824/1513 926/827/1520
f 924/825/1511 893/789/1453 895/791/1452 927/828/1516
f 929/830/1519 927/828/1518 895/791/1451 894/790/1450
f 891/787/1447 893/789/1449 924/825/1521 904/802/1521
f 861/757/1402 860/756/1401 865/761/1408 864/760/1407
f 868/764/1411 876/772/1423 870/766/1426 869/765/1412
f 860/756/1406 863/759/1405 869/765/1414 865/761/1413
f 897/794/1458 861/757/1459 864/760/1432 880/776/1431
f 899/797/1464 897/794/1458 880/776/1431 900/798/1465
f 909/810/1483 908/809/1482 912/813/1488 911/812/1487
f 900/798/1490 901/799/1522 913/814/1522 912/813/1491
f 910/811/1523 909/810/1523 911/812/1493 915/816/1492
f 930/905/1524 2770/906/1525 2771/907/1525 931/908/1524
f 2773/909/1526 932/910/1527 933/911/1528 2776/912/1526
f 2771/907/1529 2776/912/1529 933/911/1530 931/908/1531
f 930/905/1532 931/908/1532 934/913/1533 935/914/1534
f 932/910/1527 936/915/1535 937/916/1536 933/911/1528
f 931/908/1531 933/911/1530 937/916/1537 934/913/1538
f 935/914/1534 934/913/1533 938/917/1539 939/918/1540
f 936/915/1535 940/919/1541 941/920/1542 937/916/1536
f 934/913/1538 937/916/1537 941/920/1543 938/917/1544
f 942/921/1545 935/914/1546 939/918/1547 943/922/1548
f 944/923/1549 945/924/1550 946/925/1550 947/926/1551
f 948/927/1552 949/928/1553 946/925/1554 945/924/1554
f 950/929/1555 947/926/1556 946/925/1557 949/928/1558
f 951/930/1559 950/929/1559 952/931/1560 953/932/1561
f 954/933/1562 955/934/1563 949/928/1553 948/927/1552
f 955/934/1564 952/931/1565 950/929/1555 949/928/1558
f 1172/935/1566 2770/906/1567 930/905/1568 956/936/1569
f 942/921/1545 956/936/1569 930/905/1568 935/914/1546
f 957/937/1570 1173/938/1571 1172/935/1566 956/936/1569
f 957/937/1570 956/936/1569 942/921/1545 958/939/1572
f 958/939/1572 942/921/1545 943/922/1548 959/940/1573
f 2803/941/1574 2804/942/1574 960/943/1575 961/944/1576
f 1174/945/1577 2803/941/1577 961/944/1578 962/946/1579
f 961/944/1576 960/943/1575 963/947/1580 964/948/1581
f 957/937/1582 958/939/1583 963/947/1584 960/943/1585
f 965/949/1586 962/946/1579 961/944/1578 964/948/1587
f 964/948/1581 963/947/1580 966/950/1588 967/951/1589
f 958/939/1583 959/940/1590 966/950/1591 963/947/1584
f 965/949/1586 964/948/1587 967/951/1592 968/952/1593
f 969/953/1594 970/954/1595 971/955/1596 972/956/1597
f 973/957/1598 969/953/1598 972/956/1599 974/958/1600
f 975/959/1601 970/954/1602 969/953/1603 973/957/1603
f 971/955/1596 952/931/1565 955/934/1564 972/956/1597
f 974/958/1600 972/956/1599 955/934/1563 954/933/1562
f 976/960/1604 953/932/1561 952/931/1560 971/955/1604
f 977/961/1605 950/929/1606 951/930/1606 978/962/1607
f 979/963/1608 944/923/1549 947/926/1551 980/964/1609
f 980/964/1610 947/926/1556 950/929/1555 977/961/1611
f 951/930/1612 953/932/1613 981/965/1614 978/962/1615
f 953/932/1613 976/960/1616 982/966/1617 981/965/1614
f 983/967/1618 971/955/1596 970/954/1595 984/968/1619
f 976/960/1620 971/955/1620 983/967/1621 982/966/1622
f 970/954/1602 975/959/1601 985/969/1623 984/968/1624
f 977/961/1605 978/962/1607 939/918/1540 938/917/1539
f 940/919/1541 979/963/1608 980/964/1609 941/920/1542
f 980/964/1610 977/961/1611 938/917/1544 941/920/1543
f 978/962/1615 981/965/1614 943/922/1548 939/918/1547
f 981/965/1614 982/966/1617 959/940/1573 943/922/1548
f 983/967/1618 984/968/1619 967/951/1589 966/950/1588
f 959/940/1590 982/966/1622 983/967/1621 966/950/1591
f 984/968/1624 985/969/1623 968/952/1593 967/951/1592
f 1173/938/1625 957/937/1582 960/943/1585 2804/942/1625
f 986/971/1626 987/972/1627 2832/973/1627 988/974/1628
f 989/975/1629 990/976/1630 991/977/1631 992/978/1629
f 2832/973/1632 992/978/1632 991/977/1633 988/974/1634
f 986/971/1626 988/974/1628 993/979/1635 994/980/1636
f 990/976/1630 995/981/1637 996/982/1637 991/977/1631
f 988/974/1634 991/977/1633 996/982/1638 993/979/1639
f 997/983/1640 998/984/1641 999/985/1642 1000/986/1643
f 995/981/1644 1001/987/1645 1002/988/1646 996/982/1644
f 998/984/1647 1002/988/1648 1003/989/1649 999/985/1650
f 1004/990/1651 1005/991/1652 1006/992/1653 1007/993/1654
f 1000/986/1643 999/985/1642 1008/994/1655 1005/991/1656
f 1009/995/1657 1010/996/1658 1011/997/1659 1003/989/1660
f 1012/998/1661 1000/986/1662 1005/991/1652 1004/990/1651
f 999/985/1650 1003/989/1649 1011/997/1663 1008/994/1664
f 1013/999/1665 997/983/1666 1000/986/1662 1012/998/1661
f 1005/991/1656 1008/994/1655 1014/1000/1667 1006/992/1668
f 1010/996/1658 1015/1001/1669 1016/1002/1670 1011/997/1659
f 1017/1003/1671 1018/1004/1671 1019/1005/1672 1020/1006/1673
f 1017/1003/1674 1021/1007/1675 1022/1008/1676 1018/1004/1674
f 1023/1009/1677 1019/1005/1678 1018/1004/1679 1022/1008/1680
f 1024/1010/1681 1025/1011/1682 1023/1009/1682 1026/1012/1683
f 1021/1007/1675 1027/1013/1684 1028/1014/1685 1022/1008/1676
f 1028/1014/1686 1026/1012/1687 1023/1009/1677 1022/1008/1680
f 1029/1015/1688 987/972/1689 986/971/1690 1030/1016/1691
f 1031/1017/1692 1030/1016/1691 986/971/1690 994/980/1693
f 1008/994/1664 1011/997/1663 1016/1002/1694 1014/1000/1695
f 1032/1018/1696 2875/1019/1697 1175/1020/1697 1029/1015/1688 1030/1016/1691
f 1032/1018/1696 1030/1016/1691 1031/1017/1692 1033/1021/1698
f 1034/1022/1699 1013/999/1665 1012/998/1661 1035/1023/1700
f 1035/1023/1700 1012/998/1661 1004/990/1651 1036/1024/1701
f 1036/1024/1701 1004/990/1651 1007/993/1654 1037/1025/1702
f 1025/1011/1703 1006/992/1668 1014/1000/1667 1023/1009/1703
f 1015/1001/1669 1020/1006/1673 1019/1005/1672 1016/1002/1670
f 1024/1010/1704 1007/993/1654 1006/992/1653 1025/1011/1705
f 1023/1009/1677 1014/1000/1695 1016/1002/1694 1019/1005/1678
f 1038/1026/1706 1037/1025/1702 1007/993/1654 1024/1010/1704
f 1039/1027/1707 1176/1028/1708 1177/1029/1708 1040/1030/1709
f 1032/1018/1710 1040/1030/1711 1177/1029/1712 2875/1019/1712
f 1039/1027/1707 1040/1030/1709 1042/1031/1713 1043/1032/1714
f 1032/1018/1710 1033/1021/1715 1042/1031/1716 1040/1030/1711
f 1041/1033/1717 1039/1027/1718 1043/1032/1719 1044/1034/1720
f 1045/1035/1721 1046/1036/1722 1047/1037/1723 1048/1038/1724
f 1033/1021/1715 1034/1022/1725 1046/1036/1726 1042/1031/1716
f 1049/1039/1727 1045/1035/1728 1048/1038/1729 1050/1040/1730
f 1048/1038/1724 1047/1037/1723 1051/1041/1731 1052/1042/1732
f 1035/1023/1733 1036/1024/1734 1051/1041/1735 1047/1037/1736
f 1050/1040/1730 1048/1038/1729 1052/1042/1737 1053/1043/1738
f 1052/1042/1732 1051/1041/1731 1054/1044/1739 1055/1045/1740
f 1036/1024/1734 1037/1025/1741 1054/1044/1742 1051/1041/1735
f 1053/1043/1738 1052/1042/1737 1055/1045/1743 1056/1046/1744
f 1057/1047/1745 1055/1045/1740 1054/1044/1739 1058/1048/1746
f 1038/1026/1747 1058/1048/1747 1054/1044/1742 1037/1025/1741
f 1056/1046/1744 1055/1045/1743 1057/1047/1748 1059/1049/1749
f 1060/1050/1750 1057/1047/1745 1058/1048/1746 1061/1051/1751
f 1062/1052/1752 1060/1050/1752 1061/1051/1753 1063/1053/1754
f 1062/1052/1755 1059/1049/1749 1057/1047/1748 1060/1050/1755
f 1058/1048/1746 1026/1012/1687 1028/1014/1686 1061/1051/1751
f 1063/1053/1754 1061/1051/1753 1028/1014/1685 1027/1013/1684
f 1024/1010/1681 1026/1012/1683 1058/1048/1756 1038/1026/1756
f 994/980/1636 993/979/1635 998/984/1641 997/983/1640
f 1001/987/1645 1009/995/1657 1003/989/1660 1002/988/1646
f 993/979/1639 996/982/1638 1002/988/1648 998/984/1647
f 1031/1017/1692 994/980/1693 997/983/1666 1013/999/1665
f 1033/1021/1698 1031/1017/1692 1013/999/1665 1034/1022/1699
f 1043/1032/1714 1042/1031/1713 1046/1036/1722 1045/1035/1721
f 1034/1022/1725 1035/1023/1733 1047/1037/1736 1046/1036/1726
f 1044/1034/1720 1043/1032/1719 1045/1035/1728 1049/1039/1727
f 1176/1028/1757 1039/1027/1718 1041/1033/1717 2907/1054/1757
f 1067/1055/1758 1068/1056/1759 1069/1057/1760 1070/1058/1760
f 1068/1056/1759 1067/1055/1758 1071/1059/1761 1072/1060/1762
f 1073/1061/1763 1074/1062/1763 1072/1060/1762 1071/1059/1761
f 1075/1055/1764 1076/1056/1765 1077/1057/1766 1078/1058/1766
f 1076/1056/1765 1075/1055/1764 1079/1059/1767 1080/1060/1768
f 1081/1061/1769 1082/1062/1769 1080/1060/1768 1079/1059/1767
f 1083/1055/1770 1084/1056/1771 1085/1057/1772 1086/1058/1772
f 1084/1056/1771 1083/1055/1770 1087/1059/1773 1088/1060/1774
f 1089/1061/1775 1090/1062/1775 1088/1060/1774 1087/1059/1773
f 1091/1056/1776 1092/1055/1776 1093/1059/1776 1094/1060/1776
f 1096/1063/1777 1097/1064/1777 1098/1065/1777 1099/1066/1777 1100/1067/1777 1101/1068/1777 1102/1069/1777 1103/1070/1777 1104/1071/1777 1105/1072/1777 1106/1073/1777 1107/1074/1777 1108/1075/1777 1109/1076/1777 1110/1077/1777 1111/1078/1777 1112/1079/1777 1113/1080/1777
f 1223/1081/1778 1126/1082/1778 1127/1083/1778
f 1118/1084/1779 1141/1085/1780 1128/1070/1781 1119/1086/1781
f 1125/1087/1782 1124/1088/1783 1134/1089/1784 1129/1077/1782
f 1123/1090/1785 1122/1091/1786 1130/1073/1787 1131/1074/1785
f 1122/1091/1786 1121/1092/1788 1132/1072/1789 1130/1073/1787
f 1121/1092/1788 1120/1093/1790 1133/1071/1790 1132/1072/1789
f 1124/1088/1783 1123/1090/1791 1131/1074/1791 1134/1089/1784
f 1126/1082/1792 1125/1087/1792 1129/1077/1792 1135/1094/1792
f 1127/1083/1793 1126/1082/1794 1135/1094/1794 1136/1080/1795
f 1114/1095/1796 1127/1083/1793 1136/1080/1795 1137/1063/1796
f 1115/1096/1797 1114/1095/1797 1137/1063/1797 1138/1064/1797
f 1116/1097/1798 1115/1096/1798 1138/1064/1798 1139/1098/1798
f 1117/1099/1799 1116/1097/1799 1139/1098/1799 1140/1067/1799
f 1118/1084/1779 1117/1099/1800 1140/1067/1800 1141/1085/1780
f 1119/1086/1801 1128/1070/1801 1133/1071/1801 1120/1093/1801
f 1178/1100/1802 432/408/1803 431/407/1804 1142/1101/1805
f 1179/1102/1806 2187/410/1807 432/408/1808 1178/1100/1809
f 1142/1101/1810 431/407/559 434/411/564 1144/1103/1811
f 382/1104/1812 1207/452/601 1208/1105/1813 1180/1106/1814
f 72/1107/1815 71/85/85 70/84/84 1182/82/82 1181/87/87
f 70/84/84 64/83/83 1183/72/72 1182/82/82
f 64/83/83 65/1108/1816 1184/12/12 1183/72/72
f 1184/12/12 65/1108/1816 1185/13/13
f 1185/13/13 65/1108/1816 50/1109/1817 1186/59/59
f 50/1109/1817 41/1110/1818 1187/8/8 1186/59/59
f 1187/8/8 41/1110/1818 1188/9/9
f 1188/9/9 41/1110/1818 37/1111/1819 1189/51/51
f 1189/51/51 37/1111/1819 32/1112/1820 1190/44/44
f 32/1112/1820 26/1113/1821 1191/39/39 1190/44/44
f 26/1113/1821 22/1114/1822 1192/21/21 1191/39/39
f 22/1114/1822 4/1115/1823 1193/1/1 1192/21/21
f 1193/1/1 4/1115/1823 1194/2/2
f 1194/2/2 4/1115/1823 1/17/17
f 392/453/602 394/457/606 1195/461/610
f 418/456/605 202/1116/1824 201/458/607 392/453/602
f 418/456/605 420/497/646 202/1116/1824
f 401/470/619 1197/1117/1825 1196/496/645 418/456/605
f 401/470/619 389/473/622 1197/1117/1825
f 423/471/620 422/499/648 1198/472/621
f 423/471/620 402/480/629 1200/1118/1826 1199/498/647
f 402/480/629 390/1119/1827 1200/1118/1826
f 390/1119/1827 402/480/629 406/479/628 1201/485/634
f 409/491/640 410/1120/1828 1202/486/635 406/479/628
f 1204/489/1829 1203/488/1830 410/1120/1828 409/491/640 414/495/644
f 1204/489/638 415/1121/1831 1205/487/636
f 1207/452/601 382/1104/1812 386/449/598 1206/448/597
f 1207/452/601 385/445/596 384/451/600 1208/1105/1813
f 1213/1122/1832 1214/1123/1833 1210/1124/585 1209/1125/584
f 1214/1126/1833 1215/1127/1834 1211/441/593 1210/431/585
f 1211/441/593 1215/1127/1834 1216/1128/1835
f 1216/1128/1835 1217/1129/1836 1212/442/594 1211/441/593
f 369/420/1837 1218/1130/1838 1214/1123/1833 1213/1122/1832
f 1218/1131/1838 1219/1132/1839 1215/1127/1834 1214/1126/1833
f 1219/1132/1839 1220/1133/1840 1216/1128/1835 1215/1127/1834
f 1220/1133/1840 1221/1134/1841 1217/1129/1836 1216/1128/1835
f 369/420/1842 368/419/579 387/427/580 1218/1130/1838
f 1218/1131/1838 387/447/580 386/449/598 1219/1132/1839
f 1219/1132/1839 386/449/598 382/1104/1812 1220/1133/1840
f 382/1104/1812 1180/1106/1814 1221/1134/1841 1220/1133/1840
f 1210/431/585 1211/441/593 383/440/592 1222/432/586
f 1124/1088/1778 1125/1087/1778 1223/1081/1778
f 1115/1096/1778 1116/1097/1778 1223/1081/1778
f 1223/1081/1778 1121/1092/1778 1122/1091/1778
f 1118/1084/1778 1119/1086/1778 1223/1081/1778
f 1223/1081/1778 1123/1090/1778 1124/1088/1778
f 1127/1083/1778 1114/1095/1778 1223/1081/1778
f 1223/1081/1778 1120/1093/1778 1121/1092/1778
f 1223/1081/1778 1119/1086/1778 1120/1093/1778
f 1116/1097/1778 1117/1099/1778 1223/1081/1778
f 1223/1081/1778 1122/1091/1778 1123/1090/1778
f 1125/1087/1778 1126/1082/1778 1223/1081/1778
f 1223/1081/1778 1117/1099/1778 1118/1084/1778
f 1114/1095/1778 1115/1096/1778 1223/1081/1778
f 1224/1081/1843 1225/1082/1843 1226/1083/1843
f 1227/1084/1844 1228/1085/1845 1229/1070/1846 1230/1086/1846
f 1231/1087/1847 1232/1088/1848 1233/1089/1849 1234/1077/1847
f 1235/1090/1850 1236/1091/1851 1237/1073/1852 1238/1074/1850
f 1236/1091/1851 1239/1092/1853 1240/1072/1854 1237/1073/1852
f 1239/1092/1853 1241/1093/1855 1242/1071/1855 1240/1072/1854
f 1232/1088/1848 1235/1090/1856 1238/1074/1856 1233/1089/1849
f 1225/1082/1857 1231/1087/1857 1234/1077/1857 1243/1094/1857
f 1226/1083/1858 1225/1082/1859 1243/1094/1859 1244/1080/1860
f 1245/1095/1861 1226/1083/1858 1244/1080/1860 1246/1063/1861
f 1247/1096/1862 1245/1095/1862 1246/1063/1862 1248/1064/1862
f 1249/1097/1863 1247/1096/1863 1248/1064/1863 1250/1098/1863
f 1251/1099/1864 1249/1097/1864 1250/1098/1864 1252/1067/1864
f 1227/1084/1844 1251/1099/1865 1252/1067/1865 1228/1085/1845
f 1230/1086/1866 1229/1070/1866 1242/1071/1866 1241/1093/1866
f 1232/1088/1843 1231/1087/1843 1224/1081/1843
f 1247/1096/1843 1249/1097/1843 1224/1081/1843
f 1224/1081/1843 1239/1092/1843 1236/1091/1843
f 1227/1084/1867 1230/1086/1843 1224/1081/1843
f 1224/1081/1843 1235/1090/1843 1232/1088/1843
f 1226/1083/1843 1245/1095/1843 1224/1081/1843
f 1224/1081/1843 1241/1093/1843 1239/1092/1843
f 1224/1081/1843 1230/1086/1843 1241/1093/1843
f 1249/1097/1843 1251/1099/1867 1224/1081/1843
f 1224/1081/1843 1236/1091/1843 1235/1090/1843
f 1231/1087/1843 1225/1082/1843 1224/1081/1843
f 1224/1081/1843 1251/1099/1867 1227/1084/1867
f 1245/1095/1843 1247/1096/1843 1224/1081/1843
f 1253/1081/1868 1254/1082/1868 1255/1083/1869
f 1256/1084/1870 1257/1085/1871 1258/1070/1872 1259/1086/1872
f 1260/1087/1873 1261/1088/1874 1262/1089/1875 1263/1077/1873
f 1264/1090/1876 1265/1091/1877 1266/1073/1878 1267/1074/1876
f 1265/1091/1877 1268/1092/1879 1269/1072/1880 1266/1073/1878
f 1268/1092/1879 1270/1093/1881 1271/1071/1881 1269/1072/1880
f 1261/1088/1874 1264/1090/1882 1267/1074/1882 1262/1089/1875
f 1254/1082/1883 1260/1087/1883 1263/1077/1883 1272/1094/1883
f 1255/1083/1884 1254/1082/1885 1272/1094/1885 1273/1080/1886
f 1274/1095/1887 1255/1083/1884 1273/1080/1886 1275/1063/1887
f 1276/1096/1888 1274/1095/1888 1275/1063/1888 1277/1064/1888
f 1278/1097/1889 1276/1096/1889 1277/1064/1889 1279/1098/1889
f 1280/1099/1890 1278/1097/1890 1279/1098/1890 1281/1067/1890
f 1256/1084/1870 1280/1099/1891 1281/1067/1891 1257/1085/1871
f 1259/1086/1892 1258/1070/1892 1271/1071/1892 1270/1093/1892
f 1261/1088/1868 1260/1087/1868 1253/1081/1868
f 1276/1096/1868 1278/1097/1868 1253/1081/1868
f 1253/1081/1868 1268/1092/1868 1265/1091/1868
f 1256/1084/1868 1259/1086/1868 1253/1081/1868
f 1253/1081/1868 1264/1090/1868 1261/1088/1868
f 1255/1083/1869 1274/1095/1868 1253/1081/1868
f 1253/1081/1868 1270/1093/1868 1268/1092/1868
f 1253/1081/1868 1259/1086/1868 1270/1093/1868
f 1278/1097/1868 1280/1099/1868 1253/1081/1868
f 1253/1081/1868 1265/1091/1868 1264/1090/1868
f 1260/1087/1868 1254/1082/1868 1253/1081/1868
f 1253/1081/1868 1280/1099/1868 1256/1084/1868
f 1274/1095/1868 1276/1096/1868 1253/1081/1868
f 1282/1081/1893 1283/1082/1893 1284/1083/1893
f 1285/1084/1894 1286/1085/1895 1287/1070/1896 1288/1086/1896
f 1289/1087/1897 1290/1088/1898 1291/1089/1899 1292/1077/1897
f 1293/1090/1900 1294/1091/1901 1295/1073/1902 1296/1074/1900
f 1294/1091/1901 1297/1092/1903 1298/1072/1904 1295/1073/1902
f 1297/1092/1903 1299/1093/1905 1300/1071/1905 1298/1072/1904
f 1290/1088/1898 1293/1090/1906 1296/1074/1906 1291/1089/1899
f 1283/1082/1907 1289/1087/1907 1292/1077/1907 1301/1094/1907
f 1284/1083/1908 1283/1082/1909 1301/1094/1909 1302/1080/1910
f 1303/1095/1911 1284/1083/1908 1302/1080/1910 1304/1063/1911
f 1305/1096/1912 1303/1095/1912 1304/1063/1912 1306/1064/1912
f 1307/1097/1913 1305/1096/1913 1306/1064/1913 1308/1098/1913
f 1309/1099/1914 1307/1097/1914 1308/1098/1914 1310/1067/1914
f 1285/1084/1894 1309/1099/1915 1310/1067/1915 1286/1085/1895
f 1288/1086/1916 1287/1070/1916 1300/1071/1916 1299/1093/1916
f 1290/1088/1893 1289/1087/1893 1282/1081/1893
f 1305/1096/1893 1307/1097/1893 1282/1081/1893
f 1282/1081/1893 1297/1092/1893 1294/1091/1893
f 1285/1084/1893 1288/1086/1893 1282/1081/1893
f 1282/1081/1893 1293/1090/1893 1290/1088/1893
f 1284/1083/1893 1303/1095/1893 1282/1081/1893
f 1282/1081/1893 1299/1093/1893 1297/1092/1893
f 1282/1081/1893 1288/1086/1893 1299/1093/1893
f 1307/1097/1893 1309/1099/1893 1282/1081/1893
f 1282/1081/1893 1294/1091/1893 1293/1090/1893
f 1289/1087/1893 1283/1082/1893 1282/1081/1893
f 1282/1081/1893 1309/1099/1893 1285/1084/1893
f 1303/1095/1893 1305/1096/1893 1282/1081/1893
f 1311/1081/1917 1312/1082/1917 1313/1083/1917
f 1314/1084/1918 1315/1085/1919 1316/1070/1920 1317/1086/1920
f 1318/1087/1921 1319/1088/1922 1320/1089/1923 1321/1077/1921
f 1322/1090/1924 1323/1091/1925 1324/1073/1926 1325/1074/1924
f 1323/1091/1925 1326/1092/1927 1327/1072/1928 1324/1073/1926
f 1326/1092/1927 1328/1093/1929 1329/1071/1929 1327/1072/1928
f 1319/1088/1922 1322/1090/1930 1325/1074/1930 1320/1089/1923
f 1312/1082/1931 1318/1087/1931 1321/1077/1931 1330/1094/1931
f 1313/1083/1932 1312/1082/1933 1330/1094/1933 1331/1080/1934
f 1332/1095/1935 1313/1083/1932 1331/1080/1934 1333/1063/1935
f 1334/1096/1936 1332/1095/1936 1333/1063/1936 1335/1064/1936
f 1336/1097/1937 1334/1096/1937 1335/1064/1937 1337/1098/1937
f 1338/1099/1938 1336/1097/1938 1337/1098/1938 1339/1067/1938
f 1314/1084/1918 1338/1099/1939 1339/1067/1939 1315/1085/1919
f 1317/1086/1940 1316/1070/1940 1329/1071/1940 1328/1093/1940
f 1319/1088/1917 1318/1087/1917 1311/1081/1917
f 1334/1096/1917 1336/1097/1917 1311/1081/1917
f 1311/1081/1917 1326/1092/1941 1323/1091/1941
f 1314/1084/1942 1317/1086/1917 1311/1081/1917
f 1311/1081/1917 1322/1090/1941 1319/1088/1917
f 1313/1083/1917 1332/1095/1917 1311/1081/1917
f 1311/1081/1917 1328/1093/1917 1326/1092/1941
f 1311/1081/1917 1317/1086/1917 1328/1093/1917
f 1336/1097/1917 1338/1099/1942 1311/1081/1917
f 1311/1081/1917 1323/1091/1941 1322/1090/1941
f 1318/1087/1917 1312/1082/1917 1311/1081/1917
f 1311/1081/1917 1338/1099/1942 1314/1084/1942
f 1332/1095/1917 1334/1096/1917 1311/1081/1917
f 1340/1081/1943 1341/1082/1944 1342/1083/1943
f 1343/1084/1945 1344/1085/1946 1345/1070/1947 1346/1086/1947
f 1347/1087/1948 1348/1088/1949 1349/1089/1950 1350/1077/1948
f 1351/1090/1951 1352/1091/1952 1353/1073/1953 1354/1074/1951
f 1352/1091/1952 1355/1092/1954 1356/1072/1955 1353/1073/1953
f 1355/1092/1954 1357/1093/1956 1358/1071/1956 1356/1072/1955
f 1348/1088/1949 1351/1090/1957 1354/1074/1957 1349/1089/1950
f 1341/1082/1958 1347/1087/1958 1350/1077/1958 1359/1094/1958
f 1342/1083/1959 1341/1082/1960 1359/1094/1960 1360/1080/1961
f 1361/1095/1962 1342/1083/1959 1360/1080/1961 1362/1063/1962
f 1363/1096/1963 1361/1095/1963 1362/1063/1963 1364/1064/1963
f 1365/1097/1964 1363/1096/1964 1364/1064/1964 1366/1098/1964
f 1367/1099/1965 1365/1097/1965 1366/1098/1965 1368/1067/1965
f 1343/1084/1945 1367/1099/1966 1368/1067/1966 1344/1085/1946
f 1346/1086/1967 1345/1070/1967 1358/1071/1967 1357/1093/1967
f 1348/1088/1968 1347/1087/1968 1340/1081/1943
f 1363/1096/1944 1365/1097/1943 1340/1081/1943
f 1340/1081/1943 1355/1092/1969 1352/1091/1969
f 1343/1084/1943 1346/1086/1943 1340/1081/1943
f 1340/1081/1943 1351/1090/1969 1348/1088/1968
f 1342/1083/1943 1361/1095/1944 1340/1081/1943
f 1340/1081/1943 1357/1093/1969 1355/1092/1969
f 1340/1081/1943 1346/1086/1943 1357/1093/1969
f 1365/1097/1943 1367/1099/1943 1340/1081/1943
f 1340/1081/1943 1352/1091/1969 1351/1090/1969
f 1347/1087/1968 1341/1082/1944 1340/1081/1943
f 1340/1081/1943 1367/1099/1943 1343/1084/1943
f 1361/1095/1944 1363/1096/1944 1340/1081/1943
f 1369/1081/1970 1370/1082/1970 1371/1083/1970
f 1372/1084/1971 1373/1085/1972 1374/1070/1973 1375/1086/1973
f 1376/1087/1974 1377/1088/1975 1378/1089/1976 1379/1077/1974
f 1380/1090/1977 1381/1091/1978 1382/1073/1979 1383/1074/1977
f 1381/1091/1978 1384/1092/1980 1385/1072/1981 1382/1073/1979
f 1384/1092/1980 1386/1093/1982 1387/1071/1982 1385/1072/1981
f 1377/1088/1975 1380/1090/1983 1383/1074/1983 1378/1089/1976
f 1370/1082/1984 1376/1087/1984 1379/1077/1984 1388/1094/1984
f 1371/1083/1985 1370/1082/1986 1388/1094/1986 1389/1080/1987
f 1390/1095/1988 1371/1083/1985 1389/1080/1987 1391/1063/1988
f 1392/1096/1989 1390/1095/1989 1391/1063/1989 1393/1064/1989
f 1394/1097/1990 1392/1096/1990 1393/1064/1990 1395/1098/1990
f 1396/1099/1991 1394/1097/1991 1395/1098/1991 1397/1067/1991
f 1372/1084/1971 1396/1099/1992 1397/1067/1992 1373/1085/1972
f 1375/1086/1993 1374/1070/1993 1387/1071/1993 1386/1093/1993
f 1377/1088/1970 1376/1087/1970 1369/1081/1970
f 1392/1096/1970 1394/1097/1970 1369/1081/1970
f 1369/1081/1970 1384/1092/1994 1381/1091/1994
f 1372/1084/1970 1375/1086/1970 1369/1081/1970
f 1369/1081/1970 1380/1090/1994 1377/1088/1970
f 1371/1083/1970 1390/1095/1970 1369/1081/1970
f 1369/1081/1970 1386/1093/1970 1384/1092/1994
f 1369/1081/1970 1375/1086/1970 1386/1093/1970
f 1394/1097/1970 1396/1099/1995 1369/1081/1970
f 1369/1081/1970 1381/1091/1994 1380/1090/1994
f 1376/1087/1970 1370/1082/1970 1369/1081/1970
f 1369/1081/1970 1396/1099/1995 1372/1084/1970
f 1390/1095/1970 1392/1096/1970 1369/1081/1970
f 1400/1135/1996 1401/1136/1997 1398/1137/1998
f 1425/1138/1999 1761/1139/2000 3182/1140/2000
f 1426/1141/2001 1761/1139/2002 1425/1138/2003
f 3184/1142/2004 1761/1139/2004 1426/1141/2005
f 1483/1143/2006 1485/1144/2007 1645/1145/2008 1484/1146/2009 1648/1147/2010
f 1485/1144/2007 1508/1148/2011 1645/1145/2008
f 1489/1149/2012 1646/1150/2013 1490/1151/2014
f 1506/1152/2015 1524/1153/2016 1507/1154/2017
f 1510/1155/2018 1645/1145/2008 1508/1148/2011
f 1518/1156/2019 1531/1157/2020 1517/1158/2021
f 1557/1159/2022 1563/1160/2023 1564/1161/2024
f 1575/1162/2025 1587/1163/2026 1584/1164/2027
f 1640/1165/2028 1595/1166/2029 1579/1167/2030
f 1588/1168/2031 1590/1169/2032 1634/1170/2033
f 1589/1171/2034 1635/1172/2035 1591/1173/2036
f 1589/1171/2034 1591/1173/2036 1592/1174/2037
f 1594/1175/2038 1595/1166/2039 1642/1176/2040
f 1642/1176/2040 1595/1166/2039 1640/1165/2041
f 1617/1177/2042 3220/1178/2043 1616/1179/2044
f 1618/1180/2045 3220/1178/2043 1617/1177/2042
f 1619/1181/2046 3220/1178/2043 1618/1180/2045
f 3224/1182/2047 1449/1183/2048 1450/1184/2049
f 3224/1182/2047 1448/1185/2050 1449/1183/2048
f 3224/1182/2047 1450/1184/2049 1451/1186/2051
f 3224/1182/2047 1451/1186/2051 1759/1187/2052
f 1621/1188/2053 3230/1189/2054 1620/1190/2055
f 1620/1190/2055 3230/1189/2054 3232/1191/2056
f 1622/1192/2057 3230/1189/2054 1621/1188/2053
f 3234/1193/2058 3230/1189/2054 1622/1192/2057
f 1399/1194/2059 1407/1195/2060 1400/1135/2061 1398/1137/2062
f 1409/1196/2063 1399/1194/2059 1398/1137/2062 1410/1197/2064
f 1410/1197/2065 1398/1137/1998 1401/1136/1997 1403/1198/2066
f 1678/1199/2067 1407/1195/2067 1399/1194/2067 1625/1200/2067
f 1409/1196/2068 1624/1201/2069 1625/1200/2070 1399/1194/2070
f 1418/1202/2071 1402/1203/2072 1401/1136/1997 1400/1135/1996
f 1403/1198/2066 1401/1136/1997 1402/1203/2072 1406/1204/2073
f 1414/1205/2074 1406/1204/2073 1402/1203/2072 1415/1206/2075
f 1402/1203/2072 1418/1202/2071 1416/1207/2076 1415/1206/2075
f 1404/1208/2077 1403/1198/2066 1406/1204/2073 1405/1209/2078
f 1412/1210/2079 1410/1197/2065 1403/1198/2066 1404/1208/2077
f 3252/1211/2080 1404/1208/2077 1405/1209/2078 1758/1212/2081
f 1654/1213/2082 1412/1210/2079 1404/1208/2077 3252/1211/2080
f 1413/1214/2083 3254/1215/2084 1758/1212/2081 1405/1209/2078
f 1406/1204/2073 1414/1205/2074 1413/1214/2083 1405/1209/2078
f 1684/1216/2085 1408/1217/2086 1407/1195/2087 1678/1199/2087
f 1417/1218/2088 1408/1217/2086 1684/1216/2085 1685/1219/2089
f 1411/1220/2090 1409/1196/2063 1410/1197/2064 1412/1210/2091
f 1411/1220/2092 1623/1221/2093 1624/1201/2069 1409/1196/2068
f 3261/1222/2094 1411/1220/2090 1412/1210/2091 1654/1213/2094
f 3261/1222/2095 3262/1223/2095 1623/1221/2093 1411/1220/2092
f 1413/1214/2083 1421/1224/2096 3264/1225/2097 3254/1215/2084
f 1427/1226/2098 1419/1227/2099 1413/1214/2083 1414/1205/2074
f 1413/1214/2083 1419/1227/2100 1422/1228/2100 1421/1224/2096
f 1428/1229/2101 1427/1226/2098 1414/1205/2074 1415/1206/2075
f 1429/1230/2102 1428/1229/2101 1415/1206/2075 1416/1207/2076
f 1429/1230/2103 1416/1207/2104 1417/1218/2105 1472/1231/2106
f 1685/1219/2089 1688/1232/2107 1472/1231/2108 1417/1218/2088
f 1433/1233/2109 1431/1234/2110 1420/1235/2111 1419/1227/2099
f 1419/1227/2099 1427/1226/2098 1434/1236/2112 1433/1233/2109
f 1762/1237/2113 1763/1238/2114 1420/1235/2111 1431/1234/2110
f 1421/1239/2115 1423/1240/2115 1764/1241/2116 3264/1242/2116
f 1422/1243/2117 1424/1244/2118 1423/1240/2119 1421/1239/2117
f 3278/1245/2120 3279/1246/2121 1424/1244/2122 1422/1243/2123
f 1764/1241/2124 1423/1240/2125 1425/1138/2125 3182/1140/2124
f 1423/1240/2119 1424/1244/2118 1426/1141/2001 1425/1138/2003
f 1424/1244/2122 3279/1246/2121 3184/1142/2126 1426/1141/2127
f 1427/1226/2098 1428/1229/2101 1435/1247/2128 1434/1236/2112
f 1472/1231/2106 1473/1248/2129 1430/1249/2130 1429/1230/2103
f 1430/1249/2131 1475/1250/2132 1488/1251/2133 1436/1252/2134
f 1473/1248/2129 1474/1253/2135 1475/1250/2136 1430/1249/2130
f 1431/1234/2137 1440/1254/2138 1655/1255/2139 1762/1237/2139
f 1431/1234/2137 1433/1233/2140 1441/1256/2141 1440/1254/2138
f 1437/1257/2142 1432/1258/2143 1433/1233/2109 1434/1236/2112
f 1432/1258/2144 1442/1259/2145 1441/1256/2141 1433/1233/2140
f 1452/1260/2146 1439/1261/2147 1432/1258/2143 1437/1257/2142
f 1432/1258/2144 1439/1261/2148 1443/1262/2149 1442/1259/2145
f 1438/1263/2150 1437/1257/2142 1434/1236/2112 1435/1247/2128
f 1454/1264/2151 1438/1263/2150 1435/1247/2128 1436/1252/2134
f 1488/1251/2133 1490/1151/2014 1454/1264/2151 1436/1252/2134
f 1453/1265/2152 1452/1260/2146 1437/1257/2142 1438/1263/2150
f 1438/1263/2150 1455/1266/2153 1456/1267/2154 1453/1265/2152
f 1438/1263/2150 1454/1264/2151 1470/1268/2155 1455/1266/2153
f 1439/1261/2148 3301/1269/2156 3302/1270/2156 1443/1262/2149
f 1439/1261/2147 1452/1260/2146 3303/1271/2157 3301/1269/2158
f 1440/1272/2159 1441/1273/2160 1445/1274/2161 1444/1275/2162
f 1444/1275/2162 1765/1276/2163 1655/1277/2163 1440/1272/2159
f 1441/1273/2160 1442/1278/2164 1446/1279/2165 1445/1274/2161
f 1443/1280/2166 1447/1281/2167 1446/1279/2165 1442/1278/2164
f 1443/1280/2166 3302/1282/2168 3308/1283/2168 1447/1281/2167
f 1765/1276/2169 1444/1275/2170 1448/1185/2050 3309/1284/2169
f 1444/1275/2170 1445/1274/2171 1449/1183/2048 1448/1185/2050
f 1445/1274/2171 1446/1279/2172 1450/1184/2049 1449/1183/2048
f 1446/1279/2172 1447/1281/2173 1451/1186/2051 1450/1184/2049
f 1759/1187/2174 1451/1186/2051 1447/1281/2173 3308/1283/2174
f 1448/1185/2050 3224/1182/2047 3309/1284/2175
f 1452/1260/2146 1453/1265/2152 1656/1285/2176 3303/1271/2157
f 1460/1286/2177 1766/1287/2178 1656/1285/2178 1453/1265/2179
f 1453/1265/2179 1456/1267/2180 1461/1288/2180 1460/1286/2177
f 1470/1268/2155 1454/1264/2151 1490/1151/2014 1646/1150/2013
f 1456/1267/2154 1455/1266/2153 1458/1289/2181 1457/1290/2182
f 1455/1266/2153 1470/1268/2155 1471/1291/2183 1458/1289/2181
f 1457/1290/2184 1462/1292/2185 1461/1288/2186 1456/1267/2186
f 1527/1293/2187 1457/1290/2182 1458/1289/2181 1528/1294/2188
f 1459/1295/2189 1463/1296/2190 1462/1292/2185 1457/1290/2184
f 1527/1293/2187 1526/1297/2191 1459/1295/2192 1457/1290/2182
f 1458/1289/2181 1471/1291/2183 1529/1298/2193 1528/1294/2188
f 1459/1295/2189 1767/1299/2194 3322/1300/2194 1463/1296/2190
f 1526/1297/2191 3323/1301/2195 1767/1299/2195 1459/1295/2192
f 1462/1302/2196 1465/1303/2197 1464/1304/2198 1461/1305/2199
f 1463/1306/2200 1466/1307/2201 1465/1303/2197 1462/1302/2196
f 1768/1308/2202 1466/1307/2201 1463/1306/2200 3322/1309/2202
f 1769/1310/2203 1464/1304/2204 1467/1311/2205 3328/1312/2203
f 1465/1303/2206 1468/1313/2207 1467/1311/2205 1464/1304/2204
f 1466/1307/2208 1469/1314/2209 1468/1313/2207 1465/1303/2206
f 1466/1307/2208 1768/1308/2210 3331/1315/2210 1469/1314/2209
f 1620/1190/2055 1467/1311/2211 1468/1313/2212 1621/1188/2053
f 1620/1190/2055 3232/1191/2056 3328/1312/2213 1467/1311/2211
f 1622/1192/2057 1621/1188/2053 1468/1313/2212 1469/1314/2214
f 1622/1192/2057 1469/1314/2214 3331/1315/2215 3234/1193/2058
f 1646/1150/2013 1509/1316/2216 1471/1291/2183 1470/1268/2155
f 1471/1291/2183 1509/1316/2216 1531/1157/2020 1529/1298/2193
f 1473/1248/2217 1472/1231/2108 1688/1232/2107 1689/1317/2218
f 1692/1318/2219 1474/1253/2220 1473/1248/2217 1689/1317/2218
f 1477/1319/2221 1475/1250/2136 1474/1253/2135 1476/1320/2222
f 1474/1253/2220 1692/1318/2219 1697/1321/2223 1476/1320/2224
f 1475/1250/2132 1477/1319/2225 1487/1322/2226 1488/1251/2133
f 1476/1320/2222 1478/1323/2227 1479/1324/2228 1477/1319/2221
f 1476/1320/2224 1697/1321/2223 1699/1325/2229 1478/1323/2230
f 1648/1147/2010 1487/1322/2226 1477/1319/2225 1479/1324/2231
f 1478/1323/2227 1481/1326/2232 1480/1327/2232 1479/1324/2228
f 1701/1328/2233 1481/1326/2233 1478/1323/2230 1699/1325/2229
f 1479/1324/2231 1480/1327/2234 1483/1143/2006 1648/1147/2010
f 1481/1326/2235 1482/1329/2236 1483/1143/2237 1480/1327/2235
f 1701/1328/2238 1703/1330/2238 1482/1329/2238 1481/1326/2238
f 1482/1329/2236 1486/1331/2239 1485/1144/2240 1483/1143/2237
f 1486/1331/2241 1482/1329/2242 1703/1330/2242 1704/1332/2243
f 1510/1155/2018 1647/1333/2244 1484/1146/2009 1645/1145/2008
f 1489/1149/2012 1487/1322/2226 1648/1147/2010 1484/1146/2009
f 1646/1150/2013 1489/1149/2012 1484/1146/2009 1647/1333/2244
f 1486/1331/2239 1491/1334/2245 1508/1148/2246 1485/1144/2240
f 1491/1334/2247 1486/1331/2241 1704/1332/2243 1706/1335/2248
f 1491/1334/2245 1492/1336/2249 1493/1337/2250 1508/1148/2246
f 1491/1334/2247 1706/1335/2248 1707/1338/2251 1492/1336/2252
f 1493/1337/2250 1492/1336/2249 1495/1339/2253 1494/1340/2254
f 1492/1336/2252 1707/1338/2251 1626/1341/2255 1495/1339/2256
f 1649/1342/2257 1510/1155/2018 1508/1148/2011 1493/1337/2258
f 1512/1343/2259 1649/1342/2257 1493/1337/2258 1494/1340/2260
f 1497/1344/2261 1494/1340/2254 1495/1339/2253 1496/1345/2262
f 1513/1346/2263 1512/1343/2259 1494/1340/2260 1497/1344/2264
f 1496/1345/2265 1495/1339/2256 1626/1341/2255 1627/1347/2266
f 1499/1348/2267 1497/1344/2261 1496/1345/2262 1498/1349/2268
f 1627/1347/2266 1712/1350/2269 1498/1349/2270 1496/1345/2265
f 1513/1346/2263 1497/1344/2264 1499/1348/2271 1514/1351/2272
f 1498/1349/2268 1500/1352/2273 1501/1353/2274 1499/1348/2267
f 1498/1349/2270 1712/1350/2269 1713/1354/2275 1500/1352/2276
f 1515/1355/2277 1514/1351/2272 1499/1348/2271 1501/1353/2278
f 1502/1356/2279 1501/1353/2274 1500/1352/2273 1504/1357/2280
f 1500/1352/2276 1713/1354/2275 1716/1358/2281 1504/1357/2282
f 1501/1353/2278 1502/1356/2283 1516/1359/2284 1515/1355/2277
f 1503/1360/2285 1502/1356/2279 1504/1357/2280 1505/1361/2286
f 1505/1361/2286 1506/1152/2015 1507/1154/2017 1503/1360/2285
f 1504/1357/2282 1716/1358/2281 1718/1362/2287 1505/1361/2288
f 1628/1363/2289 1506/1152/2289 1505/1361/2288 1718/1362/2287
f 1506/1152/2290 1628/1363/2290 1629/1364/2290 1524/1153/2290
f 1525/1365/2291 1523/1366/2292 1507/1154/2293 1524/1153/2294
f 1646/1150/2013 1647/1333/2244 1511/1367/2295 1509/1316/2216
f 1531/1157/2020 1509/1316/2216 1511/1367/2295 1517/1158/2021
f 1511/1367/2295 1647/1333/2244 1510/1155/2018 1649/1342/2257
f 1517/1158/2021 1511/1367/2295 1649/1342/2257 1512/1343/2259
f 1518/1156/2019 1517/1158/2021 1512/1343/2259 1513/1346/2263
f 1518/1156/2019 1513/1346/2263 1514/1351/2272 1519/1368/2296
f 1515/1355/2277 1520/1369/2297 1519/1368/2296 1514/1351/2272
f 1520/1369/2297 1515/1355/2277 1516/1359/2284 1521/1370/2298
f 1519/1368/2296 1532/1371/2299 1531/1157/2020 1518/1156/2019
f 1520/1369/2297 1650/1372/2300 1532/1371/2299 1519/1368/2296
f 1547/1373/2301 1521/1370/2298 1522/1374/2302 1548/1375/2303
f 1551/1376/2304 1548/1375/2303 1522/1374/2302 1523/1366/2292
f 1551/1376/2304 1523/1366/2292 1525/1365/2291 1552/1377/2305
f 1525/1365/2291 1524/1153/2294 1560/1378/2306 1554/1379/2307
f 1629/1364/2308 1630/1380/2309 1560/1378/2310 1524/1153/2308
f 1554/1379/2307 1555/1381/2311 1552/1377/2305 1525/1365/2291
f 3323/1301/2312 1526/1297/2191 1527/1293/2187 3398/1382/2313
f 1530/1383/2314 3400/1384/2315 3398/1382/2313 1527/1293/2187
f 1530/1383/2314 1527/1293/2187 1528/1294/2188 1529/1298/2193
f 1532/1371/2299 1530/1383/2314 1529/1298/2193 1531/1157/2020
f 1536/1385/2316 1770/1386/2317 3400/1384/2315 1530/1383/2314
f 1534/1387/2318 1536/1385/2316 1530/1383/2314 1532/1371/2299
f 1770/1386/2319 1536/1385/2320 1533/1388/2321 1771/1389/2319
f 1771/1389/2322 1533/1388/2323 1537/1390/2324 3405/1391/2322
f 1534/1387/2325 1535/1392/2326 1533/1388/2321 1536/1385/2320
f 1533/1388/2323 1535/1392/2327 1538/1393/2328 1537/1390/2324
f 1535/1392/2326 1534/1387/2325 1541/1394/2329 1539/1395/2330
f 1535/1392/2327 1539/1395/2331 1540/1396/2332 1538/1393/2328
f 3405/1397/2333 1537/1398/2334 1608/1399/2335 1772/1400/2333
f 1537/1398/2334 1538/1401/2336 1609/1402/2337 1608/1399/2335
f 1540/1403/2338 1610/1404/2339 1609/1402/2337 1538/1401/2336
f 1543/1405/2340 1542/1406/2341 1540/1396/2332 1539/1395/2331
f 1541/1394/2329 1544/1407/2342 1543/1405/2343 1539/1395/2330
f 1542/1408/2344 1611/1409/2345 1610/1404/2339 1540/1403/2338
f 3418/1410/2346 1773/1411/2346 1542/1406/2341 1543/1405/2340
f 1773/1412/2347 1774/1413/2347 1611/1409/2345 1542/1408/2344
f 1544/1407/2342 1775/1414/2348 3418/1410/2348 1543/1405/2343
f 1776/1415/2349 1775/1414/2350 1544/1407/2351 1596/1416/2352
f 1545/1417/2353 1546/1418/2354 1577/1419/2355 1578/1420/2356
f 1595/1166/2029 1545/1417/2353 1578/1420/2356 1579/1167/2030
f 1547/1373/2301 1548/1375/2303 1549/1421/2357 1546/1418/2358
f 1577/1419/2355 1546/1418/2354 1549/1421/2359 1572/1422/2360
f 1551/1376/2304 1550/1423/2361 1549/1421/2357 1548/1375/2303
f 1549/1421/2357 1550/1423/2361 1569/1424/2362 1570/1425/2363
f 1570/1425/2364 1571/1426/2365 1572/1422/2360 1549/1421/2359
f 1552/1377/2305 1553/1427/2366 1550/1423/2361 1551/1376/2304
f 1569/1424/2362 1550/1423/2361 1553/1427/2366 1568/1428/2367
f 1553/1427/2366 1552/1377/2305 1555/1381/2311 1556/1429/2368
f 1567/1430/2369 1568/1428/2367 1553/1427/2366 1556/1429/2368
f 1557/1159/2022 1558/1431/2370 1555/1381/2311 1554/1379/2307
f 1561/1432/2371 1557/1159/2022 1554/1379/2307 1560/1378/2306
f 1556/1429/2368 1555/1381/2311 1558/1431/2370 1559/1433/2372
f 1566/1434/2373 1567/1430/2369 1556/1429/2368 1559/1433/2372
f 1564/1161/2024 1565/1435/2374 1558/1431/2370 1557/1159/2022
f 1563/1160/2023 1557/1159/2022 1561/1432/2371 1562/1436/2375
f 1565/1435/2374 1566/1434/2373 1559/1433/2372 1558/1431/2370
f 1561/1432/2376 1560/1378/2310 1630/1380/2309 1631/1437/2377
f 1631/1437/2377 1632/1438/2378 1562/1436/2378 1561/1432/2376
f 1632/1438/2379 1633/1439/2379 1563/1160/2379 1562/1436/2379
f 1564/1161/2380 1563/1160/2380 1633/1439/2380 1668/1440/2380
f 1741/1441/2381 1565/1435/2382 1564/1161/2383 1668/1440/2383
f 1740/1442/2384 1566/1434/2384 1565/1435/2382 1741/1441/2381
f 1737/1443/2385 1567/1430/2385 1566/1434/2385 1740/1442/2385
f 1735/1444/2386 1568/1428/2387 1567/1430/2388 1737/1443/2388
f 1732/1445/2389 1569/1424/2390 1568/1428/2387 1735/1444/2386
f 1733/1446/2391 1570/1425/2391 1569/1424/2390 1732/1445/2389
f 1570/1425/2392 1733/1446/2392 1734/1447/2393 1571/1426/2394
f 1571/1426/2365 1573/1448/2395 1580/1449/2396 1572/1422/2360
f 1734/1447/2393 1742/1450/2397 1573/1448/2398 1571/1426/2394
f 1572/1422/2360 1580/1449/2396 1581/1451/2399 1577/1419/2355
f 1574/1452/2400 1573/1448/2398 1742/1450/2397 1744/1453/2401
f 1576/1454/2402 1587/1163/2026 1575/1162/2025 1574/1452/2403
f 1744/1453/2401 1745/1455/2404 1576/1454/2405 1574/1452/2400
f 1588/1168/2031 1587/1163/2026 1576/1454/2402 1590/1169/2032
f 1672/1456/2406 1590/1169/2407 1576/1454/2405 1745/1455/2404
f 1578/1420/2356 1577/1419/2355 1581/1451/2399 1582/1457/2408
f 1578/1420/2356 1582/1457/2408 1583/1458/2409 1579/1167/2030
f 1579/1167/2030 1583/1458/2409 1641/1459/2410 1640/1165/2028
f 1581/1451/2399 1584/1164/2027 1585/1460/2411 1582/1457/2408
f 1582/1457/2408 1585/1460/2411 1586/1461/2412 1583/1458/2409
f 1583/1458/2409 1586/1461/2412 1593/1462/2413 1641/1459/2410
f 1588/1168/2031 1585/1460/2411 1584/1164/2027 1587/1163/2026
f 1588/1168/2031 1589/1171/2034 1586/1461/2412 1585/1460/2411
f 1586/1461/2412 1589/1171/2034 1592/1174/2037 1593/1462/2413
f 1589/1171/2034 1588/1168/2031 1634/1170/2033 1635/1172/2035
f 1590/1169/2407 1672/1456/2406 1673/1463/2414 1634/1170/2415
f 1635/1172/2416 1675/1464/2417 1636/1465/2418 1591/1173/2418
f 1592/1174/2419 1591/1173/2420 1636/1465/2420 1637/1466/2421
f 1593/1462/2422 1592/1174/2419 1637/1466/2421 1638/1467/2423
f 1641/1459/2424 1593/1462/2422 1638/1467/2423 1639/1468/2424
f 1676/1469/2425 1594/1175/2425 1642/1176/2426 1677/1470/2427
f 1777/1471/2428 1594/1175/2429 1597/1472/2430 1778/1473/2431
f 1594/1175/2432 1676/1469/2432 1748/1474/2432 1597/1472/2432
f 1779/1475/2433 1778/1473/2431 1597/1472/2430 1598/1476/2434
f 1598/1476/2435 1597/1472/2435 1748/1474/2435 1643/1477/2435
f 1599/1478/2436 1780/1479/2437 1779/1475/2438 1598/1476/2439
f 1599/1478/2440 1598/1476/2441 1643/1477/2441 1644/1480/2442
f 1600/1481/2443 1781/1482/2444 1780/1479/2437 1599/1478/2436
f 1644/1480/2442 1749/1483/2445 1600/1481/2445 1599/1478/2440
f 1600/1481/2443 1601/1484/2446 3483/1485/2447 1781/1482/2444
f 1600/1481/2448 1602/1486/2449 1603/1487/2450 1601/1484/2448
f 1602/1486/2451 1600/1481/2452 1749/1483/2452 1751/1488/2453
f 1601/1484/2454 1750/1489/2455 1782/1490/2456 3483/1485/2456
f 1601/1484/2454 1603/1487/2457 1752/1491/2458 1750/1489/2455
f 1602/1486/2449 1604/1492/2459 1605/1493/2460 1603/1487/2450
f 1604/1492/2461 1602/1486/2451 1751/1488/2453 1753/1494/2461
f 1754/1495/2462 1752/1491/2458 1603/1487/2457 1605/1493/2462
f 1607/1496/2463 1605/1493/2460 1604/1492/2459 1606/1497/2463
f 1753/1494/2464 1756/1498/2464 1606/1497/2464 1604/1492/2464
f 1605/1493/2465 1607/1496/2465 1755/1499/2465 1754/1495/2465
f 1607/1496/2466 1606/1497/2466 1756/1498/2466 1755/1499/2466
f 1772/1400/2467 1608/1399/2468 1612/1500/2469 1783/1501/2467
f 1608/1399/2468 1609/1402/2337 1613/1502/2470 1612/1500/2469
f 1610/1404/2339 1614/1503/2471 1613/1502/2470 1609/1402/2337
f 1611/1409/2472 1615/1504/2473 1614/1503/2471 1610/1404/2339
f 1611/1409/2472 1774/1413/2474 3501/1505/2474 1615/1504/2473
f 3502/1506/2475 1783/1501/2476 1612/1500/2477 1616/1179/2044
f 1617/1177/2042 1616/1179/2044 1612/1500/2477 1613/1502/2478
f 1618/1180/2045 1617/1177/2042 1613/1502/2478 1614/1503/2479
f 1619/1181/2046 1618/1180/2045 1614/1503/2479 1615/1504/2480
f 1619/1181/2046 1615/1504/2480 3501/1505/2481 1760/1507/2482
f 1675/1464/2417 1635/1172/2416 1634/1170/2415 1673/1463/2414
f 1641/1459/2483 1639/1468/2483 1670/1508/2483 1640/1165/2483
f 1640/1165/2484 1670/1508/2484 1677/1470/2427 1642/1176/2426
f 1419/1227/2485 1420/1235/2111 1763/1238/2114 1422/1228/2486
f 3278/1509/2487 1422/1228/2486 1763/1238/2114
f 1464/1304/2198 1769/1310/2488 1766/1510/2489 1461/1305/2199
f 1461/1288/2199 1766/1287/2489 1460/1286/2490
f 1776/1415/2349 1596/1416/2352 1594/1175/2491 1777/1471/2492
f 1594/1175/2491 1596/1416/2352 1595/1166/2493
f 1488/1251/2133 1487/1322/2226 1489/1149/2012 1490/1151/2014
f 3220/1178/2043 3502/1506/2475 1616/1179/2044
f 1436/1252/2134 1435/1247/2128 1428/1229/2101 1430/1249/2131
f 1430/1249/2131 1428/1229/2101 1429/1230/2102
f 1507/1154/2293 1523/1366/2292 1522/1374/2302 1503/1360/2494
f 1503/1360/2494 1522/1374/2302 1516/1359/2284 1502/1356/2283
f 1407/1195/2060 1408/1217/2495 1418/1202/2496 1400/1135/2061
f 1408/1217/2495 1417/1218/2105 1416/1207/2104 1418/1202/2496
f 1574/1452/2403 1575/1162/2025 1580/1449/2396 1573/1448/2395
f 1575/1162/2025 1584/1164/2027 1581/1451/2399 1580/1449/2396
f 1522/1374/2302 1521/1370/2298 1516/1359/2284
f 1651/1511/2497 1545/1417/2498 1595/1166/2493 1596/1416/2352
f 1650/1372/2300 1520/1369/2297 1521/1370/2298 1547/1373/2301
f 1651/1511/2497 1547/1373/2301 1546/1418/2358 1545/1417/2498
f 1652/1512/2499 1650/1372/2300 1547/1373/2301 1651/1511/2497
f 1652/1512/2499 1653/1513/2500 1541/1394/2501 1534/1387/2318
f 1532/1371/2299 1650/1372/2300 1652/1512/2499 1534/1387/2318
f 1652/1512/2499 1651/1511/2497 1596/1416/2352 1653/1513/2500
f 1653/1513/2500 1596/1416/2352 1544/1407/2351 1541/1394/2501
f 3220/1178/2043 1619/1181/2046 1760/1507/2482
f 1657/1135/2502 1658/1137/2503 1680/1514/2504
f 1659/1143/2505 1661/1147/2506 1660/1515/2507
f 1662/1144/2508 1660/1515/2507 1663/1148/2509
f 1628/1152/2510 1665/1154/2511 1629/1153/2512
f 1705/1516/2513 1663/1148/2509 1660/1515/2507
f 1667/1159/2514 1668/1161/2515 1633/1160/2516
f 1743/1517/2517 1747/1518/2518 1669/1519/2519
f 1670/1165/2520 1671/1167/2521 1726/1520/2522
f 1669/1519/2519 1673/1170/2523 1672/1169/2524
f 1674/1171/2525 1636/1173/2526 1675/1172/2527
f 1674/1171/2525 1637/1174/2528 1636/1173/2526
f 1676/1175/2529 1677/1176/2529 1726/1520/2529
f 1677/1176/2530 1670/1165/2530 1726/1520/2530
f 1625/1194/2531 1658/1137/2531 1657/1135/2531 1678/1195/2531
f 1624/1196/2532 1679/1197/2533 1658/1137/2534 1625/1194/2534
f 1679/1197/2535 1680/1514/2504 1658/1137/2503
f 1681/1202/2536 1657/1135/2502 1680/1514/2504 1682/1521/2537
f 1682/1521/2537 1686/1522/2538 1687/1523/2539 1681/1202/2536
f 3529/1524/2540 3530/1525/2541 1682/1521/2542 1680/1514/2543
f 1683/1210/2544 3529/1524/2540 1680/1514/2543 1679/1197/2533
f 3532/1213/2545 3529/1524/2540 1683/1210/2544
f 1682/1521/2542 3530/1525/2541 3533/1526/2546 1686/1522/2547
f 1623/1220/2548 1683/1210/2544 1679/1197/2533 1624/1196/2532
f 3262/1222/2549 3532/1213/2545 1683/1210/2544 1623/1220/2548
f 1687/1523/2539 1688/1231/2550 1685/1218/2551
f 3533/1526/2546 3534/1527/2552 1693/1528/2553 1686/1522/2547
f 1688/1231/2550 1687/1523/2539 1690/1249/2554 1689/1248/2555
f 1690/1249/2554 1693/1528/2556 1664/1529/2557 1691/1250/2558
f 1689/1248/2555 1690/1249/2554 1691/1250/2558 1692/1253/2559
f 1784/1530/2560 1694/1531/2561 1693/1528/2553 3534/1527/2552
f 1694/1531/2562 1664/1529/2557 1693/1528/2556
f 1696/1319/2563 1697/1320/2564 1692/1253/2559 1691/1250/2558
f 1691/1250/2558 1664/1529/2557 1698/1322/2565 1696/1319/2563
f 1697/1320/2564 1696/1319/2563 1700/1324/2566 1699/1323/2567
f 1661/1147/2568 1700/1324/2566 1696/1319/2563 1698/1322/2565
f 1699/1323/2567 1700/1324/2566 1702/1327/2569 1701/1326/2570
f 1700/1324/2566 1661/1147/2568 1702/1327/2571
f 1701/1326/2570 1702/1327/2569 1659/1143/2505 1703/1329/2572
f 1703/1329/2572 1659/1143/2505 1662/1144/2508 1704/1331/2573
f 1659/1143/2505 1660/1515/2507 1662/1144/2508
f 1664/1529/2557 1660/1515/2574 1661/1147/2568 1698/1322/2565
f 1694/1531/2562 1705/1516/2575 1660/1515/2574 1664/1529/2557
f 1704/1331/2573 1662/1144/2508 1663/1148/2576 1706/1334/2577
f 1706/1334/2577 1663/1148/2576 1708/1337/2578 1707/1336/2579
f 1708/1337/2578 1709/1340/2580 1626/1339/2581 1707/1336/2579
f 1708/1337/2582 1663/1148/2509 1705/1516/2513
f 1666/1532/2583 1709/1340/2584 1708/1337/2582 1705/1516/2513
f 1710/1344/2585 1627/1345/2586 1626/1339/2581 1709/1340/2580
f 1710/1344/2587 1709/1340/2584 1666/1532/2583
f 1711/1348/2588 1712/1349/2589 1627/1345/2586 1710/1344/2585
f 1666/1532/2583 1711/1348/2590 1710/1344/2587
f 1712/1349/2589 1711/1348/2588 1714/1353/2591 1713/1352/2592
f 1720/1533/2593 1714/1353/2593 1711/1348/2593 1666/1532/2593
f 1715/1356/2594 1716/1357/2595 1713/1352/2592 1714/1353/2591
f 1714/1353/2596 1720/1533/2597 1715/1356/2598
f 1717/1360/2599 1718/1361/2600 1716/1357/2595 1715/1356/2594
f 1718/1361/2600 1717/1360/2599 1665/1154/2511 1628/1152/2510
f 1629/1153/2601 1665/1154/2602 1719/1534/2603
f 1695/1535/2604 1666/1532/2605 1705/1516/2575 1694/1531/2562
f 1720/1533/2606 1666/1532/2605 1695/1535/2604 1721/1536/2607
f 1721/1536/2608 1722/1374/2609 1720/1533/2610
f 1723/1537/2611 1719/1534/2603 1722/1374/2609 1721/1536/2608
f 1719/1534/2603 1724/1379/2612 1630/1378/2613 1629/1153/2601
f 1724/1379/2612 1719/1534/2603 1723/1537/2611 1725/1381/2614
f 3560/1415/2615 1757/1538/2616 1695/1535/2617 3562/1539/2618 1785/1540/2619
f 1726/1520/2522 1728/1541/2620 1727/1418/2621
f 1671/1167/2521 1728/1541/2620 1726/1520/2522
f 1721/1536/2608 1727/1418/2622 1729/1421/2623
f 1728/1541/2624 1730/1422/2625 1729/1421/2623 1727/1418/2622
f 1723/1537/2611 1721/1536/2608 1729/1421/2623 1731/1542/2626
f 1729/1421/2623 1733/1425/2627 1732/1424/2628 1731/1542/2626
f 1733/1425/2629 1729/1421/2623 1730/1422/2625 1734/1426/2630
f 1732/1424/2628 1735/1428/2631 1731/1542/2626
f 1731/1542/2626 1736/1429/2632 1725/1381/2614 1723/1537/2611
f 1737/1430/2633 1736/1429/2632 1731/1542/2626 1735/1428/2631
f 1667/1159/2514 1724/1379/2612 1725/1381/2614 1738/1431/2634
f 1631/1432/2635 1630/1378/2613 1724/1379/2612 1667/1159/2514
f 1736/1429/2632 1739/1433/2636 1738/1431/2634 1725/1381/2614
f 1740/1434/2637 1739/1433/2636 1736/1429/2632 1737/1430/2633
f 1668/1161/2515 1667/1159/2514 1738/1431/2634 1741/1435/2638
f 1633/1160/2516 1632/1436/2639 1631/1432/2635 1667/1159/2514
f 1741/1435/2638 1738/1431/2634 1739/1433/2636 1740/1434/2637
f 1734/1426/2630 1730/1422/2625 1743/1517/2517 1742/1448/2640
f 1730/1422/2625 1728/1541/2624 1747/1518/2518 1743/1517/2517
f 1745/1454/2641 1744/1452/2642 1743/1517/2517 1669/1519/2519
f 1672/1169/2524 1745/1454/2641 1669/1519/2519
f 1728/1541/2624 1671/1167/2643 1746/1543/2644 1747/1518/2518
f 1671/1167/2643 1670/1165/2645 1639/1459/2646 1746/1543/2644
f 1746/1543/2644 1639/1459/2646 1638/1462/2647
f 1669/1519/2519 1747/1518/2518 1746/1543/2644 1674/1171/2525
f 1746/1543/2644 1638/1462/2647 1637/1174/2528 1674/1171/2525
f 1674/1171/2525 1675/1172/2527 1673/1170/2523 1669/1519/2519
f 3572/1471/2648 3573/1473/2649 1748/1472/2650 1676/1175/2651
f 1786/1475/2652 1643/1476/2653 1748/1472/2650 3573/1473/2649
f 1644/1478/2654 1643/1476/2655 1786/1475/2656 1787/1479/2657
f 1749/1481/2658 1644/1478/2654 1787/1479/2657 1788/1482/2659
f 1749/1481/2658 1788/1482/2659 1782/1485/2660 1750/1484/2661
f 1749/1481/2662 1750/1484/2662 1752/1487/2662 1751/1486/2662
f 1751/1486/2663 1752/1487/2663 1754/1493/2664 1753/1492/2665
f 1755/1496/2666 1756/1497/2666 1753/1492/2665 1754/1493/2664
f 3560/1415/2615 3572/1471/2667 1676/1175/2668 1757/1538/2616
f 1676/1175/2668 1726/1520/2669 1757/1538/2616
f 1693/1528/2556 1690/1249/2554 1686/1522/2538
f 1690/1249/2554 1687/1523/2539 1686/1522/2538
f 1665/1154/2602 1717/1360/2670 1722/1374/2609 1719/1534/2603
f 1717/1360/2671 1715/1356/2598 1720/1533/2597 1722/1374/2671
f 1678/1195/2672 1657/1135/2502 1681/1202/2536 1684/1217/2673
f 1684/1217/2673 1681/1202/2536 1687/1523/2539 1685/1218/2551
f 1744/1452/2642 1742/1448/2640 1743/1517/2517
f 1757/1538/2674 1726/1520/2675 1727/1418/2675 1721/1536/2607
f 1695/1535/2604 1757/1538/2674 1721/1536/2607
f 3562/1544/2618 1695/1535/2617 1694/1531/2561 1784/1530/2560
f 1661/1147/2506 1659/1143/2505 1702/1327/2569
f 1792/3/2676 1791/2/2677 1790/1/2678 1789/4/2679
f 1793/5/2680 1795/7/2681 1794/6/2682
f 1799/10/2683 1798/9/2684 1797/8/2685 1796/11/2686
f 1803/14/2687 1802/13/2688 1801/12/2689 1800/15/2690
f 1791/2/2677 1792/3/2676 1805/16/2691 1804/17/2692
f 1805/16/2691 1792/3/2676 1807/19/2693 1806/18/2694
f 1795/7/2681 1807/19/2693 1792/3/2676 1789/4/2679
f 1809/21/2695 1808/20/2696 1789/4/2679 1790/1/2678
f 1810/22/2697 1811/23/2698 1806/18/2694 1807/19/2693
f 1807/19/2693 1795/7/2681 1793/5/2680 1810/22/2697
f 1812/24/2699 1811/23/2698 1810/22/2697 1813/25/2700
f 1810/22/2697 1793/5/2680 1814/26/2701 1813/25/2700
f 1815/27/2702 1812/24/2699 1813/25/2700 1816/28/2703
f 1813/25/2700 1814/26/2701 1817/29/2704 1816/28/2703
f 1816/28/2703 1817/29/2704 1819/31/2705 1818/30/2706
f 1794/6/2682 1795/7/2681 1789/4/2679 1808/20/2696
f 1820/32/2707 1814/26/2701 1793/5/2680 1794/6/2682
f 1821/33/2708 1817/29/2704 1814/26/2701 1820/32/2707
f 1817/29/2704 1821/33/2708 1822/34/2709 1819/31/2705
f 1820/32/2707 1824/36/2710 1823/35/2711 1821/33/2708
f 1824/36/2710 1820/32/2707 1794/6/2682 1825/37/2712
f 1808/20/2696 1826/38/2713 1825/37/2712 1794/6/2682
f 1827/39/2714 1826/38/2713 1808/20/2696 1809/21/2695
f 1828/40/2715 1823/35/2711 1824/36/2710 1829/41/2716
f 1829/41/2716 1824/36/2710 1825/37/2712 1830/42/2717
f 1826/38/2713 1831/43/2718 1830/42/2717 1825/37/2712
f 1832/44/2719 1831/43/2718 1826/38/2713 1827/39/2714
f 1823/35/2711 1828/40/2715 1834/46/2720 1833/45/2721
f 1835/47/2722 1828/40/2715 1829/41/2716 1836/48/2723
f 1830/42/2717 1837/49/2724 1836/48/2723 1829/41/2716
f 1831/43/2718 1838/50/2725 1837/49/2724 1830/42/2717
f 1831/43/2718 1832/44/2719 1839/51/2726 1838/50/2725
f 1836/48/2723 1841/53/2727 1840/52/2728 1835/47/2722
f 1841/53/2727 1836/48/2723 1837/49/2724 1842/54/2729
f 1838/50/2725 1799/10/2683 1842/54/2729 1837/49/2724
f 1838/50/2725 1839/51/2726 1798/9/2684 1799/10/2683
f 1840/52/2728 1841/53/2727 1844/56/2730 1843/55/2731
f 1841/53/2727 1842/54/2729 1845/57/2732 1844/56/2730
f 1799/10/2683 1796/11/2686 1845/57/2732 1842/54/2729
f 1847/59/2733 1846/58/2734 1796/11/2686 1797/8/2685
f 1796/11/2686 1846/58/2734 1848/60/2735 1845/57/2732
f 1845/57/2732 1848/60/2735 1849/61/2736 1844/56/2730
f 1850/62/2737 1843/55/2731 1844/56/2730 1849/61/2736
f 1843/55/2731 1850/62/2737 1852/64/2738 1851/63/2739
f 1853/65/2740 1850/62/2737 1849/61/2736 1854/66/2741
f 1854/66/2741 1849/61/2736 1848/60/2735 1855/67/2742
f 1846/58/2734 1803/14/2687 1855/67/2742 1848/60/2735
f 1802/13/2688 1803/14/2687 1846/58/2734 1847/59/2733
f 1856/68/2743 1853/65/2740 1854/66/2741 1857/69/2744
f 1855/67/2742 1858/70/2745 1857/69/2744 1854/66/2741
f 1858/70/2745 1855/67/2742 1803/14/2687 1800/15/2690
f 1801/12/2689 1860/72/2746 1859/71/2747 1800/15/2690
f 1858/70/2745 1800/15/2690 1859/71/2747 1861/73/2748
f 1861/73/2748 1862/74/2749 1857/69/2744 1858/70/2745
f 1857/69/2744 1862/74/2749 1863/75/2750 1856/68/2743
f 1864/76/2751 1866/78/2752 1865/77/2753 1863/75/2750
f 1862/74/2749 1867/79/2754 1864/76/2751 1863/75/2750
f 1868/80/2755 1867/79/2754 1862/74/2749 1861/73/2748
f 1869/81/2756 1868/80/2755 1861/73/2748 1859/71/2747
f 1859/71/2747 1860/72/2746 1870/82/2757 1869/81/2756
f 1871/83/2758 1874/86/2759 1873/85/2760 1872/84/2761
f 1869/81/2756 1870/82/2757 1875/87/2762
f 1833/45/2721 1876/88/2763 1823/35/2711
f 1851/63/2739 1877/89/2764 1843/55/2731
f 1818/30/2706 1878/90/2765 1815/27/2702 1816/28/2703
f 1876/88/2763 1822/34/2709 1821/33/2708 1823/35/2711
f 1879/91/2766 1834/46/2720 1828/40/2715 1835/47/2722
f 1880/92/2767 1879/91/2766 1835/47/2722 1840/52/2728
f 1877/89/2764 1880/92/2767 1840/52/2728 1843/55/2731
f 1881/93/2768 1852/64/2738 1850/62/2737 1853/65/2740
f 1882/94/2769 1881/93/2768 1853/65/2740 1856/68/2743
f 1865/77/2753 1882/94/2769 1856/68/2743 1863/75/2750
f 1883/95/2770 1885/97/2771 1884/96/2772
f 1886/98/2773 1888/100/2774 1887/99/2775
f 1889/101/2776 1886/98/2773 1887/99/2775 1890/102/2777
f 1891/103/2778 1893/105/2779 1892/104/2780
f 1894/106/2781 1897/109/2782 1896/108/2783 1895/107/2784
f 1894/106/2781 1899/111/2785 1898/110/2786 1897/109/2782
f 1897/109/2782 1901/113/2787 1900/112/2788 1896/108/2783
f 1901/113/2787 1897/109/2782 1898/110/2786 1902/114/2789
f 1903/115/2790 1905/117/2791 1904/116/2792 1894/106/2781
f 1894/106/2781 1904/116/2792 1906/118/2793 1899/111/2785
f 1894/106/2781 1895/107/2784 1907/119/2794 1903/115/2790
f 1906/118/2793 1904/116/2792 1909/121/2795 1908/120/2796
f 1909/121/2795 1904/116/2792 1905/117/2791 1910/122/2797
f 1911/123/2798 1914/126/2799 1913/125/2800 1912/124/2801
f 1908/120/2802 1916/128/2803 1915/127/2804 1913/125/2805
f 1906/118/2793 1908/120/2796 1913/125/2800 1914/126/2799
f 1916/128/2803 1908/120/2802 1909/121/2806 1917/129/2807
f 1916/128/2808 1919/131/2809 1918/130/2810 1915/127/2811
f 1920/132/2812 1919/131/2809 1916/128/2808 1917/129/2813
f 1921/133/2814 1922/134/2815 1900/112/2788 1901/113/2787
f 1902/114/2789 1923/135/2816 1921/133/2814 1901/113/2787
f 1924/136/142 426/137/143 1922/134/2815 1921/133/2814
f 1923/135/2816 1925/138/144 1924/136/142 1921/133/2814
f 1922/134/2815 1927/140/2817 1926/139/2818 1900/112/2788
f 1922/134/2815 426/137/143 427/141/147 1927/140/2817
f 1900/112/2788 1926/139/2818 1928/142/2819 1896/108/2783
f 1896/108/2783 1928/142/2819 1929/143/2820 1895/107/2784
f 1895/107/2784 1929/143/2820 1930/144/2821 1907/119/2794
f 1903/115/2790 1907/119/2794 1931/145/2822 1884/96/2772
f 1907/119/2794 1930/144/2821 1932/146/2823 1931/145/2822
f 1903/115/2790 1934/148/2824 1933/147/2825 1905/117/2791
f 1903/115/2790 1884/96/2772 1935/149/2826 1934/148/2824
f 1933/147/2825 1936/150/2827 1910/122/2797 1905/117/2791
f 1936/150/2827 1933/147/2825 1938/152/2828 1937/151/2829
f 1939/153/2830 1940/154/2831 1936/150/2832 1937/151/2833
f 1940/154/2834 1939/153/2835 1942/156/2836 1941/155/2837
f 1937/151/2829 1938/152/2828 1944/158/2838 1943/157/2839
f 1937/151/2833 1943/157/2840 1945/159/2841 1939/153/2830
f 1939/153/2835 1945/159/2842 1946/160/2843 1942/156/2836
f 1947/161/2844 1945/159/2841 1943/157/2840 1948/162/2845
f 1949/163/2846 1946/160/2843 1945/159/2842 1947/161/2847
f 1950/164/2848 1948/162/2849 1943/157/2839 1944/158/2838
f 1884/96/2772 1931/145/2822 1951/165/2850 1883/95/2770
f 1884/96/2772 1885/97/2771 1952/166/2851 1935/149/2826
f 1953/167/2852 1885/97/2771 1883/95/2770 1954/168/2853
f 1955/169/2854 1954/168/2853 1883/95/2770 1951/165/2850
f 1956/170/2855 1951/165/2850 1931/145/2822 1932/146/2823
f 1957/171/2856 1955/169/2854 1951/165/2850 1956/170/2855
f 1958/172/2857 1959/173/2858 1954/168/2853 1955/169/2854
f 1955/169/2854 1957/171/2856 1960/174/2859 1958/172/2857
f 1954/168/2853 1959/173/2858 1961/175/2860 1953/167/2852
f 1944/158/2838 1885/97/2771 1953/167/2852 1950/164/2848
f 1887/99/2775 1950/164/2848 1953/167/2852 1961/175/2860
f 1950/164/2848 1887/99/2775 1888/100/2774 1948/162/2849
f 1885/97/2771 1944/158/2838 1938/152/2828 1952/166/2851
f 1888/100/2861 1962/176/2862 1947/161/2844 1948/162/2845
f 1963/177/2863 1949/163/2846 1947/161/2847 1962/176/2864
f 1962/176/2862 1888/100/2861 1886/98/2865 1964/178/2866
f 1964/178/2866 1886/98/2865 1889/101/2867 1965/179/2868
f 1889/101/2776 1890/102/2777 1966/180/2869 1893/105/2779
f 1967/181/2870 1965/179/2868 1889/101/2867 1893/105/2871
f 1968/182/2872 1966/180/2869 1890/102/2777 1969/183/2873
f 1961/175/2860 1969/183/2873 1890/102/2777 1887/99/2775
f 1969/183/2873 1971/185/2874 1970/184/2875 1968/182/2872
f 1969/183/2873 1961/175/2860 1959/173/2858 1971/185/2874
f 1959/173/2858 1958/172/2857 1972/186/2876 1971/185/2874
f 1973/187/2877 1963/177/2863 1962/176/2864 1964/178/2878
f 1964/178/2878 1965/179/2879 1974/188/2880 1973/187/2877
f 1975/189/2881 1974/188/2880 1965/179/2879 1967/181/2882
f 1958/172/2857 1960/174/2859 1976/190/2883 1972/186/2876
f 1977/191/2884 1970/184/2875 1971/185/2874 1972/186/2876
f 1978/192/2885 1977/191/2884 1972/186/2876 1976/190/2883
f 1979/193/2886 1980/194/2887 1970/184/2875 1977/191/2884
f 1977/191/2884 1978/192/2885 1981/195/2888 1979/193/2886
f 1970/184/2875 1980/194/2887 1982/196/2889 1968/182/2872
f 1966/180/2869 1968/182/2872 1982/196/2889 1983/197/2890
f 1893/105/2779 1966/180/2869 1983/197/2890 1892/104/2780
f 1891/103/2891 1986/200/2892 1985/199/2893 1984/198/2894
f 1891/103/2778 1892/104/2780 1987/201/2895 1986/200/2896
f 1986/200/2892 1989/203/2897 1988/202/2898 1985/199/2893
f 1986/200/2896 1987/201/2895 1990/204/2899 1989/203/2900
f 1991/205/2901 1992/206/2902 1989/203/2900 1990/204/2899
f 1993/207/2903 1988/202/2898 1989/203/2897 1992/206/2904
f 1994/208/2905 1992/206/2902 1991/205/2901 1995/209/2906
f 1992/206/2904 1994/208/2907 1996/210/2907 1993/207/2903
f 1997/211/2908 1995/209/2906 1991/205/2901 1998/212/2909
f 1998/212/2909 1991/205/2901 1990/204/2899 1999/213/2910
f 2000/214/2911 1998/212/2909 2002/216/2912 2001/215/2913
f 1998/212/2909 1999/213/2910 2003/217/2914 2002/216/2912
f 1998/212/2909 2000/214/2911 2004/218/2915 1997/211/2908
f 1980/194/2887 2001/215/2913 2002/216/2912 1982/196/2889
f 1980/194/2887 1979/193/2886 2005/219/2916 2001/215/2913
f 2001/215/2913 2005/219/2916 2006/220/2917 2000/214/2911
f 2007/221/2918 2005/219/2916 1979/193/2886 1981/195/2888
f 2008/222/2919 2006/220/2917 2005/219/2916 2007/221/2918
f 2000/214/2911 2006/220/2917 2009/223/2920 2004/218/2915
f 2006/220/2917 2008/222/2919 2010/224/2921 2009/223/2920
f 2004/218/2915 2009/223/2920 2012/226/2922 2011/225/2923
f 2013/227/2924 2014/228/2925 2011/225/2926 2012/226/2927
f 2012/226/2927 2016/230/2928 2015/229/2928 2013/227/2924
f 1997/211/2908 2004/218/2915 2011/225/2923 2017/231/2929
f 2014/228/2925 2018/232/2930 2017/231/2931 2011/225/2926
f 2017/231/2929 2019/233/2932 1995/209/2906 1997/211/2908
f 2019/233/2933 2017/231/2931 2018/232/2930 2020/234/2934
f 1994/208/2905 1995/209/2906 2019/233/2932 2021/235/2935
f 2020/234/2934 2022/236/2936 2021/235/2936 2019/233/2933
f 1996/210/2937 1994/208/2937 2021/235/2937 2022/236/2937
f 1984/198/2894 1967/181/2870 1893/105/2871 1891/103/2891
f 1984/198/2938 2023/237/2939 1975/189/2881 1967/181/2882
f 2023/237/2939 1984/198/2938 1985/199/2940 2024/238/2941
f 2024/238/2941 1985/199/2940 1988/202/2942 2025/239/2943
f 1993/207/2944 2026/240/2945 2025/239/2943 1988/202/2942
f 2026/240/2945 1993/207/2944 1996/210/2946 2027/241/2947
f 2022/236/2948 2028/242/2949 2027/241/2947 1996/210/2946
f 2020/234/2950 2030/244/2951 2029/243/2952 2022/236/2948
f 2022/236/2948 2029/243/2952 2031/246/2953 2028/245/2949
f 2030/244/2951 2020/234/2950 2018/232/2954 2032/247/2955
f 2032/247/2955 2018/232/2954 2014/228/2956 2033/248/2957
f 2034/249/2958 2033/248/2957 2014/228/2956 2013/227/2959
f 2035/250/2960 2034/249/2958 2013/227/2959 2015/229/2961
f 2036/251/2962 2038/253/2963 2037/252/2963 2010/224/2964
f 2039/254/2965 2036/251/2962 2010/224/2964 2008/222/2966
f 2040/255/2967 2036/251/2968 2039/254/2969 2041/256/2970
f 2008/222/2966 2007/221/2971 2042/257/2972 2039/254/2965
f 2043/258/2973 2041/256/2970 2039/254/2969 2042/257/2974
f 2044/259/2975 2042/257/2972 2007/221/2971 1981/195/2976
f 2042/257/2974 2044/259/2977 2045/260/2978 2043/258/2973
f 1981/195/2976 1978/192/2979 2046/261/2980 2044/259/2975
f 428/262/310 2049/265/310 2048/264/2981 2047/263/2982
f 428/262/313 2047/263/2983 2051/267/2984 2050/266/313
f 2052/268/2985 2053/269/2986 2051/267/2984 2047/263/2983
f 2054/270/2987 2053/269/2986 2052/268/2985 1918/130/2988
f 1918/130/2988 1919/131/2989 2055/271/2990 2054/270/2987
f 1920/132/2991 2056/272/2992 2055/271/2990 1919/131/2989
f 2057/273/2993 2056/272/2992 1920/132/2991 2058/274/2994
f 2058/274/2994 1941/155/2995 2059/275/2996 2057/273/2993
f 2060/276/2997 2059/275/2996 1941/155/2995 1942/156/2998
f 1942/156/2998 1946/160/2999 2061/277/3000 2060/276/2997
f 1946/160/2999 1949/163/3001 2062/278/3002 2061/277/3000
f 1949/163/3001 1963/177/3003 2063/279/3004 2062/278/3002
f 1963/177/3003 1973/187/3005 2064/280/3006 2063/279/3004
f 2065/281/3007 2064/280/3006 1973/187/3005 1974/188/3008
f 2066/282/3009 2065/281/3007 1974/188/3008 1975/189/3010
f 1975/189/3010 2023/237/3011 2067/283/3012 2066/282/3009
f 2023/237/3011 2024/238/3013 2068/284/3014 2067/283/3012
f 2069/285/3015 2068/284/3014 2024/238/3013 2025/239/3016
f 2025/239/3016 2026/240/3017 2070/286/3018 2069/285/3015
f 2026/240/3017 2027/241/3019 2071/287/3020 2070/286/3018
f 2028/242/3021 2072/288/3021 2071/287/3020 2027/241/3019
f 2072/289/3022 2028/245/3022 2031/246/3022 2073/290/3022
f 2029/243/3023 2074/291/3024 2073/290/3025 2031/246/3025
f 2030/244/3026 2075/292/3027 2074/291/3028 2029/243/3029
f 2076/293/3030 429/294/360 1925/138/144 1923/135/2816
f 1143/295/361 429/294/360 2076/293/3030 2077/296/3031
f 430/297/363 2078/298/3032 1927/140/3033 427/141/363
f 2078/298/3032 2079/299/3034 1926/139/3035 1927/140/3033
f 2079/299/3034 2080/300/3036 1928/142/3037 1926/139/3035
f 2080/300/3036 2081/301/3038 1929/143/3039 1928/142/3037
f 2081/301/3038 2082/302/3040 1930/144/3041 1929/143/3039
f 430/297/374 2084/304/374 2083/303/3042 2078/298/3043
f 2078/298/3043 2083/303/3042 2085/305/3044 2079/299/3045
f 2085/305/3044 2086/306/3046 2080/300/3047 2079/299/3045
f 2084/304/381 2088/308/381 2087/307/3048 2083/303/3049
f 2083/303/3049 2087/307/3048 2089/309/3050 2085/305/3051
f 2090/310/3052 2086/306/3053 2085/305/3051 2089/309/3050
f 2080/300/3047 2086/306/3046 2091/311/3054 2081/301/3055
f 2082/302/3056 2081/301/3055 2091/311/3054 2092/312/3057
f 2082/302/3040 2093/313/3058 1932/146/3059 1930/144/3041
f 2093/313/3060 2082/302/3056 2092/312/3057 2094/314/3061
f 2086/306/3053 2090/310/3052 2095/315/3062 2091/311/3063
f 2091/311/3063 2095/315/3062 2096/316/3064 2092/312/3065
f 2092/312/3065 2096/316/3064 2097/317/3066 2094/314/3067
f 1956/170/3068 1932/146/3059 2093/313/3058 2098/318/3069
f 2098/318/3070 2093/313/3060 2094/314/3061 2099/319/3071
f 2098/318/3069 2100/320/3072 1957/171/3073 1956/170/3068
f 2101/321/3074 2100/320/3075 2098/318/3070 2099/319/3071
f 2100/320/3072 2102/322/3076 1960/174/3077 1957/171/3073
f 2103/323/3078 2102/322/3079 2100/320/3075 2101/321/3074
f 2102/322/3076 2104/324/3080 1976/190/3081 1960/174/3077
f 2102/322/3079 2103/323/3078 2105/325/3082 2104/324/3083
f 2104/324/3080 2046/261/2980 1978/192/2979 1976/190/3081
f 2106/326/3084 2046/261/3085 2104/324/3083 2105/325/3082
f 2044/259/2977 2046/261/3085 2106/326/3084 2045/260/2978
f 2099/319/3086 2094/314/3067 2097/317/3066 2107/327/3087
f 2101/321/3088 2099/319/3086 2107/327/3087 2108/328/3089
f 2103/323/3090 2101/321/3088 2108/328/3089 2109/329/3091
f 2103/323/3090 2109/329/3091 2110/330/3092 2105/325/3093
f 2105/325/3093 2110/330/3092 2111/331/3094 2106/326/3095
f 2112/332/3096 2045/260/3097 2106/326/3095 2111/331/3094
f 2045/260/3097 2112/332/3096 2113/333/3098 2043/258/3099
f 2043/258/3099 2113/333/3098 2114/334/3100 2041/256/3101
f 2040/255/3102 2041/256/3101 2114/334/3100 2115/335/3103
f 2035/250/2960 2015/229/2961 2038/253/3104 2116/336/3105
f 2117/337/3106 2035/250/3106 2116/336/3107 2118/338/3108
f 2038/253/3109 2015/229/3109 2016/230/3109 2037/252/3109
f 2119/339/3110 2034/249/3111 2035/250/3112 2117/337/3112
f 2034/249/3111 2119/339/3110 2120/340/3113 2033/248/3114
f 2121/341/3115 2032/247/3116 2033/248/3114 2120/340/3113
f 2032/247/3116 2121/341/3115 2075/292/3027 2030/244/3026
f 2048/264/3117 2049/265/452 1143/295/452 2077/296/3117
f 2077/296/3118 1912/124/3119 2122/342/3120 2048/264/3118
f 1911/123/2798 2076/293/3030 1923/135/2816 1902/114/2789
f 2077/296/3031 2076/293/3030 1911/123/2798 1912/124/2801
f 1914/126/2799 1911/123/2798 1902/114/2789 1898/110/2786
f 2002/216/2912 2003/217/2914 1983/197/2890 1982/196/2889
f 1983/197/2890 2003/217/2914 1987/201/2895 1892/104/2780
f 1909/121/2806 1910/122/3121 2123/343/3122 1917/129/2807
f 2058/274/3123 1920/132/2812 1917/129/2813 2123/343/3124
f 2118/344/3108 2116/345/3107 2040/255/3102 2115/335/3103
f 2116/345/3105 2038/253/3104 2036/251/2968 2040/255/2967
f 1914/126/2799 1898/110/2786 1899/111/2785 1906/118/2793
f 1999/213/2910 1990/204/2899 1987/201/2895 2003/217/2914
f 2009/223/2920 2010/224/2921 2037/252/3125 2012/226/2922
f 2037/252/3125 2016/230/3126 2012/226/2922
f 1938/152/2828 1933/147/2825 1935/149/2826 1952/166/2851
f 1934/148/2824 1935/149/2826 1933/147/2825
f 2058/274/3123 2123/343/3124 1940/154/2834 1941/155/2837
f 1940/154/2831 2123/343/3122 1910/122/3121 1936/150/2832
f 2047/263/2982 2048/264/2981 2122/342/3127 2052/268/3128
f 1918/130/2810 2052/268/3128 2122/342/3127 1915/127/2811
f 1912/124/3119 1913/125/2805 1915/127/2804 2122/342/3120
f 2124/346/3129 2127/349/3130 2126/348/3131 2125/347/3132
f 2128/350/3133 2131/353/3134 2130/352/3135 2129/351/3136
f 2132/354/3137 2135/357/3138 2134/356/3139 2133/355/3140
f 2134/356/3141 2135/357/3142 2137/359/3143 2136/358/3144
f 2138/360/3145 2141/363/3146 2140/362/3147 2139/361/3148
f 2132/354/3149 2142/364/3150 2140/362/3147 2141/363/3146
f 2143/365/3151 2146/368/3152 2145/367/3153 2144/366/3154
f 2147/369/3155 2150/372/3156 2149/371/3157 2148/370/3158
f 2134/356/3139 2152/374/3159 2151/373/3160 2133/355/3140
f 2153/375/3161 2156/378/3162 2155/377/3163 2154/376/3164
f 2157/379/3165 2158/380/3166 2136/358/3144 2128/350/3167
f 2159/381/3168 2162/384/3168 2161/383/3168 2160/382/3168
f 2163/385/3169 2164/386/3170 2154/376/3164 2159/381/3171
f 2138/360/3172 2153/375/3172 2165/387/3172 2141/363/3172
f 2163/385/3173 2159/381/3174 2160/382/3174 2166/388/3175
f 2167/389/3176 2170/392/3177 2169/391/3178 2168/390/3179
f 2171/393/3180 2174/396/3181 2173/395/3182 2172/394/3183
f 2171/393/3184 2150/372/3185 2175/397/3186 2167/389/3176
f 2150/372/3156 2171/393/3180 2172/394/3183 2149/371/3157
f 2126/348/3187 2170/392/3188 2146/368/3152 2143/365/3151
f 2131/353/3189 2137/359/3143 2164/386/3170 2163/385/3169
f 2141/363/3190 2165/387/3190 2135/357/3138 2132/354/3137
f 2131/353/3134 2163/385/3173 2166/388/3175 2130/352/3135
f 2146/368/3191 2175/397/3192 2176/398/3193 2145/367/3194
f 2177/399/3195 2144/366/3154 2145/367/3153 2178/400/3195
f 2179/401/3196 2147/369/3155 2148/370/3158 2180/402/3196
f 2145/367/3194 2176/398/3193 2181/403/3197 2178/400/3198
f 2151/373/3199 2124/346/3129 2125/347/3132 2133/355/3200
f 2140/362/3147 2144/366/3201 2177/399/3202 2139/361/3148
f 2142/364/3150 2143/365/3203 2144/366/3201 2140/362/3147
f 2156/378/3162 2178/400/3204 2181/403/3205 2155/377/3163
f 2162/384/3206 2179/401/3206 2180/402/3206 2161/383/3206
f 2157/379/3207 2128/350/3133 2129/351/3136 2182/404/3208
f 2170/392/3188 2126/348/3187 2127/349/3209 2169/391/3210
f 2132/354/3149 2133/355/3200 2125/347/3132 2142/364/3150
f 2153/375/3211 2138/360/3211 2139/361/3211 2156/378/3211
f 2142/364/3150 2125/347/3132 2126/348/3131 2143/365/3203
f 2156/378/3212 2139/361/3212 2177/399/3212 2178/400/3212
f 2158/380/3166 2152/374/3213 2134/356/3141 2136/358/3144
f 2164/386/3170 2165/387/3214 2153/375/3161 2154/376/3164
f 2146/368/3215 2170/392/3177 2167/389/3176 2175/397/3186
f 2137/359/3143 2135/357/3142 2165/387/3214 2164/386/3170
f 2136/358/3144 2137/359/3143 2131/353/3189 2128/350/3167
f 2154/376/3164 2155/377/3163 2162/384/3216 2159/381/3171
f 2167/389/3176 2168/390/3179 2174/396/3217 2171/393/3184
f 2175/397/3192 2150/372/3218 2147/369/3219 2176/398/3193
f 2176/398/3193 2147/369/3219 2179/401/3220 2181/403/3197
f 2155/377/3163 2181/403/3205 2179/401/3221 2162/384/3216
f 2124/346/3129 2184/406/558 2183/405/557 2127/349/3130
f 2157/379/3165 2186/408/3222 2185/407/3223 2158/380/3166
f 2151/373/3199 433/409/561 2184/406/558 2124/346/3129
f 2157/379/3207 2182/404/3208 2187/410/3224 2186/408/3225
f 2158/380/3166 2185/407/3223 434/411/564 2152/374/3213
f 2188/412/3226 2191/415/3227 2190/414/3228 2189/413/3229
f 2188/412/3226 2189/413/3229 2193/417/3230 2192/416/3231
f 2194/418/3232 2197/421/3233 2196/420/3233 2195/419/3234
f 2189/413/3229 2190/414/3228 435/423/575 2198/422/574
f 2199/424/3235 2194/418/3232 2195/419/3234 2200/425/3235
f 2200/425/3236 2201/426/3237 2191/415/3227 2188/412/3226
f 2195/419/3238 2202/427/3239 2201/426/3237 2200/425/3236
f 2203/428/581 2193/417/3230 2189/413/3229 2198/422/574
f 2192/416/3231 2199/424/3240 2200/425/3236 2188/412/3226
f 2204/429/3241 2207/432/3242 2206/431/3243 2205/430/3244
f 2208/433/3245 2209/436/3246 2190/435/3228 2191/434/3227
f 2208/433/3245 2211/438/3247 2210/437/3248 2209/436/3246
f 2212/439/3249 2215/442/3250 2214/441/3251 2213/440/3252
f 2209/436/3246 2216/444/595 435/443/575 2190/435/3228
f 2217/445/3253 2208/433/3245 2191/434/3227 2201/446/3237
f 2219/448/3254 2201/446/3237 2202/447/3239 2218/449/3255
f 436/450/599 2216/444/595 2209/436/3246 2210/437/3248
f 2211/438/3247 2208/433/3245 2217/445/3253 2220/451/3256
f 2219/448/3254 2221/452/3257 2217/445/3253 2201/446/3237
f 2222/453/3258 2225/456/3259 2224/455/3260 2223/454/3261
f 2054/457/3262 2055/458/3263 2222/453/3258
f 2226/459/3264 2222/453/3258 2223/454/3261 2227/460/3265
f 2053/461/3266 2222/453/3258 2226/459/3264 2051/462/3267
f 2228/463/612 2226/459/3264 2227/460/3265 2229/464/613
f 2051/462/3267 2226/459/3264 2228/463/612 2050/465/614
f 2227/460/3265 2223/454/3261 2231/467/3268 2230/466/3269
f 2227/460/3265 2230/466/3269 399/468/617 2229/464/613
f 2223/454/3261 2224/455/3260 2232/469/3270 2231/467/3268
f 2233/470/3271 2061/473/3272 2062/472/3273 2234/471/3274
f 2233/470/3271 2234/471/3274 2236/475/3275 2235/474/3276
f 2235/474/3276 2236/475/3275 2238/477/3277 2237/476/3278
f 2239/478/3279 2242/481/3280 2241/480/3281 2240/479/3282
f 2242/481/3280 2239/478/3279 2244/483/3283 2243/482/3284
f 2240/479/3282 2067/485/3285 2068/484/3286
f 2069/486/3287 2240/479/3282 2068/484/3286
f 2072/487/3288 2074/489/3289 2071/488/3290
f 2240/479/3282 2246/491/3291 2245/490/3292 2239/478/3279
f 2247/492/3293 2244/483/3283 2239/478/3279 2245/490/3292
f 2245/490/3292 2249/494/3294 2248/493/3295 2247/492/3293
f 2246/491/3291 2250/495/3296 2249/494/3294 2245/490/3292
f 2224/455/3260 2225/456/3259 2233/470/3271 2235/474/3276
f 2225/456/3259 2057/497/3297 2059/496/3298
f 2232/469/3270 2224/455/3260 2235/474/3276 2237/476/3278
f 2234/471/3274 2063/499/3299 2064/498/3300
f 2236/475/3275 2234/471/3274 2241/480/3281 2242/481/3280
f 2238/477/3277 2236/475/3275 2242/481/3280 2243/482/3284
f 434/411/649 433/409/649 2151/373/3160 2152/374/3159
f 2251/500/650 2252/501/651 2168/390/3179 2169/391/3178
f 437/502/652 438/503/652 2173/395/3182 2174/396/3181
f 2183/405/653 2251/500/653 2169/391/3210 2127/349/3209
f 2252/501/651 437/502/654 2174/396/3217 2168/390/3179
f 2253/504/3301 2256/507/3301 2255/506/3301 2254/505/3301
f 2257/508/3302 2260/511/3303 2259/510/3304 2258/509/3305
f 2261/512/3306 2260/511/3307 2257/508/3308 2262/513/3309
f 2263/514/3310 2266/517/3311 2265/516/3311 2264/515/3312
f 2261/512/3306 2268/519/3313 2267/518/3314 2260/511/3307
f 2269/520/3315 2271/522/3316 2259/510/3317 2270/521/3318
f 2272/523/3319 2273/524/3320 2265/516/3321 2266/517/3321
f 2267/518/3322 2270/521/3323 2259/510/3304 2260/511/3303
f 2274/525/3324 2277/528/3325 2276/527/3326 2275/526/3327
f 2265/516/3328 2273/524/3328 2255/506/3329 2264/515/3330
f 2278/529/3331 2281/532/3332 2280/531/3333 2279/530/3334
f 2277/528/3325 2283/534/3335 2282/533/3336 2276/527/3326
f 2284/535/691 1145/538/691 2286/537/3337 2285/536/3338
f 2253/504/3339 2254/505/3339 2287/539/3340 2269/520/3341
f 1146/540/697 2289/543/3342 2288/542/3343 1147/541/697
f 2289/543/3342 2275/526/3344 2290/544/3345 2288/542/3343
f 1145/538/702 1147/541/702 2288/542/3346 2286/537/3347
f 1148/545/705 2293/548/705 2292/547/3348 2291/546/3349
f 1149/549/708 2296/552/3350 2295/551/3351 2294/550/708
f 2294/550/711 2295/551/3352 2292/547/3352 2293/548/711
f 2283/534/3353 2281/532/3354 2258/509/3355 2297/553/3356
f 2275/526/3344 2276/527/3357 2298/554/3358 2290/544/3345
f 2299/555/3359 2302/558/3360 2301/557/3361 2300/556/3362
f 2263/514/3310 2264/515/3312 2304/560/3363 2303/559/3364
f 2290/544/3365 2298/554/3366 2300/556/3367 2301/557/3368
f 2282/533/3369 2305/561/3370 2298/554/3358 2276/527/3357
f 2306/562/3371 2299/555/3359 2300/556/3362 2307/563/732
f 2305/561/3372 2307/563/3373 2300/556/3367 2298/554/3366
f 2271/522/3374 2309/565/3375 2308/564/3376 2297/553/3377
f 2285/536/3338 2286/537/3337 2301/557/3361 2302/558/3360
f 2269/520/3341 2287/539/3340 2309/565/3375 2271/522/3374
f 2254/505/3378 2255/506/3378 2310/566/3379 2287/539/3380
f 2272/523/3319 2312/568/3381 2311/567/3382 2273/524/3320
f 2273/524/3383 2311/567/3384 2310/566/3385 2255/506/3383
f 2268/519/3313 2314/570/3386 2313/569/3386 2267/518/3314
f 2269/520/3315 2270/521/3318 2256/507/3387 2253/504/3387
f 2290/544/3365 2301/557/3368 2286/537/3347 2288/542/3346
f 2267/518/3322 2313/569/3388 2256/507/3389 2270/521/3323
f 2296/552/3350 2316/572/3390 2315/571/3391 2295/551/3351
f 2317/573/3392 2278/529/3393 2279/530/3394 2318/574/3395
f 2304/560/3396 2264/515/3330 2255/506/3329 2256/507/3389
f 2319/575/3397 2320/576/3397 2313/569/3397 2314/570/3397
f 2303/559/3364 2304/560/3363 2320/576/3398 2319/575/3398
f 2313/569/3388 2320/576/3399 2304/560/3396 2256/507/3389
f 2308/564/3400 2309/565/3401 2322/578/3402 2321/577/3403
f 2323/579/3404 2306/562/3371 2307/563/732 2324/580/3405
f 2322/578/3406 2325/581/3407 2324/580/3408 2321/577/3409
f 2277/528/3410 2280/531/3411 2281/532/3354 2283/534/3353
f 2287/539/3380 2310/566/3379 2322/578/3402 2309/565/3401
f 2326/582/3412 2325/581/3413 2311/567/3382 2312/568/3381
f 2291/546/3414 2274/525/3324 2275/526/3327 2289/543/3415
f 2310/566/3385 2311/567/3384 2325/581/3407 2322/578/3406
f 2291/546/3349 2292/547/3348 2327/583/3416 2274/525/3417
f 2315/571/3418 2327/583/3419 2292/547/3420 2295/551/3420
f 2318/574/3395 2279/530/3394 2315/571/3391 2316/572/3390
f 2274/525/3417 2327/583/3416 2280/531/3411 2277/528/3410
f 2279/530/3334 2280/531/3333 2327/583/3419 2315/571/3418
f 1148/545/782 2291/546/3414 2289/543/3415 1146/540/782
f 2328/584/3421 2331/587/3422 2330/586/3422 2329/585/3423
f 2332/588/3424 2335/591/3425 2334/590/3426 2333/589/3427
f 2336/592/3428 2335/591/3429 2332/588/3430 2337/593/3431
f 2338/594/3432 2341/597/3433 2340/596/3433 2339/595/3434
f 2342/598/3435 2343/599/3436 2335/591/3429 2336/592/3428
f 2344/600/3437 2347/603/3438 2346/602/3439 2345/601/3440
f 2348/604/3441 2349/605/3442 2340/596/3443 2341/597/3443
f 2335/591/3425 2343/599/3444 2350/606/3445 2334/590/3426
f 2351/607/3446 2354/610/3447 2353/609/3448 2352/608/3449
f 2340/596/3450 2349/605/3451 2355/611/3452 2339/595/3453
f 2356/612/3454 2332/588/3424 2333/589/3427 2357/613/3455
f 2358/614/3456 2359/615/3457 2354/610/3447 2351/607/3446
f 1150/616/820 2362/619/820 2361/618/3458 2360/617/3459
f 2331/587/3460 2328/584/3461 2363/620/3462 2345/601/3463
f 1064/621/827 2365/624/3464 2364/623/3465 1065/622/827
f 2366/625/3466 2367/626/3467 2364/623/3465 2365/624/3464
f 2361/618/3468 2362/619/834 1065/622/834 2364/623/3469
f 2368/627/835 2371/630/835 2370/629/3470 2369/628/3471
f 1151/631/838 2374/634/3472 2373/633/3473 2372/632/838
f 2372/632/841 2373/633/3474 2375/636/3475 1152/635/842
f 2358/614/3476 2376/637/3477 2347/603/3438 2344/600/3437
f 2377/638/3478 2378/639/3479 2367/626/3467 2366/625/3466
f 2379/640/3480 2382/643/3481 2381/642/3482 2380/641/3483
f 2338/594/3432 2339/595/3434 2384/645/3484 2383/644/3485
f 2367/626/3486 2378/639/3487 2381/642/3488 2382/643/3489
f 2385/646/3490 2386/647/3491 2378/639/3479 2377/638/3478
f 2380/641/3483 2381/642/3482 2388/649/3492 2387/648/3493
f 2386/647/3494 2388/649/3495 2381/642/3488 2378/639/3487
f 2344/600/3496 2389/650/3497 2359/615/3457 2358/614/3456
f 2360/617/3459 2361/618/3458 2382/643/3481 2379/640/3480
f 2345/601/3463 2363/620/3462 2389/650/3497 2344/600/3496
f 2390/651/3498 2355/611/3498 2392/653/3499 2391/652/3500
f 2348/604/3441 2394/655/3501 2393/654/3502 2349/605/3442
f 2349/605/3451 2393/654/3503 2392/653/3504 2355/611/3452
f 2395/656/3505 2396/657/3505 2343/599/3436 2342/598/3435
f 2331/587/3506 2345/601/3440 2346/602/3439 2330/586/3506
f 2367/626/3486 2382/643/3489 2361/618/3468 2364/623/3469
f 2343/599/3444 2396/657/3507 2397/658/3508 2350/606/3445
f 2398/659/3509 2399/660/3510 2373/633/3473 2374/634/3472
f 2337/593/3431 2332/588/3430 2356/612/3511 2400/661/3512
f 2401/662/3513 2384/645/3514 2329/585/3515 2330/586/3516
f 2402/663/3517 2403/664/3517 2396/657/3517 2395/656/3517
f 2404/665/3518 2406/667/3519 2401/662/3520 2405/666/3521
f 2396/657/3507 2403/664/3522 2405/666/3523 2397/658/3508
f 2407/668/3524 2408/669/3525 2386/647/3491 2385/646/3490
f 2387/648/3493 2388/649/3492 2410/671/3526 2409/670/3527
f 2408/669/3528 2410/671/3529 2388/649/3495 2386/647/3494
f 2351/607/3530 2411/672/3531 2376/637/3477 2358/614/3476
f 2391/652/3500 2392/653/3499 2408/669/3525 2407/668/3524
f 2409/670/3527 2410/671/3526 2393/654/3502 2394/655/3501
f 2369/628/3532 2352/608/3449 2353/609/3448 2412/673/3533
f 2392/653/3504 2393/654/3503 2410/671/3529 2408/669/3528
f 2369/628/3471 2370/629/3470 2413/674/3534 2352/608/3535
f 2373/633/3536 2399/660/3537 2414/675/3538 2375/636/3539
f 2400/661/3512 2356/612/3511 2399/660/3510 2398/659/3509
f 2352/608/3535 2413/674/3534 2411/672/3531 2351/607/3530
f 2399/660/3537 2356/612/3454 2357/613/3455 2414/675/3538
f 2368/627/909 2369/628/3532 2412/673/3533 1153/676/910
f 2415/677/3540 2418/680/3540 2417/679/3540 2416/678/3540
f 2419/681/3541 2422/684/3542 2421/683/3543 2420/682/3544
f 2423/685/3545 2422/684/3546 2419/681/3547 2424/686/3548
f 2425/687/3549 2428/690/3549 2427/689/3550 2426/688/3551
f 2423/685/3545 2430/692/3552 2429/691/3553 2422/684/3546
f 2431/693/3554 2421/683/3555 2433/695/3556 2432/694/3557
f 2434/696/3558 2435/697/3559 2428/690/3560 2425/687/3560
f 2422/684/3542 2429/691/3561 2433/695/3562 2421/683/3543
f 2436/698/3563 2439/701/3564 2438/700/3565 2437/699/3566
f 2428/690/3567 2435/697/3567 2416/678/3568 2427/689/3569
f 2440/702/3570 2419/681/3541 2420/682/3544 2441/703/3571
f 2442/704/3572 2443/705/3573 2439/701/3564 2436/698/3563
f 2444/706/945 1095/709/945 2446/708/3574 2445/707/3575
f 2418/680/3576 2415/677/3576 2447/710/3577 2432/694/3578
f 1154/711/951 2449/714/3579 2448/713/3579 1155/712/951
f 2449/714/3580 2438/700/3581 2450/715/3582 2448/713/3580
f 2446/708/3583 1095/709/958 1155/712/958 2448/713/3584
f 2451/716/959 853/719/959 2453/718/3585 2452/717/3586
f 1156/720/962 2455/723/3587 2454/722/3588 1066/721/962
f 1066/721/965 2454/722/3589 2453/718/3589 853/719/965
f 2442/704/3590 2420/682/3591 2421/683/3555 2431/693/3554
f 2438/700/3581 2439/701/3592 2456/724/3593 2450/715/3582
f 2457/725/3594 2460/728/3595 2459/727/3596 2458/726/3597
f 2450/715/3598 2456/724/3599 2459/727/3600 2460/728/3598
f 2443/705/3601 2461/729/3602 2456/724/3593 2439/701/3592
f 2462/730/3603 2458/726/3597 2459/727/3596 2463/731/3604
f 2461/729/3605 2463/731/3606 2459/727/3600 2456/724/3599
f 2431/693/3607 2464/732/3608 2443/705/3573 2442/704/3572
f 2445/707/3575 2446/708/3574 2460/728/3595 2457/725/3594
f 2432/694/3578 2447/710/3577 2464/732/3608 2431/693/3607
f 2415/677/3609 2416/678/3609 2465/733/3610 2447/710/3611
f 2466/734/3612 2467/735/3613 2435/697/3559 2434/696/3558
f 2435/697/3614 2467/735/3615 2465/733/3616 2416/678/3614
f 2468/736/3617 2469/737/3618 2429/691/3553 2430/692/3552
f 2418/680/3619 2432/694/3557 2433/695/3556 2417/679/3619
f 2450/715/3620 2460/728/3620 2446/708/3583 2448/713/3584
f 2469/737/3621 2417/679/3622 2433/695/3562 2429/691/3561
f 2470/738/3623 2471/739/3624 2454/722/3588 2455/723/3587
f 2424/686/3548 2419/681/3547 2440/702/3625 2472/740/3626
f 2417/679/3622 2473/741/3627 2427/689/3569 2416/678/3568
f 2474/742/3628 2475/743/3628 2469/737/3618 2468/736/3617
f 2469/737/3621 2475/743/3629 2473/741/3627 2417/679/3622
f 2464/732/3630 2476/744/3631 2461/729/3602 2443/705/3601
f 2477/745/3632 2462/730/3603 2463/731/3604 2478/746/3633
f 2476/744/3634 2478/746/3635 2463/731/3606 2461/729/3605
f 2442/704/3590 2436/698/3636 2441/703/3637 2420/682/3591
f 2464/732/3630 2447/710/3611 2465/733/3610 2476/744/3631
f 2477/745/3632 2478/746/3633 2467/735/3613 2466/734/3612
f 2452/717/3638 2437/699/3566 2438/700/3565 2449/714/3639
f 2465/733/3616 2467/735/3615 2478/746/3635 2476/744/3634
f 2452/717/3586 2453/718/3585 2479/747/3640 2437/699/3641
f 2454/722/3642 2471/739/3643 2479/747/3644 2453/718/3642
f 2472/740/3626 2440/702/3625 2471/739/3624 2470/738/3623
f 2437/699/3641 2479/747/3640 2441/703/3637 2436/698/3636
f 2471/739/3643 2440/702/3570 2441/703/3571 2479/747/3644
f 2451/716/1022 2452/717/3638 2449/714/3639 1154/711/1022
f 2480/748/3645 2483/751/3646 2482/750/1024 2481/749/1024
f 1157/752/1026 1158/755/1026 2485/754/3647 2484/753/3648
f 2482/750/1029 2483/751/3649 2485/754/3650 1158/755/1029
f 2480/748/3645 2487/757/3651 2486/756/3652 2483/751/3646
f 2484/753/3648 2485/754/3647 2489/759/3653 2488/758/3654
f 2483/751/3649 2486/756/3655 2489/759/3656 2485/754/3650
f 2490/760/3657 2493/763/3658 2492/762/3659 2491/761/3660
f 2488/758/3654 2489/759/3653 2495/765/3661 2494/764/3662
f 2491/761/3663 2492/762/3664 2496/766/3665 2495/765/3666
f 2497/767/3667 2500/770/3668 2499/769/3669 2498/768/3670
f 2493/763/3658 2498/768/3671 2501/771/3672 2492/762/3659
f 2502/772/3673 2496/766/3674 2504/774/3675 2503/773/3676
f 2505/775/3677 2497/767/3667 2498/768/3670 2493/763/3678
f 2492/762/3664 2501/771/3679 2504/774/3679 2496/766/3665
f 2506/776/3680 2505/775/3677 2493/763/3678 2490/760/3681
f 2498/768/3671 2499/769/3682 2507/777/3683 2501/771/3672
f 2503/773/3676 2504/774/3675 2509/779/3684 2508/778/3685
f 2510/780/3686 2513/783/3687 2512/782/3688 2511/781/3686
f 2510/780/3689 2511/781/3689 2515/785/3690 2514/784/3691
f 2516/786/3692 2515/785/3693 2511/781/3694 2512/782/3695
f 2517/787/3696 2519/789/3697 2516/786/3698 2518/788/3698
f 2514/784/3691 2515/785/3690 2521/791/3699 2520/790/3700
f 2521/791/3701 2515/785/3693 2516/786/3692 2519/789/3702
f 2522/792/1084 2523/793/3703 2480/748/3704 2481/749/1085
f 2524/794/3705 2487/757/3706 2480/748/3704 2523/793/3703
f 2501/771/3707 2507/777/3708 2509/779/3709 2504/774/3707
f 2525/795/3710 2523/793/3703 2522/792/1084 2526/796/1094
f 2525/795/3710 2527/797/3711 2524/794/3705 2523/793/3703
f 2528/798/3712 2529/799/3713 2505/775/3677 2506/776/3680
f 2529/799/3713 2530/800/3714 2497/767/3667 2505/775/3677
f 2530/800/3714 2531/801/3715 2500/770/3668 2497/767/3667
f 2518/788/3716 2516/786/3716 2507/777/3683 2499/769/3682
f 2508/778/3685 2509/779/3684 2512/782/3688 2513/783/3687
f 2517/787/3717 2518/788/3718 2499/769/3669 2500/770/3668
f 2516/786/3692 2512/782/3695 2509/779/3709 2507/777/3708
f 2532/802/3719 2517/787/3717 2500/770/3668 2531/801/3715
f 2533/803/3720 2536/806/3721 2535/805/1105 2534/804/1105
f 2525/795/3722 2526/796/1109 2535/805/1109 2536/806/3723
f 1159/807/1110 2537/808/3724 2533/803/3725 2534/804/1110
f 2533/803/3720 2539/810/3726 2538/809/3727 2536/806/3721
f 2525/795/3722 2536/806/3723 2538/809/3728 2527/797/3729
f 2537/808/3724 2540/811/3730 2539/810/3731 2533/803/3725
f 2541/812/3732 2544/815/3733 2543/814/3734 2542/813/3735
f 2527/797/3729 2538/809/3728 2542/813/3736 2528/798/3737
f 2545/816/3738 2546/817/3739 2544/815/3740 2541/812/3741
f 2544/815/3733 2548/819/3742 2547/818/3743 2543/814/3734
f 2529/799/3744 2543/814/3745 2547/818/3746 2530/800/3747
f 2546/817/3739 2549/820/3748 2548/819/3749 2544/815/3740
f 2548/819/3742 2551/822/3750 2550/821/3751 2547/818/3743
f 2530/800/3747 2547/818/3746 2550/821/3752 2531/801/3753
f 2549/820/3748 2552/823/3754 2551/822/3755 2548/819/3749
f 2553/824/3756 2554/825/3757 2550/821/3751 2551/822/3750
f 2532/802/3758 2531/801/3753 2550/821/3752 2554/825/3758
f 2552/823/3754 2555/826/3759 2553/824/3760 2551/822/3755
f 2556/827/3761 2557/828/3762 2554/825/3757 2553/824/3756
f 2558/829/3763 2559/830/3764 2557/828/3765 2556/827/3763
f 2558/829/3766 2556/827/3766 2553/824/3760 2555/826/3759
f 2554/825/3757 2557/828/3762 2521/791/3701 2519/789/3702
f 2559/830/3764 2520/790/3700 2521/791/3699 2557/828/3765
f 2517/787/3696 2532/802/3767 2554/825/3767 2519/789/3697
f 2560/831/3768 2563/834/3769 2562/833/1156 2561/832/1156
f 1160/835/1158 1161/838/1158 2565/837/3770 2564/836/3771
f 2562/833/1161 2563/834/3772 2565/837/3773 1161/838/1161
f 2560/831/3768 2567/840/3774 2566/839/3775 2563/834/3769
f 2564/836/3771 2565/837/3770 2569/842/3776 2568/841/3777
f 2563/834/3772 2566/839/3778 2569/842/3779 2565/837/3773
f 2570/843/3780 2573/846/3781 2572/845/3782 2571/844/3783
f 2568/841/3777 2569/842/3776 2575/848/3784 2574/847/3785
f 2571/844/3786 2572/845/3787 2576/849/3788 2575/848/3789
f 2577/850/3790 2580/853/3791 2579/852/3792 2578/851/3793
f 2573/846/3781 2577/850/3794 2581/854/3795 2572/845/3782
f 2582/855/3796 2576/849/3797 2584/857/3798 2583/856/3799
f 2585/858/3800 2580/853/3791 2577/850/3790 2573/846/3801
f 2572/845/3787 2581/854/3802 2584/857/3803 2576/849/3788
f 2586/859/3804 2585/858/3800 2573/846/3801 2570/843/3805
f 2581/854/3795 2577/850/3794 2578/851/3806 2587/860/3806
f 2583/856/3799 2584/857/3798 2589/862/3807 2588/861/3807
f 2590/863/3808 2588/861/3808 2589/862/3808 2591/864/3808
f 2590/863/3809 2591/864/3809 2593/866/3810 2592/865/3811
f 2587/860/3812 2593/866/3813 2591/864/3814 2589/862/3815
f 2579/852/3816 2594/867/3816 2587/860/3816 2578/851/3816
f 2595/868/3817 2592/865/3811 2593/866/3810 2596/869/3818
f 2596/869/3819 2593/866/3813 2587/860/3812 2594/867/3820
f 1162/870/1211 2597/871/3821 2560/831/3822 2561/832/1212
f 2598/872/3823 2567/840/3824 2560/831/3822 2597/871/3821
f 2584/857/3803 2581/854/3802 2587/860/3812 2589/862/3815
f 1163/873/1217 2599/874/3825 2597/871/3821 1162/870/1211
f 2600/875/3826 2598/872/3823 2597/871/3821 2599/874/3825
f 2601/876/3827 2602/877/3828 2585/858/3800 2586/859/3804
f 2603/878/3829 2580/853/3791 2585/858/3800 2602/877/3828
f 2580/853/3791 2603/878/3829 2604/879/3830 2579/852/3792
f 2605/880/3831 2607/883/3832 1164/882/1225 2606/881/1225
f 2599/874/3833 1163/873/1229 1164/882/1229 2607/883/3834
f 2608/884/1230 2609/885/3835 2605/880/3836 2606/881/1230
f 2610/886/3837 2611/887/3837 2607/883/3832 2605/880/3831
f 2599/874/3833 2607/883/3834 2611/887/3838 2600/875/3839
f 2609/885/3835 2612/888/3840 2610/886/3840 2605/880/3836
f 2613/889/3841 2616/892/3842 2615/891/3843 2614/890/3844
f 2600/875/3839 2611/887/3838 2614/890/3845 2601/876/3846
f 2617/893/3847 2618/894/3848 2616/892/3849 2613/889/3850
f 2616/892/3842 2620/896/3851 2619/895/3851 2615/891/3843
f 2602/877/3852 2615/891/3853 2619/895/3854 2603/878/3855
f 2618/894/3848 2621/897/3856 2620/896/3857 2616/892/3849
f 2604/879/3858 2603/878/3855 2619/895/3854 2622/898/3858
f 2621/897/3856 2624/900/3859 2623/899/3860 2620/896/3857
f 2623/899/3861 2626/902/3862 2625/901/3863 2622/898/3864
f 2627/903/3865 2628/904/3866 2625/901/3867 2626/902/3865
f 2627/903/3868 2626/902/3868 2623/899/3860 2624/900/3859
f 2625/901/3863 2596/869/3819 2594/867/3820 2622/898/3864
f 2595/868/3817 2596/869/3818 2625/901/3867 2628/904/3866
f 2604/879/3869 2622/898/3869 2594/867/3869 2579/852/3869
f 2629/905/3870 2632/908/3870 2631/907/1267 2630/906/1267
f 2633/909/1268 1165/912/1268 2635/911/3871 2634/910/3872
f 2631/907/1271 2632/908/3873 2635/911/3874 1165/912/1271
f 2629/905/3875 2637/914/3876 2636/913/3877 2632/908/3875
f 2634/910/3872 2635/911/3871 2639/916/3878 2638/915/3879
f 2632/908/3873 2636/913/3880 2639/916/3881 2635/911/3874
f 2637/914/3876 2641/918/3882 2640/917/3883 2636/913/3877
f 2638/915/3879 2639/916/3878 2643/920/3884 2642/919/3885
f 2636/913/3880 2640/917/3886 2643/920/3887 2639/916/3881
f 2644/921/3888 2645/922/3889 2641/918/3890 2637/914/3891
f 2646/923/3892 2649/926/3893 2648/925/3894 2647/924/3894
f 2650/927/3895 2647/924/3896 2648/925/3896 2651/928/3897
f 2652/929/3898 2651/928/3899 2648/925/3900 2649/926/3901
f 2653/930/3902 2655/932/3903 2654/931/3904 2652/929/3902
f 2656/933/3905 2650/927/3895 2651/928/3897 2657/934/3906
f 2657/934/3907 2651/928/3899 2652/929/3898 2654/931/3908
f 2658/935/1308 2659/936/3909 2629/905/3910 2630/906/1309
f 2644/921/3888 2637/914/3891 2629/905/3910 2659/936/3909
f 2660/937/3911 2659/936/3909 2658/935/1308 2661/938/1313
f 2660/937/3911 2662/939/3912 2644/921/3888 2659/936/3909
f 2662/939/3912 2663/940/3913 2645/922/3889 2644/921/3888
f 1166/941/1316 2666/944/3914 2665/943/3915 2664/942/1316
f 1167/945/1319 2667/946/3916 2666/944/3917 1166/941/1319
f 2666/944/3914 2669/948/3918 2668/947/3919 2665/943/3915
f 2660/937/3920 2665/943/3921 2668/947/3922 2662/939/3923
f 2670/949/3924 2669/948/3925 2666/944/3917 2667/946/3916
f 2669/948/3918 2672/951/3926 2671/950/3927 2668/947/3919
f 2662/939/3923 2668/947/3922 2671/950/3928 2663/940/3929
f 2670/949/3924 2673/952/3930 2672/951/3931 2669/948/3925
f 2674/953/3932 2677/956/3933 2676/955/3934 2675/954/3935
f 2678/957/3936 2679/958/3937 2677/956/3938 2674/953/3936
f 2680/959/3939 2678/957/3940 2674/953/3940 2675/954/3941
f 2676/955/3934 2677/956/3933 2657/934/3907 2654/931/3908
f 2679/958/3937 2656/933/3905 2657/934/3906 2677/956/3938
f 2681/960/3942 2676/955/3942 2654/931/3904 2655/932/3903
f 2682/961/3943 2683/962/3944 2653/930/3945 2652/929/3945
f 2684/963/3946 2685/964/3947 2649/926/3893 2646/923/3892
f 2685/964/3948 2682/961/3949 2652/929/3898 2649/926/3901
f 2653/930/3950 2683/962/3951 2686/965/3952 2655/932/3953
f 2655/932/3953 2686/965/3952 2687/966/3954 2681/960/3955
f 2688/967/3956 2689/968/3957 2675/954/3935 2676/955/3934
f 2681/960/3958 2687/966/3959 2688/967/3960 2676/955/3958
f 2675/954/3941 2689/968/3961 2690/969/3962 2680/959/3939
f 2691/970/3963 2426/688/3551 2427/689/3550 2473/741/3964
f 2474/742/3965 2691/970/3963 2473/741/3964 2475/743/3965
f 2328/584/3421 2329/585/3423 2355/611/3966 2390/651/3966
f 2353/609/3448 2354/610/3447 2377/638/3967 2366/625/3968
f 2377/638/3967 2354/610/3447 2359/615/3457 2385/646/3969
f 2363/620/3462 2328/584/3461 2390/651/3970 2391/652/3971
f 2385/646/3969 2359/615/3457 2389/650/3497 2407/668/3972
f 2407/668/3972 2389/650/3497 2363/620/3462 2391/652/3971
f 2329/585/3515 2384/645/3514 2339/595/3453 2355/611/3452
f 2412/673/3533 2353/609/3448 2366/625/3968 2365/624/3973
f 1153/676/910 2412/673/3533 2365/624/3973 1064/621/1378
f 2406/667/3519 2383/644/3485 2384/645/3484 2401/662/3520
f 2333/589/3427 2334/590/3426 2347/603/3974 2376/637/3975
f 2334/590/3426 2350/606/3445 2346/602/3976 2347/603/3974
f 2357/613/3455 2333/589/3427 2376/637/3975 2411/672/3977
f 1152/635/842 2375/636/3475 2370/629/3978 2371/630/1383
f 2350/606/3445 2397/658/3508 2330/586/3516 2346/602/3976
f 2402/663/3979 2404/665/3518 2405/666/3521 2403/664/3979
f 2397/658/3508 2405/666/3523 2401/662/3513 2330/586/3516
f 2375/636/3539 2414/675/3538 2413/674/3980 2370/629/3981
f 2414/675/3538 2357/613/3455 2411/672/3977 2413/674/3980
f 2619/895/3982 2620/896/3982 2623/899/3861 2622/898/3864
f 2682/961/3943 2640/917/3883 2641/918/3882 2683/962/3944
f 2642/919/3885 2643/920/3884 2685/964/3947 2684/963/3946
f 2685/964/3948 2643/920/3887 2640/917/3886 2682/961/3949
f 2683/962/3951 2641/918/3890 2645/922/3889 2686/965/3952
f 2686/965/3952 2645/922/3889 2663/940/3913 2687/966/3954
f 2688/967/3956 2671/950/3927 2672/951/3926 2689/968/3957
f 2663/940/3929 2671/950/3928 2688/967/3960 2687/966/3959
f 2689/968/3961 2672/951/3931 2673/952/3930 2690/969/3962
f 2567/840/3774 2570/843/3780 2571/844/3783 2566/839/3775
f 2574/847/3785 2575/848/3784 2576/849/3797 2582/855/3796
f 2566/839/3778 2571/844/3786 2575/848/3789 2569/842/3779
f 2598/872/3823 2586/859/3804 2570/843/3805 2567/840/3824
f 2600/875/3826 2601/876/3827 2586/859/3804 2598/872/3823
f 2610/886/3983 2613/889/3841 2614/890/3844 2611/887/3983
f 2601/876/3846 2614/890/3845 2615/891/3853 2602/877/3852
f 2612/888/3984 2617/893/3847 2613/889/3850 2610/886/3984
f 2487/757/3651 2490/760/3657 2491/761/3660 2486/756/3652
f 2494/764/3662 2495/765/3661 2496/766/3674 2502/772/3673
f 2486/756/3655 2491/761/3663 2495/765/3666 2489/759/3656
f 2524/794/3705 2506/776/3680 2490/760/3681 2487/757/3706
f 2527/797/3711 2528/798/3712 2506/776/3680 2524/794/3705
f 2539/810/3726 2541/812/3732 2542/813/3735 2538/809/3727
f 2528/798/3737 2542/813/3736 2543/814/3745 2529/799/3744
f 2540/811/3730 2545/816/3738 2541/812/3741 2539/810/3731
f 2278/529/3331 2257/508/3302 2258/509/3305 2281/532/3332
f 2317/573/3392 2262/513/3309 2257/508/3308 2278/529/3393
f 2297/553/3356 2258/509/3355 2259/510/3317 2271/522/3316
f 2297/553/3377 2308/564/3376 2282/533/3336 2283/534/3335
f 2282/533/3369 2308/564/3400 2321/577/3403 2305/561/3370
f 2326/582/3412 2323/579/3404 2324/580/3405 2325/581/3413
f 2305/561/3372 2321/577/3409 2324/580/3408 2307/563/3373
f 2661/938/1391 2664/942/1391 2665/943/3921 2660/937/3920
f 2692/748/3985 2694/751/3986 855/750/1393 2693/749/1393
f 2695/752/1395 859/755/1395 2697/754/3987 2696/753/3988
f 855/750/1398 2694/751/3989 2697/754/3990 859/755/1398
f 2692/748/3985 2699/757/3991 2698/756/3992 2694/751/3986
f 2696/753/3988 2697/754/3987 2701/759/3993 2700/758/3994
f 2694/751/3989 2698/756/3995 2701/759/3996 2697/754/3990
f 2702/760/3997 2705/763/3998 2704/762/3999 2703/761/4000
f 2700/758/3994 2701/759/3993 2707/765/4001 2706/764/4002
f 2703/761/4003 2704/762/4004 2708/766/4005 2707/765/4006
f 2709/767/4007 2712/770/4008 2711/769/4009 2710/768/4010
f 2705/763/3998 2710/768/4011 2713/771/4012 2704/762/3999
f 2714/772/4013 2708/766/4014 2716/774/4015 2715/773/4016
f 2717/775/4017 2709/767/4007 2710/768/4010 2705/763/4018
f 2704/762/4004 2713/771/4019 2716/774/4020 2708/766/4005
f 2718/776/4021 2717/775/4017 2705/763/4018 2702/760/4022
f 2710/768/4011 2711/769/4023 2719/777/4024 2713/771/4012
f 2715/773/4016 2716/774/4015 2721/779/4025 2720/778/4026
f 2722/780/4027 2725/783/4028 2724/782/4029 2723/781/4027
f 2722/780/4030 2723/781/4030 2727/785/4031 2726/784/4032
f 2728/786/4033 2727/785/4034 2723/781/4035 2724/782/4036
f 2729/787/4037 2731/789/4038 2728/786/4039 2730/788/4039
f 2726/784/4032 2727/785/4031 2733/791/4040 2732/790/4041
f 2733/791/4042 2727/785/4034 2728/786/4033 2731/789/4043
f 1168/792/1454 2734/793/4044 2692/748/4045 2693/749/1455
f 2735/794/4046 2699/757/4047 2692/748/4045 2734/793/4044
f 2713/771/4019 2719/777/4048 2721/779/4049 2716/774/4020
f 2736/795/4050 2734/793/4044 1168/792/1454 1169/796/1463
f 2736/795/4050 2737/797/4051 2735/794/4046 2734/793/4044
f 2738/798/4052 2739/799/4053 2717/775/4017 2718/776/4021
f 2739/799/4053 2740/800/4054 2709/767/4007 2717/775/4017
f 2740/800/4054 2741/801/4055 2712/770/4008 2709/767/4007
f 2730/788/4056 2728/786/4056 2719/777/4024 2711/769/4023
f 2720/778/4026 2721/779/4025 2724/782/4029 2725/783/4028
f 2729/787/4057 2730/788/4058 2711/769/4009 2712/770/4008
f 2728/786/4033 2724/782/4036 2721/779/4049 2719/777/4048
f 2742/802/4059 2729/787/4057 2712/770/4008 2741/801/4055
f 2743/803/4060 2745/806/4061 1170/805/1474 2744/804/1474
f 2736/795/4062 1169/796/1478 1170/805/1478 2745/806/4063
f 1171/807/1479 2746/808/4064 2743/803/4065 2744/804/1479
f 2743/803/4060 2748/810/4066 2747/809/4067 2745/806/4061
f 2736/795/4062 2745/806/4063 2747/809/4068 2737/797/4069
f 2746/808/4064 2749/811/4070 2748/810/4070 2743/803/4065
f 2750/812/4071 2753/815/4072 2752/814/4072 2751/813/4073
f 2737/797/4069 2747/809/4068 2751/813/4074 2738/798/4075
f 2754/816/4076 2755/817/4077 2753/815/4078 2750/812/4079
f 2753/815/4080 2757/819/4081 2756/818/4082 2752/814/4080
f 2739/799/4083 2752/814/4083 2756/818/4084 2740/800/4085
f 2755/817/4077 2758/820/4086 2757/819/4087 2753/815/4078
f 2757/819/4081 2760/822/4088 2759/821/4089 2756/818/4082
f 2740/800/4085 2756/818/4084 2759/821/4090 2741/801/4091
f 2758/820/4086 2761/823/4092 2760/822/4093 2757/819/4087
f 2762/824/4094 2763/825/4095 2759/821/4089 2760/822/4088
f 2742/802/4096 2741/801/4091 2759/821/4090 2763/825/4096
f 2761/823/4092 2764/826/4097 2762/824/4098 2760/822/4093
f 2765/827/4099 2766/828/4100 2763/825/4095 2762/824/4094
f 2767/829/4101 2768/830/4102 2766/828/4103 2765/827/4101
f 2767/829/4104 2765/827/4104 2762/824/4098 2764/826/4097
f 2763/825/4095 2766/828/4100 2733/791/4042 2731/789/4043
f 2768/830/4102 2732/790/4041 2733/791/4040 2766/828/4103
f 2729/787/4037 2742/802/4105 2763/825/4105 2731/789/4038
f 2699/757/3991 2702/760/3997 2703/761/4000 2698/756/3992
f 2706/764/4002 2707/765/4001 2708/766/4014 2714/772/4013
f 2698/756/3995 2703/761/4003 2707/765/4006 2701/759/3996
f 2735/794/4046 2718/776/4021 2702/760/4022 2699/757/4047
f 2737/797/4051 2738/798/4052 2718/776/4021 2735/794/4046
f 2748/810/4066 2750/812/4071 2751/813/4073 2747/809/4067
f 2738/798/4075 2751/813/4074 2752/814/4106 2739/799/4106
f 2749/811/4107 2754/816/4076 2750/812/4079 2748/810/4107
f 2769/905/4108 2772/908/4108 2771/907/1525 2770/906/1525
f 2773/909/1526 2776/912/1526 2775/911/4109 2774/910/4110
f 2771/907/1529 2772/908/4111 2775/911/4112 2776/912/1529
f 2769/905/4113 2778/914/4114 2777/913/4115 2772/908/4113
f 2774/910/4110 2775/911/4109 2780/916/4116 2779/915/4117
f 2772/908/4111 2777/913/4118 2780/916/4119 2775/911/4112
f 2778/914/4114 2782/918/4120 2781/917/4121 2777/913/4115
f 2779/915/4117 2780/916/4116 2784/920/4122 2783/919/4123
f 2777/913/4118 2781/917/4124 2784/920/4125 2780/916/4119
f 2785/921/4126 2786/922/4127 2782/918/4128 2778/914/4129
f 2787/923/4130 2790/926/4131 2789/925/4132 2788/924/4132
f 2791/927/4133 2788/924/4134 2789/925/4134 2792/928/4135
f 2793/929/4136 2792/928/4137 2789/925/4138 2790/926/4139
f 2794/930/4140 2796/932/4141 2795/931/4142 2793/929/4140
f 2797/933/4143 2791/927/4133 2792/928/4135 2798/934/4144
f 2798/934/4145 2792/928/4137 2793/929/4136 2795/931/4146
f 1172/935/1566 2799/936/4147 2769/905/4148 2770/906/1567
f 2785/921/4126 2778/914/4129 2769/905/4148 2799/936/4147
f 2800/937/4149 2799/936/4147 1172/935/1566 1173/938/1571
f 2800/937/4149 2801/939/4150 2785/921/4126 2799/936/4147
f 2801/939/4150 2802/940/4151 2786/922/4127 2785/921/4126
f 2803/941/1574 2806/944/4152 2805/943/4153 2804/942/1574
f 1174/945/1577 2807/946/4154 2806/944/4155 2803/941/1577
f 2806/944/4152 2809/948/4156 2808/947/4157 2805/943/4153
f 2800/937/4158 2805/943/4159 2808/947/4160 2801/939/4161
f 2810/949/4162 2809/948/4163 2806/944/4155 2807/946/4154
f 2809/948/4156 2812/951/4164 2811/950/4165 2808/947/4157
f 2801/939/4161 2808/947/4160 2811/950/4166 2802/940/4167
f 2810/949/4162 2813/952/4168 2812/951/4169 2809/948/4163
f 2814/953/4170 2817/956/4171 2816/955/4172 2815/954/4173
f 2818/957/4174 2819/958/4175 2817/956/4176 2814/953/4174
f 2820/959/4177 2818/957/4178 2814/953/4178 2815/954/4179
f 2816/955/4172 2817/956/4171 2798/934/4145 2795/931/4146
f 2819/958/4175 2797/933/4143 2798/934/4144 2817/956/4176
f 2821/960/4180 2816/955/4180 2795/931/4142 2796/932/4141
f 2822/961/4181 2823/962/4182 2794/930/4183 2793/929/4183
f 2824/963/4184 2825/964/4185 2790/926/4131 2787/923/4130
f 2825/964/4186 2822/961/4187 2793/929/4136 2790/926/4139
f 2794/930/4188 2823/962/4189 2826/965/4190 2796/932/4191
f 2796/932/4191 2826/965/4190 2827/966/4192 2821/960/4193
f 2828/967/4194 2829/968/4195 2815/954/4173 2816/955/4172
f 2821/960/4196 2827/966/4197 2828/967/4198 2816/955/4196
f 2815/954/4179 2829/968/4199 2830/969/4200 2820/959/4177
f 2822/961/4181 2781/917/4121 2782/918/4120 2823/962/4182
f 2783/919/4123 2784/920/4122 2825/964/4185 2824/963/4184
f 2825/964/4186 2784/920/4125 2781/917/4124 2822/961/4187
f 2823/962/4189 2782/918/4128 2786/922/4127 2826/965/4190
f 2826/965/4190 2786/922/4127 2802/940/4151 2827/966/4192
f 2828/967/4194 2811/950/4165 2812/951/4164 2829/968/4195
f 2802/940/4167 2811/950/4166 2828/967/4198 2827/966/4197
f 2829/968/4199 2812/951/4169 2813/952/4168 2830/969/4200
f 1173/938/1625 2804/942/1625 2805/943/4159 2800/937/4158
f 2831/971/4201 2833/974/4202 2832/973/1627 987/972/1627
f 989/975/1629 992/978/1629 2835/977/4203 2834/976/4204
f 2832/973/1632 2833/974/4205 2835/977/4206 992/978/1632
f 2831/971/4201 2837/980/4207 2836/979/4208 2833/974/4202
f 2834/976/4204 2835/977/4203 2839/982/4209 2838/981/4209
f 2833/974/4205 2836/979/4210 2839/982/4211 2835/977/4206
f 2840/983/4212 2843/986/4213 2842/985/4214 2841/984/4215
f 2838/981/4216 2839/982/4216 2845/988/4217 2844/987/4218
f 2841/984/4219 2842/985/4220 2846/989/4221 2845/988/4222
f 2847/990/4223 2850/993/4224 2849/992/4225 2848/991/4226
f 2843/986/4213 2848/991/4227 2851/994/4228 2842/985/4214
f 2852/995/4229 2846/989/4230 2854/997/4231 2853/996/4232
f 2855/998/4233 2847/990/4223 2848/991/4226 2843/986/4234
f 2842/985/4220 2851/994/4235 2854/997/4236 2846/989/4221
f 2856/999/4237 2855/998/4233 2843/986/4234 2840/983/4238
f 2848/991/4227 2849/992/4239 2857/1000/4240 2851/994/4228
f 2853/996/4232 2854/997/4231 2859/1002/4241 2858/1001/4242
f 2860/1003/4243 2863/1006/4244 2862/1005/4245 2861/1004/4243
f 2860/1003/4246 2861/1004/4246 2865/1008/4247 2864/1007/4248
f 2866/1009/4249 2865/1008/4250 2861/1004/4251 2862/1005/4252
f 2867/1010/4253 2869/1012/4254 2866/1009/4255 2868/1011/4255
f 2864/1007/4248 2865/1008/4247 2871/1014/4256 2870/1013/4257
f 2871/1014/4258 2865/1008/4250 2866/1009/4249 2869/1012/4259
f 1029/1015/1688 2872/1016/4260 2831/971/4261 987/972/1689
f 2873/1017/4262 2837/980/4263 2831/971/4261 2872/1016/4260
f 2851/994/4235 2857/1000/4264 2859/1002/4265 2854/997/4236
f 2874/1018/4266 2872/1016/4260 1029/1015/1688 1175/1020/1697 2875/1019/1697
f 2874/1018/4266 2876/1021/4267 2873/1017/4262 2872/1016/4260
f 2877/1022/4268 2878/1023/4269 2855/998/4233 2856/999/4237
f 2878/1023/4269 2879/1024/4270 2847/990/4223 2855/998/4233
f 2879/1024/4270 2880/1025/4271 2850/993/4224 2847/990/4223
f 2868/1011/4272 2866/1009/4272 2857/1000/4240 2849/992/4239
f 2858/1001/4242 2859/1002/4241 2862/1005/4245 2863/1006/4244
f 2867/1010/4273 2868/1011/4274 2849/992/4225 2850/993/4224
f 2866/1009/4249 2862/1005/4252 2859/1002/4265 2857/1000/4264
f 2881/1026/4275 2867/1010/4273 2850/993/4224 2880/1025/4271
f 2882/1027/4276 2883/1030/4277 1177/1029/1708 1176/1028/1708
f 2874/1018/4278 2875/1019/1712 1177/1029/1712 2883/1030/4279
f 2882/1027/4276 2885/1032/4280 2884/1031/4281 2883/1030/4277
f 2874/1018/4278 2883/1030/4279 2884/1031/4282 2876/1021/4283
f 2886/1033/4284 2887/1034/4285 2885/1032/4286 2882/1027/4287
f 2888/1035/4288 2891/1038/4289 2890/1037/4290 2889/1036/4291
f 2876/1021/4283 2884/1031/4282 2889/1036/4292 2877/1022/4293
f 2892/1039/4294 2893/1040/4295 2891/1038/4296 2888/1035/4297
f 2891/1038/4289 2895/1042/4298 2894/1041/4299 2890/1037/4290
f 2878/1023/4300 2890/1037/4301 2894/1041/4302 2879/1024/4303
f 2893/1040/4295 2896/1043/4304 2895/1042/4305 2891/1038/4296
f 2895/1042/4298 2898/1045/4306 2897/1044/4307 2894/1041/4299
f 2879/1024/4303 2894/1041/4302 2897/1044/4308 2880/1025/4309
f 2896/1043/4304 2899/1046/4310 2898/1045/4311 2895/1042/4305
f 2900/1047/4312 2901/1048/4313 2897/1044/4307 2898/1045/4306
f 2881/1026/4314 2880/1025/4309 2897/1044/4308 2901/1048/4314
f 2899/1046/4310 2902/1049/4315 2900/1047/4316 2898/1045/4311
f 2903/1050/4317 2904/1051/4318 2901/1048/4313 2900/1047/4312
f 2905/1052/4319 2906/1053/4320 2904/1051/4321 2903/1050/4319
f 2905/1052/4322 2903/1050/4322 2900/1047/4316 2902/1049/4315
f 2901/1048/4313 2904/1051/4318 2871/1014/4258 2869/1012/4259
f 2906/1053/4320 2870/1013/4257 2871/1014/4256 2904/1051/4321
f 2867/1010/4253 2881/1026/4323 2901/1048/4323 2869/1012/4254
f 2837/980/4207 2840/983/4212 2841/984/4215 2836/979/4208
f 2844/987/4218 2845/988/4217 2846/989/4230 2852/995/4229
f 2836/979/4210 2841/984/4219 2845/988/4222 2839/982/4211
f 2873/1017/4262 2856/999/4237 2840/983/4238 2837/980/4263
f 2876/1021/4267 2877/1022/4268 2856/999/4237 2873/1017/4262
f 2885/1032/4280 2888/1035/4288 2889/1036/4291 2884/1031/4281
f 2877/1022/4293 2889/1036/4292 2890/1037/4301 2878/1023/4300
f 2887/1034/4285 2892/1039/4294 2888/1035/4297 2885/1032/4286
f 1176/1028/1757 2907/1054/1757 2886/1033/4284 2882/1027/4287
f 2908/1055/4324 2911/1058/4325 2910/1057/4325 2909/1056/4326
f 2909/1056/4326 2913/1060/4327 2912/1059/4328 2908/1055/4324
f 2914/1061/4329 2912/1059/4328 2913/1060/4327 2915/1062/4329
f 2916/1055/4330 2919/1058/4331 2918/1057/4331 2917/1056/4332
f 2917/1056/4332 2921/1060/4333 2920/1059/4334 2916/1055/4330
f 2922/1061/4335 2920/1059/4334 2921/1060/4333 2923/1062/4335
f 2924/1055/4336 2927/1058/4337 2926/1057/4337 2925/1056/4338
f 2925/1056/4338 2929/1060/4339 2928/1059/4340 2924/1055/4336
f 2930/1061/4341 2928/1059/4340 2929/1060/4339 2931/1062/4341
f 2932/1056/4342 2935/1060/4342 2934/1059/4342 2933/1055/4342
f 2936/1063/4343 2953/1080/4343 2952/1079/4343 2951/1078/4343 2950/1077/4343 2949/1076/4343 2948/1075/4343 2947/1074/4343 2946/1073/4343 2945/1072/4343 2944/1071/4343 2943/1070/4343 2942/1069/4343 2941/1068/4343 2940/1067/4343 2939/1066/4343 2938/1065/4343 2937/1064/4343
f 2954/1081/4344 2956/1083/4344 2955/1082/4344
f 2957/1084/4345 2960/1086/4346 2959/1070/4346 2958/1085/4347
f 2961/1087/4348 2964/1077/4348 2963/1089/4349 2962/1088/4350
f 2965/1090/4351 2968/1074/4351 2967/1073/4352 2966/1091/4353
f 2966/1091/4353 2967/1073/4352 2970/1072/4354 2969/1092/4355
f 2969/1092/4355 2970/1072/4354 2972/1071/4356 2971/1093/4356
f 2962/1088/4350 2963/1089/4349 2968/1074/4357 2965/1090/4357
f 2955/1082/4358 2973/1094/4358 2964/1077/4358 2961/1087/4358
f 2956/1083/4359 2974/1080/4360 2973/1094/4361 2955/1082/4361
f 2975/1095/4362 2976/1063/4362 2974/1080/4360 2956/1083/4359
f 2977/1096/4363 2978/1064/4363 2976/1063/4363 2975/1095/4363
f 2979/1097/4364 2980/1098/4364 2978/1064/4364 2977/1096/4364
f 2981/1099/4365 2982/1067/4365 2980/1098/4365 2979/1097/4365
f 2957/1084/4345 2958/1085/4347 2982/1067/4366 2981/1099/4366
f 2972/1071/4367 2959/1070/4367 2960/1086/4367 2971/1093/4367
f 1178/1100/1802 1142/1101/1805 2185/407/4368 2186/408/4369
f 1179/1102/1806 1178/1100/1809 2186/408/4370 2187/410/1807
f 1142/1101/1810 1144/1103/1811 434/411/564 2185/407/3223
f 2983/1104/4371 2985/1106/4372 2984/1105/4373 2221/452/3257
f 2986/1107/4374 1875/87/2762 1870/82/2757 1872/84/2761 1873/85/2760
f 1860/72/2746 1871/83/2758 1872/84/2761 1870/82/2757
f 1801/12/2689 2987/1108/4375 1871/83/2758 1860/72/2746
f 1801/12/2689 1802/13/2688 2987/1108/4375
f 1802/13/2688 1847/59/2733 2988/1109/4376 2987/1108/4375
f 1797/8/2685 2989/1110/4377 2988/1109/4376 1847/59/2733
f 1797/8/2685 1798/9/2684 2989/1110/4377
f 1798/9/2684 1839/51/2726 2990/1111/4378 2989/1110/4377
f 1839/51/2726 1832/44/2719 2991/1112/4379 2990/1111/4378
f 1827/39/2714 2992/1113/4380 2991/1112/4379 1832/44/2719
f 1809/21/2695 2993/1114/4381 2992/1113/4380 1827/39/2714
f 1790/1/2678 2994/1115/4382 2993/1114/4381 1809/21/2695
f 1790/1/2678 1791/2/2677 2994/1115/4382
f 1791/2/2677 1804/17/2692 2994/1115/4382
f 2222/453/3258 2053/461/3266 2054/457/3262
f 2055/458/3263 2056/1116/4383 2225/456/3259 2222/453/3258
f 2225/456/3259 2056/1116/4383 2057/497/3297
f 2059/496/3298 2060/1117/4384 2233/470/3271 2225/456/3259
f 2233/470/3271 2060/1117/4384 2061/473/3272
f 2234/471/3274 2062/472/3273 2063/499/3299
f 2234/471/3274 2064/498/3300 2065/1118/4385 2241/480/3281
f 2241/480/3281 2065/1118/4385 2066/1119/4386
f 2240/479/3282 2241/480/3281 2066/1119/4386 2067/485/3285
f 2069/486/3287 2070/1120/4387 2246/491/3291 2240/479/3282
f 2074/489/3289 2250/495/3296 2246/491/3291 2070/1120/4387 2071/488/3290
f 2074/489/3289 2072/487/3288 2073/1121/4388
f 2221/452/3257 2219/448/3254 2218/449/3255 2983/1104/4371
f 2221/452/3257 2984/1105/4373 2220/451/3256 2217/445/3253
f 2206/1124/3243 2996/1123/4389 2995/1122/4390 2205/1125/3244
f 2214/441/3251 2997/1127/4391 2996/1126/4389 2206/431/3243
f 2214/441/3251 2998/1128/4392 2997/1127/4391
f 2215/442/3250 2999/1129/4393 2998/1128/4392 2214/441/3251
f 2996/1123/4389 3000/1130/4394 2196/420/4395 2995/1122/4390
f 2997/1127/4391 3001/1132/4396 3000/1131/4394 2996/1126/4389
f 2998/1128/4392 3002/1133/4397 3001/1132/4396 2997/1127/4391
f 2999/1129/4393 3003/1134/4398 3002/1133/4397 2998/1128/4392
f 2196/420/4395 3000/1130/4394 2202/427/3239 2195/419/3238
f 3000/1131/4394 3001/1132/4396 2218/449/3255 2202/447/3239
f 3001/1132/4396 3002/1133/4397 2983/1104/4371 2218/449/3255
f 3003/1134/4398 2985/1106/4372 2983/1104/4371 3002/1133/4397
f 2206/431/3243 2207/432/3242 2213/440/3252 2214/441/3251
f 2962/1088/4344 2954/1081/4344 2961/1087/4344
f 2977/1096/4344 2954/1081/4344 2979/1097/4344
f 2954/1081/4344 2966/1091/4344 2969/1092/4344
f 2957/1084/4344 2954/1081/4344 2960/1086/4344
f 2954/1081/4344 2962/1088/4344 2965/1090/4344
f 2956/1083/4344 2954/1081/4344 2975/1095/4344
f 2954/1081/4344 2969/1092/4344 2971/1093/4344
f 2954/1081/4344 2971/1093/4344 2960/1086/4344
f 2979/1097/4344 2954/1081/4344 2981/1099/4344
f 2954/1081/4344 2965/1090/4344 2966/1091/4344
f 2961/1087/4344 2954/1081/4344 2955/1082/4344
f 2954/1081/4344 2957/1084/4344 2981/1099/4344
f 2975/1095/4344 2954/1081/4344 2977/1096/4344
f 3004/1081/4399 3006/1083/4400 3005/1082/4399
f 3007/1084/4401 3010/1086/4402 3009/1070/4402 3008/1085/4403
f 3011/1087/4404 3014/1077/4404 3013/1089/4405 3012/1088/4406
f 3015/1090/4407 3018/1074/4407 3017/1073/4408 3016/1091/4409
f 3016/1091/4409 3017/1073/4408 3020/1072/4410 3019/1092/4411
f 3019/1092/4411 3020/1072/4410 3022/1071/4412 3021/1093/4412
f 3012/1088/4406 3013/1089/4405 3018/1074/4413 3015/1090/4413
f 3005/1082/4414 3023/1094/4414 3014/1077/4414 3011/1087/4414
f 3006/1083/4415 3024/1080/4416 3023/1094/4417 3005/1082/4417
f 3025/1095/4418 3026/1063/4418 3024/1080/4416 3006/1083/4415
f 3027/1096/4419 3028/1064/4419 3026/1063/4419 3025/1095/4419
f 3029/1097/4420 3030/1098/4420 3028/1064/4420 3027/1096/4420
f 3031/1099/4421 3032/1067/4421 3030/1098/4421 3029/1097/4421
f 3007/1084/4401 3008/1085/4403 3032/1067/4422 3031/1099/4422
f 3022/1071/4423 3009/1070/4423 3010/1086/4423 3021/1093/4423
f 3012/1088/4399 3004/1081/4399 3011/1087/4399
f 3027/1096/4399 3004/1081/4399 3029/1097/4399
f 3004/1081/4399 3016/1091/4399 3019/1092/4399
f 3007/1084/4400 3004/1081/4399 3010/1086/4400
f 3004/1081/4399 3012/1088/4399 3015/1090/4399
f 3006/1083/4400 3004/1081/4399 3025/1095/4399
f 3004/1081/4399 3019/1092/4399 3021/1093/4399
f 3004/1081/4399 3021/1093/4399 3010/1086/4400
f 3029/1097/4399 3004/1081/4399 3031/1099/4399
f 3004/1081/4399 3015/1090/4399 3016/1091/4399
f 3011/1087/4399 3004/1081/4399 3005/1082/4399
f 3004/1081/4399 3007/1084/4400 3031/1099/4399
f 3025/1095/4399 3004/1081/4399 3027/1096/4399
f 3033/1081/4424 3035/1083/4425 3034/1082/4424
f 3036/1084/4426 3039/1086/4427 3038/1070/4427 3037/1085/4428
f 3040/1087/4429 3043/1077/4429 3042/1089/4430 3041/1088/4431
f 3044/1090/4432 3047/1074/4432 3046/1073/4433 3045/1091/4434
f 3045/1091/4434 3046/1073/4433 3049/1072/4435 3048/1092/4436
f 3048/1092/4436 3049/1072/4435 3051/1071/4437 3050/1093/4437
f 3041/1088/4431 3042/1089/4430 3047/1074/4438 3044/1090/4438
f 3034/1082/4439 3052/1094/4439 3043/1077/4439 3040/1087/4439
f 3035/1083/4440 3053/1080/4441 3052/1094/4442 3034/1082/4442
f 3054/1095/4443 3055/1063/4443 3053/1080/4441 3035/1083/4440
f 3056/1096/4444 3057/1064/4444 3055/1063/4444 3054/1095/4444
f 3058/1097/4445 3059/1098/4445 3057/1064/4445 3056/1096/4445
f 3060/1099/4446 3061/1067/4446 3059/1098/4446 3058/1097/4446
f 3036/1084/4426 3037/1085/4428 3061/1067/4447 3060/1099/4447
f 3051/1071/4448 3038/1070/4448 3039/1086/4448 3050/1093/4448
f 3041/1088/4424 3033/1081/4424 3040/1087/4424
f 3056/1096/4424 3033/1081/4424 3058/1097/4424
f 3033/1081/4424 3045/1091/4424 3048/1092/4424
f 3036/1084/4424 3033/1081/4424 3039/1086/4424
f 3033/1081/4424 3041/1088/4424 3044/1090/4424
f 3035/1083/4425 3033/1081/4424 3054/1095/4424
f 3033/1081/4424 3048/1092/4424 3050/1093/4424
f 3033/1081/4424 3050/1093/4424 3039/1086/4424
f 3058/1097/4424 3033/1081/4424 3060/1099/4424
f 3033/1081/4424 3044/1090/4424 3045/1091/4424
f 3040/1087/4424 3033/1081/4424 3034/1082/4424
f 3033/1081/4424 3036/1084/4424 3060/1099/4424
f 3054/1095/4424 3033/1081/4424 3056/1096/4424
f 3062/1081/4449 3064/1083/4449 3063/1082/4449
f 3065/1084/4450 3068/1086/4451 3067/1070/4451 3066/1085/4452
f 3069/1087/4453 3072/1077/4453 3071/1089/4454 3070/1088/4455
f 3073/1090/4456 3076/1074/4456 3075/1073/4457 3074/1091/4458
f 3074/1091/4458 3075/1073/4457 3078/1072/4459 3077/1092/4460
f 3077/1092/4460 3078/1072/4459 3080/1071/4461 3079/1093/4461
f 3070/1088/4455 3071/1089/4454 3076/1074/4462 3073/1090/4462
f 3063/1082/4463 3081/1094/4463 3072/1077/4463 3069/1087/4463
f 3064/1083/4464 3082/1080/4465 3081/1094/4466 3063/1082/4466
f 3083/1095/4467 3084/1063/4467 3082/1080/4465 3064/1083/4464
f 3085/1096/4468 3086/1064/4468 3084/1063/4468 3083/1095/4468
f 3087/1097/4469 3088/1098/4469 3086/1064/4469 3085/1096/4469
f 3089/1099/4470 3090/1067/4470 3088/1098/4470 3087/1097/4470
f 3065/1084/4450 3066/1085/4452 3090/1067/4471 3089/1099/4471
f 3080/1071/4472 3067/1070/4472 3068/1086/4472 3079/1093/4472
f 3070/1088/4449 3062/1081/4449 3069/1087/4449
f 3085/1096/4449 3062/1081/4449 3087/1097/4449
f 3062/1081/4449 3074/1091/4449 3077/1092/4449
f 3065/1084/4449 3062/1081/4449 3068/1086/4449
f 3062/1081/4449 3070/1088/4449 3073/1090/4449
f 3064/1083/4449 3062/1081/4449 3083/1095/4449
f 3062/1081/4449 3077/1092/4449 3079/1093/4449
f 3062/1081/4449 3079/1093/4449 3068/1086/4449
f 3087/1097/4449 3062/1081/4449 3089/1099/4449
f 3062/1081/4449 3073/1090/4449 3074/1091/4449
f 3069/1087/4449 3062/1081/4449 3063/1082/4449
f 3062/1081/4449 3065/1084/4449 3089/1099/4449
f 3083/1095/4449 3062/1081/4449 3085/1096/4449
f 3091/1081/4473 3093/1083/4473 3092/1082/4473
f 3094/1084/4474 3097/1086/4475 3096/1070/4475 3095/1085/4476
f 3098/1087/4477 3101/1077/4477 3100/1089/4478 3099/1088/4479
f 3102/1090/4480 3105/1074/4480 3104/1073/4481 3103/1091/4482
f 3103/1091/4482 3104/1073/4481 3107/1072/4483 3106/1092/4484
f 3106/1092/4484 3107/1072/4483 3109/1071/4485 3108/1093/4485
f 3099/1088/4479 3100/1089/4478 3105/1074/4486 3102/1090/4486
f 3092/1082/4487 3110/1094/4487 3101/1077/4487 3098/1087/4487
f 3093/1083/4488 3111/1080/4489 3110/1094/4490 3092/1082/4490
f 3112/1095/4491 3113/1063/4491 3111/1080/4489 3093/1083/4488
f 3114/1096/4492 3115/1064/4492 3113/1063/4492 3112/1095/4492
f 3116/1097/4493 3117/1098/4493 3115/1064/4493 3114/1096/4493
f 3118/1099/4494 3119/1067/4494 3117/1098/4494 3116/1097/4494
f 3094/1084/4474 3095/1085/4476 3119/1067/4495 3118/1099/4495
f 3109/1071/4496 3096/1070/4496 3097/1086/4496 3108/1093/4496
f 3099/1088/4473 3091/1081/4473 3098/1087/4473
f 3114/1096/4473 3091/1081/4473 3116/1097/4473
f 3091/1081/4473 3103/1091/4497 3106/1092/4473
f 3094/1084/4498 3091/1081/4473 3097/1086/4473
f 3091/1081/4473 3099/1088/4473 3102/1090/4473
f 3093/1083/4473 3091/1081/4473 3112/1095/4473
f 3091/1081/4473 3106/1092/4473 3108/1093/4473
f 3091/1081/4473 3108/1093/4473 3097/1086/4473
f 3116/1097/4473 3091/1081/4473 3118/1099/4498
f 3091/1081/4473 3102/1090/4473 3103/1091/4497
f 3098/1087/4473 3091/1081/4473 3092/1082/4473
f 3091/1081/4473 3094/1084/4498 3118/1099/4498
f 3112/1095/4473 3091/1081/4473 3114/1096/4473
f 3120/1081/4499 3122/1083/4500 3121/1082/4501
f 3123/1084/4502 3126/1086/4503 3125/1070/4503 3124/1085/4504
f 3127/1087/4505 3130/1077/4505 3129/1089/4506 3128/1088/4507
f 3131/1090/4508 3134/1074/4508 3133/1073/4509 3132/1091/4510
f 3132/1091/4510 3133/1073/4509 3136/1072/4511 3135/1092/4512
f 3135/1092/4512 3136/1072/4511 3138/1071/4513 3137/1093/4513
f 3128/1088/4507 3129/1089/4506 3134/1074/4514 3131/1090/4514
f 3121/1082/4515 3139/1094/4515 3130/1077/4515 3127/1087/4515
f 3122/1083/4516 3140/1080/4517 3139/1094/4518 3121/1082/4518
f 3141/1095/4519 3142/1063/4519 3140/1080/4517 3122/1083/4516
f 3143/1096/4520 3144/1064/4520 3142/1063/4520 3141/1095/4520
f 3145/1097/4521 3146/1098/4521 3144/1064/4521 3143/1096/4521
f 3147/1099/4522 3148/1067/4522 3146/1098/4522 3145/1097/4522
f 3123/1084/4502 3124/1085/4504 3148/1067/4523 3147/1099/4523
f 3138/1071/4524 3125/1070/4524 3126/1086/4524 3137/1093/4524
f 3128/1088/4500 3120/1081/4499 3127/1087/4500
f 3143/1096/4500 3120/1081/4499 3145/1097/4499
f 3120/1081/4499 3132/1091/4525 3135/1092/4525
f 3123/1084/4499 3120/1081/4499 3126/1086/4499
f 3120/1081/4499 3128/1088/4500 3131/1090/4525
f 3122/1083/4500 3120/1081/4499 3141/1095/4499
f 3120/1081/4499 3135/1092/4525 3137/1093/4499
f 3120/1081/4499 3137/1093/4499 3126/1086/4499
f 3145/1097/4499 3120/1081/4499 3147/1099/4499
f 3120/1081/4499 3131/1090/4525 3132/1091/4525
f 3127/1087/4500 3120/1081/4499 3121/1082/4501
f 3120/1081/4499 3123/1084/4499 3147/1099/4499
f 3141/1095/4499 3120/1081/4499 3143/1096/4500
f 3149/1081/4526 3151/1083/4526 3150/1082/4526
f 3152/1084/4527 3155/1086/4528 3154/1070/4528 3153/1085/4529
f 3156/1087/4530 3159/1077/4530 3158/1089/4531 3157/1088/4532
f 3160/1090/4533 3163/1074/4533 3162/1073/4534 3161/1091/4535
f 3161/1091/4535 3162/1073/4534 3165/1072/4536 3164/1092/4537
f 3164/1092/4537 3165/1072/4536 3167/1071/4538 3166/1093/4538
f 3157/1088/4532 3158/1089/4531 3163/1074/4539 3160/1090/4539
f 3150/1082/4540 3168/1094/4540 3159/1077/4540 3156/1087/4540
f 3151/1083/4541 3169/1080/4542 3168/1094/4543 3150/1082/4543
f 3170/1095/4544 3171/1063/4544 3169/1080/4542 3151/1083/4541
f 3172/1096/4545 3173/1064/4545 3171/1063/4545 3170/1095/4545
f 3174/1097/4546 3175/1098/4546 3173/1064/4546 3172/1096/4546
f 3176/1099/4547 3177/1067/4547 3175/1098/4547 3174/1097/4547
f 3152/1084/4527 3153/1085/4529 3177/1067/4548 3176/1099/4548
f 3167/1071/4549 3154/1070/4549 3155/1086/4549 3166/1093/4549
f 3157/1088/4526 3149/1081/4526 3156/1087/4526
f 3172/1096/4526 3149/1081/4526 3174/1097/4526
f 3149/1081/4526 3161/1091/4550 3164/1092/4526
f 3152/1084/4526 3149/1081/4526 3155/1086/4526
f 3149/1081/4526 3157/1088/4526 3160/1090/4526
f 3151/1083/4526 3149/1081/4526 3170/1095/4526
f 3149/1081/4526 3164/1092/4526 3166/1093/4526
f 3149/1081/4526 3166/1093/4526 3155/1086/4526
f 3174/1097/4526 3149/1081/4526 3176/1099/4551
f 3149/1081/4526 3160/1090/4526 3161/1091/4550
f 3156/1087/4526 3149/1081/4526 3150/1082/4526
f 3149/1081/4526 3152/1084/4526 3176/1099/4551
f 3170/1095/4526 3149/1081/4526 3172/1096/4526
f 3178/1135/4552 3180/1137/4553 3179/1136/4554
f 3181/1138/4555 3182/1140/2000 1761/1139/2000
f 3183/1141/4556 3181/1138/4557 1761/1139/4558
f 3184/1142/2004 3183/1141/4559 1761/1139/2004
f 3185/1143/4560 3189/1147/4561 3188/1146/4562 3187/1145/4563 3186/1144/4564
f 3186/1144/4564 3187/1145/4563 3190/1148/4565
f 3191/1149/4566 3193/1151/4567 3192/1150/4568
f 3194/1152/4569 3196/1154/4570 3195/1153/4571
f 3197/1155/4572 3190/1148/4565 3187/1145/4563
f 3198/1156/4573 3200/1158/4574 3199/1157/4575
f 3201/1159/4576 3203/1161/4577 3202/1160/4578
f 3204/1162/4579 3206/1164/4580 3205/1163/4581
f 3207/1165/4582 3209/1167/4583 3208/1166/4584
f 3210/1168/4585 3212/1170/4586 3211/1169/4587
f 3213/1171/4588 3215/1173/4589 3214/1172/4590
f 3213/1171/4588 3216/1174/4591 3215/1173/4589
f 3217/1175/4592 3218/1176/4593 3208/1166/4594
f 3218/1176/4593 3207/1165/4595 3208/1166/4594
f 3219/1177/4596 3221/1179/4597 3220/1178/2043
f 3222/1180/4598 3219/1177/4596 3220/1178/2043
f 3223/1181/4599 3222/1180/4598 3220/1178/2043
f 3224/1182/2047 3226/1184/4600 3225/1183/4601
f 3224/1182/2047 3225/1183/4601 3227/1185/4602
f 3224/1182/2047 3228/1186/4603 3226/1184/4600
f 3224/1182/2047 1759/1187/2052 3228/1186/4603
f 3229/1188/4604 3231/1190/4605 3230/1189/2054
f 3231/1190/4605 3232/1191/2056 3230/1189/2054
f 3233/1192/4606 3229/1188/4604 3230/1189/2054
f 3234/1193/2058 3233/1192/4606 3230/1189/2054
f 3235/1194/4607 3180/1137/4608 3178/1135/4609 3236/1195/4610
f 3237/1196/4611 3238/1197/4612 3180/1137/4608 3235/1194/4607
f 3238/1197/4613 3239/1198/4614 3179/1136/4554 3180/1137/4553
f 3240/1199/4615 3241/1200/4615 3235/1194/4615 3236/1195/4615
f 3237/1196/4616 3235/1194/4617 3241/1200/4617 3242/1201/4618
f 3243/1202/4619 3178/1135/4552 3179/1136/4554 3244/1203/4620
f 3239/1198/4614 3245/1204/4621 3244/1203/4620 3179/1136/4554
f 3246/1205/4622 3247/1206/4623 3244/1203/4620 3245/1204/4621
f 3244/1203/4620 3247/1206/4623 3248/1207/4624 3243/1202/4619
f 3249/1208/4625 3250/1209/4626 3245/1204/4621 3239/1198/4614
f 3251/1210/4627 3249/1208/4625 3239/1198/4614 3238/1197/4613
f 3252/1211/2080 1758/1212/2081 3250/1209/4626 3249/1208/4625
f 1654/1213/2082 3252/1211/2080 3249/1208/4625 3251/1210/4627
f 3253/1214/4628 3250/1209/4626 1758/1212/2081 3254/1215/2084
f 3245/1204/4621 3250/1209/4626 3253/1214/4628 3246/1205/4622
f 3255/1216/4629 3240/1199/4630 3236/1195/4630 3256/1217/4631
f 3257/1218/4632 3258/1219/4633 3255/1216/4629 3256/1217/4631
f 3259/1220/4634 3251/1210/4635 3238/1197/4612 3237/1196/4611
f 3259/1220/4636 3237/1196/4616 3242/1201/4618 3260/1221/4637
f 3261/1222/2094 1654/1213/2094 3251/1210/4635 3259/1220/4634
f 3261/1222/2095 3259/1220/4636 3260/1221/4637 3262/1223/2095
f 3253/1214/4628 3254/1215/2084 3264/1225/2097 3263/1224/4638
f 3265/1226/4639 3246/1205/4622 3253/1214/4628 3266/1227/4640
f 3253/1214/4628 3263/1224/4638 3267/1228/4641 3266/1227/4641
f 3268/1229/4642 3247/1206/4623 3246/1205/4622 3265/1226/4639
f 3269/1230/4643 3248/1207/4624 3247/1206/4623 3268/1229/4642
f 3269/1230/4644 3270/1231/4645 3257/1218/4646 3248/1207/4647
f 3258/1219/4633 3257/1218/4632 3270/1231/4648 3271/1232/4649
f 3272/1233/4650 3266/1227/4640 3274/1235/4651 3273/1234/4652
f 3266/1227/4640 3272/1233/4650 3275/1236/4653 3265/1226/4639
f 1762/1237/2113 3273/1234/4652 3274/1235/4651 1763/1238/2114
f 3263/1239/4654 3264/1242/2116 1764/1241/2116 3276/1240/4654
f 3267/1243/4655 3263/1239/4655 3276/1240/4656 3277/1244/4657
f 3278/1245/2120 3267/1243/4658 3277/1244/4659 3279/1246/2121
f 1764/1241/2124 3182/1140/2124 3181/1138/4660 3276/1240/4660
f 3276/1240/4656 3181/1138/4557 3183/1141/4556 3277/1244/4657
f 3277/1244/4659 3183/1141/4661 3184/1142/2126 3279/1246/2121
f 3265/1226/4639 3275/1236/4653 3280/1247/4662 3268/1229/4642
f 3270/1231/4645 3269/1230/4644 3282/1249/4663 3281/1248/4664
f 3282/1249/4665 3285/1252/4666 3284/1251/4667 3283/1250/4668
f 3281/1248/4664 3282/1249/4663 3283/1250/4669 3286/1253/4670
f 3273/1234/4671 1762/1237/2139 1655/1255/2139 3287/1254/4672
f 3273/1234/4671 3287/1254/4672 3288/1256/4673 3272/1233/4674
f 3289/1257/4675 3275/1236/4653 3272/1233/4650 3290/1258/4676
f 3290/1258/4677 3272/1233/4674 3288/1256/4673 3291/1259/4678
f 3292/1260/4679 3289/1257/4675 3290/1258/4676 3293/1261/4680
f 3290/1258/4677 3291/1259/4678 3294/1262/4681 3293/1261/4682
f 3295/1263/4683 3280/1247/4662 3275/1236/4653 3289/1257/4675
f 3296/1264/4684 3285/1252/4666 3280/1247/4662 3295/1263/4683
f 3284/1251/4667 3285/1252/4666 3296/1264/4684 3193/1151/4567
f 3297/1265/4685 3295/1263/4683 3289/1257/4675 3292/1260/4679
f 3295/1263/4683 3297/1265/4685 3299/1267/4686 3298/1266/4687
f 3295/1263/4683 3298/1266/4687 3300/1268/4688 3296/1264/4684
f 3293/1261/4682 3294/1262/4681 3302/1270/2156 3301/1269/2156
f 3293/1261/4680 3301/1269/2158 3303/1271/2157 3292/1260/4679
f 3287/1272/4689 3305/1275/4690 3304/1274/4691 3288/1273/4692
f 3305/1275/4690 3287/1272/4689 1655/1277/2163 1765/1276/2163
f 3288/1273/4692 3304/1274/4691 3306/1279/4693 3291/1278/4694
f 3294/1280/4695 3291/1278/4694 3306/1279/4693 3307/1281/4696
f 3294/1280/4695 3307/1281/4696 3308/1283/2168 3302/1282/2168
f 1765/1276/2169 3309/1284/2169 3227/1185/4602 3305/1275/4697
f 3305/1275/4697 3227/1185/4602 3225/1183/4601 3304/1274/4698
f 3304/1274/4698 3225/1183/4601 3226/1184/4600 3306/1279/4699
f 3306/1279/4699 3226/1184/4600 3228/1186/4603 3307/1281/4700
f 1759/1187/2174 3308/1283/2174 3307/1281/4700 3228/1186/4603
f 3227/1185/4602 3309/1284/2175 3224/1182/2047
f 3292/1260/4679 3303/1271/2157 1656/1285/2176 3297/1265/4685
f 3310/1286/4701 3297/1265/4702 1656/1285/2178 1766/1287/2178
f 3297/1265/4702 3310/1286/4701 3311/1288/4703 3299/1267/4703
f 3300/1268/4688 3192/1150/4568 3193/1151/4567 3296/1264/4684
f 3299/1267/4686 3313/1290/4704 3312/1289/4705 3298/1266/4687
f 3298/1266/4687 3312/1289/4705 3314/1291/4706 3300/1268/4688
f 3313/1290/4707 3299/1267/4708 3311/1288/4708 3315/1292/4709
f 3316/1293/4710 3317/1294/4711 3312/1289/4705 3313/1290/4704
f 3318/1295/4712 3313/1290/4707 3315/1292/4709 3319/1296/4713
f 3316/1293/4710 3313/1290/4704 3318/1295/4714 3320/1297/4715
f 3312/1289/4705 3317/1294/4711 3321/1298/4716 3314/1291/4706
f 3318/1295/4712 3319/1296/4713 3322/1300/2194 1767/1299/2194
f 3320/1297/4715 3318/1295/4714 1767/1299/2195 3323/1301/2195
f 3315/1302/4717 3311/1305/4718 3325/1304/4719 3324/1303/4720
f 3319/1306/4721 3315/1302/4717 3324/1303/4720 3326/1307/4722
f 1768/1308/2202 3322/1309/2202 3319/1306/4721 3326/1307/4722
f 1769/1310/2203 3328/1312/2203 3327/1311/4723 3325/1304/4724
f 3324/1303/4725 3325/1304/4724 3327/1311/4723 3329/1313/4726
f 3326/1307/4727 3324/1303/4725 3329/1313/4726 3330/1314/4728
f 3326/1307/4727 3330/1314/4728 3331/1315/2210 1768/1308/2210
f 3231/1190/4605 3229/1188/4604 3329/1313/4729 3327/1311/4730
f 3231/1190/4605 3327/1311/4730 3328/1312/2213 3232/1191/2056
f 3233/1192/4606 3330/1314/4731 3329/1313/4729 3229/1188/4604
f 3233/1192/4606 3234/1193/2058 3331/1315/2215 3330/1314/4731
f 3192/1150/4568 3300/1268/4688 3314/1291/4706 3332/1316/4732
f 3314/1291/4706 3321/1298/4716 3199/1157/4575 3332/1316/4732
f 3281/1248/4733 3333/1317/4734 3271/1232/4649 3270/1231/4648
f 3334/1318/4735 3333/1317/4734 3281/1248/4733 3286/1253/4736
f 3335/1319/4737 3336/1320/4738 3286/1253/4670 3283/1250/4669
f 3286/1253/4736 3336/1320/4739 3337/1321/4740 3334/1318/4735
f 3283/1250/4668 3284/1251/4667 3338/1322/4741 3335/1319/4742
f 3336/1320/4738 3335/1319/4737 3340/1324/4743 3339/1323/4744
f 3336/1320/4739 3339/1323/4745 3341/1325/4746 3337/1321/4740
f 3189/1147/4561 3340/1324/4747 3335/1319/4742 3338/1322/4741
f 3339/1323/4744 3340/1324/4743 3343/1327/4748 3342/1326/4748
f 3344/1328/4749 3341/1325/4746 3339/1323/4745 3342/1326/4749
f 3340/1324/4747 3189/1147/4561 3185/1143/4560 3343/1327/4750
f 3342/1326/4751 3343/1327/4751 3185/1143/4752 3345/1329/4753
f 3344/1328/4754 3342/1326/4754 3345/1329/4754 3346/1330/4754
f 3345/1329/4753 3185/1143/4752 3186/1144/4755 3347/1331/4756
f 3347/1331/4757 3348/1332/4758 3346/1330/4759 3345/1329/4759
f 3197/1155/4572 3187/1145/4563 3188/1146/4562 3349/1333/4760
f 3191/1149/4566 3188/1146/4562 3189/1147/4561 3338/1322/4741
f 3192/1150/4568 3349/1333/4760 3188/1146/4562 3191/1149/4566
f 3347/1331/4756 3186/1144/4755 3190/1148/4761 3350/1334/4762
f 3350/1334/4763 3351/1335/4764 3348/1332/4758 3347/1331/4757
f 3350/1334/4762 3190/1148/4761 3353/1337/4765 3352/1336/4766
f 3350/1334/4763 3352/1336/4767 3354/1338/4768 3351/1335/4764
f 3353/1337/4765 3356/1340/4769 3355/1339/4770 3352/1336/4766
f 3352/1336/4767 3355/1339/4771 3357/1341/4772 3354/1338/4768
f 3358/1342/4773 3353/1337/4774 3190/1148/4565 3197/1155/4572
f 3359/1343/4775 3356/1340/4776 3353/1337/4774 3358/1342/4773
f 3360/1344/4777 3361/1345/4778 3355/1339/4770 3356/1340/4769
f 3362/1346/4779 3360/1344/4780 3356/1340/4776 3359/1343/4775
f 3361/1345/4781 3363/1347/4782 3357/1341/4772 3355/1339/4771
f 3364/1348/4783 3365/1349/4784 3361/1345/4778 3360/1344/4777
f 3363/1347/4782 3361/1345/4781 3365/1349/4785 3366/1350/4786
f 3362/1346/4779 3367/1351/4787 3364/1348/4788 3360/1344/4780
f 3365/1349/4784 3364/1348/4783 3369/1353/2274 3368/1352/4789
f 3365/1349/4785 3368/1352/4790 3370/1354/4791 3366/1350/4786
f 3371/1355/4792 3369/1353/4793 3364/1348/4788 3367/1351/4787
f 3372/1356/4794 3373/1357/4795 3368/1352/4789 3369/1353/2274
f 3368/1352/4790 3373/1357/4796 3374/1358/4797 3370/1354/4791
f 3369/1353/4793 3371/1355/4792 3375/1359/4798 3372/1356/4799
f 3376/1360/4800 3377/1361/4801 3373/1357/4795 3372/1356/4794
f 3377/1361/4801 3376/1360/4800 3196/1154/4570 3194/1152/4569
f 3373/1357/4796 3377/1361/4802 3378/1362/4803 3374/1358/4797
f 3379/1363/4804 3378/1362/4803 3377/1361/4802 3194/1152/4804
f 3194/1152/4805 3195/1153/4805 3380/1364/4805 3379/1363/4805
f 3381/1365/4806 3195/1153/4807 3196/1154/4808 3382/1366/4809
f 3192/1150/4568 3332/1316/4732 3383/1367/4810 3349/1333/4760
f 3199/1157/4575 3200/1158/4574 3383/1367/4810 3332/1316/4732
f 3383/1367/4810 3358/1342/4773 3197/1155/4572 3349/1333/4760
f 3200/1158/4574 3359/1343/4775 3358/1342/4773 3383/1367/4810
f 3198/1156/4573 3362/1346/4779 3359/1343/4775 3200/1158/4574
f 3198/1156/4573 3384/1368/4811 3367/1351/4787 3362/1346/4779
f 3371/1355/4792 3367/1351/4787 3384/1368/4811 3385/1369/4812
f 3385/1369/4812 3386/1370/4813 3375/1359/4798 3371/1355/4792
f 3384/1368/4811 3198/1156/4573 3199/1157/4575 3387/1371/4814
f 3385/1369/4812 3384/1368/4811 3387/1371/4814 3388/1372/4815
f 3389/1373/4816 3391/1375/4817 3390/1374/4818 3386/1370/4813
f 3392/1376/4819 3382/1366/4809 3390/1374/4818 3391/1375/4817
f 3392/1376/4819 3393/1377/4820 3381/1365/4806 3382/1366/4809
f 3381/1365/4806 3395/1379/4821 3394/1378/4822 3195/1153/4807
f 3380/1364/4823 3195/1153/4823 3394/1378/4824 3396/1380/4825
f 3395/1379/4821 3381/1365/4806 3393/1377/4820 3397/1381/4826
f 3323/1301/2312 3398/1382/2313 3316/1293/4710 3320/1297/4715
f 3399/1383/4827 3316/1293/4710 3398/1382/2313 3400/1384/2315
f 3399/1383/4827 3321/1298/4716 3317/1294/4711 3316/1293/4710
f 3387/1371/4814 3199/1157/4575 3321/1298/4716 3399/1383/4827
f 3401/1385/4828 3399/1383/4827 3400/1384/2315 1770/1386/2317
f 3402/1387/4829 3387/1371/4814 3399/1383/4827 3401/1385/4828
f 1770/1386/2319 1771/1389/2319 3403/1388/4830 3401/1385/4831
f 1771/1389/2322 3405/1391/2322 3404/1390/4832 3403/1388/4833
f 3402/1387/4834 3401/1385/4831 3403/1388/4830 3406/1392/4835
f 3403/1388/4833 3404/1390/4832 3407/1393/4836 3406/1392/4837
f 3406/1392/4835 3409/1395/4838 3408/1394/4839 3402/1387/4834
f 3406/1392/4837 3407/1393/4836 3410/1396/4840 3409/1395/4841
f 3405/1397/2333 1772/1400/2333 3411/1399/4842 3404/1398/4843
f 3404/1398/4843 3411/1399/4842 3412/1402/4844 3407/1401/4845
f 3410/1403/4846 3407/1401/4845 3412/1402/4844 3413/1404/4847
f 3414/1405/4848 3409/1395/4841 3410/1396/4840 3415/1406/4849
f 3408/1394/4839 3409/1395/4838 3414/1405/4850 3416/1407/4851
f 3415/1408/4852 3410/1403/4846 3413/1404/4847 3417/1409/4853
f 3418/1410/2346 3414/1405/4848 3415/1406/4849 1773/1411/2346
f 1773/1412/2347 3415/1408/4852 3417/1409/4853 1774/1413/2347
f 3416/1407/4851 3414/1405/4850 3418/1410/2348 1775/1414/2348
f 1776/1415/2349 3419/1416/4854 3416/1407/4855 1775/1414/2350
f 3420/1417/4856 3423/1420/4857 3422/1419/4858 3421/1418/4859
f 3208/1166/4584 3209/1167/4583 3423/1420/4857 3420/1417/4856
f 3389/1373/4816 3421/1418/4860 3424/1421/4861 3391/1375/4817
f 3422/1419/4858 3425/1422/4862 3424/1421/4863 3421/1418/4859
f 3392/1376/4819 3391/1375/4817 3424/1421/4861 3426/1423/4864
f 3424/1421/4861 3428/1425/4865 3427/1424/4866 3426/1423/4864
f 3428/1425/4867 3424/1421/4863 3425/1422/4862 3429/1426/4868
f 3393/1377/4820 3392/1376/4819 3426/1423/4864 3430/1427/4869
f 3427/1424/4866 3431/1428/4870 3430/1427/4869 3426/1423/4864
f 3430/1427/4869 3432/1429/4871 3397/1381/4826 3393/1377/4820
f 3433/1430/4872 3432/1429/4871 3430/1427/4869 3431/1428/4870
f 3201/1159/4576 3395/1379/4821 3397/1381/4826 3434/1431/4873
f 3435/1432/4874 3394/1378/4822 3395/1379/4821 3201/1159/4576
f 3432/1429/4871 3436/1433/4875 3434/1431/4873 3397/1381/4826
f 3437/1434/4876 3436/1433/4875 3432/1429/4871 3433/1430/4872
f 3203/1161/4577 3201/1159/4576 3434/1431/4873 3438/1435/4877
f 3202/1160/4578 3439/1436/4878 3435/1432/4874 3201/1159/4576
f 3438/1435/4877 3434/1431/4873 3436/1433/4875 3437/1434/4876
f 3435/1432/4879 3440/1437/4880 3396/1380/4825 3394/1378/4824
f 3440/1437/4880 3435/1432/4879 3439/1436/4881 3441/1438/4881
f 3441/1438/4882 3439/1436/4882 3202/1160/4882 3442/1439/4882
f 3203/1161/4883 3443/1440/4883 3442/1439/4883 3202/1160/4883
f 3444/1441/4884 3443/1440/4885 3203/1161/4885 3438/1435/4886
f 3445/1442/4887 3444/1441/4884 3438/1435/4886 3437/1434/4887
f 3446/1443/4888 3445/1442/4888 3437/1434/4888 3433/1430/4888
f 3447/1444/4889 3446/1443/4890 3433/1430/4890 3431/1428/4891
f 3448/1445/4892 3447/1444/4889 3431/1428/4891 3427/1424/4893
f 3449/1446/4894 3448/1445/4892 3427/1424/4893 3428/1425/4894
f 3428/1425/4895 3429/1426/4896 3450/1447/4897 3449/1446/4895
f 3429/1426/4868 3425/1422/4862 3452/1449/4898 3451/1448/4899
f 3450/1447/4897 3429/1426/4896 3451/1448/4900 3453/1450/4901
f 3425/1422/4862 3422/1419/4858 3454/1451/4902 3452/1449/4898
f 3455/1452/4903 3456/1453/4904 3453/1450/4901 3451/1448/4900
f 3457/1454/4905 3455/1452/4906 3204/1162/4579 3205/1163/4581
f 3456/1453/4904 3455/1452/4903 3457/1454/4907 3458/1455/4908
f 3210/1168/4585 3211/1169/4587 3457/1454/4905 3205/1163/4581
f 3459/1456/4909 3458/1455/4908 3457/1454/4907 3211/1169/4910
f 3423/1420/4857 3460/1457/4911 3454/1451/4902 3422/1419/4858
f 3423/1420/4857 3209/1167/4583 3461/1458/4912 3460/1457/4911
f 3209/1167/4583 3207/1165/4582 3462/1459/4913 3461/1458/4912
f 3454/1451/4902 3460/1457/4911 3463/1460/4914 3206/1164/4580
f 3460/1457/4911 3461/1458/4912 3464/1461/4915 3463/1460/4914
f 3461/1458/4912 3462/1459/4913 3465/1462/4916 3464/1461/4915
f 3210/1168/4585 3205/1163/4581 3206/1164/4580 3463/1460/4914
f 3210/1168/4585 3463/1460/4914 3464/1461/4915 3213/1171/4588
f 3464/1461/4915 3465/1462/4916 3216/1174/4591 3213/1171/4588
f 3213/1171/4588 3214/1172/4590 3212/1170/4586 3210/1168/4585
f 3211/1169/4910 3212/1170/4917 3466/1463/4918 3459/1456/4909
f 3214/1172/4919 3215/1173/4920 3468/1465/4920 3467/1464/4921
f 3216/1174/4922 3469/1466/4923 3468/1465/4924 3215/1173/4924
f 3465/1462/4925 3470/1467/4926 3469/1466/4923 3216/1174/4922
f 3462/1459/4927 3471/1468/4927 3470/1467/4926 3465/1462/4925
f 3472/1469/4928 3473/1470/4929 3218/1176/4930 3217/1175/4928
f 1777/1471/2428 1778/1473/2431 3474/1472/4931 3217/1175/4932
f 3217/1175/4933 3474/1472/4933 3475/1474/4933 3472/1469/4933
f 1779/1475/2433 3476/1476/4934 3474/1472/4931 1778/1473/2431
f 3476/1476/4935 3477/1477/4935 3475/1474/4935 3474/1472/4935
f 3478/1478/4936 3476/1476/4937 1779/1475/2438 1780/1479/2437
f 3478/1478/4938 3479/1480/4939 3477/1477/4940 3476/1476/4940
f 3480/1481/4941 3478/1478/4936 1780/1479/2437 1781/1482/2444
f 3479/1480/4939 3478/1478/4938 3480/1481/4942 3481/1483/4942
f 3480/1481/4941 1781/1482/2444 3483/1485/2447 3482/1484/4943
f 3480/1481/4944 3482/1484/4944 3485/1487/4945 3484/1486/4946
f 3484/1486/4947 3486/1488/4948 3481/1483/4949 3480/1481/4949
f 3482/1484/4950 3483/1485/2456 1782/1490/2456 3487/1489/4951
f 3482/1484/4950 3487/1489/4951 3488/1491/4952 3485/1487/4953
f 3484/1486/4946 3485/1487/4945 3490/1493/4954 3489/1492/4955
f 3489/1492/4956 3491/1494/4956 3486/1488/4948 3484/1486/4947
f 3492/1495/4957 3490/1493/4957 3485/1487/4953 3488/1491/4952
f 3493/1496/4958 3494/1497/4958 3489/1492/4955 3490/1493/4954
f 3491/1494/4959 3489/1492/4959 3494/1497/4959 3495/1498/4959
f 3490/1493/4960 3492/1495/4960 3496/1499/4960 3493/1496/4960
f 3493/1496/4961 3496/1499/4961 3495/1498/4961 3494/1497/4961
f 1772/1400/2467 1783/1501/2467 3497/1500/4962 3411/1399/4963
f 3411/1399/4963 3497/1500/4962 3498/1502/4964 3412/1402/4844
f 3413/1404/4847 3412/1402/4844 3498/1502/4964 3499/1503/4965
f 3417/1409/4966 3413/1404/4847 3499/1503/4965 3500/1504/4967
f 3417/1409/4966 3500/1504/4967 3501/1505/2474 1774/1413/2474
f 3502/1506/2475 3221/1179/4597 3497/1500/4968 1783/1501/2476
f 3219/1177/4596 3498/1502/4969 3497/1500/4968 3221/1179/4597
f 3222/1180/4598 3499/1503/4970 3498/1502/4969 3219/1177/4596
f 3223/1181/4599 3500/1504/4971 3499/1503/4970 3222/1180/4598
f 3223/1181/4599 1760/1507/2482 3501/1505/2481 3500/1504/4971
f 3467/1464/4921 3466/1463/4918 3212/1170/4917 3214/1172/4919
f 3462/1459/4972 3207/1165/4972 3503/1508/4972 3471/1468/4972
f 3207/1165/4973 3218/1176/4930 3473/1470/4929 3503/1508/4973
f 3266/1227/4974 3267/1228/4975 1763/1238/2114 3274/1235/4651
f 3278/1509/2487 1763/1238/2114 3267/1228/4975
f 3325/1304/4719 3311/1305/4718 1766/1510/2489 1769/1310/2488
f 3311/1288/4718 3310/1286/4976 1766/1287/2489
f 1776/1415/2349 1777/1471/2492 3217/1175/4977 3419/1416/4854
f 3217/1175/4977 3208/1166/4978 3419/1416/4854
f 3284/1251/4667 3193/1151/4567 3191/1149/4566 3338/1322/4741
f 3220/1178/2043 3221/1179/4597 3502/1506/2475
f 3285/1252/4666 3282/1249/4665 3268/1229/4642 3280/1247/4662
f 3282/1249/4665 3269/1230/4643 3268/1229/4642
f 3196/1154/4808 3376/1360/4979 3390/1374/4818 3382/1366/4809
f 3376/1360/4979 3372/1356/4799 3375/1359/4798 3390/1374/4818
f 3236/1195/4610 3178/1135/4609 3243/1202/4980 3256/1217/4981
f 3256/1217/4981 3243/1202/4980 3248/1207/4647 3257/1218/4646
f 3455/1452/4906 3451/1448/4899 3452/1449/4898 3204/1162/4579
f 3204/1162/4579 3452/1449/4898 3454/1451/4902 3206/1164/4580
f 3390/1374/4818 3375/1359/4798 3386/1370/4813
f 3504/1511/4982 3419/1416/4854 3208/1166/4978 3420/1417/4983
f 3388/1372/4815 3389/1373/4816 3386/1370/4813 3385/1369/4812
f 3504/1511/4982 3420/1417/4983 3421/1418/4860 3389/1373/4816
f 3505/1512/4984 3504/1511/4982 3389/1373/4816 3388/1372/4815
f 3505/1512/4984 3402/1387/4829 3408/1394/4985 3506/1513/4986
f 3387/1371/4814 3402/1387/4829 3505/1512/4984 3388/1372/4815
f 3505/1512/4984 3506/1513/4986 3419/1416/4854 3504/1511/4982
f 3506/1513/4986 3408/1394/4985 3416/1407/4855 3419/1416/4854
f 3220/1178/2043 1760/1507/2482 3223/1181/4599
f 3507/1135/4987 3509/1514/4988 3508/1137/4989
f 3510/1143/4990 3512/1515/2507 3511/1147/4991
f 3513/1144/4992 3514/1148/4993 3512/1515/2507
f 3379/1152/4994 3380/1153/4995 3515/1154/4996
f 3516/1516/4997 3512/1515/2507 3514/1148/4993
f 3517/1159/4998 3442/1160/4999 3443/1161/5000
f 3518/1517/5001 3520/1519/5002 3519/1518/5003
f 3503/1165/5004 3522/1520/5005 3521/1167/5006
f 3520/1519/5002 3459/1169/5007 3466/1170/5008
f 3523/1171/5009 3467/1172/5010 3468/1173/5011
f 3523/1171/5009 3468/1173/5011 3469/1174/5012
f 3472/1175/5013 3522/1520/5013 3473/1176/5013
f 3473/1176/5014 3522/1520/5014 3503/1165/5014
f 3241/1194/5015 3240/1195/5015 3507/1135/5015 3508/1137/5015
f 3242/1196/5016 3241/1194/5017 3508/1137/5017 3524/1197/5018
f 3524/1197/5019 3508/1137/4989 3509/1514/4988
f 3525/1202/5020 3526/1521/5021 3509/1514/4988 3507/1135/4987
f 3526/1521/5021 3525/1202/5020 3528/1523/5022 3527/1522/5023
f 3529/1524/2540 3509/1514/5024 3526/1521/5025 3530/1525/2541
f 3531/1210/5026 3524/1197/5018 3509/1514/5024 3529/1524/2540
f 3532/1213/2545 3531/1210/5026 3529/1524/2540
f 3526/1521/5025 3527/1522/5027 3533/1526/2546 3530/1525/2541
f 3260/1220/5028 3242/1196/5016 3524/1197/5018 3531/1210/5026
f 3262/1222/2549 3260/1220/5028 3531/1210/5026 3532/1213/2545
f 3528/1523/5022 3258/1218/5029 3271/1231/5030
f 3533/1526/2546 3527/1522/5027 3535/1528/5031 3534/1527/2552
f 3271/1231/5030 3333/1248/5032 3536/1249/5033 3528/1523/5022
f 3536/1249/5033 3538/1250/5034 3537/1529/5035 3535/1528/5036
f 3333/1248/5032 3334/1253/5037 3538/1250/5034 3536/1249/5033
f 1784/1530/2560 3534/1527/2552 3535/1528/5031 3539/1531/5038
f 3539/1531/5039 3535/1528/5036 3537/1529/5035
f 3540/1319/5040 3538/1250/5034 3334/1253/5037 3337/1320/5041
f 3538/1250/5034 3540/1319/5040 3541/1322/5042 3537/1529/5035
f 3337/1320/5041 3341/1323/5043 3542/1324/5044 3540/1319/5040
f 3511/1147/5045 3541/1322/5042 3540/1319/5040 3542/1324/5044
f 3341/1323/5043 3344/1326/5046 3543/1327/5047 3542/1324/5044
f 3542/1324/5044 3543/1327/5048 3511/1147/5045
f 3344/1326/5046 3346/1329/5049 3510/1143/4990 3543/1327/5047
f 3346/1329/5049 3348/1331/5050 3513/1144/4992 3510/1143/4990
f 3510/1143/4990 3513/1144/4992 3512/1515/2507
f 3537/1529/5035 3541/1322/5042 3511/1147/5045 3512/1515/5051
f 3539/1531/5039 3537/1529/5035 3512/1515/5051 3516/1516/5052
f 3348/1331/5050 3351/1334/5053 3514/1148/5054 3513/1144/4992
f 3351/1334/5053 3354/1336/5055 3544/1337/5056 3514/1148/5054
f 3544/1337/5056 3354/1336/5055 3357/1339/5057 3545/1340/5058
f 3544/1337/5059 3516/1516/4997 3514/1148/4993
f 3546/1532/5060 3516/1516/4997 3544/1337/5059 3545/1340/5061
f 3547/1344/5062 3545/1340/5058 3357/1339/5057 3363/1345/5063
f 3547/1344/5064 3546/1532/5060 3545/1340/5061
f 3548/1348/5065 3547/1344/5062 3363/1345/5063 3366/1349/5066
f 3546/1532/5060 3547/1344/5064 3548/1348/5067
f 3366/1349/5066 3370/1352/5068 3549/1353/5069 3548/1348/5065
f 3550/1533/5070 3546/1532/5070 3548/1348/5070 3549/1353/5070
f 3551/1356/5071 3549/1353/5069 3370/1352/5068 3374/1357/5072
f 3549/1353/5073 3551/1356/5074 3550/1533/5075
f 3552/1360/5076 3551/1356/5071 3374/1357/5072 3378/1361/5077
f 3378/1361/5077 3379/1152/4994 3515/1154/4996 3552/1360/5076
f 3380/1153/5078 3553/1534/5079 3515/1154/5080
f 3554/1535/5081 3539/1531/5039 3516/1516/5052 3546/1532/5082
f 3550/1533/5083 3555/1536/5084 3554/1535/5081 3546/1532/5082
f 3555/1536/5085 3550/1533/5086 3556/1374/5087
f 3557/1537/5088 3555/1536/5085 3556/1374/5087 3553/1534/5079
f 3553/1534/5079 3380/1153/5078 3396/1378/5089 3558/1379/5090
f 3558/1379/5090 3559/1381/5091 3557/1537/5088 3553/1534/5079
f 3560/1415/2615 1785/1540/2619 3562/1539/2618 3554/1535/5092 3561/1538/5093
f 3522/1520/5005 3564/1418/5094 3563/1541/5095
f 3521/1167/5006 3522/1520/5005 3563/1541/5095
f 3555/1536/5085 3565/1421/5096 3564/1418/5097
f 3563/1541/5098 3564/1418/5097 3565/1421/5096 3566/1422/5099
f 3557/1537/5088 3567/1542/5100 3565/1421/5096 3555/1536/5085
f 3565/1421/5096 3567/1542/5100 3448/1424/5101 3449/1425/5102
f 3449/1425/5103 3450/1426/5104 3566/1422/5099 3565/1421/5096
f 3448/1424/5101 3567/1542/5100 3447/1428/5105
f 3567/1542/5100 3557/1537/5088 3559/1381/5091 3568/1429/5106
f 3446/1430/5107 3447/1428/5105 3567/1542/5100 3568/1429/5106
f 3517/1159/4998 3569/1431/5108 3559/1381/5091 3558/1379/5090
f 3440/1432/5109 3517/1159/4998 3558/1379/5090 3396/1378/5089
f 3568/1429/5106 3559/1381/5091 3569/1431/5108 3570/1433/5110
f 3445/1434/5111 3446/1430/5107 3568/1429/5106 3570/1433/5110
f 3443/1161/5000 3444/1435/5112 3569/1431/5108 3517/1159/4998
f 3442/1160/4999 3517/1159/4998 3440/1432/5109 3441/1436/5113
f 3444/1435/5112 3445/1434/5111 3570/1433/5110 3569/1431/5108
f 3450/1426/5104 3453/1448/5114 3518/1517/5001 3566/1422/5099
f 3566/1422/5099 3518/1517/5001 3519/1518/5003 3563/1541/5098
f 3458/1454/5115 3520/1519/5002 3518/1517/5001 3456/1452/5116
f 3459/1169/5007 3520/1519/5002 3458/1454/5115
f 3563/1541/5098 3519/1518/5003 3571/1543/5117 3521/1167/5118
f 3521/1167/5118 3571/1543/5117 3471/1459/5119 3503/1165/5120
f 3571/1543/5117 3470/1462/5121 3471/1459/5119
f 3520/1519/5002 3523/1171/5009 3571/1543/5117 3519/1518/5003
f 3571/1543/5117 3523/1171/5009 3469/1174/5012 3470/1462/5121
f 3523/1171/5009 3520/1519/5002 3466/1170/5008 3467/1172/5010
f 3572/1471/2648 3472/1175/5122 3475/1472/5123 3573/1473/2649
f 1786/1475/2652 3573/1473/2649 3475/1472/5123 3477/1476/5124
f 3479/1478/5125 1787/1479/2657 1786/1475/2656 3477/1476/5126
f 3481/1481/5127 1788/1482/2659 1787/1479/2657 3479/1478/5125
f 3481/1481/5127 3487/1484/5128 1782/1485/2660 1788/1482/2659
f 3481/1481/5129 3486/1486/5129 3488/1487/5129 3487/1484/5129
f 3486/1486/5130 3491/1492/5131 3492/1493/5132 3488/1487/5130
f 3496/1496/5133 3492/1493/5132 3491/1492/5131 3495/1497/5133
f 3560/1415/2615 3561/1538/5093 3472/1175/5134 3572/1471/2667
f 3472/1175/5134 3561/1538/5093 3522/1520/5135
f 3535/1528/5036 3527/1522/5023 3536/1249/5033
f 3536/1249/5033 3527/1522/5023 3528/1523/5022
f 3515/1154/5080 3553/1534/5079 3556/1374/5087 3552/1360/5136
f 3552/1360/5137 3556/1374/5137 3550/1533/5075 3551/1356/5074
f 3240/1195/5138 3255/1217/5139 3525/1202/5020 3507/1135/4987
f 3255/1217/5139 3258/1218/5029 3528/1523/5022 3525/1202/5020
f 3456/1452/5116 3518/1517/5001 3453/1448/5114
f 3561/1538/5140 3555/1536/5084 3564/1418/5141 3522/1520/5141
f 3554/1535/5081 3555/1536/5084 3561/1538/5140
f 3562/1544/2618 1784/1530/2560 3539/1531/5038 3554/1535/5092
f 3511/1147/4991 3543/1327/5047 3510/1143/4990
f 3732/346/5142 3596/347/5143 3574/348/5144 3717/349/5145
f 3594/350/5146 3897/351/5147 3894/352/5148 3601/353/5149
f 3578/354/5150 3579/355/5151 3595/356/5152 3588/357/5153
f 3595/356/5152 3605/358/5154 3609/359/5155 3588/357/5153
f 3580/360/5156 3598/361/5157 3599/362/5158 3577/363/5159
f 3578/354/5150 3577/363/5159 3599/362/5158 3597/364/5160
f 3576/365/5161 3575/366/5162 3592/367/5163 3593/368/5164
f 3589/369/5165 3899/370/5166 3900/371/5167 3602/372/5168
f 3595/356/5152 3579/355/5151 3722/373/5169 3754/374/5170
f 3583/375/5171 3610/376/5172 3612/377/5173 3600/378/5174
f 3723/379/5175 3594/350/5146 3605/358/5154 3724/380/5176
f 3584/381/5177 3890/382/5178 3891/383/5179 3603/384/5180
f 3585/385/5181 3584/381/5177 3610/376/5172 3606/386/5182
f 3580/360/5156 3577/363/5159 3582/387/5183 3583/375/5171
f 3585/385/5181 3893/388/5184 3890/382/5178 3584/381/5177
f 3607/389/5185 3725/390/5186 3604/391/5187 3586/392/5188
f 3587/393/5189 3888/394/5190 3889/395/5191 3767/396/5192
f 3587/393/5189 3607/389/5185 3608/397/5193 3602/372/5168
f 3602/372/5168 3900/371/5167 3888/394/5190 3587/393/5189
f 3574/348/5144 3576/365/5161 3593/368/5164 3586/392/5188
f 3601/353/5149 3585/385/5181 3606/386/5182 3609/359/5155
f 3577/363/5159 3578/354/5150 3588/357/5153 3582/387/5183
f 3601/353/5149 3894/352/5148 3893/388/5184 3585/385/5181
f 3593/368/5164 3592/367/5163 3611/398/5194 3608/397/5193
f 3581/399/5195 3591/400/5196 3592/367/5163 3575/366/5162
f 3590/401/5197 3898/402/5198 3899/370/5166 3589/369/5165
f 3592/367/5163 3591/400/5196 3613/403/5199 3611/398/5194
f 3722/373/5169 3579/355/5151 3596/347/5143 3732/346/5142
f 3599/362/5158 3598/361/5157 3581/399/5195 3575/366/5162
f 3597/364/5160 3599/362/5158 3575/366/5162 3576/365/5161
f 3600/378/5174 3612/377/5173 3613/403/5199 3591/400/5196
f 3603/384/5180 3891/383/5179 3898/402/5198 3590/401/5197
f 3723/379/5175 3896/404/5200 3897/351/5147 3594/350/5146
f 3586/392/5188 3604/391/5187 3717/349/5145 3574/348/5144
f 3578/354/5150 3597/364/5160 3596/347/5143 3579/355/5151
f 3583/375/5171 3600/378/5174 3598/361/5157 3580/360/5156
f 3597/364/5160 3576/365/5161 3574/348/5144 3596/347/5143
f 3600/378/5174 3591/400/5196 3581/399/5195 3598/361/5157
f 3724/380/5176 3605/358/5154 3595/356/5152 3754/374/5170
f 3606/386/5182 3610/376/5172 3583/375/5171 3582/387/5183
f 3593/368/5164 3608/397/5193 3607/389/5185 3586/392/5188
f 3609/359/5155 3606/386/5182 3582/387/5183 3588/357/5153
f 3605/358/5154 3594/350/5146 3601/353/5149 3609/359/5155
f 3610/376/5172 3584/381/5177 3603/384/5180 3612/377/5173
f 3607/389/5185 3587/393/5189 3767/396/5192 3725/390/5186
f 3608/397/5193 3611/398/5194 3589/369/5165 3602/372/5168
f 3611/398/5194 3613/403/5199 3590/401/5197 3589/369/5165
f 3612/377/5173 3603/384/5180 3590/401/5197 3613/403/5199
f 3646/1545/5201 3614/1546/5202 3776/1547/5203 3777/1548/5204
f 3909/1549/5205 3907/1550/5206 3617/1551/5207 3616/1552/5208
f 3618/1553/5209 3619/1554/5210 3620/1555/5211 3621/1556/5212
f 3620/1555/5211 3654/1557/5213 3643/1558/5214 3621/1556/5212
f 3638/1559/5215 3653/1560/5216 3623/1561/5217 3622/1562/5218
f 3618/1553/5209 3622/1562/5218 3623/1561/5217 3624/1563/5219
f 3615/1564/5220 3625/1565/5221 3626/1566/5222 3627/1567/5223
f 3915/1568/5224 3916/1569/5225 3629/1570/5226 3628/1571/5227
f 3620/1555/5211 3619/1554/5210 3797/1572/5228 3726/1573/5229
f 3655/1574/5230 3656/1575/5231 3631/1576/5232 3630/1577/5233
f 3802/1578/5234 3616/1552/5208 3654/1557/5213 3718/1579/5235
f 3903/1580/5236 3904/1581/5237 3635/1582/5238 3634/1583/5239
f 3636/1584/5240 3634/1583/5239 3655/1574/5230 3637/1585/5241
f 3638/1559/5215 3622/1562/5218 3644/1586/5242 3630/1577/5233
f 3636/1584/5240 3906/1587/5243 3903/1580/5236 3634/1583/5239
f 3641/1588/5244 3727/1589/5245 3720/1590/5246 3639/1591/5247
f 3640/1592/5248 3901/1593/5249 3902/1594/5250 3811/1595/5251
f 3640/1592/5248 3641/1588/5244 3642/1596/5252 3629/1570/5226
f 3629/1570/5226 3916/1569/5225 3901/1593/5249 3640/1592/5248
f 3614/1546/5202 3615/1564/5220 3627/1567/5223 3639/1591/5247
f 3617/1551/5207 3636/1584/5240 3637/1585/5241 3643/1558/5214
f 3622/1562/5218 3618/1553/5209 3621/1556/5212 3644/1586/5242
f 3617/1551/5207 3907/1550/5206 3906/1587/5243 3636/1584/5240
f 3627/1567/5223 3626/1566/5222 3657/1597/5253 3642/1596/5252
f 3625/1565/5221 3632/1598/5254 3633/1599/5255 3626/1566/5222
f 3645/1600/5256 3914/1601/5257 3915/1568/5224 3628/1571/5227
f 3626/1566/5222 3633/1599/5255 3659/1602/5258 3657/1597/5253
f 3797/1572/5228 3619/1554/5210 3652/1603/5259 3728/1604/5260
f 3652/1603/5259 3624/1563/5219 3647/1605/5261 3646/1545/5201
f 3650/1606/5262 3632/1598/5254 3625/1565/5221 3648/1607/5263
f 3647/1605/5261 3648/1607/5263 3625/1565/5221 3615/1564/5220
f 3649/1608/5264 3658/1609/5265 3659/1602/5258 3633/1599/5255
f 3653/1560/5216 3631/1576/5232 3649/1608/5264 3650/1606/5262
f 3651/1610/5266 3913/1611/5267 3914/1601/5257 3645/1600/5256
f 3802/1578/5234 3908/1612/5268 3909/1549/5205 3616/1552/5208
f 3639/1591/5247 3720/1590/5246 3776/1547/5203 3614/1546/5202
f 3623/1561/5217 3653/1560/5216 3650/1606/5262 3648/1607/5263
f 3624/1563/5219 3623/1561/5217 3648/1607/5263 3647/1605/5261
f 3631/1576/5232 3656/1575/5231 3658/1609/5265 3649/1608/5264
f 3635/1582/5238 3904/1581/5237 3913/1611/5267 3651/1610/5266
f 3728/1604/5260 3652/1603/5259 3646/1545/5201 3777/1548/5204
f 3652/1603/5259 3619/1554/5210 3618/1553/5209 3624/1563/5219
f 3653/1560/5216 3638/1559/5215 3630/1577/5233 3631/1576/5232
f 3647/1605/5261 3615/1564/5220 3614/1546/5202 3646/1545/5201
f 3650/1606/5262 3649/1608/5264 3633/1599/5255 3632/1598/5254
f 3718/1579/5235 3654/1557/5213 3620/1555/5211 3726/1573/5229
f 3637/1585/5241 3655/1574/5230 3630/1577/5233 3644/1586/5242
f 3627/1567/5223 3642/1596/5252 3641/1588/5244 3639/1591/5247
f 3643/1558/5214 3637/1585/5241 3644/1586/5242 3621/1556/5212
f 3654/1557/5213 3616/1552/5208 3617/1551/5207 3643/1558/5214
f 3655/1574/5230 3634/1583/5239 3635/1582/5238 3656/1575/5231
f 3641/1588/5244 3640/1592/5248 3811/1595/5251 3727/1589/5245
f 3642/1596/5252 3657/1597/5253 3628/1571/5227 3629/1570/5226
f 3657/1597/5253 3659/1602/5258 3645/1600/5256 3628/1571/5227
f 3651/1610/5266 3645/1600/5256 3659/1602/5258 3658/1609/5265
f 3656/1575/5231 3635/1582/5238 3651/1610/5266 3658/1609/5265
f 3825/1613/5269 3660/1614/5270 3696/1615/5271 3729/1616/5272
f 3663/1617/5273 3934/1618/5274 3931/1619/5275 3664/1620/5276
f 3666/1621/5277 3667/1622/5278 3668/1623/5279 3665/1624/5280
f 3667/1622/5278 3712/1625/5281 3713/1626/5282 3668/1623/5279
f 3683/1627/5283 3702/1628/5284 3701/1629/5285 3669/1630/5286
f 3669/1630/5286 3701/1629/5285 3700/1631/5287 3665/1624/5280
f 3670/1632/5288 3671/1633/5289 3672/1634/5290 3662/1635/5291
f 3673/1636/5292 3923/1637/5293 3926/1638/5294 3674/1639/5295
f 3667/1622/5278 3666/1621/5277 3675/1640/5296 3676/1641/5297
f 3677/1642/5298 3715/1643/5299 3716/1644/5300 3703/1645/5301
f 3681/1646/5302 3929/1647/5303 3704/1648/5304
f 3683/1627/5283 3669/1630/5286 3688/1649/5305 3677/1642/5298
f 3682/1650/5306 3930/1651/5307 3929/1647/5303 3681/1646/5302
f 3684/1652/5308 3709/1653/5309 3710/1654/5310 3685/1655/5311
f 3686/1656/5312 3927/1657/5313 3919/1658/5314 3687/1659/5315
f 3926/1638/5294 3927/1657/5313 3686/1656/5312 3674/1639/5295
f 3662/1635/5291 3672/1634/5290 3684/1652/5308 3661/1660/5316
f 3665/1624/5280 3668/1623/5279 3688/1649/5305 3669/1630/5286
f 3931/1619/5275 3930/1651/5307 3682/1650/5306 3664/1620/5276
f 3671/1633/5289 3707/1661/5317 3708/1662/5318 3672/1634/5290
f 3679/1663/5319 3680/1664/5320 3671/1633/5289 3670/1632/5288
f 3689/1665/5321 3922/1666/5322 3923/1637/5293 3673/1636/5292
f 3680/1664/5320 3706/1667/5323 3707/1661/5317 3671/1633/5289
f 3871/1668/5324 3675/1640/5296 3698/1669/5325 3697/1670/5326
f 3694/1671/5327 3679/1663/5319 3670/1632/5288 3692/1672/5328
f 3691/1673/5329 3692/1672/5328 3670/1632/5288 3662/1635/5291
f 3921/1674/5330 3922/1666/5322 3689/1665/5321 3695/1675/5331
f 3932/1676/5332 3933/1677/5333 3678/1678/5334 3878/1679/5335
f 3684/1652/5308 3685/1655/5311 3696/1615/5271 3661/1660/5316
f 3665/1624/5280 3700/1631/5287 3699/1680/5336 3666/1621/5277
f 3683/1627/5283 3677/1642/5298 3703/1645/5301 3702/1628/5284
f 3691/1673/5329 3662/1635/5291 3661/1660/5316 3690/1681/5337
f 3694/1671/5327 3693/1682/5338 3680/1664/5320 3679/1663/5319
f 3878/1679/5335 3678/1678/5334 3711/1683/5339 3719/1684/5340
f 3682/1650/5306 3681/1646/5302 3715/1643/5299 3714/1685/5341
f 3684/1652/5308 3672/1634/5290 3708/1662/5318 3709/1653/5309
f 3682/1650/5306 3714/1685/5341 3713/1626/5282 3664/1620/5276
f 3660/1614/5270 3690/1681/5337 3661/1660/5316 3696/1615/5271
f 3675/1640/5296 3871/1668/5324 3884/1686/5342 3676/1641/5297
f 3710/1654/5310 3730/1687/5343 3731/1688/5344 3685/1655/5311
f 3919/1658/5314 3920/1689/2546 3721/1690/5345 3687/1659/5315
f 3666/1621/5277 3699/1680/5336 3698/1669/5325 3675/1640/5296
f 3933/1677/5333 3934/1618/5274 3663/1617/5273 3678/1678/5334
f 3685/1655/5311 3731/1688/5344 3729/1616/5272 3696/1615/5271
f 3678/1678/5334 3663/1617/5273 3712/1625/5281 3711/1683/5339
f 3702/1628/5284 3694/1671/5327 3692/1672/5328 3701/1629/5285
f 3701/1629/5285 3692/1672/5328 3691/1673/5329 3700/1631/5287
f 3704/1648/5346 3695/1675/5331 3705/1691/5347 3716/1644/5300
f 3929/1647/5348 3921/1674/5330 3695/1675/5331 3704/1648/5346
f 3660/1614/5270 3825/1613/5269 3697/1670/5326 3698/1669/5325
f 3700/1631/5287 3691/1673/5329 3690/1681/5337 3699/1680/5336
f 3693/1682/5338 3694/1671/5327 3702/1628/5284 3703/1645/5301
f 3690/1681/5337 3660/1614/5270 3698/1669/5325 3699/1680/5336
f 3676/1641/5297 3884/1686/5342 3719/1684/5340 3711/1683/5339
f 3715/1643/5299 3677/1642/5298 3688/1649/5305 3714/1685/5341
f 3688/1649/5305 3668/1623/5279 3713/1626/5282 3714/1685/5341
f 3667/1622/5278 3676/1641/5297 3711/1683/5339 3712/1625/5281
f 3680/1664/5320 3693/1682/5338 3705/1691/5347 3706/1667/5323
f 3693/1682/5338 3703/1645/5301 3716/1644/5300 3705/1691/5347
f 3663/1617/5273 3664/1620/5276 3713/1626/5282 3712/1625/5281
f 3715/1643/5299 3681/1646/5302 3704/1648/5346 3716/1644/5300
f 3709/1653/5309 3686/1656/5312 3687/1659/5315 3710/1654/5310
f 3707/1661/5317 3673/1636/5292 3674/1639/5295 3708/1662/5318
f 3706/1667/5323 3689/1665/5321 3673/1636/5292 3707/1661/5317
f 3705/1691/5347 3695/1675/5331 3689/1665/5321 3706/1667/5323
f 3708/1662/5318 3674/1639/5295 3686/1656/5312 3709/1653/5309
f 3710/1654/5310 3687/1659/5315 3721/1690/5345 3730/1687/5343
f 3732/346/5142 3717/349/5145 3734/348/5349 3733/347/5350
f 3735/350/5351 3736/353/5352 3941/352/5353 3943/351/5354
f 3737/354/5355 3740/357/5356 3739/356/5357 3738/355/5358
f 3739/356/5357 3740/357/5356 3742/359/5359 3741/358/5360
f 3743/360/5361 3746/363/5362 3745/362/5363 3744/361/5364
f 3737/354/5355 3747/364/5365 3745/362/5363 3746/363/5362
f 3748/365/5366 3751/368/5367 3750/367/5368 3749/366/5369
f 3752/369/5370 3753/372/5371 3946/371/5372 3944/370/5373
f 3739/356/5357 3754/374/5170 3722/373/5169 3738/355/5358
f 3755/375/5374 3758/378/5375 3757/377/5376 3756/376/5377
f 3723/379/5175 3724/380/5176 3741/358/5360 3735/350/5351
f 3759/381/5378 3760/384/5379 3940/383/5380 3937/382/5381
f 3761/385/5382 3762/386/5383 3756/376/5377 3759/381/5378
f 3743/360/5361 3755/375/5374 3763/387/5384 3746/363/5362
f 3761/385/5382 3759/381/5378 3937/382/5381 3938/388/5385
f 3764/389/5386 3765/392/5387 3604/391/5187 3725/390/5186
f 3766/393/5388 3767/396/5192 3889/395/5191 3935/394/5389
f 3766/393/5388 3753/372/5371 3768/397/5390 3764/389/5386
f 3753/372/5371 3766/393/5388 3935/394/5389 3946/371/5372
f 3734/348/5349 3765/392/5387 3751/368/5367 3748/365/5366
f 3736/353/5352 3742/359/5359 3762/386/5383 3761/385/5382
f 3746/363/5362 3763/387/5384 3740/357/5356 3737/354/5355
f 3736/353/5352 3761/385/5382 3938/388/5385 3941/352/5353
f 3751/368/5367 3768/397/5390 3769/398/5391 3750/367/5368
f 3770/399/5392 3749/366/5369 3750/367/5368 3771/400/5393
f 3772/401/5394 3752/369/5370 3944/370/5373 3945/402/5395
f 3750/367/5368 3769/398/5391 3773/403/5396 3771/400/5393
f 3722/373/5169 3732/346/5142 3733/347/5350 3738/355/5358
f 3745/362/5363 3749/366/5369 3770/399/5392 3744/361/5364
f 3747/364/5365 3748/365/5366 3749/366/5369 3745/362/5363
f 3758/378/5375 3771/400/5393 3773/403/5396 3757/377/5376
f 3760/384/5379 3772/401/5394 3945/402/5395 3940/383/5380
f 3723/379/5175 3735/350/5351 3943/351/5354 3896/404/5200
f 3765/392/5387 3734/348/5349 3717/349/5145 3604/391/5187
f 3737/354/5355 3738/355/5358 3733/347/5350 3747/364/5365
f 3755/375/5374 3743/360/5361 3744/361/5364 3758/378/5375
f 3747/364/5365 3733/347/5350 3734/348/5349 3748/365/5366
f 3758/378/5375 3744/361/5364 3770/399/5392 3771/400/5393
f 3724/380/5176 3754/374/5170 3739/356/5357 3741/358/5360
f 3762/386/5383 3763/387/5384 3755/375/5374 3756/376/5377
f 3751/368/5367 3765/392/5387 3764/389/5386 3768/397/5390
f 3742/359/5359 3740/357/5356 3763/387/5384 3762/386/5383
f 3741/358/5360 3742/359/5359 3736/353/5352 3735/350/5351
f 3756/376/5377 3757/377/5376 3760/384/5379 3759/381/5378
f 3764/389/5386 3725/390/5186 3767/396/5192 3766/393/5388
f 3768/397/5390 3753/372/5371 3752/369/5370 3769/398/5391
f 3769/398/5391 3752/369/5370 3772/401/5394 3773/403/5396
f 3757/377/5376 3773/403/5396 3772/401/5394 3760/384/5379
f 3774/1545/5397 3777/1548/5204 3776/1547/5203 3775/1546/5398
f 3954/1549/5399 3779/1552/5400 3778/1551/5401 3952/1550/5402
f 3780/1553/5403 3783/1556/5404 3782/1555/5405 3781/1554/5406
f 3782/1555/5405 3783/1556/5404 3785/1558/5407 3784/1557/5408
f 3786/1559/5409 3789/1562/5410 3788/1561/5411 3787/1560/5412
f 3780/1553/5403 3790/1563/5413 3788/1561/5411 3789/1562/5410
f 3791/1564/5414 3794/1567/5415 3793/1566/5416 3792/1565/5417
f 3957/1568/5418 3796/1571/5419 3795/1570/5420 3959/1569/5421
f 3782/1555/5405 3726/1573/5229 3797/1572/5228 3781/1554/5406
f 3798/1574/5422 3801/1577/5423 3800/1576/5424 3799/1575/5425
f 3802/1578/5234 3718/1579/5235 3784/1557/5408 3779/1552/5400
f 3949/1580/5426 3804/1583/5427 3803/1582/5428 3951/1581/5429
f 3805/1584/5430 3806/1585/5431 3798/1574/5422 3804/1583/5427
f 3786/1559/5409 3801/1577/5423 3807/1586/5432 3789/1562/5410
f 3805/1584/5430 3804/1583/5427 3949/1580/5426 3950/1587/5433
f 3808/1588/5434 3809/1591/5435 3720/1590/5246 3727/1589/5245
f 3810/1592/5436 3811/1595/5251 3902/1594/5250 3948/1593/5437
f 3810/1592/5436 3795/1570/5420 3812/1596/5438 3808/1588/5434
f 3795/1570/5420 3810/1592/5436 3948/1593/5437 3959/1569/5421
f 3775/1546/5398 3809/1591/5435 3794/1567/5415 3791/1564/5414
f 3778/1551/5401 3785/1558/5407 3806/1585/5431 3805/1584/5430
f 3789/1562/5410 3807/1586/5432 3783/1556/5404 3780/1553/5403
f 3778/1551/5401 3805/1584/5430 3950/1587/5433 3952/1550/5402
f 3794/1567/5415 3812/1596/5438 3813/1597/5439 3793/1566/5416
f 3792/1565/5417 3793/1566/5416 3815/1599/5440 3814/1598/5441
f 3816/1600/5442 3796/1571/5419 3957/1568/5418 3958/1601/5443
f 3793/1566/5416 3813/1597/5439 3817/1602/5444 3815/1599/5440
f 3797/1572/5228 3728/1604/5260 3818/1603/5445 3781/1554/5406
f 3818/1603/5445 3774/1545/5397 3819/1605/5446 3790/1563/5413
f 3820/1606/5447 3821/1607/5448 3792/1565/5417 3814/1598/5441
f 3819/1605/5446 3791/1564/5414 3792/1565/5417 3821/1607/5448
f 3822/1608/5449 3815/1599/5440 3817/1602/5444 3823/1609/5450
f 3787/1560/5412 3820/1606/5447 3822/1608/5449 3800/1576/5424
f 3824/1610/5451 3816/1600/5442 3958/1601/5443 3955/1611/5452
f 3802/1578/5234 3779/1552/5400 3954/1549/5399 3908/1612/5268
f 3809/1591/5435 3775/1546/5398 3776/1547/5203 3720/1590/5246
f 3788/1561/5411 3821/1607/5448 3820/1606/5447 3787/1560/5412
f 3790/1563/5413 3819/1605/5446 3821/1607/5448 3788/1561/5411
f 3800/1576/5424 3822/1608/5449 3823/1609/5450 3799/1575/5425
f 3803/1582/5428 3824/1610/5451 3955/1611/5452 3951/1581/5429
f 3728/1604/5260 3777/1548/5204 3774/1545/5397 3818/1603/5445
f 3818/1603/5445 3790/1563/5413 3780/1553/5403 3781/1554/5406
f 3787/1560/5412 3800/1576/5424 3801/1577/5423 3786/1559/5409
f 3819/1605/5446 3774/1545/5397 3775/1546/5398 3791/1564/5414
f 3820/1606/5447 3814/1598/5441 3815/1599/5440 3822/1608/5449
f 3718/1579/5235 3726/1573/5229 3782/1555/5405 3784/1557/5408
f 3806/1585/5431 3807/1586/5432 3801/1577/5423 3798/1574/5422
f 3794/1567/5415 3809/1591/5435 3808/1588/5434 3812/1596/5438
f 3785/1558/5407 3783/1556/5404 3807/1586/5432 3806/1585/5431
f 3784/1557/5408 3785/1558/5407 3778/1551/5401 3779/1552/5400
f 3798/1574/5422 3799/1575/5425 3803/1582/5428 3804/1583/5427
f 3808/1588/5434 3727/1589/5245 3811/1595/5251 3810/1592/5436
f 3812/1596/5438 3795/1570/5420 3796/1571/5419 3813/1597/5439
f 3813/1597/5439 3796/1571/5419 3816/1600/5442 3817/1602/5444
f 3824/1610/5451 3823/1609/5450 3817/1602/5444 3816/1600/5442
f 3799/1575/5425 3823/1609/5450 3824/1610/5451 3803/1582/5428
f 3825/1613/5269 3729/1616/5272 3827/1615/5453 3826/1614/5454
f 3828/1617/5455 3829/1620/5456 3971/1619/5457 3973/1618/5458
f 3830/1621/5459 3833/1624/5460 3832/1623/5461 3831/1622/5462
f 3831/1622/5462 3832/1623/5461 3835/1626/5463 3834/1625/5464
f 3836/1627/5465 3839/1630/5466 3838/1629/5467 3837/1628/5468
f 3839/1630/5466 3833/1624/5460 3840/1631/5469 3838/1629/5467
f 3841/1632/5470 3844/1635/5471 3843/1634/5472 3842/1633/5473
f 3845/1636/5474 3846/1639/5475 3967/1638/5476 3964/1637/5477
f 3831/1622/5462 3848/1641/5478 3847/1640/5479 3830/1621/5459
f 3849/1642/5480 3852/1645/5481 3851/1644/5482 3850/1643/5483
f 3853/1646/5484 3855/1648/5485 3854/1692/5486
f 3836/1627/5465 3849/1642/5480 3856/1649/5487 3839/1630/5466
f 3857/1650/5488 3853/1646/5484 3854/1692/5489 3970/1651/5490
f 3858/1652/5491 3861/1655/5492 3860/1654/5493 3859/1653/5494
f 3862/1656/5495 3863/1659/5496 3960/1658/5497 3969/1657/5498
f 3967/1638/5476 3846/1639/5475 3862/1656/5495 3969/1657/5498
f 3844/1635/5471 3864/1660/5499 3858/1652/5491 3843/1634/5472
f 3833/1624/5460 3839/1630/5466 3856/1649/5487 3832/1623/5461
f 3971/1619/5457 3829/1620/5456 3857/1650/5488 3970/1651/5490
f 3842/1633/5473 3843/1634/5472 3866/1662/5500 3865/1661/5501
f 3867/1663/5502 3841/1632/5470 3842/1633/5473 3868/1664/5503
f 3869/1665/5504 3845/1636/5474 3964/1637/5477 3965/1666/5505
f 3868/1664/5503 3842/1633/5473 3865/1661/5501 3870/1667/5506
f 3871/1668/5324 3697/1670/5326 3872/1669/5507 3847/1640/5479
f 3873/1671/5508 3874/1672/5509 3841/1632/5470 3867/1663/5502
f 3875/1673/5510 3844/1635/5471 3841/1632/5470 3874/1672/5509
f 3962/1674/5511 3876/1675/5512 3869/1665/5504 3965/1666/5505
f 3932/1676/5332 3878/1679/5335 3877/1678/5513 3972/1677/5514
f 3858/1652/5491 3864/1660/5499 3827/1615/5453 3861/1655/5492
f 3833/1624/5460 3830/1621/5459 3879/1680/5515 3840/1631/5469
f 3836/1627/5465 3837/1628/5468 3852/1645/5481 3849/1642/5480
f 3875/1673/5510 3880/1681/5516 3864/1660/5499 3844/1635/5471
f 3873/1671/5508 3867/1663/5502 3868/1664/5503 3881/1682/5517
f 3878/1679/5335 3719/1684/5340 3882/1683/5518 3877/1678/5513
f 3857/1650/5488 3883/1685/5519 3850/1643/5483 3853/1646/5484
f 3858/1652/5491 3859/1653/5494 3866/1662/5500 3843/1634/5472
f 3857/1650/5488 3829/1620/5456 3835/1626/5463 3883/1685/5519
f 3826/1614/5454 3827/1615/5453 3864/1660/5499 3880/1681/5516
f 3847/1640/5479 3848/1641/5478 3884/1686/5342 3871/1668/5324
f 3860/1654/5493 3861/1655/5492 3731/1688/5344 3730/1687/5343
f 3960/1658/5497 3863/1659/5496 3721/1690/5345 3920/1689/2546
f 3830/1621/5459 3847/1640/5479 3872/1669/5507 3879/1680/5515
f 3972/1677/5514 3877/1678/5513 3828/1617/5455 3973/1618/5458
f 3861/1655/5492 3827/1615/5453 3729/1616/5272 3731/1688/5344
f 3877/1678/5513 3882/1683/5518 3834/1625/5464 3828/1617/5455
f 3837/1628/5468 3838/1629/5467 3874/1672/5509 3873/1671/5508
f 3838/1629/5467 3840/1631/5469 3875/1673/5510 3874/1672/5509
f 3855/1648/5485 3851/1644/5482 3885/1691/5520 3876/1675/5512
f 3854/1692/5486 3855/1648/5485 3876/1675/5512 3962/1674/5511
f 3826/1614/5454 3872/1669/5507 3697/1670/5326 3825/1613/5269
f 3840/1631/5469 3879/1680/5515 3880/1681/5516 3875/1673/5510
f 3881/1682/5517 3852/1645/5481 3837/1628/5468 3873/1671/5508
f 3880/1681/5516 3879/1680/5515 3872/1669/5507 3826/1614/5454
f 3848/1641/5478 3882/1683/5518 3719/1684/5340 3884/1686/5342
f 3850/1643/5483 3883/1685/5519 3856/1649/5487 3849/1642/5480
f 3856/1649/5487 3883/1685/5519 3835/1626/5463 3832/1623/5461
f 3831/1622/5462 3834/1625/5464 3882/1683/5518 3848/1641/5478
f 3868/1664/5503 3870/1667/5506 3885/1691/5520 3881/1682/5517
f 3881/1682/5517 3885/1691/5520 3851/1644/5482 3852/1645/5481
f 3828/1617/5455 3834/1625/5464 3835/1626/5463 3829/1620/5456
f 3850/1643/5483 3851/1644/5482 3855/1648/5485 3853/1646/5484
f 3859/1653/5494 3860/1654/5493 3863/1659/5496 3862/1656/5495
f 3865/1661/5501 3866/1662/5500 3846/1639/5475 3845/1636/5474
f 3870/1667/5506 3865/1661/5501 3845/1636/5474 3869/1665/5504
f 3885/1691/5520 3870/1667/5506 3869/1665/5504 3876/1675/5512
f 3866/1662/5500 3859/1653/5494 3862/1656/5495 3846/1639/5475
f 3860/1654/5493 3730/1687/5343 3721/1690/5345 3863/1659/5496
f 3886/346/5521 3889/349/5522 3888/348/5523 3887/347/5524
f 3890/360/5525 3893/363/5526 3892/362/5527 3891/361/5528
f 3894/354/5529 3895/364/5530 3892/362/5531 3893/363/5532
f 3896/373/5533 3886/346/5534 3887/347/5535 3897/355/5536
f 3892/362/5537 3899/366/5538 3898/399/5539 3891/361/5540
f 3895/364/5541 3900/365/5542 3899/366/5543 3892/362/5544
f 3894/354/5545 3897/355/5546 3887/347/5547 3895/364/5548
f 3895/364/5549 3887/347/5550 3888/348/5551 3900/365/5552
f 3910/1693/5553 3911/1694/5554 3902/1547/5555 3901/1546/5556
f 3903/1559/5557 3906/1562/5558 3905/1695/5559 3904/1560/5560
f 3907/1553/5561 3912/1696/5562 3905/1695/5563 3906/1562/5564
f 3908/1572/5565 3911/1694/5566 3910/1693/5567 3909/1554/5568
f 3913/1606/5569 3905/1695/5570 3915/1565/5571 3914/1598/5572
f 3912/1696/5573 3916/1564/5574 3915/1565/5575 3905/1695/5576
f 3905/1695/5577 3913/1606/5578 3904/1560/5579
f 3910/1693/5580 3912/1696/5581 3907/1553/5582 3909/1554/5583
f 3912/1696/5584 3910/1693/5585 3901/1546/5586 3916/1564/5587
f 3917/1613/5588 3920/1616/5589 3919/1615/5590 3918/1614/5591
f 3921/1671/5592 3924/1672/5593 3923/1632/5594 3922/1663/5595
f 3925/1673/5596 3926/1635/5597 3923/1632/5598 3924/1672/5599
f 3925/1673/5600 3928/1681/5601 3927/1660/5602 3926/1635/5603
f 3918/1614/5604 3919/1615/5605 3927/1660/5606 3928/1681/5607
f 3929/1628/5608 3930/1629/5609 3924/1672/5610 3921/1671/5611
f 3930/1629/5612 3931/1631/5613 3925/1673/5614 3924/1672/5615
f 3918/1614/5616 3933/1669/5617 3932/1670/5618 3917/1613/5619
f 3931/1631/5620 3934/1680/5621 3928/1681/5622 3925/1673/5623
f 3928/1681/5624 3934/1680/5625 3933/1669/5626 3918/1614/5627
f 3886/346/5628 3936/347/5629 3935/348/5630 3889/349/5631
f 3937/360/5632 3940/361/5633 3939/362/5634 3938/363/5635
f 3941/354/5636 3938/363/5637 3939/362/5638 3942/364/5639
f 3896/373/5640 3943/355/5641 3936/347/5642 3886/346/5643
f 3939/362/5644 3940/361/5645 3945/399/5646 3944/366/5647
f 3942/364/5648 3939/362/5649 3944/366/5650 3946/365/5651
f 3941/354/5652 3942/364/5653 3936/347/5654 3943/355/5655
f 3942/364/5656 3946/365/5657 3935/348/5658 3936/347/5659
f 3947/1693/5660 3948/1546/5661 3902/1547/5662 3911/1694/5663
f 3949/1559/5664 3951/1560/5665 3956/1695/5666 3950/1562/5667
f 3952/1553/5668 3950/1562/5669 3956/1695/5670 3953/1696/5671
f 3908/1572/5672 3954/1554/5673 3947/1693/5674 3911/1694/5675
f 3955/1606/5676 3958/1598/5677 3957/1565/5678 3956/1695/5679
f 3953/1696/5680 3956/1695/5681 3957/1565/5682 3959/1564/5683
f 3951/1560/5684 3955/1606/5685 3956/1695/5686
f 3947/1693/5687 3954/1554/5688 3952/1553/5689 3953/1696/5690
f 3953/1696/5691 3959/1564/5692 3948/1546/5693 3947/1693/5694
f 3917/1613/5695 3961/1614/5696 3960/1615/5697 3920/1616/5698
f 3962/1671/5699 3965/1663/5700 3964/1632/5701 3963/1672/5702
f 3966/1673/5703 3963/1672/5704 3964/1632/5705 3967/1635/5706
f 3966/1673/5707 3967/1635/5708 3969/1660/5709 3968/1681/5710
f 3961/1614/5711 3968/1681/5712 3969/1660/5713 3960/1615/5714
f 3854/1628/5715 3962/1671/5716 3963/1672/5717 3970/1629/5718
f 3970/1629/5719 3963/1672/5720 3966/1673/5721 3971/1631/5722
f 3961/1614/5723 3917/1613/5724 3932/1670/5725 3972/1669/5726
f 3971/1631/5727 3966/1673/5728 3968/1681/5729 3973/1680/5730
f 3968/1681/5731 3961/1614/5732 3972/1669/5733 3973/1680/5734
