# Blender 4.5.1 LTS
# www.blender.org
mtllib Fly Saddle.mtl
o Fly_Saddle
v -0.364191 0.264681 0.044953
v -0.366082 0.249763 0.054845
v -0.338071 0.249210 0.058897
v -0.343285 0.265361 0.048236
v -0.335360 0.300524 0.033418
v -0.357006 0.300616 0.028814
v -0.350094 0.283293 0.038125
v -0.326275 0.283919 0.042540
v -0.305742 0.250628 0.063194
v -0.340082 0.233097 0.072768
v -0.307359 0.230623 0.076065
v -0.316514 0.266615 0.052017
v -0.385107 0.319284 0.019882
v -0.378215 0.302530 0.027013
v -0.363942 0.317179 0.020126
v -0.387941 0.327990 0.008849
v -0.387142 0.324178 0.014828
v -0.365046 0.322866 0.014961
v -0.365598 0.327608 0.009066
v -0.372284 0.283568 0.034689
v -0.371459 0.234799 0.067042
v -0.347119 0.320890 0.023331
v -0.347112 0.326065 0.016605
v -0.345086 0.330083 0.008906
v -0.366045 0.175398 0.129547
v -0.352779 0.173732 0.129979
v -0.353332 0.181422 0.123356
v -0.367197 0.179886 0.125881
v -0.101871 0.095195 0.189275
v -0.024300 0.091820 0.191197
v -0.021347 0.102984 0.185083
v -0.098252 0.106362 0.182594
v -0.163189 0.100650 0.185504
v -0.159957 0.112331 0.179163
v -0.224608 0.109295 0.178986
v -0.222784 0.120090 0.172641
v -0.273515 0.120227 0.170941
v -0.272264 0.128556 0.165412
v -0.362324 0.171815 0.132181
v -0.352536 0.168845 0.134270
v -0.220306 0.153651 0.145682
v -0.220035 0.170131 0.130332
v -0.271172 0.173730 0.125454
v -0.271478 0.163007 0.136140
v -0.156503 0.147213 0.152430
v -0.156193 0.165390 0.135881
v -0.093338 0.141981 0.156339
v -0.093581 0.161042 0.139758
v -0.021410 0.139226 0.156022
v -0.021787 0.157001 0.141850
v -0.316931 0.162920 0.139041
v -0.326578 0.170800 0.131744
v -0.327038 0.180282 0.123187
v -0.317348 0.190017 0.115364
v -0.337402 0.190264 0.115662
v -0.335537 0.165196 0.137337
v -0.353828 0.188989 0.117446
v -0.361854 0.187164 0.119503
v -0.365682 0.184174 0.122206
v -0.293856 0.126538 0.167178
v -0.221011 0.137732 0.159103
v -0.271549 0.146865 0.150692
v -0.157680 0.129721 0.166867
v -0.094143 0.124739 0.169949
v -0.022788 0.121999 0.170148
v -0.313980 0.152327 0.148083
v -0.306371 0.135112 0.161065
v -0.270528 0.184723 0.116590
v -0.219758 0.182758 0.121405
v -0.157280 0.179275 0.124800
v -0.094683 0.175970 0.128254
v -0.023308 0.174982 0.130924
v 0.282902 0.151204 0.141367
v 0.282967 0.155961 0.137107
v 0.267355 0.158064 0.134814
v 0.268891 0.150065 0.142362
v 0.049827 0.092402 0.192301
v 0.051374 0.103500 0.185403
v 0.105712 0.094583 0.191146
v 0.105793 0.105883 0.182460
v 0.160433 0.099909 0.186217
v 0.158744 0.110427 0.177550
v 0.206057 0.106460 0.181439
v 0.203068 0.113949 0.174109
v 0.270193 0.144903 0.146685
v 0.280008 0.147504 0.144434
v 0.150445 0.139340 0.150280
v 0.191618 0.143085 0.146034
v 0.187562 0.153808 0.135929
v 0.150735 0.152683 0.137665
v 0.103123 0.137142 0.153155
v 0.101324 0.152906 0.139629
v 0.045505 0.137422 0.154903
v 0.043243 0.154703 0.141428
v 0.233706 0.140643 0.150259
v 0.240963 0.148296 0.144190
v 0.238313 0.158158 0.135331
v 0.228887 0.169877 0.128235
v 0.248028 0.169313 0.128491
v 0.252745 0.141913 0.149061
v 0.266948 0.167287 0.130066
v 0.280595 0.161030 0.133603
v 0.276435 0.164700 0.131519
v 0.223781 0.110675 0.178012
v 0.197574 0.129244 0.159100
v 0.153282 0.125187 0.163670
v 0.103330 0.122279 0.167282
v 0.044679 0.121244 0.169453
v 0.234913 0.131240 0.158749
v 0.233506 0.117017 0.172357
v 0.186582 0.166455 0.127100
v 0.148906 0.166577 0.127380
v 0.098799 0.168826 0.129588
v 0.045164 0.171834 0.130427
v 0.347484 0.140141 0.151882
v 0.410554 0.140973 0.150911
v 0.398973 0.177774 0.126570
v 0.333782 0.174209 0.126140
v 0.457946 0.182576 0.134084
v 0.467264 0.141198 0.152599
v 0.507763 0.185014 0.138881
v 0.500115 0.212072 0.125064
v 0.448309 0.205523 0.119052
v 0.440782 0.225191 0.100897
v 0.494821 0.234812 0.107383
v 0.493987 0.251047 0.082716
v 0.435769 0.242300 0.078488
v 0.433986 0.253998 0.053260
v 0.495384 0.260110 0.054166
v 0.494801 0.266030 0.028489
v 0.433926 0.261316 0.028217
v 0.376263 0.214390 0.096391
v 0.382433 0.233345 0.074778
v 0.389151 0.247125 0.052352
v 0.388549 0.254997 0.027945
v 0.356385 0.191320 0.113350
v 0.327224 0.181972 0.119652
v 0.384544 0.195857 0.111685
v 0.283578 0.168159 0.119408
v 0.298644 0.134136 0.146909
v 0.297842 0.139291 0.152033
v 0.282379 0.173454 0.124425
v 0.348048 0.135190 0.146633
v 0.412946 0.136357 0.145435
v 0.472168 0.137476 0.146934
v 0.516958 0.137364 0.153702
v 0.511034 0.140750 0.159333
v 0.513738 0.180883 0.133581
v 0.506154 0.206852 0.120365
v 0.500718 0.228724 0.103463
v 0.499491 0.244444 0.079860
v 0.500389 0.252686 0.052435
v 0.499508 0.256779 0.027655
v 0.394499 0.239869 0.050183
v 0.390998 0.226891 0.072607
v 0.380916 0.208560 0.091942
v 0.368488 0.193796 0.102575
v 0.366389 0.199162 0.107480
v 0.358058 0.185878 0.108480
v 0.328969 0.176531 0.114785
v -0.524294 0.082890 0.172427
v -0.444091 0.063013 0.178508
v -0.410183 0.104378 0.164403
v -0.507499 0.121444 0.157976
v 0.116813 0.095167 0.174607
v 0.118000 0.049667 0.191325
v 0.227629 0.049711 0.186296
v 0.222709 0.095050 0.171499
v 0.338776 0.049945 0.178977
v 0.326733 0.095179 0.166813
v -0.434268 0.192651 0.109621
v -0.451342 0.175614 0.122958
v -0.358233 0.160089 0.121737
v -0.341833 0.177811 0.109402
v -0.473924 0.152564 0.138908
v -0.376699 0.136026 0.133893
v -0.307356 0.102587 0.167905
v -0.279644 0.145493 0.146353
v -0.265187 0.162732 0.132171
v 0.314909 0.137792 0.147063
v 0.215347 0.136804 0.149108
v 0.307552 0.156326 0.133910
v 0.210936 0.154338 0.134592
v 0.112739 0.168576 0.118319
v 0.114168 0.153668 0.135394
v 0.206030 0.169764 0.118230
v 0.115271 0.136470 0.150601
v 0.299212 0.172945 0.118882
v 0.402562 0.159004 0.133830
v 0.390927 0.177082 0.120401
v 0.419284 0.095015 0.162570
v 0.411661 0.139400 0.145586
v 0.514310 0.092911 0.164500
v 0.519537 0.135668 0.156069
v 0.523077 0.160916 0.147124
v 0.526719 0.184846 0.135631
v -0.379797 0.240867 0.040198
v -0.391181 0.231882 0.059234
v -0.305590 0.219965 0.060328
v -0.298736 0.229700 0.040978
v -0.217221 0.206452 0.084404
v -0.208649 0.220995 0.065710
v -0.314469 0.208252 0.078519
v -0.205568 0.231864 0.045238
v -0.203709 0.237878 0.022926
v -0.290296 0.240164 0.020605
v -0.061135 0.194931 0.081856
v 0.023557 0.193045 0.082425
v 0.024975 0.204309 0.063605
v -0.055341 0.205666 0.062988
v 0.109415 0.194469 0.083803
v 0.108064 0.206472 0.064823
v 0.270296 0.228035 0.047070
v 0.274791 0.217801 0.067936
v 0.360590 0.229058 0.071558
v 0.356229 0.239941 0.049450
v 0.532976 0.247949 0.079024
v 0.530833 0.255223 0.051766
v -0.071399 0.169489 0.116185
v -0.077467 0.155171 0.133380
v 0.017001 0.154065 0.135141
v 0.019246 0.168474 0.117595
v -0.083679 0.138673 0.148846
v -0.095387 0.097829 0.173704
v 0.010319 0.095989 0.175253
v 0.014803 0.137176 0.150744
v 0.290458 0.188931 0.103532
v 0.201038 0.184343 0.102034
v 0.111087 0.182247 0.101480
v 0.196229 0.197427 0.084897
v -0.202236 0.100123 0.171482
v -0.181599 0.142023 0.147997
v -0.160918 0.174511 0.116112
v -0.171294 0.159789 0.133235
v -0.249359 0.177841 0.116227
v -0.141461 0.196402 0.080669
v -0.151032 0.185954 0.098672
v -0.066206 0.182995 0.099455
v -0.232062 0.192585 0.100741
v -0.334988 0.055888 0.182279
v -0.104023 0.052137 0.189105
v -0.222028 0.053097 0.186766
v 0.418201 0.049203 0.171920
v 0.499665 0.047989 0.165945
v 0.005819 0.050096 0.192022
v -0.403861 0.221315 0.077383
v -0.418144 0.208272 0.094492
v -0.326747 0.194177 0.094936
v 0.021534 0.181485 0.100408
v 0.282124 0.203360 0.087040
v 0.379439 0.195768 0.106515
v 0.369066 0.212742 0.091091
v 0.530881 0.211062 0.121267
v 0.533489 0.232802 0.102811
v 0.191897 0.210124 0.065820
v 0.268422 0.233858 0.023817
v 0.187642 0.224995 0.022936
v 0.189042 0.219286 0.045418
v 0.107209 0.215341 0.044754
v -0.132109 0.209627 0.063038
v 0.497527 0.048400 0.155211
v 0.518889 0.086665 0.150065
v 0.526763 0.133610 0.142065
v 0.530295 0.157108 0.134026
v 0.533852 0.179376 0.123431
v 0.538569 0.203241 0.110563
v 0.541273 0.222886 0.093894
v 0.539369 0.236044 0.072486
v 0.535451 0.242011 0.047938
v 0.533205 0.244593 0.024046
v 0.529559 0.258407 0.025978
v 0.107065 0.050145 0.177295
v 0.215837 0.049473 0.174749
v 0.332683 0.051031 0.166167
v -0.433769 0.062052 0.165940
v -0.323589 0.055229 0.170522
v -0.214660 0.052619 0.174887
v -0.094783 0.052409 0.174797
v 0.406298 0.050838 0.162090
v 0.005033 0.050540 0.177595
v -0.359981 0.153618 0.135533
v -0.360051 0.153908 0.137097
v -0.344859 0.154895 0.137451
v -0.344222 0.154643 0.135900
v -0.358614 0.151604 0.138820
v -0.345266 0.152472 0.139131
v -0.357008 0.148724 0.137914
v -0.344591 0.149531 0.138203
v -0.356859 0.148185 0.135278
v -0.343512 0.149052 0.135588
v -0.358308 0.150511 0.133578
v -0.343116 0.151499 0.133931
v -0.359266 0.152225 0.134089
v -0.343507 0.153249 0.134456
v -0.329893 0.154516 0.138741
v -0.328697 0.154249 0.137238
v -0.332116 0.152138 0.140265
v -0.332360 0.149221 0.139257
v -0.330362 0.148719 0.136722
v -0.328150 0.151119 0.135221
v -0.327982 0.152855 0.135794
v -0.316172 0.152795 0.140880
v -0.314463 0.152464 0.139457
v -0.320061 0.150626 0.142144
v -0.321146 0.147815 0.141006
v -0.318306 0.147207 0.138602
v -0.314429 0.149398 0.137361
v -0.313748 0.151070 0.138013
v -0.304631 0.149850 0.143723
v -0.302491 0.149409 0.142406
v -0.309921 0.148038 0.144642
v -0.311714 0.145408 0.143329
v -0.308166 0.144620 0.141099
v -0.302888 0.146453 0.140203
v -0.301776 0.148015 0.140962
v -0.296057 0.145882 0.147075
v -0.293597 0.145293 0.145883
v -0.302387 0.144552 0.147587
v -0.304706 0.142165 0.146068
v -0.300633 0.141133 0.144044
v -0.294314 0.142485 0.143555
v -0.292882 0.143899 0.144439
v -0.291034 0.141161 0.150707
v -0.288386 0.140396 0.149651
v -0.297974 0.140404 0.150779
v -0.300601 0.138307 0.149037
v -0.296219 0.136985 0.147236
v -0.289291 0.137764 0.147188
v -0.287671 0.139002 0.148207
v -0.289904 0.136009 0.154374
v -0.287214 0.135051 0.153454
v -0.296981 0.135878 0.154000
v -0.299677 0.134096 0.152034
v -0.295227 0.132459 0.150457
v -0.288161 0.132612 0.150854
v -0.286499 0.133658 0.152010
v -0.292744 0.130777 0.157823
v -0.290161 0.129624 0.157033
v -0.299477 0.131281 0.157031
v -0.301999 0.129820 0.154853
v -0.297722 0.127862 0.153488
v -0.291001 0.127380 0.154304
v -0.289446 0.128230 0.155589
v -0.299362 0.125822 0.160822
v -0.297025 0.124483 0.160143
v -0.305291 0.126927 0.159665
v -0.307407 0.125770 0.157303
v -0.303537 0.123507 0.156122
v -0.297619 0.122425 0.157302
v -0.296310 0.123090 0.158699
v -0.309305 0.121480 0.163164
v -0.307340 0.119980 0.162573
v -0.314028 0.123112 0.161723
v -0.315534 0.122222 0.159218
v -0.312273 0.119693 0.158181
v -0.307562 0.118084 0.159645
v -0.306625 0.118586 0.161129
v -0.321897 0.118049 0.164691
v -0.320402 0.116421 0.164157
v -0.325091 0.120098 0.163065
v -0.325825 0.119418 0.160466
v -0.323336 0.116678 0.159522
v -0.320154 0.114652 0.161172
v -0.319687 0.115027 0.162713
v -0.336278 0.115762 0.165299
v -0.335320 0.114048 0.164787
v -0.337726 0.118088 0.163599
v -0.337578 0.117548 0.160962
v -0.335972 0.114669 0.160056
v -0.334535 0.112365 0.161779
v -0.334605 0.112654 0.163343
v -0.351470 0.114774 0.164945
v -0.351079 0.113024 0.164420
v -0.351074 0.117220 0.163288
v -0.349994 0.116741 0.160673
v -0.349320 0.113801 0.159745
v -0.349727 0.111377 0.161425
v -0.350364 0.111630 0.162977
v -0.366436 0.115154 0.163655
v -0.366604 0.113417 0.163082
v -0.364224 0.117554 0.162154
v -0.362226 0.117052 0.159619
v -0.362470 0.114135 0.158611
v -0.364693 0.111757 0.160135
v -0.365890 0.112024 0.161638
v -0.380157 0.116875 0.161515
v -0.380838 0.115202 0.160863
v -0.376280 0.119066 0.160275
v -0.373440 0.118458 0.157870
v -0.374525 0.115647 0.156732
v -0.378414 0.113478 0.157996
v -0.380123 0.113809 0.159419
v -0.391698 0.119820 0.158673
v -0.392810 0.118257 0.157914
v -0.386420 0.121653 0.157777
v -0.382872 0.120865 0.155547
v -0.384665 0.118234 0.154234
v -0.389955 0.116423 0.155153
v -0.392095 0.116864 0.156470
v -0.400273 0.123788 0.155321
v -0.401704 0.122373 0.154437
v -0.393953 0.125139 0.154832
v -0.389880 0.124108 0.152808
v -0.392199 0.121721 0.151289
v -0.398529 0.120391 0.151801
v -0.400989 0.120980 0.152993
v -0.405296 0.128508 0.151688
v -0.406915 0.127271 0.150669
v -0.398367 0.129287 0.151640
v -0.393985 0.127966 0.149839
v -0.396612 0.125868 0.148098
v -0.403553 0.125112 0.148169
v -0.406200 0.125877 0.149225
v -0.406425 0.133660 0.148022
v -0.408087 0.132615 0.146866
v -0.399359 0.133814 0.148419
v -0.394908 0.132176 0.146842
v -0.397605 0.130395 0.144876
v -0.404682 0.130264 0.144502
v -0.407372 0.131221 0.145422
v -0.403585 0.138892 0.144572
v -0.405140 0.138042 0.143287
v -0.396863 0.138411 0.145388
v -0.392587 0.136453 0.144023
v -0.395109 0.134992 0.141845
v -0.401842 0.135496 0.141053
v -0.404425 0.136649 0.141843
v -0.396967 0.143848 0.141574
v -0.398276 0.143183 0.140177
v -0.391049 0.142765 0.142754
v -0.387179 0.140503 0.141573
v -0.389295 0.139346 0.139211
v -0.395224 0.140451 0.138054
v -0.397560 0.141789 0.138733
v -0.387024 0.148189 0.139231
v -0.387961 0.147686 0.137747
v -0.382313 0.146579 0.140695
v -0.379052 0.144051 0.139658
v -0.380558 0.143160 0.137153
v -0.385281 0.144792 0.135712
v -0.387246 0.146293 0.136303
v -0.374432 0.151620 0.137704
v -0.374899 0.151245 0.136163
v -0.371250 0.149594 0.139354
v -0.368761 0.146855 0.138410
v -0.369495 0.146175 0.135811
v -0.372690 0.148224 0.134185
v -0.374184 0.149852 0.134719
v -0.341680 0.214343 0.085573
v -0.376960 0.219414 0.083482
v -0.389865 0.190251 0.109674
v -0.358329 0.185877 0.111728
v -0.308579 0.213479 0.088771
v -0.320262 0.180038 0.113314
v -0.350486 0.151077 0.140292
v -0.372782 0.148479 0.140522
v -0.369124 0.144982 0.137910
v -0.347905 0.148414 0.137750
v -0.327969 0.151565 0.143026
v -0.327286 0.147124 0.140287
v -0.391015 0.147320 0.142058
v -0.388634 0.143708 0.143487
v -0.371690 0.152721 0.137970
v -0.350122 0.155263 0.137010
v -0.327434 0.156330 0.140709
v -0.391997 0.148421 0.136390
v -0.392463 0.148660 0.137373
v -0.371797 0.153340 0.133628
v -0.371358 0.153074 0.132950
v -0.348410 0.155169 0.133288
v -0.348766 0.155434 0.133908
v -0.327875 0.156336 0.137450
v -0.327844 0.156298 0.136936
v -0.393463 0.149136 0.139003
v -0.373075 0.154243 0.135640
v -0.350003 0.156637 0.135949
v -0.327253 0.156871 0.139153
v -0.389982 0.170028 0.124843
v -0.360732 0.168588 0.121606
v -0.324174 0.167433 0.123875
v -0.388200 0.249288 0.047993
v -0.391728 0.235192 0.060792
v -0.368551 0.232959 0.064675
v -0.368603 0.248065 0.052858
v -0.258872 0.210825 0.094088
v -0.266142 0.227645 0.083333
v -0.308051 0.228813 0.075336
v -0.301736 0.211710 0.087495
v -0.281341 0.246647 0.068931
v -0.303091 0.263355 0.052803
v -0.328699 0.261562 0.050433
v -0.317248 0.246063 0.063140
v -0.402393 0.222840 0.078950
v -0.414123 0.209240 0.095545
v -0.377791 0.202963 0.094700
v -0.371958 0.218028 0.079634
v -0.298619 0.196804 0.098936
v -0.254382 0.196065 0.104569
v -0.358893 0.286333 0.034068
v -0.371028 0.285413 0.032498
v -0.373911 0.275256 0.035819
v -0.357622 0.275258 0.038539
v -0.340705 0.274540 0.042226
v -0.326155 0.275679 0.044089
v -0.395048 0.265107 0.037525
v -0.371520 0.263115 0.042377
v -0.392512 0.275357 0.033393
v -0.347020 0.285559 0.036703
v -0.351130 0.261827 0.046661
v -0.345217 0.246785 0.057989
v -0.341460 0.230708 0.069583
v -0.338854 0.214105 0.082471
v -0.339701 0.198793 0.096326
v -0.340986 0.180816 0.110918
v -0.385243 0.186306 0.110053
v -0.385626 0.185019 0.108025
v -0.340986 0.179981 0.108379
v -0.295811 0.179076 0.112501
v -0.295923 0.178151 0.109959
v -0.388200 0.248452 0.045421
v -0.393419 0.233217 0.059503
v -0.257877 0.209808 0.091317
v -0.265549 0.226696 0.080803
v -0.281289 0.245809 0.066370
v -0.303091 0.262520 0.049987
v -0.347468 0.284780 0.034055
v -0.358893 0.285497 0.031528
v -0.431876 0.194617 0.110655
v -0.415120 0.207457 0.093836
v -0.432829 0.192629 0.109425
v -0.253613 0.195185 0.101896
v -0.389104 0.280265 0.032022
v -0.389104 0.279429 0.029482
v -0.392512 0.274522 0.030854
v -0.324893 0.274270 0.041951
v -0.395048 0.264272 0.034985
v -0.403453 0.221196 0.077564
v -0.248937 0.180626 0.116950
v -0.248926 0.179646 0.114391
v -0.365407 0.262315 0.043050
v -0.366880 0.248478 0.052240
v -0.306546 0.249342 0.060446
v -0.317731 0.264249 0.050072
v -0.379801 0.301593 0.024435
v -0.373261 0.282213 0.032249
v -0.327252 0.282565 0.040110
v -0.331454 0.298648 0.030597
v -0.372287 0.233416 0.064329
v -0.307309 0.211363 0.085424
v -0.308181 0.229241 0.073507
v -0.387771 0.324594 0.008631
v -0.386602 0.318127 0.017421
v -0.344066 0.316237 0.019652
v -0.387511 0.321717 0.013347
v -0.346532 0.321274 0.013016
v -0.377696 0.217428 0.081376
v -0.392937 0.188808 0.108173
v -0.327493 0.151392 0.140840
v -0.327622 0.152803 0.140254
v -0.384507 0.140912 0.141254
v -0.389037 0.144148 0.141224
v -0.384426 0.141495 0.137773
v -0.326821 0.148546 0.136157
v -0.368971 0.145647 0.133761
v -0.348255 0.148349 0.134281
v -0.389397 0.145771 0.139824
v -0.327685 0.153790 0.139321
v -0.389706 0.146342 0.134429
v -0.389845 0.145804 0.136360
v -0.323410 0.165758 0.122464
v -0.317827 0.178346 0.112024
v -0.389615 0.146683 0.139068
v -0.327681 0.154460 0.137794
v -0.327582 0.154732 0.135302
v -0.391117 0.168170 0.123109
v -0.451305 0.167735 0.113389
v -0.472507 0.146061 0.128479
v -0.503022 0.117752 0.146188
v -0.395568 0.219801 0.054437
v -0.407313 0.210026 0.071240
v -0.420551 0.197958 0.087061
v -0.435479 0.183505 0.101052
v -0.367450 0.251224 0.020125
v -0.373530 0.237757 0.018292
v -0.384971 0.228151 0.036790
v -0.101295 0.092482 0.185653
v -0.023374 0.089113 0.187431
v -0.163269 0.097919 0.182096
v -0.225194 0.106552 0.175546
v -0.273908 0.117493 0.167195
v -0.306765 0.132378 0.157319
v -0.294250 0.123804 0.163432
v -0.314373 0.149593 0.144338
v -0.366438 0.172665 0.125801
v -0.362717 0.169081 0.128435
v -0.352929 0.166111 0.130524
v -0.335930 0.162462 0.133591
v -0.367591 0.177152 0.122135
v -0.366075 0.181440 0.118460
v -0.362248 0.184430 0.115757
v -0.317324 0.160186 0.135295
v -0.023737 0.172357 0.127441
v -0.095077 0.173236 0.124508
v -0.157673 0.176541 0.121054
v -0.220152 0.180024 0.117659
v -0.270921 0.181989 0.112844
v -0.317741 0.187284 0.111618
v -0.337796 0.187530 0.111916
v -0.354221 0.186255 0.113700
v 0.282570 0.148376 0.137873
v 0.282633 0.153286 0.133704
v 0.050785 0.089615 0.188357
v 0.106400 0.091874 0.187079
v 0.160603 0.097254 0.182096
v 0.205858 0.103434 0.177073
v 0.279675 0.144567 0.140868
v 0.269865 0.141879 0.143088
v 0.247712 0.166231 0.124924
v 0.228575 0.166710 0.124631
v 0.233390 0.137436 0.146610
v 0.252425 0.138785 0.145440
v 0.266630 0.164334 0.126566
v 0.276115 0.161833 0.128062
v 0.280270 0.158239 0.130170
v 0.223443 0.107567 0.173711
v 0.233037 0.113793 0.168081
v 0.234529 0.127977 0.154984
v 0.186261 0.163166 0.123378
v 0.148574 0.163314 0.123612
v 0.098497 0.165882 0.126180
v 0.044596 0.169287 0.127109
v -0.200615 -0.068675 0.191049
v -0.168833 -0.097858 0.189669
v -0.118016 -0.115630 0.189618
v -0.117820 -0.073666 0.190477
v -0.035027 -0.121629 0.189618
v -0.035027 -0.074664 0.190477
v 0.047962 -0.115630 0.189618
v 0.047766 -0.073666 0.190477
v 0.100268 -0.098415 0.189480
v 0.130561 -0.068675 0.191049
v -0.205982 -0.027317 0.197069
v -0.115171 -0.029615 0.196436
v -0.035027 -0.030233 0.196435
v 0.045117 -0.029615 0.196436
v 0.135928 -0.027317 0.197069
v -0.182478 0.050442 0.195094
v -0.192611 0.015077 0.198306
v -0.111070 0.014192 0.197744
v -0.108443 0.050404 0.194545
v -0.034543 0.013960 0.197762
v -0.034411 0.050420 0.194552
v 0.041985 0.014192 0.197744
v 0.039622 0.050404 0.194545
v 0.123526 0.015077 0.198306
v 0.113657 0.050442 0.195094
v -0.174175 0.126228 0.164337
v -0.176141 0.099111 0.177744
v -0.104029 0.097147 0.177711
v -0.104595 0.125759 0.163339
v -0.032231 0.097146 0.177501
v -0.035027 0.125760 0.163342
v 0.039566 0.097129 0.177282
v 0.034540 0.125759 0.163339
v 0.111065 0.099075 0.176886
v 0.104120 0.126228 0.161469
v -0.520107 0.078600 0.162541
v -0.200615 -0.069198 0.187495
v -0.195276 -0.069509 0.187531
v -0.168864 -0.097182 0.186203
v -0.168833 -0.098381 0.186115
v -0.117820 -0.074021 0.188066
v -0.035027 -0.075019 0.188066
v -0.035027 -0.118339 0.186226
v -0.118000 -0.112563 0.186226
v 0.047766 -0.074020 0.188066
v 0.047946 -0.112562 0.186226
v 0.123235 -0.069625 0.187545
v 0.097505 -0.097634 0.186204
v -0.205983 -0.027841 0.193515
v -0.200127 -0.027978 0.193548
v -0.115171 -0.029970 0.194025
v -0.035027 -0.030588 0.194024
v 0.045117 -0.029970 0.194025
v 0.127893 -0.028029 0.193560
v -0.182478 0.049918 0.191540
v -0.177704 0.049927 0.191578
v -0.187353 0.014508 0.194789
v -0.192611 0.014554 0.194752
v -0.108443 0.050049 0.192133
v -0.034411 0.050065 0.192141
v -0.034543 0.013605 0.195351
v -0.111070 0.013837 0.195333
v 0.039622 0.050049 0.192133
v 0.041985 0.013837 0.195333
v 0.107106 0.049930 0.191593
v 0.116310 0.014491 0.194803
v -0.174175 0.123280 0.158087
v -0.169689 0.123311 0.158152
v -0.172046 0.098388 0.174277
v -0.176708 0.098502 0.174206
v -0.104595 0.123759 0.159099
v -0.035027 0.123760 0.159102
v -0.032615 0.096733 0.175101
v -0.104413 0.096733 0.175311
v 0.034540 0.123759 0.159099
v 0.039182 0.096715 0.174882
v 0.097964 0.123323 0.155309
v 0.104189 0.098310 0.173484
v -0.118016 -0.116153 0.186064
v -0.035027 -0.122152 0.186064
v 0.110499 0.098465 0.173348
v 0.104120 0.123280 0.155219
v 0.113657 0.049919 0.191540
v 0.123526 0.014554 0.194752
v 0.135929 -0.027840 0.193515
v 0.130561 -0.069198 0.187495
v 0.100268 -0.098938 0.185926
v 0.047962 -0.116153 0.186064
v -0.343667 0.155144 0.134357
v -0.360333 0.154061 0.133969
v -0.327248 0.154727 0.135772
v -0.312195 0.152840 0.138119
v -0.299534 0.149609 0.141237
v -0.290127 0.145256 0.144915
v -0.284617 0.140077 0.148900
v -0.283377 0.134425 0.152922
v -0.286494 0.128685 0.156707
v -0.293754 0.123248 0.159996
v -0.304662 0.118485 0.162566
v -0.318475 0.114721 0.164241
v -0.334253 0.112212 0.164907
v -0.350919 0.111129 0.164519
v -0.367338 0.111545 0.163104
v -0.382391 0.113433 0.160757
v -0.395052 0.116664 0.157639
v -0.404458 0.121017 0.153961
v -0.409969 0.126196 0.149976
v -0.411209 0.131848 0.145954
v -0.408092 0.137588 0.142169
v -0.400832 0.143024 0.138880
v -0.389924 0.147787 0.136310
v -0.376110 0.151551 0.134635
v -0.155263 -0.230848 0.243805
v -0.140099 -0.232608 0.243928
v -0.126071 -0.226526 0.244193
v -0.141123 -0.225100 0.243890
v -0.143097 -0.215841 0.243908
v -0.127737 -0.215872 0.244604
v -0.140637 -0.192827 0.244049
v -0.155798 -0.192798 0.242737
v -0.146415 -0.169772 0.242547
v -0.161246 -0.169776 0.240691
v -0.152109 -0.146749 0.240948
v -0.166485 -0.146822 0.238633
v -0.157671 -0.123804 0.239727
v -0.171468 -0.123984 0.237025
v -0.163053 -0.100966 0.238656
v -0.176155 -0.101293 0.235613
v -0.168210 -0.078269 0.237632
v -0.180503 -0.078777 0.234230
v -0.173097 -0.055744 0.236305
v -0.184477 -0.056466 0.232527
v -0.177673 -0.033433 0.234160
v -0.188044 -0.034395 0.230044
v -0.183211 -0.011891 0.229932
v -0.191753 -0.013108 0.225307
v -0.192117 0.008360 0.222838
v -0.196949 0.007014 0.217588
v -0.197959 0.028480 0.215487
v -0.199577 0.026982 0.209727
v -0.197084 0.048210 0.207579
v -0.198433 0.046484 0.202085
v -0.199847 0.067233 0.198537
v -0.202280 0.065171 0.193115
v -0.206110 0.086169 0.188071
v -0.206953 0.084044 0.183008
v -0.207166 0.106383 0.174989
v -0.205832 0.104171 0.170200
v -0.202806 0.125898 0.162440
v -0.199700 0.123833 0.159282
v -0.137289 -0.231493 0.182285
v -0.121067 -0.227000 0.183254
v -0.115950 -0.213210 0.185166
v -0.117426 -0.191579 0.188057
v -0.111978 -0.169900 0.190524
v -0.106740 -0.148247 0.193041
v -0.101756 -0.126671 0.195778
v -0.097070 -0.105132 0.198317
v -0.092722 -0.083592 0.200385
v -0.088747 -0.062020 0.201849
v -0.085182 -0.040396 0.202796
v -0.082054 -0.018718 0.203089
v -0.079393 0.003007 0.202608
v -0.077276 0.024827 0.202138
v -0.076072 0.046247 0.200425
v -0.076834 0.064745 0.195226
v -0.079304 0.080722 0.188714
v -0.081274 0.097049 0.180705
v -0.081206 0.117252 0.172013
v -0.152558 -0.229733 0.182162
v -0.136119 -0.225574 0.182952
v -0.131310 -0.213179 0.184471
v -0.132587 -0.191550 0.186742
v -0.126809 -0.169904 0.188654
v -0.121115 -0.148319 0.190697
v -0.115553 -0.126846 0.193019
v -0.110171 -0.105444 0.195167
v -0.105015 -0.084078 0.196868
v -0.100128 -0.062713 0.197953
v -0.095552 -0.041327 0.198554
v -0.091327 -0.019906 0.198554
v -0.087476 0.001551 0.197836
v -0.083978 0.023115 0.197179
v -0.081551 0.044284 0.195389
v -0.080896 0.062719 0.190196
v -0.081764 0.078783 0.183608
v -0.082051 0.095066 0.175547
v -0.080339 0.115262 0.168518
v -0.124273 -0.227313 0.243717
v -0.109568 -0.225291 0.243984
v -0.110432 -0.215872 0.244604
v -0.125792 -0.215841 0.243908
v -0.124025 -0.192827 0.244049
v -0.139185 -0.192798 0.242737
v -0.130679 -0.170520 0.242038
v -0.145510 -0.170524 0.240182
v -0.135190 -0.146749 0.241771
v -0.149566 -0.146822 0.239455
v -0.105020 -0.224666 0.182015
v -0.097143 -0.213210 0.185166
v -0.100814 -0.191579 0.188057
v -0.096242 -0.170648 0.190015
v -0.089821 -0.148247 0.193864
v -0.119725 -0.226688 0.181749
v -0.112503 -0.213179 0.184471
v -0.115974 -0.191550 0.186742
v -0.111073 -0.170652 0.188145
v -0.104196 -0.148319 0.191520
v -0.158632 -0.237086 0.181650
v -0.158894 -0.238076 0.243682
v -0.143203 -0.237086 0.181666
v -0.143465 -0.238077 0.243698
v -0.106921 -0.231338 0.181473
v -0.109331 -0.232859 0.243700
v -0.092041 -0.228960 0.181570
v -0.094464 -0.230499 0.243777
v -0.153672 -0.244839 0.181506
v -0.153404 -0.245759 0.243537
v -0.141497 -0.242038 0.181557
v -0.141213 -0.242952 0.243588
v -0.100260 -0.238076 0.243682
v -0.099998 -0.237086 0.181650
v -0.100801 -0.241762 0.181576
v -0.101641 -0.242426 0.243608
v -0.084569 -0.237086 0.181666
v -0.088692 -0.245248 0.181584
v -0.084831 -0.238077 0.243698
v -0.089503 -0.245914 0.243616
v -0.142820 -0.250113 0.181528
v -0.136250 -0.245407 0.181544
v -0.106207 -0.245094 0.181528
v -0.101259 -0.250778 0.181544
v -0.135428 -0.246198 0.243576
v -0.107419 -0.245532 0.243560
v -0.141997 -0.250903 0.243560
v -0.102472 -0.251217 0.243576
v -0.110375 -0.245346 0.160329
v -0.128034 -0.245346 0.160329
v -0.136864 -0.238648 0.160329
v -0.128035 -0.231950 0.160329
v -0.110375 -0.231950 0.160329
v -0.101545 -0.238648 0.160329
v -0.110375 -0.231951 0.269723
v -0.101545 -0.238648 0.269723
v -0.128035 -0.231951 0.269723
v -0.136864 -0.238648 0.269723
v -0.128035 -0.245346 0.269723
v -0.110375 -0.245346 0.269723
v -0.181652 -0.323775 0.280000
v -0.181652 -0.345264 0.274557
v -0.052862 -0.345264 0.274557
v -0.052862 -0.323775 0.280000
v -0.060027 -0.280289 0.276527
v -0.174488 -0.280289 0.276527
v -0.070078 -0.218901 0.257323
v -0.164438 -0.218901 0.257323
v -0.052862 -0.360000 0.245031
v -0.181652 -0.360000 0.245031
v -0.181921 -0.359634 0.215542
v -0.053131 -0.359634 0.215542
v -0.052862 -0.336883 0.267102
v -0.181652 -0.336883 0.267102
v -0.181652 -0.322517 0.269935
v -0.052862 -0.322517 0.269935
v -0.174488 -0.283137 0.266680
v -0.060027 -0.283137 0.266680
v -0.164438 -0.223338 0.247876
v -0.070078 -0.223338 0.247876
v -0.181921 -0.347237 0.215542
v -0.181652 -0.347822 0.243137
v -0.052862 -0.347822 0.243137
v -0.053131 -0.347237 0.215542
v 0.388766 0.248183 0.001200
v 0.393828 0.245835 0.026823
v 0.384927 0.255188 0.001949
v 0.493824 0.265248 0.001975
v 0.496540 0.257766 0.001200
v 0.435275 0.253928 0.001200
v 0.435257 0.261569 0.001962
v 0.025631 0.212772 0.043844
v -0.050974 0.213327 0.043061
v -0.125568 0.220642 0.044509
v 0.355089 0.245650 0.025023
v 0.025781 0.218338 0.022120
v 0.106766 0.220965 0.022591
v -0.049146 0.218415 0.021701
v -0.122587 0.227031 0.022637
v -0.385571 0.282767 0.031615
v -0.379278 0.284162 0.031954
v -0.379278 0.283326 0.029414
v -0.385571 0.281932 0.029076
v -0.371028 0.284577 0.029958
v -0.334770 0.282339 0.039844
v -0.330222 0.279217 0.041902
v -0.329624 0.278138 0.039552
v -0.334836 0.281590 0.037282
v -0.339939 0.283949 0.038252
v -0.340196 0.283185 0.035647
v -0.053401 -0.323775 0.151085
v -0.053401 -0.345264 0.156527
v -0.182190 -0.345264 0.156527
v -0.182190 -0.323775 0.151085
v -0.175027 -0.280289 0.154558
v -0.060565 -0.280289 0.154558
v -0.164976 -0.218901 0.173762
v -0.070616 -0.218901 0.173762
v -0.182190 -0.360000 0.186054
v -0.053401 -0.360000 0.186054
v -0.182191 -0.336882 0.163982
v -0.053401 -0.336882 0.163982
v -0.053401 -0.322517 0.161150
v -0.182191 -0.322517 0.161150
v -0.060565 -0.283137 0.164405
v -0.175027 -0.283137 0.164405
v -0.070616 -0.223338 0.183209
v -0.164976 -0.223338 0.183209
v -0.053401 -0.347822 0.187948
v -0.182191 -0.347822 0.187948
v -0.002290 -0.109765 0.182057
v -0.128640 -0.109023 0.177508
v -0.130976 -0.159122 0.162089
v -0.002562 -0.159705 0.167682
v -0.134432 -0.202262 0.139403
v -0.005744 -0.200054 0.142573
v -0.154955 -0.268002 0.079720
v -0.016519 -0.265403 0.080502
v -0.010538 -0.235603 0.113873
v -0.142660 -0.237845 0.112079
v -0.167856 -0.288165 0.041160
v -0.021885 -0.284072 0.041083
v -0.113237 -0.006494 0.191280
v -0.122269 -0.058562 0.187101
v -0.000555 -0.059568 0.189993
v 0.003924 -0.007859 0.192073
v -0.079569 0.128780 0.140757
v -0.084308 0.110973 0.159017
v 0.017785 0.109118 0.160481
v 0.019618 0.127374 0.142578
v -0.089338 0.092121 0.173519
v -0.095738 0.070581 0.182637
v 0.012463 0.068445 0.183851
v 0.015789 0.089957 0.174741
v -0.102199 0.046917 0.187815
v 0.008994 0.044902 0.189065
v -0.127587 -0.107750 0.173653
v -0.130040 -0.156974 0.158489
v -0.134028 -0.199297 0.136259
v -0.142705 -0.234318 0.109382
v -0.155320 -0.263848 0.077724
v -0.168449 -0.283673 0.039895
v -0.079513 0.125381 0.137940
v -0.084252 0.107976 0.155888
v -0.089263 0.089550 0.170106
v -0.095594 0.068554 0.178956
v -0.101940 0.045478 0.183953
v -0.112651 -0.006828 0.187257
v -0.121403 -0.057986 0.183113
v -0.001609 -0.157601 0.164064
v -0.001240 -0.108505 0.178198
v 0.000306 -0.059009 0.186003
v 0.004503 -0.008212 0.188052
v 0.009248 0.043447 0.185210
v 0.012605 0.066404 0.180179
v 0.015864 0.087374 0.171338
v 0.017838 0.106112 0.157360
v -0.022472 -0.279591 0.039793
v -0.016858 -0.261299 0.078438
v -0.010558 -0.232120 0.111136
v -0.005293 -0.197134 0.139400
v 0.492526 0.078914 0.187222
v 0.487849 0.081564 0.188507
v 0.461468 0.074868 0.187845
v 0.461883 0.071080 0.186290
v 0.400671 0.072397 0.188436
v 0.400664 0.068304 0.187118
v 0.514695 0.092609 0.187200
v 0.516796 0.104183 0.184701
v 0.510871 0.104924 0.185608
v 0.508768 0.093396 0.188335
v 0.398941 0.115325 0.173984
v 0.399661 0.101007 0.179495
v 0.457962 0.101642 0.179899
v 0.457689 0.116177 0.175023
v 0.513623 0.134949 0.174229
v 0.507218 0.135548 0.174436
v 0.509497 0.119253 0.180850
v 0.515981 0.118593 0.180303
v 0.397987 0.131482 0.166147
v 0.456018 0.132613 0.168116
v 0.509649 0.170845 0.157929
v 0.503376 0.171279 0.157263
v 0.505007 0.154589 0.165997
v 0.511331 0.154071 0.166222
v 0.395574 0.166305 0.142234
v 0.396793 0.150089 0.154838
v 0.454177 0.151650 0.158371
v 0.452522 0.168262 0.147658
v 0.460243 0.090174 0.183000
v 0.484280 0.081749 0.186110
v 0.503116 0.091966 0.185957
v 0.468598 0.058435 0.166093
v 0.464889 0.077220 0.164284
v 0.499769 0.066036 0.165866
v 0.404689 0.055704 0.169377
v 0.401182 0.076375 0.165539
v 0.522411 0.079949 0.166729
v 0.461848 0.088822 0.162608
v 0.524165 0.091929 0.166121
v 0.400047 0.087746 0.163097
v 0.522797 0.106960 0.164269
v 0.461114 0.103798 0.159752
v 0.459023 0.120929 0.155225
v 0.519730 0.124070 0.160963
v 0.398941 0.102373 0.159240
v 0.397849 0.119201 0.153501
v 0.456639 0.140931 0.147983
v 0.516478 0.144081 0.155709
v 0.396546 0.138868 0.144547
v 0.461121 0.068895 0.182080
v 0.491839 0.076637 0.182891
v 0.400711 0.066214 0.183262
v 0.513977 0.090344 0.183098
v 0.516075 0.101800 0.181038
v 0.515216 0.116382 0.177154
v 0.512846 0.132949 0.171634
v 0.510542 0.152309 0.164162
v 0.459993 0.068769 0.180233
v 0.463225 0.062435 0.170261
v 0.493095 0.069747 0.170343
v 0.489594 0.076178 0.180840
v 0.400767 0.066162 0.181580
v 0.402660 0.059827 0.172706
v 0.511168 0.089344 0.181019
v 0.514867 0.083010 0.170910
v 0.516869 0.094459 0.169915
v 0.513340 0.100609 0.179148
v 0.512391 0.115258 0.175448
v 0.515645 0.109409 0.167465
v 0.512896 0.126422 0.163474
v 0.509981 0.131898 0.170090
v 0.509985 0.146268 0.157430
v 0.507530 0.151297 0.162682
v 0.465461 0.060642 0.168978
v 0.496539 0.068218 0.169008
v 0.403299 0.057998 0.171722
v 0.518972 0.082043 0.169745
v 0.520842 0.093752 0.168880
v 0.519621 0.108729 0.166644
v 0.516811 0.125755 0.162890
v 0.513929 0.145621 0.157141
v 0.461473 0.076022 0.185649
v 0.400099 0.089645 0.182908
v 0.400530 0.073821 0.186287
v 0.505196 0.103569 0.183377
v 0.503394 0.117983 0.178771
v 0.501164 0.134387 0.172521
v 0.498943 0.153521 0.164121
v 0.497230 0.170275 0.155253
v 0.310978 0.082528 0.193968
v 0.340631 0.073750 0.191595
v 0.341114 0.077403 0.192741
v 0.315542 0.084913 0.194565
v 0.288258 0.096509 0.193417
v 0.294212 0.097136 0.194092
v 0.290507 0.108322 0.190003
v 0.284531 0.107681 0.189420
v 0.340724 0.116816 0.176733
v 0.342065 0.102868 0.182868
v 0.283571 0.136053 0.173158
v 0.283244 0.121292 0.182682
v 0.289756 0.121876 0.183080
v 0.289935 0.136640 0.173436
v 0.340403 0.132376 0.167952
v 0.285060 0.166439 0.144806
v 0.284243 0.152385 0.159629
v 0.290416 0.152992 0.159779
v 0.291031 0.167085 0.144857
v 0.339585 0.165612 0.141331
v 0.339999 0.150142 0.155326
v 0.340904 0.091906 0.186921
v 0.299495 0.095325 0.191856
v 0.318545 0.084819 0.192121
v 0.338521 0.060244 0.173365
v 0.305254 0.068629 0.175460
v 0.337359 0.078185 0.169628
v 0.280850 0.082337 0.176154
v 0.277382 0.093269 0.173527
v 0.338392 0.089160 0.166645
v 0.276710 0.106861 0.168517
v 0.277748 0.122289 0.160954
v 0.337121 0.119618 0.155464
v 0.337093 0.103361 0.162180
v 0.279121 0.140229 0.149665
v 0.337129 0.138611 0.145172
v 0.311207 0.080082 0.190190
v 0.341140 0.071432 0.187721
v 0.285075 0.104769 0.186318
v 0.288641 0.093894 0.189955
v 0.284358 0.133371 0.170818
v 0.283959 0.118387 0.179930
v 0.284996 0.150174 0.157775
v 0.342187 0.071154 0.185864
v 0.313184 0.079403 0.188161
v 0.310519 0.072462 0.178998
v 0.341224 0.064409 0.176815
v 0.291228 0.092613 0.188020
v 0.287694 0.103242 0.184602
v 0.284247 0.096068 0.176630
v 0.287699 0.085536 0.179407
v 0.286732 0.116863 0.178378
v 0.287191 0.131939 0.169440
v 0.284372 0.125118 0.163320
v 0.283569 0.109704 0.171268
v 0.287912 0.148931 0.156571
v 0.285440 0.142891 0.151579
v 0.339859 0.062621 0.175870
v 0.307578 0.070986 0.178132
v 0.283879 0.084598 0.178658
v 0.280455 0.095326 0.175887
v 0.279722 0.108937 0.170620
v 0.280561 0.124316 0.162759
v 0.281614 0.142068 0.151115
v 0.340726 0.078421 0.190599
v 0.295754 0.120019 0.181165
v 0.295964 0.106475 0.187930
v 0.295919 0.134957 0.171762
v 0.296807 0.166122 0.143676
v 0.296310 0.151666 0.158376
v 0.312885 0.112265 0.188660
v 0.342200 0.104336 0.188373
v 0.341750 0.120544 0.180453
v 0.400322 0.099851 0.185809
v 0.399205 0.118848 0.177826
v 0.290060 0.124744 0.185563
v 0.341224 0.135696 0.171092
v 0.284908 0.139722 0.176194
v 0.398122 0.134597 0.169349
v 0.340672 0.153030 0.157806
v 0.285425 0.155490 0.162065
v 0.396867 0.152847 0.157351
v 0.286346 0.167456 0.150457
v 0.340471 0.166287 0.146879
v 0.340144 0.168742 0.142623
v 0.286145 0.169557 0.146031
v 0.395919 0.166756 0.147556
v 0.395597 0.169405 0.143620
v 0.488051 0.109691 0.185506
v 0.457135 0.119514 0.179002
v 0.458951 0.102695 0.185569
v 0.509312 0.121494 0.183739
v 0.512265 0.137683 0.177578
v 0.455420 0.135540 0.171384
v 0.510134 0.156518 0.168792
v 0.453618 0.154264 0.160911
v 0.452009 0.171277 0.149161
v 0.452211 0.168501 0.152634
v 0.508576 0.170874 0.162423
v 0.508618 0.173740 0.159573
v 0.339459 0.167371 0.138970
v 0.338119 0.161305 0.134792
v 0.282611 0.161920 0.138258
v 0.285067 0.168028 0.142340
v 0.395380 0.168165 0.140074
v 0.395219 0.162206 0.135788
v 0.509539 0.172799 0.156443
v 0.511805 0.167370 0.151922
v 0.453380 0.164451 0.141384
v 0.452330 0.170184 0.145783
v 0.337099 0.155148 0.133090
v 0.280581 0.155831 0.136722
v 0.281267 0.158115 0.136863
v 0.337425 0.157475 0.133305
v 0.395238 0.156039 0.133848
v 0.395199 0.158390 0.134174
v 0.513801 0.161580 0.149309
v 0.454421 0.158415 0.139150
v 0.454033 0.160733 0.139616
v 0.513100 0.163818 0.149960
v 0.312107 0.110317 0.186572
v 0.341533 0.102424 0.186095
v 0.400060 0.097999 0.183378
v 0.284238 0.137863 0.174664
v 0.289298 0.122768 0.183742
v 0.284833 0.153923 0.160840
v 0.285674 0.168071 0.145707
v 0.285803 0.166080 0.149491
v 0.459146 0.100927 0.183075
v 0.488504 0.108017 0.183122
v 0.509969 0.119960 0.181635
v 0.512941 0.136304 0.175888
v 0.510733 0.155288 0.167500
v 0.509090 0.169687 0.161382
v 0.509072 0.172317 0.158985
v 0.282648 0.161369 0.139328
v 0.284873 0.166931 0.142987
v 0.509759 0.171616 0.156673
v 0.511825 0.166675 0.152603
v 0.337539 0.156836 0.134633
v 0.281359 0.157542 0.138242
v 0.281619 0.158657 0.137930
v 0.395308 0.157697 0.135406
v 0.513087 0.163057 0.150873
v 0.454102 0.159998 0.140715
v 0.512800 0.164202 0.150901
v 0.454398 0.158549 0.139175
v 0.513760 0.161710 0.149345
v 0.395236 0.156176 0.133865
v 0.508808 0.169284 0.156201
v 0.507556 0.163708 0.150378
v 0.505599 0.168303 0.154667
v 0.511549 0.163096 0.150397
v 0.280620 0.155963 0.136727
v 0.337118 0.155283 0.133100
v 0.285762 0.164678 0.143342
v 0.288742 0.163655 0.142289
v 0.286607 0.158422 0.138243
v 0.282795 0.157595 0.137876
v -0.585543 0.080357 0.166833
v -0.604047 0.027060 0.179269
v -0.548996 0.073814 0.168861
v -0.489239 0.009659 0.176917
v -0.444322 0.057568 0.167969
v -0.502950 0.116685 0.151978
v -0.405268 0.103018 0.152983
v -0.562156 0.126856 0.148215
v 0.118994 0.086939 0.164935
v 0.119414 0.042959 0.182447
v 0.229549 0.043438 0.177779
v 0.224287 0.087321 0.161666
v 0.119997 -0.005096 0.192162
v 0.234682 -0.003729 0.187196
v 0.345916 -0.001560 0.178168
v 0.337345 0.044322 0.169481
v 0.328226 0.087956 0.155591
v -0.426769 0.190190 0.107379
v -0.462010 0.154964 0.132103
v -0.371522 0.140522 0.131125
v -0.339121 0.175971 0.106879
v -0.303388 0.096077 0.157610
v -0.276603 0.133918 0.134343
v -0.251185 0.164937 0.105532
v 0.318022 0.126992 0.134499
v 0.218221 0.124930 0.137317
v 0.306643 0.160248 0.107849
v 0.211783 0.156075 0.108092
v 0.117329 0.154395 0.108700
v 0.118377 0.124178 0.139141
v 0.417923 0.130107 0.132159
v 0.402803 0.166247 0.108239
v 0.431521 0.089643 0.149721
v 0.519408 0.136824 0.134646
v 0.536374 0.093526 0.146584
v 0.500214 0.177487 0.114912
v -0.377131 0.238480 0.038767
v -0.398011 0.218744 0.075527
v -0.312067 0.206011 0.076408
v -0.296359 0.227117 0.039426
v -0.224883 0.192914 0.075111
v -0.212787 0.216062 0.039350
v -0.058504 0.179295 0.074232
v 0.027753 0.177374 0.074846
v 0.030853 0.195968 0.038637
v -0.051810 0.196561 0.038067
v 0.116051 0.179051 0.075893
v 0.114865 0.198639 0.039465
v 0.285203 0.212100 0.041448
v 0.294638 0.189281 0.077896
v 0.384769 0.199897 0.081102
v 0.372306 0.224164 0.043843
v 0.472998 0.238094 0.045866
v 0.483926 0.214478 0.086348
v -0.069533 0.155206 0.106711
v -0.080407 0.126043 0.137673
v 0.018609 0.124668 0.139463
v 0.023426 0.153989 0.108335
v -0.091892 0.089792 0.164415
v 0.013441 0.087643 0.165621
v 0.205170 0.182428 0.076536
v -0.197701 0.092517 0.161689
v -0.178937 0.129958 0.136359
v -0.160663 0.160170 0.106780
v -0.144230 0.181404 0.072470
v -0.333630 0.049541 0.174178
v -0.367266 -0.000297 0.183090
v -0.114258 -0.003861 0.189279
v -0.103451 0.045358 0.182188
v -0.218002 0.046502 0.179121
v -0.238828 -0.003384 0.187165
v 0.551057 0.049469 0.153233
v 0.443303 0.046050 0.159939
v 0.454020 0.001498 0.166623
v 0.560443 0.005250 0.157804
v 0.008030 0.043337 0.183419
v 0.003359 -0.005215 0.191771
v -0.536039 0.167169 0.124924
v -0.512248 0.201514 0.099647
v -0.478449 0.228545 0.070147
v 0.200047 0.202838 0.040022
v -0.131975 0.204864 0.038313
v 0.598112 0.232433 0.093980
v 0.592768 0.252652 0.048321
v 0.568701 0.050388 0.154690
v 0.576217 0.096480 0.151045
v 0.583823 0.143410 0.142285
v 0.590840 0.189242 0.123185
v -0.449845 0.250958 0.036781
v -0.456113 0.243302 0.034054
v -0.481528 0.221484 0.066005
v -0.513416 0.195317 0.094500
v -0.536469 0.162000 0.119028
v -0.562542 0.122650 0.141787
v -0.585497 0.077283 0.159951
v -0.605000 0.025138 0.172087
v -0.489475 0.007808 0.169711
v -0.365487 -0.002280 0.175974
v -0.237438 -0.005120 0.179990
v -0.113349 -0.005454 0.182071
v 0.003660 -0.006941 0.184576
v 0.118881 -0.007028 0.185009
v 0.231705 -0.005731 0.180133
v 0.341623 -0.003478 0.171187
v 0.449897 -0.000126 0.159571
v 0.560089 0.004010 0.150442
v 0.573864 0.049430 0.147648
v 0.582347 0.094899 0.144176
v 0.590583 0.140465 0.135803
v 0.597761 0.184712 0.117424
v 0.605000 0.225786 0.089718
v 0.598582 0.244590 0.046423
v 0.400746 0.092933 0.187042
v 0.400609 0.094389 0.186799
v 0.402716 0.094422 0.186588
v 0.402841 0.092940 0.186836
v 0.403040 0.094593 0.187606
v 0.400929 0.094522 0.187563
v 0.401131 0.093190 0.188017
v 0.403228 0.093237 0.188062
v 0.400376 0.094812 0.187067
v 0.399389 0.092993 0.187456
v 0.401341 0.092413 0.187266
v 0.402974 0.092432 0.187193
v 0.401646 0.092647 0.188097
v 0.403274 0.092686 0.188151
v 0.400380 0.092459 0.187643
v 0.401628 0.090142 0.187873
v 0.403238 0.090158 0.187800
v 0.401903 0.090348 0.188639
v 0.403527 0.090404 0.188712
v 0.400671 0.090229 0.188269
v 0.404896 0.094414 0.186605
v 0.405006 0.092958 0.186850
v 0.405241 0.093214 0.187832
v 0.405064 0.094545 0.187375
v 0.406586 0.093035 0.187132
v 0.405268 0.094841 0.186850
v 0.404605 0.092432 0.187120
v 0.404823 0.092665 0.187951
v 0.405776 0.092491 0.187403
v 0.404850 0.090160 0.187728
v 0.405061 0.090367 0.188498
v 0.406028 0.090260 0.188028
v 0.402904 0.094827 0.186955
v 0.406172 0.086533 0.188561
v 0.404980 0.086479 0.188256
v 0.405198 0.086586 0.189039
v 0.403643 0.086604 0.189256
v 0.401997 0.086566 0.189181
v 0.400749 0.086501 0.188804
v 0.401713 0.086459 0.188400
v 0.403346 0.086478 0.188328
v 0.381773 0.093518 0.187053
v 0.382198 0.093468 0.187651
v 0.386410 0.094077 0.187226
v 0.386106 0.094102 0.186637
v 0.386091 0.091597 0.188021
v 0.387206 0.091711 0.187908
v 0.386044 0.091313 0.187605
v 0.387123 0.091422 0.187527
v 0.385795 0.091065 0.187060
v 0.386943 0.091184 0.186963
v 0.381661 0.093030 0.186662
v 0.386114 0.093544 0.186265
v 0.382071 0.091220 0.187752
v 0.382225 0.091426 0.188253
v 0.385679 0.091167 0.188212
v 0.385537 0.090843 0.187752
v 0.385383 0.090635 0.187251
v 0.381931 0.090894 0.187292
v 0.382537 0.089023 0.188983
v 0.382367 0.088869 0.188447
v 0.385979 0.088784 0.188912
v 0.385822 0.088523 0.188409
v 0.385655 0.088370 0.187875
v 0.382213 0.088610 0.187948
v 0.383399 0.077738 0.190575
v 0.383470 0.076706 0.190695
v 0.383677 0.076816 0.191344
v 0.383606 0.077839 0.191224
v 0.387084 0.076851 0.191190
v 0.387016 0.077840 0.191076
v 0.386874 0.076747 0.190539
v 0.386806 0.077729 0.190425
v 0.386038 0.077340 0.188017
v 0.386214 0.076155 0.188448
v 0.382810 0.076120 0.188604
v 0.382632 0.077342 0.188170
v 0.383017 0.077538 0.189378
v 0.383093 0.076421 0.189506
v 0.383203 0.080425 0.190225
v 0.383331 0.078757 0.190459
v 0.383537 0.078851 0.191108
v 0.383411 0.080512 0.190876
v 0.386948 0.078817 0.190963
v 0.386825 0.080441 0.190732
v 0.386743 0.078701 0.190316
v 0.386618 0.080316 0.190085
v 0.386206 0.079517 0.188744
v 0.386051 0.078475 0.188163
v 0.382642 0.078510 0.188317
v 0.382796 0.079586 0.188888
v 0.382995 0.080290 0.189572
v 0.382944 0.078598 0.189257
v 0.386409 0.080219 0.189430
v 0.386479 0.075431 0.189201
v 0.386704 0.075331 0.189881
v 0.383302 0.075255 0.190040
v 0.383082 0.075361 0.189375
v 0.382925 0.083568 0.189665
v 0.383109 0.083695 0.190245
v 0.386538 0.083522 0.190144
v 0.386366 0.083315 0.189588
v 0.386181 0.083187 0.189005
v 0.382750 0.083361 0.189106
v 0.402721 0.094173 0.186494
v 0.402526 0.094198 0.185898
v 0.395139 0.094154 0.186230
v 0.395381 0.094129 0.186823
v 0.395923 0.091767 0.187535
v 0.403029 0.091809 0.187217
v 0.395803 0.091508 0.187135
v 0.402903 0.091578 0.186811
v 0.395085 0.093598 0.185862
v 0.402426 0.093641 0.185533
v 0.402733 0.091277 0.186256
v 0.395627 0.091235 0.186574
v 0.383549 0.075548 0.190829
v 0.383661 0.075997 0.191217
v 0.387064 0.076078 0.191059
v 0.386949 0.075646 0.190665
v 0.386448 0.079140 0.189450
v 0.386592 0.076027 0.189604
v 0.382804 0.086630 0.189580
v 0.382627 0.086487 0.189023
v 0.386239 0.086419 0.189495
v 0.386075 0.086183 0.188967
v 0.385898 0.086040 0.188410
v 0.382462 0.086250 0.188495
v 0.419034 0.094269 0.185761
v 0.423430 0.093711 0.185798
v 0.423457 0.093763 0.185180
v 0.418947 0.094295 0.185160
v 0.418814 0.091901 0.186506
v 0.420001 0.091797 0.186498
v 0.418691 0.091609 0.186108
v 0.419794 0.091512 0.186088
v 0.418518 0.091369 0.185545
v 0.419703 0.091263 0.185536
v 0.418739 0.093736 0.184800
v 0.423343 0.093274 0.184786
v 0.423912 0.091672 0.186382
v 0.423752 0.091463 0.185877
v 0.420549 0.091371 0.186645
v 0.420411 0.091047 0.186187
v 0.420253 0.090840 0.185684
v 0.423615 0.091140 0.185421
v 0.424222 0.089267 0.187111
v 0.424052 0.089114 0.186576
v 0.420848 0.088988 0.187345
v 0.420694 0.088728 0.186841
v 0.420524 0.088575 0.186307
v 0.423896 0.088854 0.186073
v 0.425361 0.077060 0.189470
v 0.424966 0.076808 0.188227
v 0.424893 0.077883 0.188104
v 0.425291 0.078085 0.189353
v 0.421887 0.078044 0.189508
v 0.421956 0.077055 0.189623
v 0.421745 0.076951 0.188972
v 0.421680 0.077934 0.188860
v 0.421084 0.076360 0.186881
v 0.420908 0.077544 0.186450
v 0.424314 0.077585 0.186295
v 0.424493 0.076365 0.186731
v 0.425222 0.079097 0.189237
v 0.424821 0.078922 0.187983
v 0.424888 0.080669 0.188351
v 0.425096 0.080757 0.189003
v 0.421694 0.080646 0.189165
v 0.421820 0.079022 0.189395
v 0.421614 0.078905 0.188748
v 0.421489 0.080521 0.188518
v 0.420923 0.078681 0.186597
v 0.421078 0.079722 0.187177
v 0.424479 0.079832 0.187015
v 0.424326 0.078755 0.186443
v 0.424679 0.080534 0.187698
v 0.421281 0.080424 0.187863
v 0.421576 0.075536 0.188314
v 0.421351 0.075636 0.187633
v 0.424769 0.075607 0.187503
v 0.424985 0.075501 0.188167
v 0.424610 0.083813 0.187791
v 0.424794 0.083940 0.188372
v 0.421412 0.083727 0.188579
v 0.421237 0.083520 0.188020
v 0.421050 0.083392 0.187437
v 0.424434 0.083605 0.187232
v 0.409916 0.094242 0.185567
v 0.410061 0.094216 0.186164
v 0.410131 0.091851 0.186897
v 0.410007 0.091591 0.186495
v 0.409764 0.093685 0.185203
v 0.409837 0.091319 0.185936
v 0.425233 0.075792 0.188955
v 0.425346 0.076243 0.189346
v 0.421936 0.076283 0.189494
v 0.421820 0.075851 0.189098
v 0.421320 0.079345 0.187885
v 0.421465 0.076232 0.188038
v 0.424312 0.086732 0.187150
v 0.424486 0.086873 0.187705
v 0.421111 0.086624 0.187928
v 0.420946 0.086387 0.187400
v 0.420770 0.086246 0.186843
v 0.424148 0.086496 0.186624
v 0.403496 0.083958 0.190357
v 0.420917 0.084208 0.189218
v 0.420713 0.086902 0.188262
v 0.403546 0.086380 0.189380
v 0.420536 0.089533 0.187033
v 0.403615 0.088770 0.188031
v 0.418588 0.091861 0.185079
v 0.403052 0.091279 0.185930
v 0.387039 0.091301 0.186876
v 0.386601 0.088924 0.188901
v 0.386985 0.086285 0.190194
v 0.387294 0.083698 0.191245
v 0.386979 0.090718 0.185819
v 0.386491 0.088422 0.187842
v 0.386872 0.085861 0.189084
v 0.387168 0.083317 0.190099
v 0.420423 0.083786 0.188130
v 0.420331 0.086547 0.187142
v 0.420248 0.089244 0.185906
v 0.418336 0.091598 0.183947
v 0.421115 0.080961 0.189986
v 0.403636 0.080801 0.191043
v 0.404020 0.077424 0.191374
v 0.421328 0.077586 0.190463
v 0.387719 0.080606 0.191969
v 0.388254 0.077347 0.192388
v 0.403942 0.072162 0.192712
v 0.388691 0.072242 0.193609
v 0.421135 0.072122 0.191886
v 0.420551 0.071781 0.190814
v 0.420810 0.077199 0.189398
v 0.420605 0.080535 0.188910
v 0.387542 0.080228 0.190832
v 0.388022 0.076975 0.191275
v 0.388436 0.071890 0.192493
v 0.419782 0.065688 0.193530
v 0.403555 0.066066 0.194246
v 0.389178 0.066300 0.195074
v 0.403358 0.060856 0.195440
v 0.392109 0.061174 0.196072
v 0.415397 0.060369 0.195012
v 0.419159 0.065375 0.192454
v 0.388951 0.065972 0.193946
v 0.391959 0.060869 0.194925
v 0.403407 0.057009 0.196218
v 0.409867 0.056926 0.196071
v 0.396782 0.057455 0.196519
v 0.407096 0.055161 0.196516
v 0.403359 0.054578 0.196717
v 0.399314 0.055408 0.196835
v 0.406217 0.054638 0.195543
v 0.409425 0.056642 0.194960
v 0.414819 0.060080 0.193922
v 0.399078 0.055117 0.195697
v 0.402510 0.054377 0.195669
v 0.396630 0.057164 0.195369
v 0.418842 0.101779 0.185869
v 0.403100 0.101619 0.186107
v 0.386942 0.102075 0.186426
v 0.418875 0.101528 0.184731
v 0.387098 0.101498 0.185368
v 0.418967 0.114038 0.181633
v 0.419018 0.121145 0.178516
v 0.403340 0.120773 0.178856
v 0.403230 0.113725 0.181796
v 0.387205 0.121011 0.179279
v 0.387040 0.114029 0.181999
v 0.419063 0.113693 0.180514
v 0.419018 0.120895 0.177380
v 0.387355 0.120437 0.178221
v 0.387274 0.113366 0.180980
v 0.418896 0.107253 0.184418
v 0.403157 0.107026 0.184623
v 0.386985 0.107415 0.184891
v 0.418957 0.106960 0.183288
v 0.387175 0.106801 0.183850
v 0.419197 0.131758 0.172630
v 0.419185 0.134049 0.169933
v 0.403472 0.133535 0.169835
v 0.403463 0.131600 0.172860
v 0.387260 0.133630 0.169804
v 0.387314 0.132055 0.173193
v 0.419231 0.131563 0.171484
v 0.419424 0.133788 0.168800
v 0.387647 0.133048 0.168756
v 0.387469 0.131531 0.172115
v 0.419117 0.128108 0.174956
v 0.403428 0.127854 0.175326
v 0.387310 0.128211 0.175798
v 0.419086 0.127897 0.173813
v 0.387416 0.127674 0.174725
v 0.019674 0.123969 0.139768
v -0.388416 0.325754 0.000001
v 0.531693 0.245776 0.000001
v 0.281970 0.220496 0.000001
v 0.472491 0.244673 0.000001
v 0.025703 0.222189 0.000001
v 0.106535 0.224725 0.000001
v -0.121437 0.230784 0.000001
v 0.030986 0.204835 0.000001
v 0.114065 0.207413 0.000001
v -0.443769 0.253925 0.000001
v -0.346465 0.325312 0.000001
v -0.202477 0.241468 0.000001
v -0.289394 0.233870 0.000001
v 0.197766 0.211641 0.000001
v 0.594412 0.248996 0.000001
v -0.343995 0.332315 0.000001
v -0.022783 -0.296368 0.000000
v -0.049902 0.204786 0.000001
v -0.128458 0.214088 0.000001
v -0.435442 0.262055 0.000001
v -0.366010 0.245877 0.000001
v 0.191565 0.113520 0.165357
v 0.192664 0.113499 0.166886
v 0.207426 0.114940 0.165833
v 0.206878 0.115015 0.164263
v 0.195517 0.110951 0.168015
v 0.208487 0.112218 0.167090
v 0.196578 0.108353 0.166554
v 0.208643 0.109531 0.165692
v 0.194758 0.108339 0.163964
v 0.207728 0.109606 0.163039
v 0.191910 0.110904 0.162862
v 0.206672 0.112346 0.161808
v 0.191256 0.112455 0.163706
v 0.206568 0.113951 0.162612
v 0.222782 0.114849 0.165477
v 0.222807 0.114920 0.163894
v 0.221980 0.112137 0.166777
v 0.221193 0.109457 0.165402
v 0.221221 0.109525 0.162726
v 0.222028 0.112254 0.161453
v 0.222498 0.113856 0.162243
v 0.237686 0.113230 0.165844
v 0.238268 0.113241 0.164275
v 0.235075 0.110715 0.167099
v 0.233374 0.108133 0.165702
v 0.234316 0.108103 0.163048
v 0.236932 0.110635 0.161819
v 0.237959 0.112177 0.162624
v 0.251123 0.110194 0.166908
v 0.252207 0.110092 0.165379
v 0.246880 0.108047 0.168034
v 0.244356 0.105652 0.166572
v 0.246121 0.105436 0.163984
v 0.250369 0.107599 0.162884
v 0.251897 0.109028 0.163728
v 0.262176 0.105949 0.168597
v 0.263672 0.105688 0.167131
v 0.256592 0.104317 0.169519
v 0.253389 0.102183 0.167952
v 0.255833 0.101705 0.165468
v 0.261422 0.103354 0.164573
v 0.263363 0.104623 0.165480
v 0.270093 0.100782 0.170796
v 0.271884 0.100329 0.169412
v 0.263548 0.099778 0.171451
v 0.259859 0.097960 0.169749
v 0.262788 0.097166 0.167400
v 0.269339 0.098187 0.166772
v 0.271575 0.099264 0.167761
v 0.274333 0.095047 0.173355
v 0.276283 0.094380 0.172067
v 0.267273 0.094739 0.173699
v 0.263325 0.093273 0.171841
v 0.266514 0.092127 0.169648
v 0.273579 0.092452 0.169331
v 0.275974 0.093315 0.170416
v 0.274608 0.089135 0.176100
v 0.276569 0.088246 0.174914
v 0.267515 0.089544 0.176111
v 0.263550 0.088441 0.174084
v 0.266756 0.086932 0.172060
v 0.273854 0.086540 0.172075
v 0.276260 0.087181 0.173263
v 0.270900 0.083447 0.178843
v 0.272722 0.082346 0.177759
v 0.264257 0.084547 0.178521
v 0.260519 0.083792 0.176326
v 0.263497 0.081935 0.174470
v 0.270146 0.080852 0.174818
v 0.272412 0.081282 0.176108
v 0.263460 0.078372 0.181398
v 0.265004 0.077082 0.180409
v 0.257720 0.080088 0.180765
v 0.254438 0.079645 0.178413
v 0.256961 0.077476 0.176714
v 0.262706 0.075777 0.177373
v 0.264695 0.076017 0.178758
v 0.252796 0.074256 0.183590
v 0.253942 0.072812 0.182683
v 0.248350 0.076472 0.182691
v 0.245723 0.076281 0.180205
v 0.247591 0.073860 0.178640
v 0.252042 0.071661 0.179565
v 0.253633 0.071747 0.181032
v 0.239635 0.071379 0.185270
v 0.240289 0.069827 0.184426
v 0.236787 0.073944 0.184167
v 0.234967 0.073929 0.181578
v 0.236028 0.071332 0.180116
v 0.238881 0.068784 0.181245
v 0.239980 0.068763 0.182775
v 0.224873 0.069937 0.186324
v 0.224976 0.068332 0.185520
v 0.223817 0.072677 0.185093
v 0.222902 0.072751 0.182439
v 0.223058 0.070065 0.181042
v 0.224119 0.067342 0.182299
v 0.224667 0.067267 0.183868
v 0.209517 0.070028 0.186679
v 0.209047 0.068427 0.185888
v 0.210324 0.072757 0.185406
v 0.210352 0.072826 0.182730
v 0.209565 0.070145 0.181355
v 0.208763 0.067434 0.182655
v 0.208737 0.067362 0.184237
v 0.194613 0.071647 0.186312
v 0.193586 0.070106 0.185508
v 0.197229 0.074180 0.185084
v 0.198171 0.074149 0.182430
v 0.196470 0.071568 0.181032
v 0.193859 0.069053 0.182288
v 0.193277 0.069041 0.183857
v 0.181176 0.074683 0.185248
v 0.179648 0.073255 0.184404
v 0.185424 0.076847 0.184148
v 0.187189 0.076630 0.181561
v 0.184665 0.074235 0.180097
v 0.180422 0.072088 0.181224
v 0.179338 0.072190 0.182753
v 0.170123 0.078929 0.183559
v 0.168182 0.077659 0.182652
v 0.175712 0.080577 0.182664
v 0.178156 0.080100 0.180180
v 0.174953 0.077965 0.178613
v 0.169369 0.076334 0.179534
v 0.167872 0.076595 0.181001
v 0.162206 0.084095 0.181360
v 0.159970 0.083019 0.180370
v 0.168756 0.085117 0.180732
v 0.171686 0.084322 0.178383
v 0.167997 0.082504 0.176681
v 0.161452 0.081500 0.177335
v 0.159660 0.081954 0.178720
v 0.157966 0.089830 0.178801
v 0.155571 0.088968 0.177716
v 0.165031 0.090155 0.178484
v 0.168220 0.089009 0.176291
v 0.164272 0.087543 0.174433
v 0.157212 0.087235 0.174777
v 0.155262 0.087903 0.176065
v 0.157690 0.095743 0.176057
v 0.155285 0.095101 0.174869
v 0.164789 0.095350 0.176072
v 0.167995 0.093842 0.174048
v 0.164030 0.092738 0.172021
v 0.156936 0.093148 0.172032
v 0.154976 0.094037 0.173218
v 0.161399 0.101431 0.173313
v 0.159132 0.101001 0.172024
v 0.168047 0.100348 0.173662
v 0.171026 0.098490 0.171806
v 0.167288 0.097736 0.169611
v 0.160645 0.098836 0.169289
v 0.158823 0.099936 0.170372
v 0.168839 0.106505 0.170759
v 0.166850 0.106265 0.169373
v 0.174584 0.104806 0.171418
v 0.177106 0.102638 0.169719
v 0.173825 0.102194 0.167367
v 0.168085 0.103911 0.166734
v 0.166541 0.105201 0.167722
v 0.179503 0.110621 0.168567
v 0.177912 0.110535 0.167099
v 0.183953 0.108423 0.169492
v 0.185822 0.106002 0.167927
v 0.183195 0.105811 0.165441
v 0.178749 0.108027 0.164542
v 0.177603 0.109471 0.165449
v 0.206202 0.115827 0.162826
v 0.190008 0.114245 0.163982
v 0.223049 0.115726 0.162436
v 0.239400 0.113950 0.162838
v 0.254140 0.110620 0.164006
v 0.266266 0.105962 0.165859
v 0.274951 0.100295 0.168272
v 0.279603 0.094003 0.171079
v 0.279905 0.087517 0.174090
v 0.275837 0.081277 0.177099
v 0.267675 0.075709 0.179902
v 0.255976 0.071194 0.182306
v 0.241537 0.068038 0.184150
v 0.225343 0.066456 0.185306
v 0.208496 0.066556 0.185696
v 0.192145 0.068332 0.185294
v 0.177404 0.071662 0.184126
v 0.165278 0.076320 0.182273
v 0.156594 0.081988 0.179860
v 0.151942 0.088280 0.177053
v 0.151639 0.094766 0.174042
v 0.155708 0.101006 0.171033
v 0.163870 0.106573 0.168230
v 0.175569 0.111089 0.165825
v -0.119150 0.100503 0.177438
v -0.095469 0.112700 0.174239
v -0.180454 0.128290 0.161388
v -0.200607 0.117946 0.166106
v -0.138281 0.090378 0.183585
v -0.224114 0.104707 0.171077
v -0.308087 0.129825 0.159224
v -0.304162 0.137726 0.154070
v -0.305397 0.134257 0.151136
v -0.307904 0.126907 0.156703
v -0.320660 0.123440 0.164373
v -0.321904 0.120843 0.160284
v -0.302162 0.145175 0.151113
v -0.310765 0.144723 0.149754
v -0.293792 0.136287 0.155883
v -0.296149 0.128180 0.160549
v -0.309805 0.122425 0.166552
v -0.289520 0.142080 0.149087
v -0.290883 0.142907 0.149622
v -0.284652 0.133651 0.154285
v -0.283896 0.133024 0.153868
v -0.289832 0.125179 0.159052
v -0.290513 0.125739 0.159455
v -0.303457 0.120515 0.164992
v -0.302547 0.120172 0.164736
v -0.292956 0.144372 0.150527
v -0.286751 0.135518 0.155602
v -0.292263 0.127651 0.160992
v -0.306164 0.121445 0.166226
v -0.234321 0.136841 0.154565
v -0.244531 0.124072 0.160628
v -0.263546 0.112060 0.166705
v -0.093982 0.111357 0.171841
v -0.178882 0.127942 0.159236
v -0.316924 0.121854 0.163332
v -0.313798 0.121722 0.163978
v -0.311909 0.141420 0.147533
v -0.305714 0.143492 0.148944
v -0.304520 0.139258 0.146335
v -0.312251 0.118244 0.159407
v -0.296651 0.131656 0.149699
v -0.301289 0.124821 0.155014
v -0.300664 0.142955 0.149319
v -0.310628 0.121286 0.164193
v -0.289521 0.139716 0.147175
v -0.293885 0.140921 0.147682
v -0.263478 0.110656 0.165070
v -0.225019 0.102578 0.169996
v -0.297879 0.142678 0.149542
v -0.306797 0.120407 0.163938
v -0.301725 0.118824 0.162992
v -0.233217 0.135898 0.152359
v -0.135337 0.087499 0.180850
v 0.183416 0.137879 0.144005
v 0.212068 0.141368 0.147658
v 0.252549 0.142399 0.147969
v 0.223246 0.108812 0.168985
v 0.200327 0.107997 0.169810
v 0.200471 0.105116 0.166418
v 0.222910 0.106802 0.165892
v 0.246144 0.106282 0.169777
v 0.242832 0.102839 0.166353
v 0.181783 0.107850 0.171771
v 0.182483 0.103794 0.172318
v 0.202797 0.112642 0.168008
v 0.224659 0.113690 0.166538
v 0.248512 0.111405 0.168334
v 0.178948 0.110654 0.166637
v 0.179099 0.110635 0.167654
v 0.201101 0.114516 0.163983
v 0.201047 0.114422 0.163255
v 0.225208 0.114219 0.164989
v 0.224640 0.114634 0.163496
v 0.246617 0.112414 0.165265
v 0.247064 0.112212 0.166926
v 0.179183 0.110699 0.169374
v 0.201354 0.114897 0.166162
v 0.225130 0.115286 0.165751
v 0.248308 0.112356 0.166928
v 0.178511 0.131943 0.149090
v 0.213986 0.131683 0.152145
v 0.250121 0.128829 0.155277
v 0.185889 0.136734 0.142471
v 0.245497 0.106718 0.167624
v 0.245971 0.108233 0.167317
v 0.183672 0.101416 0.169366
v 0.182866 0.105745 0.171943
v 0.184048 0.103815 0.167814
v 0.242266 0.105352 0.162620
v 0.199138 0.106953 0.162563
v 0.220962 0.107797 0.162604
v 0.182880 0.107722 0.170915
v 0.246091 0.109444 0.166600
v 0.180485 0.109881 0.165895
v 0.180901 0.108818 0.167656
v 0.251326 0.127652 0.151453
v 0.255990 0.141113 0.146659
v 0.182888 0.108826 0.170367
v 0.245811 0.110526 0.165259
v 0.244939 0.111508 0.162921
v 0.178670 0.131399 0.148749
v 0.252198 0.118874 0.165878
v 0.239619 0.119422 0.166756
v 0.239254 0.118633 0.166185
v 0.251602 0.118196 0.165338
v 0.256601 0.110728 0.168083
v 0.244045 0.111355 0.169262
v 0.246005 0.104323 0.171519
v 0.258467 0.103407 0.170467
v 0.257858 0.102778 0.169873
v 0.255981 0.110052 0.167537
v 0.243640 0.110655 0.168636
v 0.245627 0.103644 0.170853
v 0.249426 0.095931 0.174074
v 0.258482 0.094635 0.173552
v 0.249299 0.095235 0.173242
v 0.255303 0.090234 0.176140
v 0.252313 0.090618 0.176276
v 0.255053 0.089343 0.175421
v 0.258149 0.093988 0.172777
v 0.252346 0.089874 0.175343
v 0.242826 0.135806 0.160459
v 0.230550 0.135942 0.160233
v 0.242827 0.134936 0.159758
v 0.230843 0.134851 0.159628
v 0.240340 0.143852 0.155982
v 0.240524 0.149117 0.151429
v 0.228959 0.149083 0.151175
v 0.228331 0.143889 0.155457
v 0.240450 0.142958 0.155321
v 0.240067 0.148464 0.151103
v 0.228312 0.148155 0.150980
v 0.228604 0.142740 0.154946
v 0.243531 0.156439 0.142556
v 0.244794 0.156871 0.139332
v 0.236622 0.156118 0.138415
v 0.234833 0.156688 0.141879
v 0.244000 0.155561 0.141709
v 0.245290 0.155943 0.138531
v 0.237086 0.154974 0.137834
v 0.235279 0.155577 0.141241
v 0.242231 0.154254 0.146048
v 0.232420 0.154431 0.145681
v 0.242727 0.153367 0.145209
v 0.232900 0.153313 0.145050
v 0.234515 0.126428 0.163433
v 0.234697 0.127321 0.163994
v 0.247162 0.126948 0.163612
v 0.246721 0.126248 0.163018
v -0.327914 0.139533 0.147352
v -0.328233 0.147761 0.145664
v -0.341652 0.147271 0.145553
v -0.341699 0.139451 0.147746
v -0.340887 0.156612 0.143656
v -0.340152 0.155475 0.143214
v -0.341075 0.146337 0.145160
v -0.327513 0.138806 0.147066
v -0.327899 0.147035 0.145218
v -0.342721 0.132258 0.151714
v -0.328549 0.131914 0.151105
v -0.332300 0.125890 0.155724
v -0.346158 0.126724 0.156043
v -0.331873 0.125078 0.155449
v -0.328080 0.131136 0.150872
v -0.341040 0.138582 0.147479
v -0.341963 0.131399 0.151448
v -0.345474 0.125808 0.155748
v -0.349171 0.120674 0.161535
v -0.339867 0.119398 0.161790
v -0.339466 0.118421 0.161359
v -0.348575 0.119612 0.161091
v -0.349514 0.117193 0.165502
v -0.346786 0.116762 0.165566
v -0.346850 0.115587 0.165254
v -0.349287 0.116037 0.164970
v -0.326455 0.166106 0.140759
v -0.324833 0.171751 0.136298
v -0.337286 0.171488 0.135786
v -0.339530 0.165664 0.139869
v -0.326269 0.165134 0.140009
v -0.325285 0.171045 0.135915
v -0.337934 0.170489 0.135511
v -0.339173 0.164439 0.139264
v -0.327576 0.157325 0.144395
v -0.327124 0.156415 0.143839
v -0.320911 0.179085 0.127580
v -0.319638 0.179334 0.124334
v -0.327833 0.178583 0.123443
v -0.329602 0.179352 0.126894
v -0.320470 0.178162 0.126764
v -0.319172 0.178353 0.123559
v -0.327405 0.177396 0.122894
v -0.329191 0.178206 0.126294
v -0.322241 0.177058 0.131132
v -0.332209 0.177242 0.130723
v -0.321781 0.176112 0.130316
v -0.331739 0.176075 0.130124
v -0.350775 0.141463 0.146775
v -0.343581 0.149545 0.144811
v -0.356346 0.151237 0.144803
v -0.363593 0.143809 0.147305
v -0.349973 0.159879 0.141761
v -0.349945 0.158781 0.141272
v -0.356494 0.150348 0.144407
v -0.351014 0.140814 0.146387
v -0.343763 0.148894 0.144362
v -0.372995 0.136956 0.150152
v -0.360461 0.134048 0.149280
v -0.371526 0.128351 0.152480
v -0.383041 0.131744 0.153205
v -0.371923 0.127658 0.152023
v -0.360771 0.133357 0.148880
v -0.363749 0.142984 0.146914
v -0.373124 0.136150 0.149698
v -0.383311 0.130917 0.152700
v -0.392524 0.125352 0.157202
v -0.385296 0.122319 0.157063
v -0.385820 0.121516 0.156429
v -0.392960 0.124447 0.156531
v -0.395868 0.121014 0.160450
v -0.393503 0.120064 0.160437
v -0.394552 0.119102 0.159911
v -0.396673 0.120092 0.159694
v -0.333715 0.166988 0.138224
v -0.330957 0.171985 0.133571
v -0.342310 0.172910 0.133225
v -0.345567 0.167975 0.137545
v -0.333918 0.166078 0.137587
v -0.331676 0.171372 0.133256
v -0.343341 0.172047 0.133045
v -0.345728 0.166818 0.137081
v -0.337566 0.158774 0.142346
v -0.337636 0.157925 0.141742
v -0.324412 0.178623 0.124575
v -0.322841 0.178834 0.121354
v -0.331148 0.178748 0.120387
v -0.332810 0.179572 0.123823
v -0.324297 0.177695 0.123750
v -0.322724 0.177856 0.120576
v -0.331167 0.177567 0.119834
v -0.332829 0.178423 0.123211
v -0.326798 0.176705 0.128100
v -0.336332 0.177686 0.127650
v -0.326662 0.175764 0.127284
v -0.336322 0.176528 0.127047
v 0.265702 0.118903 0.166199
v 0.258962 0.126931 0.163667
v 0.246620 0.127068 0.164318
v 0.253360 0.119201 0.167400
v 0.240975 0.135696 0.160589
v 0.241299 0.134626 0.159959
v 0.246414 0.126187 0.163708
v 0.265026 0.118227 0.165592
v 0.258477 0.126238 0.163036
v 0.259821 0.111162 0.170390
v 0.272087 0.110792 0.168870
v 0.275797 0.103455 0.171711
v 0.263529 0.104118 0.173069
v 0.275084 0.102830 0.171041
v 0.271371 0.110119 0.168245
v 0.252919 0.118420 0.166753
v 0.259305 0.110470 0.169673
v 0.263041 0.103449 0.172321
v 0.268727 0.095736 0.175909
v 0.277781 0.094619 0.175189
v 0.277357 0.093984 0.174359
v 0.268509 0.095059 0.175020
v 0.268392 0.090308 0.178429
v 0.275514 0.090101 0.177882
v 0.275243 0.089225 0.177134
v 0.268379 0.089588 0.177477
v 0.249524 0.143878 0.156339
v 0.248694 0.149250 0.151887
v 0.237123 0.149012 0.151815
v 0.237472 0.143709 0.156003
v 0.249641 0.143002 0.155660
v 0.248262 0.148597 0.151557
v 0.236542 0.148079 0.151613
v 0.237792 0.142579 0.155467
v 0.253268 0.135777 0.160620
v 0.253268 0.134925 0.159903
v 0.249994 0.156833 0.143116
v 0.250842 0.157365 0.139884
v 0.242648 0.156487 0.139082
v 0.241210 0.156940 0.142581
v 0.250446 0.155985 0.142246
v 0.251330 0.156467 0.139059
v 0.243150 0.155367 0.138473
v 0.241684 0.155854 0.141915
v 0.249302 0.154543 0.146584
v 0.239449 0.154550 0.146373
v 0.249781 0.153685 0.145720
v 0.239959 0.153457 0.145715
v -0.364191 0.264681 -0.044952
v -0.366082 0.249763 -0.054844
v -0.338071 0.249210 -0.058896
v -0.343285 0.265362 -0.048235
v -0.335360 0.300524 -0.033417
v -0.357006 0.300616 -0.028812
v -0.350094 0.283293 -0.038124
v -0.326275 0.283919 -0.042539
v -0.305741 0.250628 -0.063193
v -0.340082 0.233097 -0.072767
v -0.307359 0.230623 -0.076064
v -0.316514 0.266615 -0.052016
v -0.385107 0.319284 -0.019880
v -0.378215 0.302530 -0.027011
v -0.363942 0.317179 -0.020125
v -0.387941 0.327990 -0.008847
v -0.387142 0.324178 -0.014826
v -0.365046 0.322866 -0.014960
v -0.365599 0.327608 -0.009064
v -0.372284 0.283568 -0.034687
v -0.371459 0.234799 -0.067040
v -0.347119 0.320890 -0.023329
v -0.347112 0.326065 -0.016604
v -0.366045 0.175399 -0.129545
v -0.352779 0.173733 -0.129977
v -0.353332 0.181423 -0.123355
v -0.367197 0.179886 -0.125880
v -0.101871 0.095196 -0.189274
v -0.024300 0.091821 -0.191196
v -0.021347 0.102985 -0.185082
v -0.098252 0.106362 -0.182592
v -0.163189 0.100651 -0.185503
v -0.159957 0.112332 -0.179162
v -0.224608 0.109295 -0.178985
v -0.222784 0.120090 -0.172640
v -0.273515 0.120228 -0.170940
v -0.272264 0.128556 -0.165411
v -0.362324 0.171816 -0.132180
v -0.352536 0.168845 -0.134269
v -0.220306 0.153651 -0.145681
v -0.220035 0.170131 -0.130330
v -0.271172 0.173731 -0.125453
v -0.271478 0.163007 -0.136138
v -0.156503 0.147213 -0.152429
v -0.156193 0.165390 -0.135880
v -0.093338 0.141981 -0.156338
v -0.093581 0.161042 -0.139757
v -0.021410 0.139226 -0.156021
v -0.021787 0.157002 -0.141849
v -0.316931 0.162921 -0.139040
v -0.326578 0.170800 -0.131743
v -0.327038 0.180282 -0.123185
v -0.317348 0.190018 -0.115363
v -0.337402 0.190264 -0.115661
v -0.335537 0.165197 -0.137336
v -0.353828 0.188990 -0.117444
v -0.361854 0.187165 -0.119502
v -0.365682 0.184175 -0.122205
v -0.293856 0.126538 -0.167177
v -0.221011 0.137732 -0.159102
v -0.271549 0.146865 -0.150690
v -0.157680 0.129721 -0.166865
v -0.094143 0.124739 -0.169948
v -0.022788 0.122000 -0.170146
v -0.313980 0.152328 -0.148082
v -0.306371 0.135112 -0.161064
v -0.270528 0.184723 -0.116589
v -0.219758 0.182759 -0.121404
v -0.157280 0.179275 -0.124799
v -0.094683 0.175970 -0.128253
v -0.023309 0.174982 -0.130923
v 0.282902 0.151204 -0.141366
v 0.282967 0.155962 -0.137106
v 0.267355 0.158064 -0.134812
v 0.268891 0.150065 -0.142361
v 0.049827 0.092403 -0.192300
v 0.051373 0.103500 -0.185402
v 0.105712 0.094583 -0.191145
v 0.105793 0.105884 -0.182459
v 0.160433 0.099909 -0.186216
v 0.158744 0.110428 -0.177549
v 0.206057 0.106460 -0.181438
v 0.203068 0.113949 -0.174108
v 0.270193 0.144904 -0.146683
v 0.280008 0.147504 -0.144433
v 0.150445 0.139340 -0.150279
v 0.191618 0.143085 -0.146033
v 0.187562 0.153808 -0.135928
v 0.150735 0.152683 -0.137664
v 0.103124 0.137142 -0.153154
v 0.101324 0.152907 -0.139628
v 0.045505 0.137423 -0.154901
v 0.043243 0.154704 -0.141427
v 0.233706 0.140643 -0.150258
v 0.240963 0.148296 -0.144189
v 0.238313 0.158159 -0.135330
v 0.228887 0.169877 -0.128234
v 0.248028 0.169313 -0.128490
v 0.252745 0.141913 -0.149059
v 0.266948 0.167288 -0.130065
v 0.280595 0.161030 -0.133602
v 0.276435 0.164700 -0.131518
v 0.223781 0.110676 -0.178011
v 0.197574 0.129244 -0.159099
v 0.153282 0.125188 -0.163669
v 0.103330 0.122280 -0.167281
v 0.044679 0.121244 -0.169452
v 0.234913 0.131240 -0.158747
v 0.233506 0.117017 -0.172356
v 0.186582 0.166456 -0.127099
v 0.148906 0.166578 -0.127378
v 0.098799 0.168826 -0.129587
v 0.045164 0.171834 -0.130426
v 0.347484 0.140142 -0.151881
v 0.410553 0.140973 -0.150910
v 0.398973 0.177774 -0.126569
v 0.333782 0.174209 -0.126139
v 0.457946 0.182576 -0.134082
v 0.467264 0.141198 -0.152598
v 0.507763 0.185014 -0.138880
v 0.500115 0.212072 -0.125063
v 0.448309 0.205523 -0.119051
v 0.440782 0.225191 -0.100896
v 0.494821 0.234812 -0.107381
v 0.493987 0.251047 -0.082715
v 0.435769 0.242300 -0.078487
v 0.433986 0.253998 -0.053259
v 0.495384 0.260110 -0.054165
v 0.494801 0.266030 -0.028487
v 0.433926 0.261316 -0.028216
v 0.376263 0.214390 -0.096390
v 0.382433 0.233346 -0.074776
v 0.389151 0.247125 -0.052351
v 0.388549 0.254997 -0.027944
v 0.356385 0.191320 -0.113349
v 0.327224 0.181972 -0.119651
v 0.384544 0.195858 -0.111684
v 0.283578 0.168160 -0.119407
v 0.298644 0.134137 -0.146908
v 0.297842 0.139291 -0.152032
v 0.282379 0.173455 -0.124423
v 0.348048 0.135190 -0.146632
v 0.412946 0.136358 -0.145434
v 0.472168 0.137476 -0.146933
v 0.516958 0.137365 -0.153701
v 0.511034 0.140750 -0.159332
v 0.513738 0.180884 -0.133580
v 0.506154 0.206852 -0.120364
v 0.500718 0.228724 -0.103461
v 0.499491 0.244444 -0.079859
v 0.500389 0.252686 -0.052434
v 0.499508 0.256779 -0.027653
v 0.394499 0.239869 -0.050182
v 0.390998 0.226891 -0.072606
v 0.380916 0.208560 -0.091941
v 0.368488 0.193796 -0.102574
v 0.366389 0.199162 -0.107479
v 0.358058 0.185878 -0.108479
v 0.328969 0.176531 -0.114784
v -0.524294 0.082890 -0.172426
v -0.444091 0.063013 -0.178507
v -0.410183 0.104379 -0.164402
v -0.507499 0.121445 -0.157975
v 0.116813 0.095167 -0.174606
v 0.118000 0.049668 -0.191324
v 0.227629 0.049712 -0.186295
v 0.222709 0.095051 -0.171498
v 0.338776 0.049945 -0.178976
v 0.326733 0.095179 -0.166811
v -0.434268 0.192651 -0.109619
v -0.451342 0.175614 -0.122956
v -0.358233 0.160089 -0.121736
v -0.341833 0.177811 -0.109400
v -0.473924 0.152565 -0.138907
v -0.376699 0.136027 -0.133891
v -0.307356 0.102588 -0.167903
v -0.279644 0.145493 -0.146352
v -0.265187 0.162733 -0.132170
v 0.314909 0.137792 -0.147062
v 0.215348 0.136805 -0.149107
v 0.307552 0.156326 -0.133909
v 0.210936 0.154339 -0.134591
v 0.112740 0.168577 -0.118318
v 0.114168 0.153668 -0.135393
v 0.206030 0.169764 -0.118229
v 0.115271 0.136471 -0.150599
v 0.299212 0.172946 -0.118881
v 0.402562 0.159005 -0.133829
v 0.390927 0.177083 -0.120399
v 0.419284 0.095016 -0.162569
v 0.411661 0.139400 -0.145585
v 0.514310 0.092912 -0.164499
v 0.519537 0.135669 -0.156067
v 0.523077 0.160917 -0.147123
v 0.526720 0.184846 -0.135630
v -0.379797 0.240868 -0.040196
v -0.391181 0.231882 -0.059233
v -0.305590 0.219965 -0.060327
v -0.298736 0.229700 -0.040976
v -0.217221 0.206453 -0.084403
v -0.208649 0.220996 -0.065709
v -0.314469 0.208252 -0.078517
v -0.205568 0.231865 -0.045236
v -0.203710 0.237878 -0.022924
v -0.290296 0.240164 -0.020604
v -0.061135 0.194931 -0.081855
v 0.023557 0.193046 -0.082424
v 0.024975 0.204310 -0.063604
v -0.055341 0.205666 -0.062986
v 0.109415 0.194469 -0.083802
v 0.108064 0.206473 -0.064821
v 0.270296 0.228035 -0.047068
v 0.274791 0.217802 -0.067935
v 0.360590 0.229058 -0.071557
v 0.356229 0.239941 -0.049448
v 0.532976 0.247949 -0.079023
v 0.530833 0.255223 -0.051765
v -0.071399 0.169490 -0.116184
v -0.077467 0.155172 -0.133379
v 0.017001 0.154066 -0.135140
v 0.019246 0.168475 -0.117594
v -0.083679 0.138674 -0.148845
v -0.095387 0.097830 -0.173703
v 0.010319 0.095989 -0.175251
v 0.014803 0.137177 -0.150743
v 0.290458 0.188931 -0.103531
v 0.201038 0.184343 -0.102032
v 0.111087 0.182247 -0.101479
v 0.196229 0.197427 -0.084896
v -0.202236 0.100124 -0.171481
v -0.181599 0.142024 -0.147996
v -0.160918 0.174511 -0.116111
v -0.171294 0.159789 -0.133234
v -0.249359 0.177841 -0.116225
v -0.141461 0.196402 -0.080667
v -0.151032 0.185954 -0.098670
v -0.066206 0.182996 -0.099454
v -0.232062 0.192586 -0.100740
v -0.334988 0.055888 -0.182278
v -0.104023 0.052137 -0.189104
v -0.222028 0.053098 -0.186765
v 0.418201 0.049203 -0.171919
v 0.499665 0.047989 -0.165944
v 0.005819 0.050097 -0.192021
v -0.403862 0.221316 -0.077381
v -0.418144 0.208272 -0.094490
v -0.326747 0.194178 -0.094935
v 0.021535 0.181485 -0.100407
v 0.282124 0.203360 -0.087038
v 0.379439 0.195768 -0.106514
v 0.369066 0.212742 -0.091089
v 0.530882 0.211062 -0.121266
v 0.533489 0.232802 -0.102810
v 0.191897 0.210124 -0.065819
v 0.268422 0.233858 -0.023816
v 0.187642 0.224995 -0.022935
v 0.189042 0.219286 -0.045417
v 0.107209 0.215341 -0.044753
v -0.132109 0.209628 -0.063037
v 0.497527 0.048401 -0.155210
v 0.518890 0.086665 -0.150064
v 0.526762 0.133610 -0.142063
v 0.530295 0.157108 -0.134025
v 0.533853 0.179377 -0.123430
v 0.538569 0.203241 -0.110562
v 0.541272 0.222886 -0.093892
v 0.539369 0.236044 -0.072485
v 0.535451 0.242011 -0.047937
v 0.533205 0.244593 -0.024045
v 0.529559 0.258407 -0.025977
v 0.107065 0.050146 -0.177294
v 0.215837 0.049473 -0.174748
v 0.332683 0.051032 -0.166166
v -0.433769 0.062053 -0.165939
v -0.323589 0.055230 -0.170521
v -0.214660 0.052619 -0.174886
v -0.094783 0.052409 -0.174796
v 0.406298 0.050838 -0.162089
v 0.005033 0.050541 -0.177594
v -0.359981 0.153619 -0.135532
v -0.360051 0.153908 -0.137096
v -0.344859 0.154896 -0.137449
v -0.344222 0.154643 -0.135898
v -0.358614 0.151604 -0.138819
v -0.345266 0.152472 -0.139130
v -0.357008 0.148725 -0.137913
v -0.344592 0.149532 -0.138201
v -0.356859 0.148185 -0.135276
v -0.343512 0.149053 -0.135587
v -0.358308 0.150512 -0.133576
v -0.343116 0.151499 -0.133930
v -0.359266 0.152225 -0.134088
v -0.343507 0.153250 -0.134454
v -0.329893 0.154516 -0.138740
v -0.328697 0.154249 -0.137237
v -0.332116 0.152138 -0.140264
v -0.332360 0.149222 -0.139256
v -0.330362 0.148719 -0.136721
v -0.328150 0.151119 -0.135220
v -0.327982 0.152856 -0.135793
v -0.316172 0.152795 -0.140879
v -0.314463 0.152464 -0.139456
v -0.320061 0.150626 -0.142143
v -0.321146 0.147815 -0.141005
v -0.318306 0.147207 -0.138600
v -0.314429 0.149399 -0.137360
v -0.313748 0.151071 -0.138012
v -0.304631 0.149850 -0.143722
v -0.302491 0.149409 -0.142405
v -0.309921 0.148039 -0.144640
v -0.311714 0.145409 -0.143328
v -0.308166 0.144620 -0.141098
v -0.302888 0.146453 -0.140202
v -0.301776 0.148016 -0.140961
v -0.296057 0.145882 -0.147073
v -0.293597 0.145293 -0.145882
v -0.302387 0.144553 -0.147586
v -0.304706 0.142166 -0.146067
v -0.300633 0.141134 -0.144043
v -0.294314 0.142485 -0.143554
v -0.292882 0.143900 -0.144438
v -0.291034 0.141162 -0.150706
v -0.288386 0.140396 -0.149650
v -0.297974 0.140405 -0.150777
v -0.300601 0.138307 -0.149036
v -0.296219 0.136986 -0.147235
v -0.289291 0.137765 -0.147187
v -0.287671 0.139003 -0.148206
v -0.289904 0.136009 -0.154373
v -0.287214 0.135052 -0.153453
v -0.296981 0.135878 -0.153999
v -0.299677 0.134097 -0.152032
v -0.295227 0.132459 -0.150456
v -0.288161 0.132613 -0.150853
v -0.286499 0.133658 -0.152009
v -0.292745 0.130777 -0.157822
v -0.290161 0.129624 -0.157032
v -0.299477 0.131281 -0.157030
v -0.301999 0.129820 -0.154852
v -0.297722 0.127862 -0.153487
v -0.291001 0.127381 -0.154303
v -0.289446 0.128231 -0.155588
v -0.299362 0.125822 -0.160821
v -0.297025 0.124484 -0.160142
v -0.305291 0.126927 -0.159664
v -0.307407 0.125770 -0.157302
v -0.303537 0.123508 -0.156121
v -0.297619 0.122425 -0.157301
v -0.296310 0.123090 -0.158698
v -0.309305 0.121481 -0.163163
v -0.307340 0.119980 -0.162572
v -0.314028 0.123113 -0.161722
v -0.315534 0.122223 -0.159217
v -0.312273 0.119694 -0.158179
v -0.307562 0.118084 -0.159644
v -0.306625 0.118587 -0.161128
v -0.321897 0.118049 -0.164690
v -0.320402 0.116421 -0.164156
v -0.325091 0.120098 -0.163064
v -0.325825 0.119418 -0.160465
v -0.323336 0.116679 -0.159521
v -0.320154 0.114653 -0.161170
v -0.319687 0.115028 -0.162712
v -0.336278 0.115762 -0.165297
v -0.335320 0.114048 -0.164786
v -0.337726 0.118088 -0.163597
v -0.337578 0.117549 -0.160961
v -0.335972 0.114669 -0.160055
v -0.334535 0.112365 -0.161778
v -0.334605 0.112655 -0.163342
v -0.351470 0.114775 -0.164944
v -0.351079 0.113024 -0.164419
v -0.351074 0.117221 -0.163287
v -0.349994 0.116742 -0.160672
v -0.349320 0.113802 -0.159744
v -0.349727 0.111378 -0.161424
v -0.350364 0.111630 -0.162975
v -0.366436 0.115154 -0.163653
v -0.366605 0.113418 -0.163081
v -0.364224 0.117554 -0.162153
v -0.362226 0.117052 -0.159618
v -0.362470 0.114135 -0.158610
v -0.364693 0.111758 -0.160134
v -0.365890 0.112024 -0.161637
v -0.380157 0.116875 -0.161514
v -0.380838 0.115203 -0.160862
v -0.376280 0.119066 -0.160273
v -0.373440 0.118458 -0.157869
v -0.374525 0.115647 -0.156731
v -0.378414 0.113478 -0.157995
v -0.380123 0.113810 -0.159418
v -0.391698 0.119820 -0.158672
v -0.392810 0.118258 -0.157913
v -0.386420 0.121654 -0.157776
v -0.382872 0.120865 -0.155546
v -0.384665 0.118235 -0.154233
v -0.389955 0.116423 -0.155152
v -0.392095 0.116864 -0.156469
v -0.400272 0.123788 -0.155320
v -0.401704 0.122374 -0.154436
v -0.393953 0.125140 -0.154831
v -0.389880 0.124108 -0.152807
v -0.392199 0.121721 -0.151288
v -0.398529 0.120391 -0.151800
v -0.400989 0.120980 -0.152992
v -0.405296 0.128509 -0.151687
v -0.406915 0.127271 -0.150668
v -0.398367 0.129288 -0.151639
v -0.393985 0.127966 -0.149838
v -0.396612 0.125869 -0.148096
v -0.403553 0.125112 -0.148168
v -0.406200 0.125877 -0.149224
v -0.406425 0.133661 -0.148021
v -0.408087 0.132615 -0.146864
v -0.399359 0.133815 -0.148418
v -0.394908 0.132177 -0.146841
v -0.397605 0.130396 -0.144875
v -0.404682 0.130264 -0.144501
v -0.407372 0.131222 -0.145421
v -0.403585 0.138893 -0.144571
v -0.405140 0.138043 -0.143286
v -0.396863 0.138412 -0.145387
v -0.392587 0.136453 -0.144022
v -0.395109 0.134992 -0.141844
v -0.401842 0.135496 -0.141051
v -0.404425 0.136649 -0.141842
v -0.396967 0.143848 -0.141573
v -0.398276 0.143183 -0.140176
v -0.391049 0.142766 -0.142752
v -0.387179 0.140503 -0.141571
v -0.389295 0.139346 -0.139210
v -0.395224 0.140452 -0.138053
v -0.397560 0.141790 -0.138732
v -0.387024 0.148190 -0.139230
v -0.387961 0.147687 -0.137746
v -0.382313 0.146580 -0.140694
v -0.379052 0.144051 -0.139657
v -0.380559 0.143161 -0.137152
v -0.385281 0.144793 -0.135711
v -0.387246 0.146293 -0.136302
v -0.374432 0.151621 -0.137703
v -0.374899 0.151246 -0.136162
v -0.371250 0.149595 -0.139353
v -0.368761 0.146856 -0.138409
v -0.369495 0.146176 -0.135810
v -0.372689 0.148224 -0.134184
v -0.374184 0.149853 -0.134718
v -0.341680 0.214344 -0.085572
v -0.376960 0.219414 -0.083481
v -0.389865 0.190251 -0.109673
v -0.358329 0.185877 -0.111727
v -0.308579 0.213479 -0.088770
v -0.320262 0.180039 -0.113312
v -0.350486 0.151077 -0.140291
v -0.372782 0.148479 -0.140521
v -0.369124 0.144982 -0.137909
v -0.347905 0.148414 -0.137749
v -0.327969 0.151565 -0.143025
v -0.327286 0.147124 -0.140286
v -0.391015 0.147320 -0.142057
v -0.388634 0.143709 -0.143486
v -0.371690 0.152722 -0.137969
v -0.350122 0.155264 -0.137009
v -0.327434 0.156331 -0.140708
v -0.391997 0.148421 -0.136388
v -0.392463 0.148660 -0.137371
v -0.371797 0.153341 -0.133627
v -0.371358 0.153074 -0.132949
v -0.348410 0.155170 -0.133287
v -0.348766 0.155434 -0.133907
v -0.327875 0.156336 -0.137449
v -0.327844 0.156298 -0.136935
v -0.393463 0.149136 -0.139002
v -0.373075 0.154243 -0.135638
v -0.350003 0.156638 -0.135948
v -0.327253 0.156872 -0.139152
v -0.389982 0.170028 -0.124842
v -0.360732 0.168588 -0.121604
v -0.324174 0.167433 -0.123874
v -0.388200 0.249288 -0.047992
v -0.391728 0.235193 -0.060791
v -0.368551 0.232959 -0.064673
v -0.368603 0.248066 -0.052857
v -0.258872 0.210825 -0.094086
v -0.266142 0.227645 -0.083332
v -0.308051 0.228813 -0.075334
v -0.301736 0.211710 -0.087493
v -0.281341 0.246647 -0.068930
v -0.303091 0.263355 -0.052802
v -0.328699 0.261562 -0.050431
v -0.317248 0.246063 -0.063138
v -0.402393 0.222840 -0.078949
v -0.414123 0.209240 -0.095544
v -0.377791 0.202963 -0.094698
v -0.371958 0.218028 -0.079633
v -0.298619 0.196804 -0.098934
v -0.254382 0.196065 -0.104568
v -0.358893 0.286333 -0.034066
v -0.371028 0.285413 -0.032497
v -0.373911 0.275256 -0.035818
v -0.357622 0.275258 -0.038538
v -0.340705 0.274540 -0.042225
v -0.326155 0.275679 -0.044087
v -0.395048 0.265108 -0.037523
v -0.371520 0.263115 -0.042376
v -0.392512 0.275357 -0.033392
v -0.347020 0.285559 -0.036701
v -0.351130 0.261827 -0.046659
v -0.345217 0.246785 -0.057987
v -0.341460 0.230709 -0.069582
v -0.338854 0.214105 -0.082469
v -0.339701 0.198794 -0.096325
v -0.340986 0.180817 -0.110917
v -0.385243 0.186306 -0.110051
v -0.385626 0.185020 -0.108024
v -0.340986 0.179981 -0.108377
v -0.295811 0.179077 -0.112499
v -0.295923 0.178151 -0.109958
v -0.388200 0.248452 -0.045419
v -0.393419 0.233218 -0.059502
v -0.257877 0.209808 -0.091316
v -0.265549 0.226696 -0.080802
v -0.281289 0.245809 -0.066369
v -0.303091 0.262520 -0.049986
v -0.347468 0.284780 -0.034054
v -0.358893 0.285497 -0.031526
v -0.431876 0.194617 -0.110654
v -0.415120 0.207457 -0.093835
v -0.432829 0.192629 -0.109423
v -0.253613 0.195185 -0.101895
v -0.389104 0.280265 -0.032021
v -0.389105 0.279429 -0.029481
v -0.392512 0.274522 -0.030852
v -0.324893 0.274270 -0.041949
v -0.395048 0.264272 -0.034983
v -0.403453 0.221196 -0.077563
v -0.248937 0.180627 -0.116949
v -0.248926 0.179647 -0.114389
v -0.365407 0.262315 -0.043049
v -0.366880 0.248478 -0.052238
v -0.306546 0.249343 -0.060444
v -0.317731 0.264249 -0.050070
v -0.379801 0.301593 -0.024434
v -0.373261 0.282213 -0.032248
v -0.327252 0.282565 -0.040108
v -0.331454 0.298648 -0.030595
v -0.372287 0.233416 -0.064328
v -0.307309 0.211364 -0.085422
v -0.308181 0.229241 -0.073506
v -0.387173 0.329542 0.000001
v -0.387771 0.324594 -0.008630
v -0.386602 0.318127 -0.017420
v -0.344066 0.316237 -0.019651
v -0.387511 0.321717 -0.013346
v -0.345086 0.330083 -0.008904
v -0.346532 0.321274 -0.013014
v -0.346578 0.324716 0.000001
v -0.377696 0.217428 -0.081375
v -0.392937 0.188808 -0.108171
v -0.327493 0.151393 -0.140839
v -0.327622 0.152803 -0.140253
v -0.384507 0.140912 -0.141253
v -0.389037 0.144148 -0.141223
v -0.384426 0.141495 -0.137772
v -0.326821 0.148547 -0.136156
v -0.368971 0.145648 -0.133760
v -0.348255 0.148349 -0.134280
v -0.389397 0.145771 -0.139823
v -0.327685 0.153790 -0.139320
v -0.389706 0.146342 -0.134428
v -0.389845 0.145804 -0.136359
v -0.323410 0.165759 -0.122463
v -0.317827 0.178347 -0.112023
v -0.389615 0.146683 -0.139067
v -0.327681 0.154461 -0.137793
v -0.327582 0.154733 -0.135301
v -0.391117 0.168170 -0.123107
v -0.451305 0.167735 -0.113388
v -0.472507 0.146062 -0.128478
v -0.503022 0.117752 -0.146187
v -0.395568 0.219802 -0.054436
v -0.407313 0.210026 -0.071239
v -0.420551 0.197959 -0.087059
v -0.435479 0.183505 -0.101051
v -0.367450 0.251224 -0.020124
v -0.373530 0.237757 -0.018290
v -0.384971 0.228151 -0.036789
v -0.101296 0.092483 -0.185652
v -0.023374 0.089114 -0.187430
v -0.163269 0.097919 -0.182095
v -0.225194 0.106552 -0.175544
v -0.273908 0.117494 -0.167194
v -0.306765 0.132378 -0.157318
v -0.294250 0.123804 -0.163431
v -0.314373 0.149594 -0.144336
v -0.366438 0.172665 -0.125799
v -0.362717 0.169082 -0.128434
v -0.352929 0.166111 -0.130523
v -0.335930 0.162463 -0.133590
v -0.367591 0.177152 -0.122134
v -0.366075 0.181441 -0.118459
v -0.362248 0.184431 -0.115756
v -0.317324 0.160187 -0.135294
v -0.023737 0.172358 -0.127439
v -0.095077 0.173236 -0.124507
v -0.157673 0.176541 -0.121053
v -0.220152 0.180025 -0.117658
v -0.270921 0.181989 -0.112843
v -0.317741 0.187284 -0.111617
v -0.337796 0.187531 -0.111915
v -0.354221 0.186256 -0.113698
v 0.282570 0.148376 -0.137872
v 0.282633 0.153287 -0.133703
v 0.050785 0.089615 -0.188356
v 0.106400 0.091875 -0.187078
v 0.160603 0.097254 -0.182095
v 0.205858 0.103434 -0.177072
v 0.279675 0.144567 -0.140867
v 0.269865 0.141879 -0.143087
v 0.247712 0.166232 -0.124923
v 0.228575 0.166710 -0.124630
v 0.233390 0.137437 -0.146608
v 0.252424 0.138785 -0.145438
v 0.266630 0.164335 -0.126565
v 0.276115 0.161834 -0.128061
v 0.280270 0.158239 -0.130169
v 0.223444 0.107568 -0.173710
v 0.233037 0.113793 -0.168080
v 0.234529 0.127978 -0.154983
v 0.186261 0.163167 -0.123377
v 0.148574 0.163315 -0.123611
v 0.098497 0.165883 -0.126179
v 0.044596 0.169288 -0.127108
v -0.200615 -0.068674 -0.191048
v -0.168833 -0.097857 -0.189669
v -0.118016 -0.115630 -0.189618
v -0.117820 -0.073665 -0.190476
v -0.035027 -0.121628 -0.189618
v -0.035027 -0.074663 -0.190476
v 0.047962 -0.115629 -0.189618
v 0.047766 -0.073665 -0.190476
v 0.100268 -0.098414 -0.189480
v 0.130561 -0.068674 -0.191048
v -0.205982 -0.027317 -0.197068
v -0.115171 -0.029615 -0.196435
v -0.035027 -0.030232 -0.196435
v 0.045117 -0.029615 -0.196435
v 0.135929 -0.027317 -0.197068
v -0.182478 0.050442 -0.195093
v -0.192611 0.015078 -0.198305
v -0.111070 0.014192 -0.197743
v -0.108443 0.050405 -0.194544
v -0.034543 0.013961 -0.197762
v -0.034411 0.050420 -0.194551
v 0.041985 0.014193 -0.197743
v 0.039622 0.050405 -0.194544
v 0.123526 0.015078 -0.198305
v 0.113657 0.050443 -0.195093
v -0.174175 0.126228 -0.164336
v -0.176141 0.099111 -0.177743
v -0.104028 0.097147 -0.177710
v -0.104595 0.125759 -0.163338
v -0.032231 0.097147 -0.177500
v -0.035027 0.125761 -0.163341
v 0.039567 0.097129 -0.177281
v 0.034540 0.125759 -0.163338
v 0.111065 0.099075 -0.176885
v 0.104120 0.126229 -0.161468
v -0.520106 0.078601 -0.162540
v -0.200615 -0.069197 -0.187494
v -0.195276 -0.069508 -0.187531
v -0.168864 -0.097181 -0.186202
v -0.168833 -0.098380 -0.186115
v -0.117820 -0.074020 -0.188065
v -0.035027 -0.075018 -0.188065
v -0.035027 -0.118339 -0.186225
v -0.118000 -0.112562 -0.186225
v 0.047766 -0.074020 -0.188065
v 0.047946 -0.112562 -0.186225
v 0.123235 -0.069624 -0.187544
v 0.097505 -0.097634 -0.186203
v -0.205982 -0.027840 -0.193514
v -0.200127 -0.027977 -0.193547
v -0.115171 -0.029970 -0.194024
v -0.035027 -0.030587 -0.194023
v 0.045117 -0.029970 -0.194024
v 0.127893 -0.028028 -0.193559
v -0.182478 0.049919 -0.191539
v -0.177704 0.049928 -0.191577
v -0.187353 0.014508 -0.194789
v -0.192611 0.014555 -0.194751
v -0.108443 0.050050 -0.192133
v -0.034411 0.050066 -0.192140
v -0.034543 0.013606 -0.195351
v -0.111070 0.013838 -0.195332
v 0.039622 0.050050 -0.192133
v 0.041985 0.013838 -0.195332
v 0.107106 0.049931 -0.191592
v 0.116311 0.014491 -0.194803
v -0.174175 0.123280 -0.158086
v -0.169689 0.123311 -0.158151
v -0.172046 0.098388 -0.174276
v -0.176708 0.098502 -0.174205
v -0.104595 0.123759 -0.159098
v -0.035028 0.123761 -0.159101
v -0.032615 0.096733 -0.175100
v -0.104413 0.096734 -0.175310
v 0.034540 0.123759 -0.159098
v 0.039182 0.096716 -0.174881
v 0.097964 0.123323 -0.155308
v 0.104188 0.098311 -0.173483
v -0.118016 -0.116153 -0.186063
v -0.035027 -0.122151 -0.186063
v 0.110499 0.098466 -0.173347
v 0.104120 0.123281 -0.155218
v 0.113657 0.049919 -0.191539
v 0.123526 0.014555 -0.194751
v 0.135928 -0.027840 -0.193514
v 0.130561 -0.069197 -0.187494
v 0.100268 -0.098937 -0.185926
v 0.047962 -0.116153 -0.186063
v -0.343667 0.155144 -0.134355
v -0.360333 0.154061 -0.133968
v -0.327248 0.154728 -0.135771
v -0.312195 0.152840 -0.138118
v -0.299534 0.149609 -0.141236
v -0.290127 0.145256 -0.144913
v -0.284617 0.140077 -0.148899
v -0.283378 0.134425 -0.152921
v -0.286494 0.128685 -0.156706
v -0.293754 0.123249 -0.159995
v -0.304662 0.118486 -0.162565
v -0.318476 0.114722 -0.164240
v -0.334253 0.112213 -0.164906
v -0.350919 0.111130 -0.164518
v -0.367338 0.111546 -0.163103
v -0.382391 0.113434 -0.160756
v -0.395052 0.116664 -0.157638
v -0.404459 0.121017 -0.153960
v -0.409969 0.126196 -0.149975
v -0.411209 0.131849 -0.145953
v -0.408092 0.137588 -0.142168
v -0.400832 0.143025 -0.138879
v -0.389924 0.147788 -0.136309
v -0.376110 0.151552 -0.134634
v -0.155263 -0.230848 -0.243805
v -0.140099 -0.232607 -0.243928
v -0.126071 -0.226525 -0.244193
v -0.141123 -0.225100 -0.243890
v -0.143097 -0.215840 -0.243908
v -0.127737 -0.215872 -0.244604
v -0.140637 -0.192827 -0.244049
v -0.155798 -0.192797 -0.242737
v -0.146415 -0.169771 -0.242546
v -0.161246 -0.169776 -0.240691
v -0.152109 -0.146748 -0.240948
v -0.166485 -0.146821 -0.238632
v -0.157671 -0.123803 -0.239727
v -0.171468 -0.123983 -0.237025
v -0.163053 -0.100966 -0.238656
v -0.176154 -0.101292 -0.235612
v -0.168210 -0.078268 -0.237632
v -0.180503 -0.078776 -0.234229
v -0.173097 -0.055743 -0.236304
v -0.184477 -0.056466 -0.232526
v -0.177673 -0.033433 -0.234160
v -0.188044 -0.034394 -0.230043
v -0.183211 -0.011891 -0.229931
v -0.191753 -0.013107 -0.225306
v -0.192117 0.008360 -0.222838
v -0.196949 0.007015 -0.217587
v -0.197959 0.028481 -0.215487
v -0.199577 0.026983 -0.209726
v -0.197084 0.048211 -0.207579
v -0.198433 0.046485 -0.202085
v -0.199847 0.067234 -0.198536
v -0.202280 0.065172 -0.193114
v -0.206110 0.086170 -0.188070
v -0.206953 0.084044 -0.183006
v -0.207166 0.106384 -0.174988
v -0.205832 0.104171 -0.170199
v -0.202806 0.125898 -0.162439
v -0.199700 0.123834 -0.159281
v -0.137289 -0.231492 -0.182284
v -0.121067 -0.226999 -0.183254
v -0.115950 -0.213210 -0.185166
v -0.117426 -0.191578 -0.188057
v -0.111978 -0.169899 -0.190523
v -0.106740 -0.148246 -0.193041
v -0.101756 -0.126671 -0.195778
v -0.097070 -0.105132 -0.198317
v -0.092721 -0.083591 -0.200384
v -0.088747 -0.062019 -0.201849
v -0.085182 -0.040396 -0.202796
v -0.082054 -0.018717 -0.203088
v -0.079393 0.003008 -0.202607
v -0.077276 0.024827 -0.202137
v -0.076072 0.046248 -0.200424
v -0.076834 0.064746 -0.195225
v -0.079304 0.080722 -0.188712
v -0.081274 0.097049 -0.180704
v -0.081206 0.117252 -0.172012
v -0.152558 -0.229732 -0.182162
v -0.136119 -0.225574 -0.182952
v -0.131310 -0.213178 -0.184471
v -0.132587 -0.191549 -0.186741
v -0.126809 -0.169904 -0.188654
v -0.121115 -0.148318 -0.190697
v -0.115553 -0.126845 -0.193018
v -0.110171 -0.105443 -0.195167
v -0.105015 -0.084077 -0.196867
v -0.100128 -0.062713 -0.197952
v -0.095552 -0.041326 -0.198554
v -0.091327 -0.019905 -0.198553
v -0.087476 0.001552 -0.197835
v -0.083978 0.023115 -0.197178
v -0.081551 0.044285 -0.195388
v -0.080896 0.062720 -0.190195
v -0.081764 0.078783 -0.183607
v -0.082052 0.095066 -0.175546
v -0.080339 0.115263 -0.168517
v -0.124273 -0.227312 -0.243717
v -0.109568 -0.225291 -0.243983
v -0.110432 -0.215872 -0.244604
v -0.125792 -0.215840 -0.243908
v -0.124025 -0.192827 -0.244049
v -0.139185 -0.192797 -0.242737
v -0.130679 -0.170519 -0.242037
v -0.145510 -0.170523 -0.240182
v -0.135190 -0.146748 -0.241771
v -0.149566 -0.146821 -0.239455
v -0.105020 -0.224665 -0.182015
v -0.097143 -0.213210 -0.185166
v -0.100814 -0.191578 -0.188057
v -0.096242 -0.170647 -0.190014
v -0.089821 -0.148246 -0.193864
v -0.119725 -0.226687 -0.181748
v -0.112503 -0.213178 -0.184471
v -0.115974 -0.191549 -0.186741
v -0.111073 -0.170652 -0.188145
v -0.104196 -0.148318 -0.191519
v -0.158632 -0.237085 -0.181650
v -0.158894 -0.238075 -0.243682
v -0.143203 -0.237086 -0.181666
v -0.143465 -0.238076 -0.243698
v -0.106921 -0.231337 -0.181473
v -0.109331 -0.232858 -0.243700
v -0.092041 -0.228960 -0.181569
v -0.094464 -0.230499 -0.243777
v -0.153672 -0.244839 -0.181505
v -0.153404 -0.245758 -0.243537
v -0.141497 -0.242038 -0.181556
v -0.141213 -0.242951 -0.243588
v -0.100260 -0.238075 -0.243682
v -0.099998 -0.237085 -0.181650
v -0.100801 -0.241761 -0.181576
v -0.101641 -0.242425 -0.243608
v -0.084569 -0.237086 -0.181666
v -0.088692 -0.245247 -0.181584
v -0.084831 -0.238076 -0.243698
v -0.089503 -0.245913 -0.243616
v -0.142820 -0.250112 -0.181528
v -0.136250 -0.245407 -0.181544
v -0.106207 -0.245093 -0.181528
v -0.101259 -0.250778 -0.181544
v -0.135428 -0.246197 -0.243576
v -0.107419 -0.245532 -0.243560
v -0.141997 -0.250903 -0.243560
v -0.102472 -0.251216 -0.243576
v -0.110375 -0.245345 -0.160329
v -0.128035 -0.245345 -0.160329
v -0.136864 -0.238648 -0.160329
v -0.128035 -0.231950 -0.160329
v -0.110375 -0.231950 -0.160329
v -0.101545 -0.238648 -0.160329
v -0.110375 -0.231950 -0.269723
v -0.101545 -0.238647 -0.269723
v -0.128034 -0.231950 -0.269723
v -0.136864 -0.238647 -0.269723
v -0.128035 -0.245345 -0.269723
v -0.110375 -0.245345 -0.269723
v -0.181652 -0.323774 -0.280000
v -0.181652 -0.345264 -0.274557
v -0.052862 -0.345263 -0.274557
v -0.052862 -0.323774 -0.280000
v -0.060027 -0.280288 -0.276527
v -0.174488 -0.280288 -0.276527
v -0.070078 -0.218900 -0.257323
v -0.164438 -0.218900 -0.257323
v -0.052862 -0.359999 -0.245031
v -0.181652 -0.359999 -0.245031
v -0.181921 -0.359634 -0.215542
v -0.053132 -0.359633 -0.215542
v -0.052862 -0.336882 -0.267102
v -0.181652 -0.336882 -0.267102
v -0.181652 -0.322516 -0.269935
v -0.052862 -0.322516 -0.269935
v -0.174488 -0.283136 -0.266680
v -0.060027 -0.283136 -0.266680
v -0.164438 -0.223337 -0.247876
v -0.070078 -0.223337 -0.247876
v -0.181921 -0.347236 -0.215542
v -0.181652 -0.347821 -0.243137
v -0.052862 -0.347821 -0.243137
v -0.053131 -0.347236 -0.215542
v 0.388766 0.248183 -0.001199
v 0.393828 0.245835 -0.026821
v 0.384927 0.255188 -0.001948
v 0.493824 0.265248 -0.001974
v 0.496540 0.257766 -0.001199
v 0.435275 0.253928 -0.001199
v 0.435257 0.261569 -0.001961
v 0.025631 0.212772 -0.043843
v -0.050974 0.213327 -0.043059
v -0.125568 0.220642 -0.044507
v -0.281945 0.249966 0.000001
v 0.267802 0.237343 0.000001
v 0.186972 0.228765 0.000001
v 0.355089 0.245650 -0.025021
v 0.025781 0.218338 -0.022119
v 0.106766 0.220965 -0.022590
v -0.049146 0.218415 -0.021700
v -0.122587 0.227031 -0.022636
v 0.528613 0.259996 0.000001
v -0.355592 0.261203 0.000001
v -0.362900 0.246908 0.000001
v -0.385571 0.282767 -0.031614
v -0.379278 0.284162 -0.031953
v -0.379278 0.283326 -0.029413
v -0.385571 0.281932 -0.029074
v -0.371028 0.284577 -0.029957
v -0.334770 0.282339 -0.039842
v -0.330222 0.279217 -0.041900
v -0.329624 0.278138 -0.039550
v -0.334836 0.281590 -0.037281
v -0.339939 0.283949 -0.038250
v -0.340196 0.283185 -0.035646
v -0.053401 -0.323775 -0.151084
v -0.053401 -0.345264 -0.156527
v -0.182191 -0.345264 -0.156527
v -0.182191 -0.323775 -0.151084
v -0.175027 -0.280288 -0.154558
v -0.060565 -0.280288 -0.154558
v -0.164976 -0.218900 -0.173761
v -0.070616 -0.218900 -0.173761
v -0.182190 -0.359999 -0.186054
v -0.053401 -0.359999 -0.186054
v -0.182191 -0.336882 -0.163982
v -0.053401 -0.336882 -0.163982
v -0.053401 -0.322516 -0.161150
v -0.182191 -0.322516 -0.161150
v -0.060565 -0.283136 -0.164404
v -0.175027 -0.283136 -0.164404
v -0.070616 -0.223337 -0.183209
v -0.164976 -0.223337 -0.183209
v -0.053401 -0.347821 -0.187948
v -0.182191 -0.347821 -0.187948
v -0.002290 -0.109764 -0.182056
v -0.128640 -0.109023 -0.177508
v -0.130976 -0.159122 -0.162089
v -0.002562 -0.159705 -0.167682
v -0.134432 -0.202262 -0.139402
v -0.005744 -0.200054 -0.142572
v -0.154955 -0.268002 -0.079720
v -0.016519 -0.265402 -0.080502
v -0.010538 -0.235603 -0.113873
v -0.142660 -0.237845 -0.112079
v -0.167856 -0.288165 -0.041160
v -0.021885 -0.284072 -0.041083
v -0.113237 -0.006493 -0.191279
v -0.122269 -0.058561 -0.187101
v -0.000555 -0.059568 -0.189992
v 0.003924 -0.007858 -0.192072
v -0.079570 0.128781 -0.140756
v -0.084308 0.110974 -0.159016
v 0.017785 0.109118 -0.160479
v 0.019618 0.127374 -0.142577
v -0.089338 0.092122 -0.173518
v -0.095738 0.070581 -0.182636
v 0.012463 0.068445 -0.183850
v 0.015789 0.089958 -0.174740
v -0.102199 0.046918 -0.187814
v 0.008994 0.044903 -0.189064
v -0.127587 -0.107749 -0.173652
v -0.130040 -0.156973 -0.158489
v -0.134029 -0.199297 -0.136259
v -0.142705 -0.234317 -0.109381
v -0.155320 -0.263848 -0.077724
v -0.168449 -0.283673 -0.039894
v -0.172399 -0.295641 0.000000
v -0.171697 -0.300510 0.000000
v -0.079513 0.125382 -0.137939
v -0.084252 0.107977 -0.155886
v -0.089263 0.089550 -0.170105
v -0.095594 0.068555 -0.178955
v -0.101940 0.045479 -0.183952
v -0.112651 -0.006828 -0.187256
v -0.121403 -0.057985 -0.183112
v -0.001609 -0.157601 -0.164064
v -0.001240 -0.108504 -0.178197
v 0.000306 -0.059008 -0.186002
v 0.004503 -0.008211 -0.188051
v 0.009248 0.043447 -0.185209
v 0.012605 0.066404 -0.180178
v 0.015863 0.087375 -0.171337
v 0.017838 0.106112 -0.157359
v -0.022472 -0.279590 -0.039793
v -0.016859 -0.261299 -0.078437
v -0.010558 -0.232119 -0.111136
v -0.005293 -0.197134 -0.139400
v 0.492526 0.078915 -0.187221
v 0.487849 0.081565 -0.188506
v 0.461468 0.074869 -0.187844
v 0.461883 0.071080 -0.186289
v 0.400671 0.072397 -0.188435
v 0.400664 0.068305 -0.187117
v 0.514695 0.092609 -0.187199
v 0.516796 0.104183 -0.184700
v 0.510871 0.104925 -0.185607
v 0.508768 0.093397 -0.188334
v 0.398941 0.115325 -0.173983
v 0.399661 0.101008 -0.179494
v 0.457962 0.101642 -0.179898
v 0.457689 0.116178 -0.175022
v 0.513623 0.134949 -0.174228
v 0.507218 0.135549 -0.174435
v 0.509497 0.119253 -0.180848
v 0.515981 0.118593 -0.180302
v 0.397987 0.131482 -0.166146
v 0.456018 0.132614 -0.168115
v 0.509649 0.170846 -0.157928
v 0.503376 0.171279 -0.157262
v 0.505007 0.154590 -0.165996
v 0.511331 0.154072 -0.166221
v 0.395574 0.166306 -0.142233
v 0.396793 0.150089 -0.154837
v 0.454177 0.151650 -0.158370
v 0.452522 0.168263 -0.147657
v 0.460243 0.090175 -0.182999
v 0.484280 0.081750 -0.186109
v 0.503116 0.091966 -0.185956
v 0.468598 0.058436 -0.166092
v 0.464889 0.077220 -0.164283
v 0.499769 0.066037 -0.165865
v 0.404689 0.055704 -0.169376
v 0.401182 0.076376 -0.165538
v 0.522411 0.079949 -0.166728
v 0.461848 0.088823 -0.162607
v 0.524165 0.091929 -0.166120
v 0.400047 0.087746 -0.163096
v 0.522797 0.106960 -0.164268
v 0.461114 0.103798 -0.159751
v 0.459023 0.120930 -0.155224
v 0.519730 0.124070 -0.160962
v 0.398942 0.102374 -0.159239
v 0.397849 0.119201 -0.153500
v 0.456639 0.140931 -0.147981
v 0.516478 0.144082 -0.155708
v 0.396546 0.138868 -0.144546
v 0.461121 0.068895 -0.182079
v 0.491839 0.076638 -0.182890
v 0.400712 0.066214 -0.183261
v 0.513977 0.090344 -0.183097
v 0.516075 0.101801 -0.181037
v 0.515216 0.116382 -0.177153
v 0.512846 0.132950 -0.171633
v 0.510543 0.152310 -0.164161
v 0.459993 0.068769 -0.180232
v 0.463225 0.062435 -0.170260
v 0.493095 0.069748 -0.170342
v 0.489594 0.076178 -0.180839
v 0.400767 0.066162 -0.181579
v 0.402660 0.059828 -0.172705
v 0.511168 0.089344 -0.181018
v 0.514867 0.083010 -0.170908
v 0.516869 0.094459 -0.169914
v 0.513340 0.100609 -0.179147
v 0.512392 0.115259 -0.175447
v 0.515645 0.109409 -0.167463
v 0.512896 0.126422 -0.163473
v 0.509981 0.131898 -0.170088
v 0.509985 0.146269 -0.157429
v 0.507530 0.151298 -0.162681
v 0.465461 0.060642 -0.168977
v 0.496539 0.068219 -0.169007
v 0.403299 0.057998 -0.171721
v 0.518972 0.082043 -0.169744
v 0.520842 0.093752 -0.168879
v 0.519621 0.108730 -0.166643
v 0.516811 0.125756 -0.162889
v 0.513929 0.145622 -0.157140
v 0.461473 0.076022 -0.185648
v 0.400099 0.089645 -0.182907
v 0.400530 0.073822 -0.186285
v 0.505196 0.103569 -0.183376
v 0.503394 0.117983 -0.178770
v 0.501164 0.134388 -0.172520
v 0.498943 0.153521 -0.164120
v 0.497230 0.170275 -0.155252
v 0.310978 0.082529 -0.193967
v 0.340631 0.073750 -0.191594
v 0.341114 0.077404 -0.192740
v 0.315542 0.084914 -0.194564
v 0.288258 0.096509 -0.193416
v 0.294212 0.097136 -0.194091
v 0.290507 0.108323 -0.190002
v 0.284531 0.107682 -0.189419
v 0.340723 0.116816 -0.176731
v 0.342065 0.102869 -0.182867
v 0.283571 0.136054 -0.173157
v 0.283244 0.121292 -0.182681
v 0.289756 0.121876 -0.183079
v 0.289935 0.136641 -0.173435
v 0.340403 0.132376 -0.167951
v 0.285060 0.166439 -0.144805
v 0.284243 0.152386 -0.159628
v 0.290416 0.152993 -0.159778
v 0.291031 0.167086 -0.144856
v 0.339585 0.165613 -0.141330
v 0.339999 0.150143 -0.155325
v 0.340904 0.091906 -0.186920
v 0.299495 0.095326 -0.191855
v 0.318545 0.084819 -0.192120
v 0.338521 0.060244 -0.173364
v 0.305254 0.068630 -0.175459
v 0.337359 0.078185 -0.169627
v 0.280850 0.082338 -0.176153
v 0.277382 0.093269 -0.173526
v 0.338392 0.089161 -0.166644
v 0.276710 0.106861 -0.168515
v 0.277748 0.122289 -0.160953
v 0.337121 0.119618 -0.155462
v 0.337093 0.103361 -0.162179
v 0.279121 0.140229 -0.149664
v 0.337129 0.138612 -0.145171
v 0.311208 0.080082 -0.190189
v 0.341141 0.071433 -0.187720
v 0.285075 0.104769 -0.186317
v 0.288641 0.093895 -0.189954
v 0.284358 0.133371 -0.170817
v 0.283959 0.118388 -0.179929
v 0.284996 0.150174 -0.157774
v 0.342187 0.071155 -0.185863
v 0.313184 0.079404 -0.188160
v 0.310519 0.072463 -0.178997
v 0.341224 0.064409 -0.176814
v 0.291229 0.092614 -0.188019
v 0.287694 0.103242 -0.184601
v 0.284247 0.096068 -0.176629
v 0.287699 0.085536 -0.179406
v 0.286732 0.116864 -0.178377
v 0.287191 0.131939 -0.169439
v 0.284372 0.125119 -0.163319
v 0.283569 0.109704 -0.171267
v 0.287912 0.148932 -0.156570
v 0.285440 0.142891 -0.151578
v 0.339859 0.062621 -0.175868
v 0.307578 0.070987 -0.178131
v 0.283879 0.084599 -0.178657
v 0.280455 0.095327 -0.175885
v 0.279722 0.108937 -0.170619
v 0.280561 0.124316 -0.162758
v 0.281614 0.142068 -0.151114
v 0.340726 0.078422 -0.190597
v 0.295754 0.120020 -0.181164
v 0.295964 0.106475 -0.187929
v 0.295919 0.134957 -0.171761
v 0.296807 0.166122 -0.143675
v 0.296310 0.151666 -0.158374
v 0.312885 0.112265 -0.188659
v 0.342200 0.104336 -0.188371
v 0.341750 0.120544 -0.180452
v 0.400322 0.099851 -0.185808
v 0.399205 0.118849 -0.177824
v 0.290060 0.124745 -0.185562
v 0.341224 0.135697 -0.171091
v 0.284908 0.139723 -0.176193
v 0.398122 0.134598 -0.169348
v 0.340673 0.153030 -0.157805
v 0.285425 0.155491 -0.162063
v 0.396867 0.152847 -0.157350
v 0.286346 0.167457 -0.150456
v 0.340471 0.166287 -0.146878
v 0.340144 0.168742 -0.142621
v 0.286145 0.169557 -0.146029
v 0.395919 0.166756 -0.147554
v 0.395597 0.169405 -0.143619
v 0.488051 0.109692 -0.185505
v 0.457135 0.119515 -0.179001
v 0.458951 0.102696 -0.185568
v 0.509312 0.121495 -0.183738
v 0.512265 0.137683 -0.177577
v 0.455420 0.135541 -0.171383
v 0.510134 0.156519 -0.168791
v 0.453618 0.154265 -0.160910
v 0.452009 0.171278 -0.149160
v 0.452210 0.168501 -0.152633
v 0.508576 0.170875 -0.162422
v 0.508618 0.173740 -0.159572
v 0.339459 0.167372 -0.138968
v 0.338119 0.161305 -0.134790
v 0.282611 0.161920 -0.138257
v 0.285067 0.168029 -0.142338
v 0.395380 0.168166 -0.140073
v 0.395219 0.162207 -0.135787
v 0.509539 0.172799 -0.156442
v 0.511805 0.167370 -0.151921
v 0.453380 0.164451 -0.141383
v 0.452330 0.170184 -0.145782
v 0.337099 0.155149 -0.133089
v 0.280580 0.155831 -0.136721
v 0.281267 0.158116 -0.136861
v 0.337425 0.157476 -0.133304
v 0.395238 0.156040 -0.133847
v 0.395199 0.158390 -0.134173
v 0.513801 0.161581 -0.149308
v 0.454421 0.158415 -0.139149
v 0.454033 0.160733 -0.139615
v 0.513100 0.163818 -0.149959
v 0.312107 0.110318 -0.186571
v 0.341533 0.102424 -0.186094
v 0.400060 0.097999 -0.183377
v 0.284238 0.137863 -0.174663
v 0.289298 0.122768 -0.183741
v 0.284833 0.153924 -0.160839
v 0.285674 0.168071 -0.145705
v 0.285803 0.166081 -0.149490
v 0.459146 0.100928 -0.183073
v 0.488505 0.108017 -0.183121
v 0.509970 0.119960 -0.181634
v 0.512941 0.136304 -0.175887
v 0.510733 0.155288 -0.167499
v 0.509090 0.169687 -0.161381
v 0.509072 0.172317 -0.158984
v 0.282648 0.161370 -0.139327
v 0.284873 0.166931 -0.142986
v 0.509759 0.171616 -0.156672
v 0.511825 0.166675 -0.152602
v 0.337539 0.156837 -0.134632
v 0.281359 0.157542 -0.138241
v 0.281620 0.158657 -0.137929
v 0.395308 0.157697 -0.135405
v 0.513087 0.163057 -0.150872
v 0.454102 0.159998 -0.140713
v 0.512800 0.164202 -0.150899
v 0.454398 0.158550 -0.139174
v 0.513760 0.161711 -0.149343
v 0.395236 0.156176 -0.133863
v 0.508808 0.169284 -0.156200
v 0.507556 0.163709 -0.150377
v 0.505599 0.168303 -0.154666
v 0.511549 0.163096 -0.150396
v 0.280620 0.155963 -0.136726
v 0.337118 0.155283 -0.133099
v 0.285762 0.164679 -0.143341
v 0.288742 0.163655 -0.142288
v 0.286607 0.158422 -0.138242
v 0.282794 0.157595 -0.137875
v -0.585543 0.080357 -0.166832
v -0.604047 0.027060 -0.179268
v -0.548996 0.073814 -0.168860
v -0.489239 0.009659 -0.176916
v -0.444322 0.057569 -0.167968
v -0.502950 0.116685 -0.151977
v -0.405268 0.103018 -0.152982
v -0.562156 0.126857 -0.148214
v 0.118994 0.086939 -0.164934
v 0.119414 0.042960 -0.182446
v 0.229549 0.043438 -0.177778
v 0.224287 0.087321 -0.161665
v 0.119997 -0.005096 -0.192162
v 0.234682 -0.003729 -0.187195
v 0.345916 -0.001559 -0.178167
v 0.337345 0.044322 -0.169480
v 0.328226 0.087956 -0.155590
v -0.426769 0.190190 -0.107378
v -0.462010 0.154964 -0.132102
v -0.371522 0.140523 -0.131124
v -0.339121 0.175971 -0.106878
v -0.303388 0.096077 -0.157609
v -0.276603 0.133918 -0.134342
v -0.251185 0.164937 -0.105531
v 0.318022 0.126993 -0.134498
v 0.218221 0.124930 -0.137316
v 0.306643 0.160248 -0.107848
v 0.211783 0.156075 -0.108091
v 0.117329 0.154395 -0.108699
v 0.118377 0.124179 -0.139140
v 0.417923 0.130107 -0.132158
v 0.402803 0.166247 -0.108238
v 0.431521 0.089643 -0.149720
v 0.519408 0.136824 -0.134645
v 0.536374 0.093526 -0.146583
v 0.500214 0.177487 -0.114911
v -0.377131 0.238480 -0.038766
v -0.398011 0.218744 -0.075526
v -0.312068 0.206011 -0.076407
v -0.296359 0.227117 -0.039425
v -0.224883 0.192915 -0.075109
v -0.212787 0.216062 -0.039348
v -0.209296 0.224705 0.000001
v -0.058504 0.179295 -0.074231
v 0.027753 0.177374 -0.074845
v 0.030853 0.195968 -0.038636
v -0.051810 0.196562 -0.038065
v 0.116051 0.179051 -0.075892
v 0.114865 0.198639 -0.039464
v 0.285203 0.212100 -0.041447
v 0.294638 0.189281 -0.077895
v 0.384769 0.199897 -0.081100
v 0.372306 0.224164 -0.043842
v 0.472998 0.238094 -0.045865
v 0.483926 0.214478 -0.086347
v -0.069533 0.155206 -0.106710
v -0.080407 0.126043 -0.137672
v 0.018609 0.124669 -0.139462
v 0.023426 0.153989 -0.108334
v -0.091892 0.089792 -0.164414
v 0.013441 0.087644 -0.165619
v 0.205170 0.182428 -0.076534
v -0.197701 0.092518 -0.161687
v -0.178937 0.129959 -0.136358
v -0.160663 0.160170 -0.106778
v -0.144230 0.181405 -0.072469
v -0.333630 0.049541 -0.174177
v -0.367266 -0.000297 -0.183089
v -0.114258 -0.003860 -0.189279
v -0.103450 0.045359 -0.182187
v -0.218002 0.046502 -0.179120
v -0.238828 -0.003383 -0.187164
v 0.551057 0.049469 -0.153232
v 0.443303 0.046050 -0.159938
v 0.454020 0.001498 -0.166623
v 0.560443 0.005250 -0.157803
v 0.008030 0.043338 -0.183418
v 0.003359 -0.005214 -0.191770
v -0.536039 0.167170 -0.124923
v -0.512248 0.201514 -0.099646
v -0.478449 0.228545 -0.070146
v 0.200047 0.202838 -0.040021
v -0.131975 0.204864 -0.038311
v 0.598112 0.232433 -0.093979
v 0.592768 0.252652 -0.048320
v 0.589299 0.257389 0.000001
v 0.568701 0.050389 -0.154689
v 0.576217 0.096480 -0.151044
v 0.583823 0.143411 -0.142284
v 0.590840 0.189242 -0.123184
v -0.449845 0.250958 -0.036779
v -0.456113 0.243302 -0.034053
v -0.481528 0.221484 -0.066004
v -0.513416 0.195317 -0.094499
v -0.536469 0.162000 -0.119027
v -0.562542 0.122651 -0.141786
v -0.585497 0.077283 -0.159950
v -0.605000 0.025138 -0.172087
v -0.489475 0.007809 -0.169711
v -0.365487 -0.002279 -0.175973
v -0.237438 -0.005120 -0.179989
v -0.113349 -0.005454 -0.182070
v 0.003660 -0.006941 -0.184575
v 0.118881 -0.007027 -0.185008
v 0.231705 -0.005731 -0.180132
v 0.341623 -0.003477 -0.171186
v 0.449897 -0.000125 -0.159570
v 0.560089 0.004010 -0.150441
v 0.573864 0.049431 -0.147647
v 0.582347 0.094899 -0.144175
v 0.590583 0.140465 -0.135802
v 0.597761 0.184712 -0.117422
v 0.605000 0.225786 -0.089716
v 0.598583 0.244590 -0.046421
v 0.400746 0.092934 -0.187040
v 0.400609 0.094390 -0.186798
v 0.402716 0.094422 -0.186587
v 0.402841 0.092941 -0.186835
v 0.403040 0.094594 -0.187605
v 0.400929 0.094523 -0.187562
v 0.401132 0.093191 -0.188016
v 0.403228 0.093237 -0.188061
v 0.400376 0.094812 -0.187066
v 0.399389 0.092994 -0.187455
v 0.401341 0.092414 -0.187265
v 0.402974 0.092433 -0.187192
v 0.401646 0.092647 -0.188096
v 0.403274 0.092686 -0.188150
v 0.400380 0.092459 -0.187642
v 0.401628 0.090142 -0.187872
v 0.403238 0.090159 -0.187799
v 0.401903 0.090349 -0.188638
v 0.403527 0.090405 -0.188710
v 0.400672 0.090230 -0.188268
v 0.404896 0.094415 -0.186604
v 0.405006 0.092958 -0.186849
v 0.405241 0.093214 -0.187831
v 0.405064 0.094546 -0.187374
v 0.406587 0.093035 -0.187131
v 0.405268 0.094842 -0.186849
v 0.404605 0.092432 -0.187119
v 0.404823 0.092665 -0.187950
v 0.405776 0.092491 -0.187402
v 0.404850 0.090161 -0.187727
v 0.405061 0.090368 -0.188497
v 0.406028 0.090260 -0.188027
v 0.402904 0.094827 -0.186953
v 0.406173 0.086533 -0.188559
v 0.404980 0.086480 -0.188255
v 0.405198 0.086586 -0.189038
v 0.403643 0.086605 -0.189255
v 0.401997 0.086566 -0.189180
v 0.400749 0.086501 -0.188803
v 0.401713 0.086460 -0.188399
v 0.403346 0.086478 -0.188327
v 0.381773 0.093519 -0.187052
v 0.382198 0.093468 -0.187650
v 0.386410 0.094077 -0.187225
v 0.386106 0.094103 -0.186636
v 0.386091 0.091597 -0.188020
v 0.387206 0.091711 -0.187907
v 0.386044 0.091314 -0.187604
v 0.387123 0.091423 -0.187526
v 0.385795 0.091065 -0.187059
v 0.386943 0.091185 -0.186962
v 0.381661 0.093031 -0.186661
v 0.386114 0.093545 -0.186264
v 0.382071 0.091220 -0.187751
v 0.382225 0.091426 -0.188252
v 0.385679 0.091167 -0.188211
v 0.385537 0.090843 -0.187751
v 0.385383 0.090635 -0.187250
v 0.381931 0.090894 -0.187291
v 0.382537 0.089023 -0.188982
v 0.382367 0.088870 -0.188446
v 0.385979 0.088785 -0.188911
v 0.385822 0.088523 -0.188408
v 0.385655 0.088370 -0.187874
v 0.382214 0.088610 -0.187946
v 0.383399 0.077739 -0.190574
v 0.383470 0.076707 -0.190694
v 0.383677 0.076817 -0.191343
v 0.383606 0.077840 -0.191223
v 0.387084 0.076851 -0.191189
v 0.387016 0.077841 -0.191075
v 0.386874 0.076748 -0.190538
v 0.386806 0.077730 -0.190424
v 0.386038 0.077340 -0.188016
v 0.386214 0.076156 -0.188447
v 0.382810 0.076120 -0.188603
v 0.382632 0.077342 -0.188169
v 0.383017 0.077538 -0.189377
v 0.383093 0.076421 -0.189505
v 0.383203 0.080426 -0.190224
v 0.383331 0.078758 -0.190458
v 0.383537 0.078852 -0.191107
v 0.383411 0.080513 -0.190875
v 0.386948 0.078818 -0.190962
v 0.386825 0.080442 -0.190731
v 0.386743 0.078701 -0.190315
v 0.386618 0.080317 -0.190084
v 0.386206 0.079517 -0.188743
v 0.386051 0.078476 -0.188162
v 0.382642 0.078511 -0.188316
v 0.382796 0.079587 -0.188887
v 0.382995 0.080290 -0.189571
v 0.382945 0.078599 -0.189256
v 0.386409 0.080219 -0.189429
v 0.386479 0.075432 -0.189200
v 0.386704 0.075332 -0.189880
v 0.383302 0.075256 -0.190039
v 0.383082 0.075362 -0.189374
v 0.382925 0.083569 -0.189664
v 0.383109 0.083695 -0.190244
v 0.386539 0.083523 -0.190143
v 0.386366 0.083316 -0.189587
v 0.386180 0.083188 -0.189004
v 0.382750 0.083362 -0.189105
v 0.402721 0.094174 -0.186493
v 0.402526 0.094199 -0.185897
v 0.395139 0.094155 -0.186229
v 0.395381 0.094130 -0.186822
v 0.395923 0.091768 -0.187534
v 0.403029 0.091810 -0.187216
v 0.395803 0.091509 -0.187134
v 0.402903 0.091579 -0.186810
v 0.395085 0.093598 -0.185861
v 0.402426 0.093642 -0.185532
v 0.402733 0.091278 -0.186255
v 0.395627 0.091236 -0.186573
v 0.383549 0.075549 -0.190828
v 0.383661 0.075997 -0.191216
v 0.387064 0.076079 -0.191058
v 0.386949 0.075647 -0.190664
v 0.386448 0.079140 -0.189449
v 0.386592 0.076027 -0.189603
v 0.382804 0.086630 -0.189579
v 0.382627 0.086487 -0.189022
v 0.386239 0.086420 -0.189494
v 0.386075 0.086184 -0.188966
v 0.385898 0.086041 -0.188409
v 0.382463 0.086251 -0.188494
v 0.419035 0.094270 -0.185760
v 0.423430 0.093711 -0.185797
v 0.423458 0.093764 -0.185178
v 0.418947 0.094296 -0.185159
v 0.418814 0.091901 -0.186505
v 0.420001 0.091797 -0.186497
v 0.418691 0.091609 -0.186107
v 0.419794 0.091512 -0.186087
v 0.418518 0.091370 -0.185544
v 0.419703 0.091264 -0.185535
v 0.418739 0.093737 -0.184799
v 0.423344 0.093275 -0.184785
v 0.423913 0.091672 -0.186381
v 0.423752 0.091464 -0.185876
v 0.420549 0.091372 -0.186644
v 0.420411 0.091048 -0.186186
v 0.420253 0.090840 -0.185683
v 0.423615 0.091140 -0.185420
v 0.424222 0.089268 -0.187110
v 0.424052 0.089115 -0.186575
v 0.420848 0.088989 -0.187344
v 0.420694 0.088728 -0.186840
v 0.420524 0.088575 -0.186306
v 0.423896 0.088854 -0.186072
v 0.425361 0.077061 -0.189469
v 0.424966 0.076809 -0.188226
v 0.424893 0.077884 -0.188103
v 0.425291 0.078086 -0.189352
v 0.421887 0.078045 -0.189507
v 0.421956 0.077055 -0.189622
v 0.421745 0.076952 -0.188971
v 0.421680 0.077934 -0.188858
v 0.421084 0.076361 -0.186880
v 0.420908 0.077545 -0.186449
v 0.424314 0.077586 -0.186294
v 0.424493 0.076366 -0.186730
v 0.425222 0.079098 -0.189236
v 0.424821 0.078922 -0.187982
v 0.424888 0.080670 -0.188350
v 0.425096 0.080758 -0.189002
v 0.421695 0.080647 -0.189164
v 0.421820 0.079023 -0.189394
v 0.421614 0.078905 -0.188747
v 0.421489 0.080521 -0.188517
v 0.420923 0.078681 -0.186596
v 0.421078 0.079722 -0.187176
v 0.424479 0.079832 -0.187013
v 0.424326 0.078756 -0.186442
v 0.424679 0.080534 -0.187697
v 0.421281 0.080424 -0.187861
v 0.421576 0.075537 -0.188313
v 0.421351 0.075637 -0.187632
v 0.424769 0.075607 -0.187502
v 0.424985 0.075501 -0.188166
v 0.424610 0.083814 -0.187790
v 0.424794 0.083940 -0.188371
v 0.421412 0.083728 -0.188578
v 0.421237 0.083521 -0.188019
v 0.421050 0.083393 -0.187436
v 0.424434 0.083606 -0.187231
v 0.409916 0.094243 -0.185566
v 0.410062 0.094217 -0.186163
v 0.410131 0.091851 -0.186896
v 0.410007 0.091591 -0.186494
v 0.409764 0.093685 -0.185202
v 0.409837 0.091319 -0.185935
v 0.425233 0.075793 -0.188954
v 0.425346 0.076243 -0.189345
v 0.421936 0.076284 -0.189493
v 0.421820 0.075851 -0.189097
v 0.421320 0.079346 -0.187884
v 0.421465 0.076233 -0.188037
v 0.424312 0.086733 -0.187149
v 0.424486 0.086874 -0.187703
v 0.421111 0.086624 -0.187927
v 0.420946 0.086388 -0.187399
v 0.420770 0.086246 -0.186842
v 0.424148 0.086497 -0.186623
v 0.403496 0.083958 -0.190355
v 0.420917 0.084208 -0.189217
v 0.420713 0.086903 -0.188261
v 0.403546 0.086380 -0.189379
v 0.420536 0.089533 -0.187032
v 0.403615 0.088771 -0.188030
v 0.418588 0.091862 -0.185078
v 0.403053 0.091279 -0.185929
v 0.387039 0.091302 -0.186875
v 0.386601 0.088924 -0.188900
v 0.386985 0.086285 -0.190193
v 0.387294 0.083698 -0.191244
v 0.386979 0.090718 -0.185818
v 0.386491 0.088423 -0.187841
v 0.386872 0.085862 -0.189082
v 0.387168 0.083318 -0.190098
v 0.420423 0.083786 -0.188129
v 0.420331 0.086547 -0.187141
v 0.420248 0.089245 -0.185905
v 0.418336 0.091599 -0.183946
v 0.421115 0.080962 -0.189985
v 0.403636 0.080801 -0.191042
v 0.404020 0.077424 -0.191373
v 0.421328 0.077586 -0.190462
v 0.387719 0.080606 -0.191968
v 0.388254 0.077347 -0.192387
v 0.403942 0.072163 -0.192711
v 0.388691 0.072243 -0.193608
v 0.421135 0.072123 -0.191885
v 0.420551 0.071782 -0.190813
v 0.420810 0.077199 -0.189397
v 0.420605 0.080536 -0.188909
v 0.387542 0.080229 -0.190831
v 0.388022 0.076976 -0.191274
v 0.388436 0.071891 -0.192492
v 0.419782 0.065689 -0.193529
v 0.403555 0.066066 -0.194245
v 0.389178 0.066300 -0.195073
v 0.403358 0.060857 -0.195439
v 0.392109 0.061175 -0.196071
v 0.415397 0.060370 -0.195011
v 0.419159 0.065376 -0.192453
v 0.388951 0.065972 -0.193945
v 0.391959 0.060870 -0.194924
v 0.403407 0.057009 -0.196217
v 0.409867 0.056927 -0.196070
v 0.396782 0.057456 -0.196518
v 0.407096 0.055161 -0.196515
v 0.403359 0.054579 -0.196716
v 0.399314 0.055408 -0.196834
v 0.406217 0.054639 -0.195542
v 0.409425 0.056643 -0.194959
v 0.414819 0.060081 -0.193921
v 0.399078 0.055118 -0.195696
v 0.402510 0.054378 -0.195668
v 0.396630 0.057165 -0.195369
v 0.418842 0.101780 -0.185868
v 0.403100 0.101619 -0.186106
v 0.386942 0.102076 -0.186425
v 0.418875 0.101528 -0.184730
v 0.387098 0.101499 -0.185366
v 0.418967 0.114039 -0.181632
v 0.419018 0.121146 -0.178515
v 0.403340 0.120773 -0.178855
v 0.403231 0.113725 -0.181795
v 0.387205 0.121011 -0.179278
v 0.387040 0.114029 -0.181998
v 0.419063 0.113693 -0.180513
v 0.419018 0.120895 -0.177379
v 0.387355 0.120438 -0.178220
v 0.387274 0.113367 -0.180979
v 0.418896 0.107253 -0.184417
v 0.403157 0.107026 -0.184622
v 0.386985 0.107416 -0.184890
v 0.418957 0.106961 -0.183287
v 0.387175 0.106802 -0.183849
v 0.419197 0.131758 -0.172629
v 0.419185 0.134049 -0.169932
v 0.403472 0.133536 -0.169834
v 0.403463 0.131601 -0.172859
v 0.387260 0.133630 -0.169803
v 0.387314 0.132056 -0.173191
v 0.419231 0.131563 -0.171483
v 0.419424 0.133789 -0.168798
v 0.387647 0.133048 -0.168755
v 0.387469 0.131531 -0.172114
v 0.419117 0.128108 -0.174955
v 0.403428 0.127855 -0.175325
v 0.387310 0.128212 -0.175796
v 0.419086 0.127898 -0.173812
v 0.387416 0.127674 -0.174724
v 0.019674 0.123969 -0.139767
v -0.367244 0.329585 0.000001
v 0.355378 0.248771 0.000001
v -0.048515 0.222026 0.000001
v -0.023488 -0.291498 0.000000
v 0.370346 0.231955 0.000001
v 0.191565 0.113520 -0.165355
v 0.192664 0.113499 -0.166885
v 0.207426 0.114941 -0.165832
v 0.206878 0.115016 -0.164262
v 0.195517 0.110951 -0.168014
v 0.208487 0.112218 -0.167088
v 0.196578 0.108354 -0.166553
v 0.208643 0.109532 -0.165691
v 0.194758 0.108339 -0.163963
v 0.207728 0.109606 -0.163037
v 0.191910 0.110904 -0.162861
v 0.206672 0.112346 -0.161807
v 0.191256 0.112455 -0.163704
v 0.206568 0.113951 -0.162611
v 0.222782 0.114849 -0.165476
v 0.222807 0.114921 -0.163893
v 0.221980 0.112138 -0.166776
v 0.221193 0.109457 -0.165401
v 0.221221 0.109526 -0.162725
v 0.222028 0.112254 -0.161452
v 0.222498 0.113856 -0.162242
v 0.237687 0.113230 -0.165843
v 0.238268 0.113242 -0.164274
v 0.235075 0.110715 -0.167098
v 0.233374 0.108134 -0.165701
v 0.234316 0.108103 -0.163047
v 0.236932 0.110636 -0.161818
v 0.237959 0.112177 -0.162623
v 0.251123 0.110195 -0.166907
v 0.252207 0.110092 -0.165378
v 0.246880 0.108048 -0.168033
v 0.244356 0.105653 -0.166570
v 0.246121 0.105436 -0.163983
v 0.250369 0.107600 -0.162883
v 0.251897 0.109028 -0.163727
v 0.262176 0.105949 -0.168596
v 0.263673 0.105689 -0.167130
v 0.256592 0.104318 -0.169518
v 0.253389 0.102183 -0.167951
v 0.255833 0.101706 -0.165467
v 0.261422 0.103354 -0.164572
v 0.263363 0.104624 -0.165479
v 0.270093 0.100783 -0.170795
v 0.271885 0.100329 -0.169411
v 0.263548 0.099779 -0.171450
v 0.259859 0.097961 -0.169748
v 0.262789 0.097167 -0.167399
v 0.269339 0.098188 -0.166771
v 0.271575 0.099264 -0.167760
v 0.274333 0.095048 -0.173354
v 0.276283 0.094380 -0.172066
v 0.267273 0.094740 -0.173698
v 0.263325 0.093274 -0.171840
v 0.266514 0.092128 -0.169647
v 0.273579 0.092453 -0.169330
v 0.275974 0.093315 -0.170415
v 0.274608 0.089135 -0.176099
v 0.276569 0.088247 -0.174913
v 0.267515 0.089544 -0.176109
v 0.263550 0.088441 -0.174083
v 0.266756 0.086933 -0.172059
v 0.273854 0.086540 -0.172074
v 0.276260 0.087182 -0.173262
v 0.270900 0.083447 -0.178842
v 0.272722 0.082346 -0.177758
v 0.264257 0.084547 -0.178520
v 0.260519 0.083793 -0.176324
v 0.263497 0.081935 -0.174469
v 0.270146 0.080852 -0.174817
v 0.272413 0.081282 -0.176107
v 0.263460 0.078373 -0.181397
v 0.265004 0.077082 -0.180408
v 0.257720 0.080089 -0.180764
v 0.254438 0.079645 -0.178412
v 0.256961 0.077477 -0.176713
v 0.262706 0.075778 -0.177372
v 0.264695 0.076018 -0.178757
v 0.252796 0.074257 -0.183589
v 0.253942 0.072812 -0.182682
v 0.248350 0.076472 -0.182690
v 0.245723 0.076281 -0.180204
v 0.247592 0.073860 -0.178639
v 0.252042 0.071661 -0.179564
v 0.253633 0.071748 -0.181031
v 0.239635 0.071380 -0.185269
v 0.240289 0.069828 -0.184425
v 0.236787 0.073944 -0.184166
v 0.234967 0.073930 -0.181577
v 0.236028 0.071332 -0.180116
v 0.238881 0.068785 -0.181244
v 0.239980 0.068763 -0.182774
v 0.224873 0.069938 -0.186323
v 0.224976 0.068332 -0.185519
v 0.223817 0.072677 -0.185092
v 0.222902 0.072751 -0.182438
v 0.223058 0.070065 -0.181041
v 0.224119 0.067343 -0.182298
v 0.224667 0.067267 -0.183868
v 0.209517 0.070029 -0.186678
v 0.209047 0.068427 -0.185888
v 0.210324 0.072758 -0.185405
v 0.210352 0.072826 -0.182729
v 0.209565 0.070146 -0.181354
v 0.208763 0.067434 -0.182654
v 0.208737 0.067363 -0.184236
v 0.194613 0.071648 -0.186311
v 0.193586 0.070107 -0.185507
v 0.197229 0.074180 -0.185083
v 0.198171 0.074150 -0.182429
v 0.196470 0.071568 -0.181031
v 0.193859 0.069053 -0.182287
v 0.193277 0.069042 -0.183856
v 0.181176 0.074684 -0.185247
v 0.179648 0.073255 -0.184403
v 0.185424 0.076847 -0.184147
v 0.187189 0.076630 -0.181559
v 0.184665 0.074235 -0.180096
v 0.180422 0.072089 -0.181223
v 0.179338 0.072191 -0.182752
v 0.170123 0.078929 -0.183558
v 0.168182 0.077660 -0.182651
v 0.175712 0.080578 -0.182663
v 0.178156 0.080100 -0.180179
v 0.174953 0.077966 -0.178612
v 0.169369 0.076334 -0.179533
v 0.167872 0.076595 -0.181000
v 0.162206 0.084096 -0.181359
v 0.159970 0.083019 -0.180369
v 0.168756 0.085117 -0.180731
v 0.171686 0.084323 -0.178382
v 0.167998 0.082505 -0.176680
v 0.161452 0.081501 -0.177334
v 0.159660 0.081954 -0.178719
v 0.157966 0.089831 -0.178800
v 0.155571 0.088968 -0.177715
v 0.165031 0.090156 -0.178483
v 0.168220 0.089010 -0.176290
v 0.164272 0.087544 -0.174432
v 0.157212 0.087236 -0.174775
v 0.155262 0.087903 -0.176064
v 0.157691 0.095744 -0.176056
v 0.155285 0.095102 -0.174868
v 0.164789 0.095351 -0.176071
v 0.167995 0.093842 -0.174047
v 0.164030 0.092739 -0.172020
v 0.156937 0.093148 -0.172031
v 0.154976 0.094037 -0.173217
v 0.161399 0.101431 -0.173312
v 0.159132 0.101002 -0.172022
v 0.168047 0.100348 -0.173661
v 0.171026 0.098491 -0.171805
v 0.167288 0.097736 -0.169610
v 0.160645 0.098836 -0.169288
v 0.158823 0.099937 -0.170371
v 0.168839 0.106506 -0.170758
v 0.166850 0.106266 -0.169372
v 0.174584 0.104807 -0.171417
v 0.177106 0.102638 -0.169717
v 0.173825 0.102195 -0.167366
v 0.168085 0.103911 -0.166733
v 0.166541 0.105201 -0.167721
v 0.179503 0.110622 -0.168566
v 0.177912 0.110536 -0.167098
v 0.183953 0.108423 -0.169491
v 0.185822 0.106002 -0.167926
v 0.183195 0.105812 -0.165440
v 0.178749 0.108027 -0.164541
v 0.177603 0.109471 -0.165447
v 0.206202 0.115827 -0.162825
v 0.190008 0.114246 -0.163981
v 0.223049 0.115727 -0.162435
v 0.239400 0.113951 -0.162837
v 0.254141 0.110621 -0.164005
v 0.266267 0.105963 -0.165858
v 0.274951 0.100295 -0.168271
v 0.279603 0.094003 -0.171078
v 0.279905 0.087517 -0.174089
v 0.275837 0.081277 -0.177098
v 0.267675 0.075710 -0.179901
v 0.255976 0.071194 -0.182305
v 0.241537 0.068038 -0.184149
v 0.225343 0.066456 -0.185305
v 0.208496 0.066557 -0.185695
v 0.192145 0.068333 -0.185293
v 0.177404 0.071663 -0.184125
v 0.165278 0.076321 -0.182272
v 0.156594 0.081989 -0.179859
v 0.151942 0.088280 -0.177052
v 0.151640 0.094767 -0.174041
v 0.155708 0.101006 -0.171032
v 0.163870 0.106574 -0.168229
v 0.175569 0.111089 -0.165824
v -0.119150 0.100503 -0.177437
v -0.095469 0.112700 -0.174238
v -0.180454 0.128290 -0.161387
v -0.200607 0.117946 -0.166104
v -0.138281 0.090378 -0.183584
v -0.224115 0.104707 -0.171075
v -0.308087 0.129826 -0.159222
v -0.304162 0.137726 -0.154069
v -0.305397 0.134257 -0.151135
v -0.307904 0.126907 -0.156702
v -0.320660 0.123441 -0.164372
v -0.321904 0.120843 -0.160283
v -0.302162 0.145176 -0.151112
v -0.310765 0.144723 -0.149753
v -0.293792 0.136288 -0.155882
v -0.296149 0.128180 -0.160548
v -0.309805 0.122425 -0.166551
v -0.289520 0.142080 -0.149086
v -0.290883 0.142908 -0.149621
v -0.284652 0.133651 -0.154284
v -0.283896 0.133025 -0.153867
v -0.289832 0.125179 -0.159051
v -0.290513 0.125739 -0.159454
v -0.303457 0.120515 -0.164990
v -0.302547 0.120172 -0.164735
v -0.292956 0.144373 -0.150526
v -0.286751 0.135519 -0.155601
v -0.292263 0.127651 -0.160991
v -0.306164 0.121445 -0.166225
v -0.234321 0.136842 -0.154564
v -0.244531 0.124072 -0.160627
v -0.263546 0.112060 -0.166704
v -0.093982 0.111358 -0.171840
v -0.178882 0.127942 -0.159235
v -0.316923 0.121854 -0.163331
v -0.313798 0.121722 -0.163976
v -0.311909 0.141420 -0.147531
v -0.305714 0.143492 -0.148942
v -0.304520 0.139259 -0.146334
v -0.312251 0.118245 -0.159406
v -0.296651 0.131656 -0.149698
v -0.301289 0.124821 -0.155013
v -0.300664 0.142955 -0.149318
v -0.310628 0.121287 -0.164192
v -0.289521 0.139717 -0.147174
v -0.293886 0.140921 -0.147681
v -0.263478 0.110656 -0.165069
v -0.225019 0.102579 -0.169995
v -0.297879 0.142679 -0.149541
v -0.306797 0.120407 -0.163937
v -0.301725 0.118825 -0.162990
v -0.233217 0.135898 -0.152358
v -0.135337 0.087500 -0.180849
v 0.223246 0.108812 -0.168984
v 0.200327 0.107997 -0.169809
v 0.200471 0.105117 -0.166417
v 0.222910 0.106802 -0.165890
v 0.246144 0.106282 -0.169776
v 0.242832 0.102839 -0.166352
v 0.181783 0.107850 -0.171770
v 0.182483 0.103794 -0.172317
v 0.202798 0.112642 -0.168007
v 0.224659 0.113690 -0.166537
v 0.248513 0.111405 -0.168333
v 0.178948 0.110655 -0.166636
v 0.179099 0.110636 -0.167653
v 0.201101 0.114516 -0.163981
v 0.201047 0.114423 -0.163254
v 0.225208 0.114219 -0.164988
v 0.224641 0.114635 -0.163495
v 0.246617 0.112415 -0.165264
v 0.247064 0.112213 -0.166925
v 0.179183 0.110700 -0.169373
v 0.201354 0.114898 -0.166160
v 0.225130 0.115287 -0.165750
v 0.248308 0.112357 -0.166927
v 0.183416 0.137879 -0.144004
v 0.178511 0.131943 -0.149089
v 0.213987 0.131684 -0.152144
v 0.212068 0.141369 -0.147657
v 0.250121 0.128829 -0.155276
v 0.252549 0.142400 -0.147968
v 0.245498 0.106719 -0.167623
v 0.245971 0.108233 -0.167316
v 0.183672 0.101417 -0.169365
v 0.182866 0.105745 -0.171942
v 0.184048 0.103815 -0.167812
v 0.242266 0.105352 -0.162619
v 0.199138 0.106953 -0.162562
v 0.220962 0.107798 -0.162602
v 0.182880 0.107722 -0.170914
v 0.246091 0.109445 -0.166599
v 0.180485 0.109882 -0.165894
v 0.180901 0.108819 -0.167655
v 0.251326 0.127652 -0.151452
v 0.255990 0.141113 -0.146658
v 0.182888 0.108826 -0.170366
v 0.245811 0.110527 -0.165258
v 0.244939 0.111508 -0.162920
v 0.178670 0.131400 -0.148748
v 0.185889 0.136734 -0.142469
v 0.252198 0.118875 -0.165877
v 0.247162 0.126948 -0.163610
v 0.234697 0.127321 -0.163992
v 0.239619 0.119423 -0.166755
v 0.230550 0.135943 -0.160232
v 0.230844 0.134852 -0.159627
v 0.234515 0.126429 -0.163432
v 0.251602 0.118196 -0.165337
v 0.246721 0.126248 -0.163017
v 0.244045 0.111355 -0.169261
v 0.256601 0.110728 -0.168082
v 0.258467 0.103407 -0.170466
v 0.246005 0.104323 -0.171518
v 0.257858 0.102778 -0.169872
v 0.255981 0.110053 -0.167536
v 0.239254 0.118634 -0.166184
v 0.243640 0.110655 -0.168635
v 0.245627 0.103644 -0.170852
v 0.249426 0.095932 -0.174073
v 0.258482 0.094636 -0.173551
v 0.258149 0.093988 -0.172776
v 0.249299 0.095235 -0.173241
v 0.252313 0.090618 -0.176275
v 0.255303 0.090234 -0.176139
v 0.255053 0.089344 -0.175420
v 0.252347 0.089875 -0.175342
v 0.240340 0.143853 -0.155981
v 0.240524 0.149117 -0.151428
v 0.228959 0.149083 -0.151174
v 0.228331 0.143889 -0.155455
v 0.240451 0.142958 -0.155319
v 0.240068 0.148464 -0.151102
v 0.228312 0.148156 -0.150979
v 0.228604 0.142741 -0.154945
v 0.242826 0.135806 -0.160458
v 0.242827 0.134936 -0.159757
v 0.243531 0.156439 -0.142555
v 0.244794 0.156871 -0.139331
v 0.236622 0.156119 -0.138414
v 0.234833 0.156688 -0.141878
v 0.244000 0.155562 -0.141708
v 0.245289 0.155944 -0.138530
v 0.237086 0.154974 -0.137833
v 0.235279 0.155577 -0.141239
v 0.242231 0.154255 -0.146047
v 0.232420 0.154431 -0.145679
v 0.242726 0.153367 -0.145208
v 0.232900 0.153314 -0.145049
v -0.327914 0.139533 -0.147351
v -0.328233 0.147762 -0.145663
v -0.341652 0.147271 -0.145552
v -0.341699 0.139452 -0.147745
v -0.340887 0.156612 -0.143655
v -0.340152 0.155475 -0.143212
v -0.341075 0.146337 -0.145159
v -0.327513 0.138806 -0.147065
v -0.327899 0.147036 -0.145216
v -0.342721 0.132259 -0.151713
v -0.328549 0.131914 -0.151104
v -0.332300 0.125891 -0.155723
v -0.346158 0.126724 -0.156042
v -0.331873 0.125078 -0.155448
v -0.328080 0.131137 -0.150871
v -0.341040 0.138583 -0.147477
v -0.341964 0.131399 -0.151447
v -0.345474 0.125808 -0.155747
v -0.349171 0.120674 -0.161534
v -0.339867 0.119398 -0.161788
v -0.339466 0.118421 -0.161358
v -0.348575 0.119613 -0.161089
v -0.349514 0.117193 -0.165501
v -0.346786 0.116763 -0.165565
v -0.346850 0.115588 -0.165253
v -0.349287 0.116038 -0.164969
v -0.326455 0.166107 -0.140757
v -0.324833 0.171752 -0.136297
v -0.337286 0.171488 -0.135784
v -0.339530 0.165664 -0.139868
v -0.326269 0.165134 -0.140008
v -0.325285 0.171046 -0.135914
v -0.337934 0.170489 -0.135510
v -0.339173 0.164440 -0.139262
v -0.327576 0.157326 -0.144394
v -0.327124 0.156415 -0.143837
v -0.320911 0.179085 -0.127579
v -0.319638 0.179335 -0.124333
v -0.327833 0.178584 -0.123441
v -0.329602 0.179352 -0.126893
v -0.320470 0.178162 -0.126763
v -0.319172 0.178354 -0.123558
v -0.327405 0.177396 -0.122893
v -0.329191 0.178207 -0.126293
v -0.322241 0.177058 -0.131130
v -0.332209 0.177242 -0.130721
v -0.321780 0.176113 -0.130315
v -0.331739 0.176075 -0.130123
v -0.350775 0.141464 -0.146774
v -0.343581 0.149546 -0.144810
v -0.356346 0.151238 -0.144802
v -0.363593 0.143810 -0.147304
v -0.349973 0.159880 -0.141760
v -0.349945 0.158781 -0.141271
v -0.356494 0.150349 -0.144406
v -0.351014 0.140814 -0.146386
v -0.343764 0.148895 -0.144361
v -0.372995 0.136957 -0.150151
v -0.360461 0.134048 -0.149279
v -0.371526 0.128352 -0.152479
v -0.383041 0.131744 -0.153204
v -0.371923 0.127658 -0.152022
v -0.360771 0.133358 -0.148879
v -0.363749 0.142985 -0.146913
v -0.373124 0.136151 -0.149696
v -0.383311 0.130918 -0.152699
v -0.392524 0.125353 -0.157200
v -0.385296 0.122320 -0.157062
v -0.385820 0.121516 -0.156428
v -0.392960 0.124447 -0.156530
v -0.395868 0.121015 -0.160449
v -0.393502 0.120064 -0.160436
v -0.394552 0.119103 -0.159910
v -0.396673 0.120092 -0.159693
v -0.333715 0.166988 -0.138223
v -0.330957 0.171986 -0.133570
v -0.342310 0.172910 -0.133224
v -0.345567 0.167976 -0.137544
v -0.333918 0.166079 -0.137585
v -0.331676 0.171372 -0.133255
v -0.343341 0.172048 -0.133043
v -0.345728 0.166818 -0.137079
v -0.337566 0.158774 -0.142345
v -0.337636 0.157925 -0.141741
v -0.324412 0.178624 -0.124573
v -0.322841 0.178835 -0.121352
v -0.331148 0.178749 -0.120386
v -0.332810 0.179573 -0.123822
v -0.324297 0.177695 -0.123749
v -0.322724 0.177857 -0.120575
v -0.331168 0.177568 -0.119832
v -0.332829 0.178424 -0.123210
v -0.326798 0.176705 -0.128099
v -0.336332 0.177686 -0.127649
v -0.326662 0.175765 -0.127282
v -0.336322 0.176528 -0.127046
v 0.265702 0.118904 -0.166198
v 0.258962 0.126931 -0.163666
v 0.246620 0.127069 -0.164317
v 0.253360 0.119202 -0.167399
v 0.240975 0.135697 -0.160587
v 0.241299 0.134627 -0.159958
v 0.246414 0.126187 -0.163707
v 0.265026 0.118228 -0.165591
v 0.258478 0.126238 -0.163035
v 0.259821 0.111162 -0.170389
v 0.272087 0.110792 -0.168869
v 0.275797 0.103455 -0.171710
v 0.263529 0.104119 -0.173068
v 0.275084 0.102830 -0.171040
v 0.271372 0.110119 -0.168244
v 0.252919 0.118420 -0.166752
v 0.259305 0.110470 -0.169672
v 0.263041 0.103450 -0.172320
v 0.268727 0.095737 -0.175908
v 0.277781 0.094619 -0.175188
v 0.277357 0.093985 -0.174358
v 0.268509 0.095059 -0.175018
v 0.268392 0.090309 -0.178428
v 0.275514 0.090102 -0.177881
v 0.275243 0.089226 -0.177133
v 0.268379 0.089589 -0.177476
v 0.249524 0.143878 -0.156338
v 0.248695 0.149250 -0.151886
v 0.237124 0.149013 -0.151813
v 0.237472 0.143709 -0.156002
v 0.249641 0.143003 -0.155658
v 0.248262 0.148597 -0.151556
v 0.236542 0.148079 -0.151611
v 0.237792 0.142579 -0.155466
v 0.253268 0.135777 -0.160619
v 0.253268 0.134925 -0.159902
v 0.249994 0.156834 -0.143115
v 0.250842 0.157366 -0.139883
v 0.242648 0.156487 -0.139081
v 0.241210 0.156941 -0.142580
v 0.250446 0.155986 -0.142245
v 0.251330 0.156467 -0.139057
v 0.243150 0.155367 -0.138471
v 0.241683 0.155854 -0.141914
v 0.249302 0.154543 -0.146582
v 0.239449 0.154551 -0.146372
v 0.249781 0.153686 -0.145719
v 0.239959 0.153458 -0.145714
v -0.111077 0.211588 0.090559
v -0.032294 0.206304 0.092958
v -0.028875 0.235154 0.046416
v -0.097098 0.238554 0.046537
v 0.046753 0.204375 0.093954
v 0.047460 0.234554 0.045619
v 0.207918 0.236481 0.047629
v 0.208097 0.208697 0.094377
v 0.272256 0.231245 0.097695
v 0.283075 0.253892 0.051872
v 0.221423 0.173470 0.130404
v 0.127160 0.204493 0.093889
v 0.134831 0.171978 0.131926
v 0.048206 0.171428 0.134931
v -0.109667 0.217638 0.091145
v -0.180762 0.218972 0.084951
v -0.203518 0.189827 0.121401
v -0.120481 0.181929 0.129170
v -0.244739 0.244328 0.073746
v -0.252498 0.197937 0.108994
v -0.038916 0.174028 0.132832
v -0.122098 0.176951 0.127317
v 0.280446 0.198788 0.132382
v 0.126678 0.233558 0.045512
v 0.207553 0.248244 0.000001
v 0.126252 0.245425 0.000001
v -0.159818 0.254338 0.047524
v -0.230687 0.266761 0.047584
v -0.094200 0.245096 0.047288
v -0.027673 0.247527 0.000001
v 0.048211 0.246382 0.000001
v 0.283015 0.265129 0.000001
v -0.093579 0.250070 0.000001
v -0.094553 0.247327 0.012346
v 0.335283 0.256939 0.102422
v 0.395407 0.281749 0.103602
v 0.399035 0.308734 0.057274
v 0.346711 0.279669 0.056686
v 0.331384 0.231554 0.133109
v 0.380406 0.260864 0.126744
v 0.399552 0.319832 0.000001
v 0.346910 0.290855 0.000001
v 0.474896 0.311905 0.094650
v 0.477706 0.336847 0.052312
v 0.439793 0.289371 0.114085
v 0.477778 0.347741 0.000001
v 0.497193 0.309060 0.091043
v 0.502737 0.332608 0.050072
v 0.458816 0.284696 0.112198
v 0.503067 0.342971 0.000001
v -0.255315 0.196609 0.102541
v -0.281828 0.231913 0.074501
v -0.285718 0.208659 0.087374
v -0.249060 0.239197 0.072558
v -0.235926 0.260807 0.047095
v -0.278576 0.252256 0.064352
v -0.233911 0.270250 0.023546
v -0.256031 0.284042 0.020003
v -0.265239 0.278354 0.039974
v -0.252438 0.192590 0.106254
v -0.282842 0.204055 0.090867
v -0.344082 0.252164 0.047410
v -0.345564 0.234451 0.059294
v -0.316120 0.221544 0.073198
v -0.312576 0.241473 0.061954
v -0.294549 0.294280 0.033028
v -0.331550 0.298918 0.031536
v -0.333905 0.275939 0.040949
v -0.308090 0.266559 0.047828
v -0.332049 0.330383 0.009914
v -0.339518 0.323805 0.014441
v -0.321962 0.321790 0.018236
v -0.321672 0.329009 0.011478
v -0.345921 0.230264 0.061855
v -0.313244 0.216959 0.076004
v -0.282859 0.294037 0.028082
v -0.282652 0.269898 0.047843
v -0.402241 0.265199 0.033112
v -0.390478 0.248706 0.045311
v -0.356556 0.240728 0.052441
v -0.359988 0.258430 0.040279
v -0.361124 0.300505 0.027044
v -0.357827 0.280441 0.033095
v -0.356912 0.236622 0.054858
v -0.300968 0.350785 0.010243
v -0.297526 0.353039 0.006188
v -0.308447 0.355465 0.006942
v -0.310100 0.352191 0.011695
v -0.337219 0.331192 0.005440
v -0.337623 0.331378 0.000001
v -0.346919 0.327826 0.000001
v -0.345171 0.326696 0.007958
v -0.288366 0.316275 0.018516
v -0.296589 0.317072 0.024322
v -0.295569 0.305681 0.028669
v -0.285613 0.305156 0.023299
v -0.398391 0.302897 0.022174
v -0.400138 0.285085 0.026783
v -0.325552 0.309836 0.027150
v -0.361282 0.315032 0.019404
v -0.382202 0.243252 0.049522
v -0.354015 0.325576 0.000001
v -0.369125 0.326455 0.000001
v -0.369684 0.325506 0.008640
v -0.354979 0.325126 0.009243
v -0.325609 0.317918 0.024601
v -0.403896 0.317345 0.017077
v -0.295579 0.320647 0.012436
v -0.303167 0.320729 0.017642
v -0.332305 0.336930 0.005277
v -0.334946 0.337085 0.000001
v -0.317753 0.335389 0.010034
v -0.327092 0.336470 0.009213
v -0.301824 0.327015 0.009716
v -0.299980 0.326690 0.006330
v -0.300606 0.333960 0.005061
v -0.305359 0.334036 0.008859
v -0.368935 0.347953 0.007449
v -0.369588 0.350489 0.008210
v -0.374737 0.352456 0.000001
v -0.373975 0.348964 0.000001
v -0.303502 0.340462 0.008594
v -0.300234 0.342535 0.009347
v -0.314230 0.343280 0.011580
v -0.316038 0.341325 0.010547
v -0.297463 0.343066 0.000001
v -0.293518 0.345201 0.000001
v -0.293821 0.343460 0.004971
v -0.297740 0.341298 0.004740
v -0.307298 0.357550 0.000001
v -0.316637 0.358372 0.000001
v -0.317330 0.356191 0.006860
v -0.312291 0.328158 0.011276
v -0.318346 0.352738 0.011681
v -0.319491 0.348980 0.013346
v -0.311997 0.348378 0.013433
v -0.297777 0.347142 0.011138
v -0.291956 0.349036 0.005845
v -0.328266 0.353397 0.011665
v -0.327881 0.357052 0.006762
v -0.347957 0.357619 0.006635
v -0.347068 0.354847 0.010885
v -0.339381 0.341517 0.000001
v -0.334880 0.341653 0.004301
v -0.353887 0.343644 0.005547
v -0.354180 0.343407 0.000001
v -0.329446 0.343163 0.011193
v -0.329043 0.346025 0.012966
v -0.351155 0.347832 0.012379
v -0.352510 0.345128 0.010830
v -0.366521 0.351281 0.008201
v -0.371759 0.352856 0.000001
v -0.298449 0.344664 0.010096
v -0.299513 0.345221 0.010183
v -0.313797 0.346377 0.012559
v -0.313905 0.345289 0.012609
v -0.291055 0.347392 0.000001
v -0.292325 0.348465 0.000001
v -0.293803 0.346748 0.005429
v -0.291385 0.345679 0.005201
v -0.324770 0.342364 0.010912
v -0.320620 0.345615 0.012767
v -0.328636 0.347450 0.012688
v -0.349182 0.349087 0.012022
v -0.348433 0.360000 0.000001
v -0.363371 0.358445 0.000001
v -0.359849 0.356820 0.007633
v -0.366940 0.353203 0.008636
v -0.349302 0.351317 0.012366
v -0.317936 0.338270 0.010336
v -0.327946 0.340834 0.007636
v -0.300183 0.337666 0.004900
v -0.305440 0.337287 0.008727
v -0.300217 0.333879 0.000001
v -0.299850 0.338510 0.000001
v -0.320062 0.352450 0.011186
v -0.319039 0.355928 0.006351
v -0.327640 0.359340 0.000001
v -0.294798 0.354347 0.000001
v -0.328654 0.349715 0.013238
v -0.328828 0.348065 0.013184
v -0.321806 0.347136 0.012665
v -0.321201 0.348714 0.012832
v -0.298917 0.345657 0.010674
v -0.292945 0.347314 0.005567
v -0.371020 0.355861 0.000001
v -0.290771 0.350759 0.000001
v -0.368199 0.352052 0.008495
v -0.350167 0.349775 0.012436
v -0.407322 0.325248 0.008036
v -0.351326 0.320168 0.018219
v -0.366484 0.345667 0.005119
v -0.372829 0.354377 0.000001
v -0.313028 0.346881 0.013131
v -0.291020 0.348994 0.000001
v -0.322370 0.345299 0.012311
v -0.322053 0.346590 0.012158
v -0.320092 0.347411 0.013155
v -0.320420 0.346856 0.012617
v -0.369440 0.346670 0.000001
v -0.292019 0.320555 0.007319
v -0.318343 0.358119 0.000001
v -0.325312 0.342606 0.010491
v -0.095366 0.245112 0.022314
v -0.091966 0.251211 0.023210
v -0.232958 0.273443 0.012351
v -0.229316 0.276171 0.024223
v -0.228473 0.277164 0.013056
v -0.204354 0.184839 0.119166
v -0.156769 0.262067 0.023447
v -0.089947 0.253761 0.000001
v -0.090990 0.251365 0.012442
v -0.155361 0.262790 0.012812
v -0.231896 0.276388 0.000001
v -0.227536 0.279915 0.000001
v -0.252761 0.284460 0.000001
v -0.271708 0.291790 0.000001
v -0.273837 0.293015 0.014632
v 0.524940 0.293121 0.080318
v 0.532896 0.312994 0.044007
v 0.252841 0.166962 0.100319
v 0.299589 0.168616 0.113785
v 0.241430 0.166884 0.128487
v 0.055854 0.168503 0.133179
v 0.086661 0.177503 0.096371
v 0.156446 0.169648 0.103316
v 0.140131 0.167943 0.129587
v -0.197981 0.182021 0.111798
v -0.184712 0.189562 0.082425
v -0.133080 0.187033 0.086317
v -0.125183 0.175249 0.122802
v -0.036103 0.171643 0.131509
v -0.022767 0.183586 0.093143
v 0.339825 0.183048 0.117485
v 0.297300 0.191200 0.131373
v 0.346394 0.224049 0.132110
v 0.380024 0.211139 0.119123
v 0.423794 0.237790 0.114545
v 0.393749 0.253236 0.125602
v 0.495391 0.271947 0.102784
v -0.389128 0.242802 0.033815
v -0.374015 0.238616 0.037196
v -0.407847 0.275171 0.018123
v -0.409541 0.259211 0.022364
v -0.406468 0.289506 0.015029
v -0.407168 0.326695 0.000001
v -0.415740 0.308616 0.000001
v -0.415860 0.307493 0.005348
v -0.397474 0.247096 0.030546
v -0.318366 0.218945 0.056800
v -0.282132 0.204184 0.071176
v -0.247555 0.188955 0.102676
v -0.355839 0.233476 0.042299
v -0.412277 0.302694 0.010089
v 0.512720 0.278870 0.074856
v 0.520736 0.296273 0.041607
v 0.303701 0.169793 0.101391
v 0.349384 0.184882 0.102435
v 0.522529 0.304169 0.000001
v 0.534153 0.321276 0.000001
v 0.388704 0.210486 0.105298
v 0.427939 0.233358 0.102273
v 0.483186 0.262060 0.088926
v -0.236126 0.192998 0.080304
v 0.228940 0.206558 0.035800
v 0.323780 0.229758 0.043699
v 0.320494 0.208687 0.082381
v 0.241269 0.202004 0.070488
v 0.053006 0.193699 0.069976
v 0.137630 0.192363 0.071808
v 0.155882 0.180364 0.096980
v 0.064499 0.184298 0.095953
v 0.295485 0.198148 0.101093
v 0.258633 0.190055 0.099021
v 0.132546 0.198266 0.034097
v 0.132651 0.207638 0.000001
v 0.222522 0.213822 0.000001
v 0.051518 0.197831 0.033607
v 0.052169 0.206570 0.000001
v 0.382569 0.237251 0.085599
v 0.392879 0.256771 0.047703
v 0.445518 0.281110 0.047348
v 0.433996 0.261468 0.084828
v 0.398428 0.268852 0.000001
v 0.459081 0.292085 0.000001
v 0.325663 0.239199 0.000001
v 0.478532 0.302207 0.044434
v 0.467947 0.284781 0.080500
v 0.472351 0.314531 0.000001
v 0.393589 0.248781 0.104289
v 0.359195 0.233744 0.106820
v 0.439486 0.271412 0.094566
v -0.153938 0.265680 0.000001
v -0.360855 0.275171 0.018123
v -0.362549 0.259211 0.023617
v -0.359334 0.289506 0.015029
v -0.363806 0.247372 0.030302
v -0.364093 0.244665 0.031763
v -0.357934 0.302694 0.010089
v -0.357424 0.307493 0.005348
v -0.357305 0.308616 0.000001
v -0.278895 0.303767 0.011619
v -0.283954 0.314519 0.008606
v -0.296534 0.326082 0.000001
v -0.278733 0.302277 0.000001
v -0.285760 0.312764 0.000001
v -0.290894 0.320414 0.000001
v -0.323448 0.279898 0.000001
v -0.319052 0.262742 0.000001
v -0.331748 0.293022 0.000001
v -0.319552 0.256196 0.000001
v -0.319714 0.254713 0.000001
v -0.343824 0.302307 0.000001
v -0.277422 0.226909 0.077890
v -0.251508 0.228341 0.080590
v -0.247447 0.242843 0.073288
v -0.273159 0.244070 0.070897
v -0.242216 0.252832 0.063075
v -0.266947 0.255075 0.062917
v -0.238865 0.260596 0.052425
v -0.262672 0.265005 0.053715
v -0.235843 0.267668 0.044111
v -0.257608 0.275249 0.042855
v -0.235330 0.272846 0.029905
v -0.254196 0.281147 0.032021
v -0.231743 0.276702 0.014588
v -0.252449 0.285846 0.015646
v -0.277422 0.212160 0.088912
v -0.251508 0.213592 0.091612
v -0.231069 0.279663 0.000001
v -0.253530 0.289622 0.000001
v -0.251239 0.226219 0.079236
v -0.246749 0.240034 0.071916
v -0.272462 0.241260 0.069525
v -0.277154 0.224787 0.076537
v -0.242216 0.248618 0.063075
v -0.266947 0.250861 0.062917
v -0.238865 0.256383 0.052425
v -0.262672 0.260792 0.053715
v -0.235843 0.263454 0.044111
v -0.257608 0.271035 0.042854
v -0.235330 0.268632 0.029905
v -0.254196 0.276934 0.032021
v -0.231743 0.272488 0.014588
v -0.253530 0.285408 0.000001
v -0.252449 0.281633 0.015646
v -0.277009 0.209430 0.087321
v -0.251094 0.210862 0.090021
v -0.231069 0.275449 0.000001
v -0.111077 0.211588 -0.090558
v -0.097098 0.238554 -0.046536
v -0.028875 0.235155 -0.046414
v -0.032294 0.206304 -0.092957
v 0.047460 0.234554 -0.045618
v 0.046753 0.204375 -0.093953
v 0.207918 0.236482 -0.047628
v 0.283075 0.253892 -0.051871
v 0.272256 0.231245 -0.097693
v 0.208097 0.208697 -0.094376
v 0.221423 0.173470 -0.130403
v 0.134831 0.171978 -0.131925
v 0.127160 0.204493 -0.093888
v 0.048206 0.171429 -0.134930
v -0.109667 0.217638 -0.091143
v -0.120481 0.181930 -0.129169
v -0.203517 0.189827 -0.121399
v -0.180762 0.218973 -0.084950
v -0.252498 0.197937 -0.108992
v -0.245364 0.244128 -0.074008
v -0.038916 0.174029 -0.132830
v -0.122098 0.176951 -0.127316
v 0.280446 0.198789 -0.132381
v 0.126677 0.233558 -0.045511
v -0.231312 0.266561 -0.047847
v -0.159818 0.254338 -0.047523
v -0.094200 0.245096 -0.047287
v -0.094553 0.247327 -0.012344
v 0.335283 0.256940 -0.102420
v 0.346711 0.279669 -0.056685
v 0.399035 0.308734 -0.057273
v 0.395407 0.281749 -0.103601
v 0.331384 0.231554 -0.133107
v 0.380406 0.260864 -0.126743
v 0.477706 0.336847 -0.052311
v 0.474896 0.311905 -0.094649
v 0.439793 0.289372 -0.114084
v 0.502737 0.332609 -0.050070
v 0.497193 0.309060 -0.091042
v 0.458816 0.284696 -0.112197
v -0.255315 0.196609 -0.102540
v -0.285718 0.208659 -0.087373
v -0.281828 0.231913 -0.074500
v -0.249060 0.239198 -0.072557
v -0.278576 0.252257 -0.064351
v -0.235926 0.260807 -0.047093
v -0.265239 0.278354 -0.039973
v -0.256031 0.284042 -0.020002
v -0.233911 0.270250 -0.023545
v -0.252438 0.192590 -0.106253
v -0.282842 0.204055 -0.090866
v -0.344082 0.252164 -0.047409
v -0.312576 0.241473 -0.061953
v -0.316120 0.221544 -0.073197
v -0.345564 0.234452 -0.059292
v -0.294549 0.294280 -0.033027
v -0.308090 0.266559 -0.047827
v -0.333905 0.275939 -0.040948
v -0.331550 0.298918 -0.031534
v -0.332049 0.330383 -0.009912
v -0.321672 0.329009 -0.011476
v -0.321962 0.321790 -0.018235
v -0.339518 0.323805 -0.014439
v -0.313244 0.216959 -0.076003
v -0.345921 0.230264 -0.061853
v -0.282652 0.269898 -0.047842
v -0.282859 0.294037 -0.028081
v -0.402241 0.265199 -0.033110
v -0.359988 0.258430 -0.040278
v -0.356556 0.240728 -0.052440
v -0.390478 0.248706 -0.045310
v -0.357827 0.280441 -0.033094
v -0.361124 0.300505 -0.027042
v -0.356912 0.236622 -0.054857
v -0.300968 0.350785 -0.010241
v -0.310100 0.352191 -0.011693
v -0.308447 0.355465 -0.006941
v -0.297526 0.353039 -0.006186
v -0.337219 0.331192 -0.005439
v -0.345171 0.326696 -0.007956
v -0.288366 0.316275 -0.018515
v -0.285613 0.305156 -0.023298
v -0.295569 0.305681 -0.028668
v -0.296589 0.317072 -0.024320
v -0.400138 0.285085 -0.026782
v -0.398391 0.302897 -0.022172
v -0.361282 0.315032 -0.019402
v -0.325552 0.309836 -0.027148
v -0.382202 0.243252 -0.049521
v -0.354979 0.325126 -0.009241
v -0.369684 0.325506 -0.008638
v -0.325609 0.317918 -0.024600
v -0.403896 0.317345 -0.017076
v -0.295579 0.320647 -0.012435
v -0.303167 0.320729 -0.017641
v -0.332305 0.336930 -0.005275
v -0.327092 0.336470 -0.009212
v -0.317753 0.335389 -0.010032
v -0.301824 0.327015 -0.009715
v -0.305359 0.334036 -0.008857
v -0.300606 0.333960 -0.005060
v -0.299980 0.326690 -0.006328
v -0.368935 0.347953 -0.007448
v -0.369588 0.350489 -0.008209
v -0.303502 0.340462 -0.008593
v -0.316038 0.341325 -0.010546
v -0.314230 0.343280 -0.011578
v -0.300234 0.342535 -0.009345
v -0.297740 0.341298 -0.004739
v -0.293821 0.343460 -0.004969
v -0.317330 0.356191 -0.006858
v -0.312291 0.328158 -0.011275
v -0.311997 0.348378 -0.013432
v -0.319491 0.348980 -0.013344
v -0.318346 0.352738 -0.011680
v -0.291956 0.349036 -0.005843
v -0.297777 0.347142 -0.011136
v -0.328266 0.353397 -0.011664
v -0.347068 0.354847 -0.010884
v -0.347957 0.357619 -0.006634
v -0.327881 0.357052 -0.006760
v -0.353887 0.343644 -0.005545
v -0.334880 0.341653 -0.004300
v -0.329446 0.343163 -0.011191
v -0.352510 0.345128 -0.010828
v -0.351155 0.347832 -0.012378
v -0.329043 0.346025 -0.012964
v -0.366521 0.351281 -0.008199
v -0.298449 0.344664 -0.010095
v -0.313905 0.345289 -0.012608
v -0.313797 0.346377 -0.012558
v -0.299513 0.345221 -0.010181
v -0.291385 0.345679 -0.005199
v -0.293803 0.346748 -0.005427
v -0.323613 0.342364 -0.010910
v -0.320620 0.345615 -0.012766
v -0.349182 0.349087 -0.012021
v -0.328636 0.347450 -0.012686
v -0.359849 0.356820 -0.007632
v -0.349302 0.351317 -0.012364
v -0.366940 0.353203 -0.008634
v -0.327946 0.340834 -0.007635
v -0.317936 0.338270 -0.010335
v -0.305440 0.337287 -0.008725
v -0.300183 0.337666 -0.004899
v -0.319039 0.355928 -0.006350
v -0.320062 0.352450 -0.011184
v -0.328654 0.349715 -0.013237
v -0.321201 0.348714 -0.012831
v -0.321806 0.347136 -0.012664
v -0.328828 0.348065 -0.013182
v -0.292945 0.347314 -0.005565
v -0.298917 0.345657 -0.010673
v -0.350167 0.349775 -0.012434
v -0.368199 0.352052 -0.008494
v -0.407322 0.325248 -0.008035
v -0.351326 0.320168 -0.018218
v -0.366484 0.345667 -0.005117
v -0.313028 0.346881 -0.013129
v -0.322053 0.346590 -0.012156
v -0.322371 0.345299 -0.012310
v -0.320420 0.346856 -0.012615
v -0.320092 0.347411 -0.013153
v -0.292019 0.320555 -0.007317
v -0.325312 0.342606 -0.010489
v -0.091966 0.251211 -0.023209
v -0.095366 0.245112 -0.022313
v -0.232958 0.273443 -0.012349
v -0.228473 0.277164 -0.013054
v -0.229316 0.276171 -0.024221
v -0.204354 0.184840 -0.119165
v -0.156769 0.262067 -0.023446
v -0.090990 0.251365 -0.012440
v -0.155361 0.262790 -0.012810
v -0.273837 0.293015 -0.014631
v 0.532896 0.312994 -0.044006
v 0.524940 0.293121 -0.080316
v 0.252841 0.166962 -0.100318
v 0.241430 0.166884 -0.128486
v 0.299589 0.168616 -0.113784
v 0.055854 0.168503 -0.133178
v 0.140131 0.167943 -0.129586
v 0.156447 0.169648 -0.103315
v 0.086661 0.177504 -0.096370
v -0.197981 0.182022 -0.111797
v -0.125183 0.175249 -0.122801
v -0.133080 0.187033 -0.086316
v -0.184712 0.189562 -0.082424
v -0.036103 0.171643 -0.131508
v -0.022767 0.183587 -0.093141
v 0.297300 0.191201 -0.131372
v 0.339825 0.183048 -0.117484
v 0.346394 0.224049 -0.132109
v 0.393749 0.253236 -0.125601
v 0.423794 0.237790 -0.114544
v 0.380024 0.211140 -0.119122
v 0.495391 0.271947 -0.102782
v -0.374015 0.238616 -0.037195
v -0.389128 0.242802 -0.033814
v -0.409541 0.259211 -0.022362
v -0.407847 0.275171 -0.018122
v -0.406468 0.289506 -0.015027
v -0.415860 0.307493 -0.005346
v -0.397474 0.247096 -0.030545
v -0.282132 0.204184 -0.071175
v -0.318366 0.218945 -0.056799
v -0.247555 0.188955 -0.102675
v -0.355839 0.233476 -0.042298
v -0.412277 0.302694 -0.010087
v 0.520736 0.296274 -0.041605
v 0.512720 0.278870 -0.074854
v 0.349384 0.184882 -0.102434
v 0.303701 0.169793 -0.101390
v 0.427939 0.233359 -0.102272
v 0.388704 0.210486 -0.105297
v 0.483186 0.262060 -0.088925
v -0.236126 0.192998 -0.080303
v 0.228940 0.206558 -0.035799
v 0.241269 0.202004 -0.070487
v 0.320494 0.208687 -0.082380
v 0.323780 0.229758 -0.043698
v 0.053006 0.193699 -0.069974
v 0.064499 0.184299 -0.095952
v 0.155882 0.180365 -0.096978
v 0.137630 0.192363 -0.071807
v 0.258633 0.190055 -0.099019
v 0.295485 0.198148 -0.101092
v 0.132546 0.198266 -0.034096
v 0.051518 0.197831 -0.033606
v 0.382569 0.237251 -0.085598
v 0.433996 0.261468 -0.084827
v 0.445518 0.281110 -0.047347
v 0.392879 0.256771 -0.047702
v 0.467947 0.284782 -0.080498
v 0.478532 0.302207 -0.044433
v 0.393589 0.248781 -0.104288
v 0.359195 0.233744 -0.106819
v 0.439486 0.271412 -0.094565
v -0.362549 0.259211 -0.023616
v -0.360855 0.275171 -0.018122
v -0.359334 0.289506 -0.015027
v -0.364093 0.244665 -0.031762
v -0.363806 0.247372 -0.030300
v -0.357934 0.302694 -0.010087
v -0.357424 0.307493 -0.005346
v -0.278895 0.303767 -0.011618
v -0.283954 0.314519 -0.008604
v -0.277423 0.226909 -0.077889
v -0.273159 0.244070 -0.070895
v -0.247447 0.242844 -0.073287
v -0.251508 0.228341 -0.080589
v -0.266947 0.255075 -0.062916
v -0.242216 0.252832 -0.063073
v -0.262672 0.265006 -0.053714
v -0.238865 0.260597 -0.052424
v -0.257608 0.275249 -0.042853
v -0.235844 0.267668 -0.044110
v -0.254196 0.281147 -0.032019
v -0.235330 0.272846 -0.029903
v -0.252449 0.285846 -0.015644
v -0.231743 0.276702 -0.014586
v -0.251508 0.213593 -0.091611
v -0.277422 0.212161 -0.088911
v -0.246750 0.240034 -0.071915
v -0.251239 0.226219 -0.079235
v -0.277154 0.224787 -0.076535
v -0.272462 0.241260 -0.069523
v -0.242216 0.248618 -0.063073
v -0.266947 0.250861 -0.062916
v -0.238865 0.256383 -0.052424
v -0.262672 0.260792 -0.053714
v -0.235844 0.263454 -0.044110
v -0.257608 0.271035 -0.042853
v -0.235330 0.268632 -0.029904
v -0.254196 0.276934 -0.032019
v -0.231743 0.272488 -0.014586
v -0.252449 0.281633 -0.015644
v -0.277009 0.209431 -0.087319
v -0.251094 0.210863 -0.090019
vn -0.1128 0.6001 0.7919
vn -0.1217 0.5883 0.7994
vn -0.1457 0.4791 0.8656
vn -0.1450 0.4921 0.8584
vn -0.1862 0.3826 0.9049
vn -0.1401 0.3950 0.9079
vn -0.1599 0.4227 0.8921
vn -0.1651 0.4123 0.8960
vn -0.0992 0.5546 0.8262
vn -0.0891 0.6007 0.7945
vn -0.0487 0.5652 0.8235
vn -0.1412 0.4751 0.8685
vn -0.0175 0.4032 0.9149
vn -0.0989 0.5455 0.8323
vn 0.0385 0.6120 0.7899
vn 0.0256 0.7902 0.6123
vn -0.0676 0.7224 0.6882
vn -0.0620 0.9042 0.4226
vn 0.0060 0.9317 0.3632
vn -0.1053 0.4075 0.9071
vn -0.0474 0.6622 0.7478
vn -0.2573 0.5554 0.7908
vn -0.1855 0.8114 0.5542
vn 0.0610 0.6408 0.7653
vn 0.0363 0.6579 0.7522
vn 0.0476 0.6349 0.7712
vn 0.0688 0.6388 0.7663
vn -0.0059 0.5131 0.8583
vn -0.0078 0.4819 0.8762
vn -0.0065 0.5526 0.8334
vn 0.0022 0.5419 0.8404
vn -0.0148 0.4826 0.8757
vn -0.0095 0.5315 0.8470
vn -0.0268 0.5080 0.8609
vn -0.0195 0.5623 0.8267
vn -0.0075 0.5502 0.8350
vn 0.0007 0.5927 0.8055
vn 0.0502 0.6353 0.7706
vn 0.0193 0.6602 0.7508
vn -0.0132 0.6655 0.7463
vn -0.0275 0.6326 0.7740
vn 0.0135 0.6635 0.7480
vn 0.0182 0.6895 0.7241
vn -0.0036 0.6538 0.7566
vn -0.0087 0.6466 0.7628
vn -0.0008 0.6307 0.7760
vn 0.0138 0.6358 0.7717
vn 0.0210 0.5752 0.8178
vn 0.0246 0.6294 0.7767
vn 0.0387 0.6895 0.7232
vn 0.0321 0.6832 0.7296
vn 0.0331 0.6402 0.7675
vn 0.0337 0.6083 0.7930
vn 0.0312 0.6221 0.7823
vn 0.0226 0.6837 0.7294
vn 0.0454 0.6182 0.7847
vn 0.0639 0.6198 0.7822
vn 0.0682 0.6296 0.7739
vn 0.0117 0.5843 0.8115
vn -0.0151 0.6252 0.7803
vn 0.0100 0.6444 0.7647
vn -0.0047 0.6064 0.7951
vn 0.0141 0.5934 0.8048
vn 0.0098 0.6256 0.7801
vn 0.0242 0.6107 0.7915
vn 0.0350 0.6389 0.7685
vn 0.0092 0.6228 0.7824
vn -0.0403 0.5813 0.8127
vn -0.0089 0.6233 0.7819
vn -0.0138 0.6109 0.7916
vn 0.0120 0.5295 0.8482
vn -0.0077 0.6614 0.7500
vn -0.0299 0.6269 0.7785
vn -0.0000 0.5768 0.8169
vn 0.0031 0.6614 0.7500
vn -0.0060 0.5259 0.8505
vn 0.0042 0.6020 0.7985
vn 0.0128 0.6032 0.7975
vn 0.0127 0.6463 0.7630
vn 0.0031 0.6339 0.7734
vn 0.0063 0.6655 0.7464
vn -0.0143 0.6906 0.7231
vn -0.0138 0.6969 0.7170
vn 0.0036 0.6384 0.7697
vn -0.0003 0.6420 0.7667
vn 0.0123 0.6878 0.7258
vn -0.0137 0.6821 0.7311
vn -0.0161 0.6251 0.7804
vn 0.0189 0.6397 0.7684
vn 0.0241 0.6704 0.7416
vn 0.0443 0.6010 0.7980
vn 0.0323 0.5792 0.8146
vn 0.0276 0.6431 0.7652
vn -0.0274 0.6492 0.7601
vn -0.0111 0.6460 0.7632
vn -0.0160 0.5888 0.8081
vn -0.0254 0.5133 0.8578
vn -0.0081 0.5278 0.8493
vn 0.0091 0.6221 0.7829
vn 0.0003 0.4700 0.8826
vn -0.0201 0.4665 0.8843
vn -0.0393 0.5229 0.8515
vn -0.0273 0.6897 0.7236
vn -0.0126 0.6887 0.7250
vn 0.0113 0.6873 0.7262
vn 0.0129 0.6840 0.7294
vn 0.0203 0.6691 0.7429
vn -0.0292 0.6921 0.7212
vn -0.0294 0.6800 0.7326
vn -0.0243 0.5742 0.8183
vn 0.0253 0.5900 0.8070
vn 0.0514 0.5386 0.8410
vn 0.0371 0.5372 0.8426
vn -0.0159 0.5873 0.8092
vn -0.0558 0.5053 0.8611
vn -0.1003 0.5534 0.8268
vn -0.0311 0.6141 0.7886
vn -0.1081 0.4655 0.8784
vn -0.0819 0.3997 0.9130
vn -0.1297 0.4190 0.8987
vn -0.1614 0.4908 0.8562
vn -0.1663 0.5582 0.8128
vn -0.1812 0.7017 0.6890
vn -0.1952 0.7082 0.6785
vn -0.1811 0.8827 0.4337
vn -0.1519 0.8396 0.5215
vn -0.1129 0.9520 0.2845
vn -0.0773 0.9917 0.1025
vn -0.1095 0.9845 0.1370
vn -0.1207 0.9271 0.3548
vn -0.1416 0.6661 0.7323
vn -0.1748 0.8075 0.5633
vn -0.1382 0.9784 0.1539
vn -0.1608 0.9056 0.3925
vn -0.0440 0.6296 0.7757
vn -0.0338 0.6239 0.7807
vn -0.1085 0.5984 0.7938
vn -0.9410 -0.3017 0.1534
vn -0.9410 -0.3007 0.1550
vn -0.9407 -0.3087 0.1406
vn -0.9396 -0.3215 0.1174
vn -0.9395 -0.3225 0.1158
vn -0.9403 -0.3146 0.1302
vn 0.0200 -0.7275 0.6859
vn 0.0014 -0.7674 0.6411
vn 0.0087 -0.7615 0.6481
vn 0.0195 -0.7252 0.6882
vn -0.0522 -0.8548 0.5164
vn -0.0346 -0.8464 0.5315
vn -0.0825 -0.8836 0.4609
vn -0.0786 -0.8888 0.4516
vn 0.0295 -0.8618 0.5065
vn -0.0848 -0.8801 0.4671
vn 0.7426 0.3254 0.5853
vn 0.7469 0.3833 0.5433
vn 0.7484 0.4054 0.5250
vn 0.7426 0.3254 0.5854
vn 0.7571 0.4756 0.4479
vn 0.7600 0.4849 0.4328
vn 0.7962 0.5432 0.2666
vn 0.7939 0.5460 0.2676
vn 0.7771 0.5195 0.3553
vn 0.7736 0.5163 0.3674
vn 0.8432 0.5197 0.1372
vn 0.8904 0.4547 -0.0182
vn 0.8871 0.4616 -0.0074
vn 0.8321 0.5346 0.1474
vn -0.7882 -0.5290 -0.3147
vn -0.6127 -0.5652 -0.5524
vn -0.6064 -0.5698 -0.5546
vn -0.8144 -0.4930 -0.3062
vn -0.7697 -0.0890 -0.6322
vn -0.7186 0.2946 -0.6299
vn -0.7167 0.2679 -0.6438
vn -0.7380 -0.1541 -0.6570
vn -0.5212 0.4699 -0.7124
vn -0.5086 0.4821 -0.7134
vn -0.2758 0.5901 -0.7587
vn -0.2495 0.6018 -0.7587
vn -0.1985 0.6431 -0.7396
vn -0.2014 0.6492 -0.7334
vn -0.3310 0.6058 -0.7235
vn -0.2007 0.6421 -0.7399
vn 0.0020 0.3406 0.9402
vn 0.0009 0.3221 0.9467
vn 0.0315 0.4735 0.8802
vn 0.0108 0.4058 0.9139
vn 0.0199 0.4239 0.9055
vn 0.0256 0.3450 0.9382
vn 0.0404 0.3124 0.9491
vn 0.0318 0.3981 0.9168
vn 0.0489 0.3539 0.9340
vn 0.0769 0.2780 0.9575
vn 0.1013 0.5745 0.8122
vn 0.0974 0.5170 0.8504
vn -0.0197 0.5359 0.8441
vn 0.0021 0.6252 0.7805
vn 0.0730 0.5110 0.8565
vn 0.0177 0.5475 0.8366
vn -0.0549 0.4289 0.9017
vn -0.0622 0.5683 0.8204
vn -0.0306 0.6903 0.7229
vn 0.0112 0.5538 0.8326
vn 0.0093 0.4967 0.8679
vn -0.0140 0.6207 0.7839
vn -0.0067 0.6813 0.7320
vn 0.0001 0.7086 0.7056
vn -0.0216 0.7309 0.6822
vn -0.0086 0.7639 0.6453
vn 0.0088 0.5824 0.8128
vn -0.0622 0.5298 0.8458
vn -0.0786 0.5644 0.8218
vn -0.0389 0.6682 0.7429
vn 0.0084 0.2595 0.9657
vn -0.0465 0.4204 0.9062
vn -0.0173 0.1275 0.9917
vn -0.0578 0.2941 0.9540
vn -0.0948 0.4056 0.9091
vn -0.1170 0.4754 0.8719
vn 0.1142 0.8640 0.4904
vn 0.1104 0.8418 0.5284
vn 0.0367 0.8614 0.5065
vn 0.0500 0.8847 0.4635
vn 0.0582 0.8321 0.5515
vn 0.0355 0.7893 0.6129
vn 0.0452 0.7659 0.6414
vn 0.0812 0.9690 0.2333
vn 0.0692 0.8817 0.4667
vn 0.0507 0.9256 0.3751
vn -0.0063 0.8498 0.5271
vn -0.0122 0.8912 0.4535
vn 0.0416 0.8949 0.4443
vn 0.0185 0.8436 0.5366
vn -0.0286 0.8327 0.5530
vn -0.0359 0.8812 0.4715
vn -0.1064 0.8346 0.5406
vn -0.1111 0.8221 0.5585
vn -0.1132 0.9313 0.3462
vn -0.1184 0.9279 0.3535
vn -0.1286 0.9007 0.4151
vn -0.0951 0.9727 0.2119
vn 0.0150 0.7732 0.6340
vn 0.0170 0.7232 0.6904
vn -0.0026 0.7264 0.6873
vn -0.0032 0.7838 0.6210
vn -0.0015 0.4283 0.9037
vn -0.0010 0.5969 0.8023
vn 0.0060 0.5989 0.8008
vn -0.0078 0.4234 0.9059
vn -0.0658 0.7024 0.7088
vn -0.0373 0.7630 0.6454
vn -0.0190 0.7985 0.6017
vn -0.0539 0.8057 0.5898
vn 0.0067 0.5613 0.8276
vn -0.0144 0.4086 0.9126
vn 0.0486 0.7792 0.6248
vn 0.0227 0.6939 0.7197
vn -0.0092 0.7290 0.6845
vn 0.0752 0.8110 0.5802
vn 0.0732 0.8225 0.5640
vn 0.0091 0.8045 0.5938
vn 0.0119 0.7434 0.6688
vn -0.0254 0.3130 0.9494
vn -0.0126 0.3234 0.9462
vn -0.0224 0.3158 0.9486
vn 0.0661 0.2107 0.9753
vn 0.0069 0.0833 0.9965
vn -0.0063 0.3438 0.9390
vn 0.1093 0.7703 0.6282
vn 0.1054 0.6715 0.7334
vn 0.0251 0.7056 0.7082
vn -0.0034 0.8186 0.5744
vn -0.0943 0.6033 0.7919
vn -0.1059 0.6957 0.7105
vn -0.0883 0.7538 0.6511
vn -0.1334 0.5836 0.8010
vn -0.1402 0.7522 0.6438
vn -0.0686 0.8676 0.4925
vn -0.1208 0.9724 0.1997
vn -0.0789 0.9751 0.2071
vn -0.0767 0.9392 0.3346
vn -0.0401 0.9442 0.3268
vn 0.0757 0.8188 0.5691
vn 0.9381 -0.3386 -0.0725
vn 0.8804 -0.2643 0.3937
vn 0.9086 -0.2198 0.3552
vn 0.9302 -0.3096 -0.1971
vn 0.8950 -0.0043 0.4460
vn 0.8873 0.0036 0.4613
vn 0.8824 0.0640 0.4661
vn 0.8817 0.0633 0.4675
vn 0.8620 0.1961 0.4674
vn 0.8593 0.2011 0.4702
vn 0.8738 0.0939 0.4772
vn 0.8762 0.0842 0.4745
vn 0.9032 0.4140 0.1137
vn 0.9021 0.4095 0.1365
vn 0.8735 0.3527 0.3356
vn 0.8637 0.3763 0.3354
vn 0.9439 0.3274 -0.0436
vn 0.9665 0.2527 -0.0454
vn 0.9617 0.2725 -0.0314
vn 0.9336 0.3580 -0.0167
vn -0.0057 -0.9996 -0.0275
vn -0.0048 -0.9995 -0.0302
vn 0.0043 -0.9999 0.0138
vn 0.0098 -0.9999 0.0064
vn -0.0041 -0.9969 -0.0789
vn -0.0064 -0.9964 -0.0847
vn -0.0523 -0.9986 0.0065
vn -0.1534 -0.9877 -0.0316
vn -0.1009 -0.9949 -0.0080
vn -0.0355 -0.9991 0.0213
vn -0.0072 -0.9997 -0.0216
vn -0.0196 -0.9994 0.0283
vn -0.0139 -0.9995 0.0292
vn -0.0127 -0.9995 -0.0272
vn -0.0216 -0.9912 -0.1305
vn -0.0239 -0.9904 -0.1358
vn -0.0106 -0.9995 -0.0302
vn -0.0112 -0.9995 -0.0302
vn -0.0288 -0.9988 -0.0407
vn -0.0291 -0.9990 -0.0325
vn -0.1010 0.9276 0.3597
vn -0.0450 0.9286 0.3683
vn -0.0006 0.9870 -0.1610
vn -0.1098 0.9765 -0.1857
vn -0.0053 0.1808 0.9835
vn -0.0545 0.1626 0.9852
vn 0.0821 -0.7299 0.6787
vn -0.0181 -0.7495 0.6618
vn 0.0982 -0.9172 -0.3861
vn 0.0340 -0.9169 -0.3976
vn 0.0139 -0.1495 -0.9887
vn 0.0597 -0.1361 -0.9889
vn -0.0486 0.2606 -0.9642
vn 0.0417 0.2953 -0.9545
vn 0.0102 0.9203 0.3911
vn 0.1038 0.9902 -0.0932
vn -0.1072 0.1620 0.9810
vn -0.1217 -0.7628 0.6351
vn -0.0261 -0.9021 -0.4307
vn 0.1079 -0.1344 -0.9850
vn 0.1381 0.2981 -0.9445
vn 0.0665 0.9000 0.4308
vn 0.2073 0.9781 0.0214
vn -0.1644 0.1823 0.9694
vn -0.2405 -0.7675 0.5942
vn -0.0819 -0.8701 -0.4860
vn 0.1621 -0.1462 -0.9759
vn 0.2457 0.2639 -0.9327
vn 0.1247 0.8619 0.4914
vn 0.3079 0.9327 0.1879
vn -0.2260 0.2304 0.9465
vn -0.3919 -0.7533 0.5282
vn -0.1300 -0.8148 -0.5650
vn 0.2270 -0.1775 -0.9576
vn 0.3692 0.1800 -0.9118
vn 0.1832 0.7950 0.5782
vn 0.3915 0.8296 0.3980
vn -0.2856 0.3165 0.9046
vn -0.6027 -0.6849 0.4095
vn -0.1598 -0.7318 -0.6625
vn 0.3083 -0.2418 -0.9200
vn 0.5064 0.0261 -0.8619
vn 0.2322 0.6821 0.6934
vn 0.4347 0.6636 0.6088
vn -0.3246 0.4368 0.8389
vn -0.8735 -0.4574 0.1665
vn -0.1609 -0.6337 -0.7566
vn 0.4020 -0.3675 -0.8387
vn 0.6286 -0.2043 -0.7504
vn 0.2379 0.5234 0.8182
vn 0.4303 0.4669 0.7726
vn -0.3431 0.5595 0.7545
vn -0.9716 0.0179 -0.2361
vn -0.1512 -0.5442 -0.8252
vn 0.4493 -0.5647 -0.6923
vn 0.6839 -0.4663 -0.5611
vn 0.1908 0.3791 0.9055
vn 0.3861 0.2580 0.8856
vn -0.3483 0.6854 0.6395
vn -0.7415 0.4094 -0.5315
vn -0.1457 -0.4487 -0.8817
vn 0.3977 -0.7411 -0.5410
vn 0.6400 -0.7032 -0.3096
vn 0.1330 0.2816 0.9503
vn 0.3118 0.0636 0.9480
vn -0.3077 0.7960 0.5213
vn -0.4962 0.5810 -0.6451
vn -0.1230 -0.3511 -0.9282
vn 0.3105 -0.8411 -0.4429
vn 0.5118 -0.8561 -0.0717
vn 0.0803 0.2176 0.9727
vn 0.2249 -0.0877 0.9704
vn -0.2391 0.8654 0.4404
vn -0.3210 0.6584 -0.6807
vn -0.0852 -0.2724 -0.9584
vn 0.2301 -0.8916 -0.3900
vn 0.3637 -0.9277 0.0847
vn 0.0321 0.1757 0.9839
vn 0.1366 -0.1932 0.9716
vn -0.1669 0.9019 0.3984
vn -0.1903 0.7017 -0.6866
vn -0.0413 -0.2167 -0.9754
vn 0.1613 -0.9167 -0.3655
vn 0.2291 -0.9595 0.1640
vn -0.0139 0.1495 0.9887
vn 0.0486 -0.2606 0.9642
vn -0.0982 0.9172 0.3860
vn -0.0821 0.7299 -0.6787
vn 0.0054 -0.1809 -0.9835
vn 0.1010 -0.9276 -0.3597
vn 0.1098 -0.9765 0.1856
vn -0.0597 0.1361 0.9889
vn -0.0417 -0.2953 0.9545
vn -0.0340 0.9169 0.3976
vn 0.0181 0.7495 -0.6618
vn 0.0545 -0.1626 -0.9852
vn 0.0450 -0.9286 -0.3683
vn 0.0007 -0.9870 0.1609
vn -0.1079 0.1344 0.9850
vn -0.1381 -0.2981 0.9445
vn 0.0261 0.9021 0.4307
vn 0.1217 0.7628 -0.6351
vn 0.1072 -0.1620 -0.9810
vn -0.0102 -0.9203 -0.3911
vn -0.1038 -0.9902 0.0932
vn -0.1621 0.1462 0.9759
vn -0.2457 -0.2640 0.9327
vn 0.0820 0.8701 0.4860
vn 0.2405 0.7675 -0.5942
vn 0.1644 -0.1823 -0.9694
vn -0.0665 -0.9000 -0.4307
vn -0.2073 -0.9780 -0.0212
vn -0.2270 0.1775 0.9576
vn -0.3692 -0.1801 0.9117
vn 0.1300 0.8148 0.5650
vn 0.3919 0.7533 -0.5281
vn 0.2260 -0.2304 -0.9465
vn -0.1247 -0.8620 -0.4914
vn -0.3079 -0.9327 -0.1879
vn -0.3083 0.2418 0.9201
vn -0.5064 -0.0261 0.8619
vn 0.1598 0.7318 0.6625
vn 0.6027 0.6849 -0.4095
vn 0.2856 -0.3165 -0.9046
vn -0.1833 -0.7950 -0.5782
vn -0.3915 -0.8297 -0.3979
vn -0.4020 0.3675 0.8387
vn -0.6287 0.2043 0.7504
vn 0.1609 0.6337 0.7566
vn 0.8735 0.4574 -0.1666
vn 0.3246 -0.4368 -0.8389
vn -0.2323 -0.6821 -0.6934
vn -0.4347 -0.6636 -0.6088
vn -0.4493 0.5647 0.6923
vn -0.6840 0.4663 0.5611
vn 0.1512 0.5442 0.8253
vn 0.9716 -0.0180 0.2361
vn 0.3431 -0.5595 -0.7545
vn -0.2379 -0.5234 -0.8182
vn -0.4303 -0.4669 -0.7726
vn -0.3977 0.7411 0.5409
vn -0.6400 0.7032 0.3095
vn 0.1457 0.4487 0.8817
vn 0.7415 -0.4094 0.5315
vn 0.3483 -0.6854 -0.6395
vn -0.1908 -0.3791 -0.9055
vn -0.3862 -0.2580 -0.8856
vn -0.3105 0.8411 0.4429
vn -0.5118 0.8561 0.0718
vn 0.1230 0.3511 0.9282
vn 0.4962 -0.5810 0.6452
vn 0.3077 -0.7960 -0.5213
vn -0.1330 -0.2816 -0.9503
vn -0.3117 -0.0636 -0.9480
vn -0.2301 0.8916 0.3900
vn -0.3637 0.9277 -0.0847
vn 0.0852 0.2724 0.9584
vn 0.3210 -0.6584 0.6808
vn 0.2392 -0.8654 -0.4404
vn -0.0803 -0.2177 -0.9727
vn -0.2249 0.0876 -0.9704
vn -0.1613 0.9167 0.3655
vn -0.2291 0.9595 -0.1640
vn 0.0413 0.2166 0.9754
vn 0.1904 -0.7017 0.6866
vn 0.1669 -0.9019 -0.3984
vn -0.0321 -0.1757 -0.9839
vn -0.1366 0.1932 -0.9716
vn 0.0540 0.6865 0.7251
vn 0.0366 0.6286 0.7769
vn 0.0459 0.5819 0.8119
vn -0.0282 0.6439 0.7646
vn -0.0326 0.6174 0.7860
vn 0.0268 0.5881 0.8083
vn 0.0465 -0.6585 0.7511
vn 0.2206 -0.4198 0.8804
vn 0.2034 -0.8933 0.4007
vn 0.0054 -0.9170 0.3989
vn -0.1285 -0.5588 0.8193
vn -0.0656 -0.9447 0.3214
vn -0.0426 0.6721 0.7392
vn 0.0520 0.3969 0.9164
vn 0.0069 0.5066 0.8622
vn -0.0554 0.6928 0.7190
vn -0.0920 0.6019 0.7933
vn -0.1174 0.4449 0.8878
vn -0.1177 0.7637 0.6347
vn -0.0970 0.6256 0.7741
vn -0.8916 0.0827 -0.4452
vn -0.8182 0.2151 -0.5332
vn -0.1790 0.8604 -0.4772
vn -0.1400 0.8872 -0.4397
vn -0.0203 0.8893 -0.4569
vn 0.0080 0.9751 -0.2216
vn -0.0293 0.9962 -0.0820
vn -0.0179 0.9161 -0.4006
vn -0.1068 0.8133 0.5719
vn -0.0912 0.8039 0.5877
vn -0.0978 0.9348 0.3415
vn -0.0962 0.6134 0.7839
vn -0.9153 0.0975 -0.3908
vn -0.2135 0.8352 -0.5068
vn -0.0271 0.8580 -0.5129
vn 0.0340 0.9498 -0.3111
vn 0.0714 0.5281 0.8462
vn 0.0418 0.5526 0.8324
vn -0.0590 0.6814 0.7295
vn -0.0563 0.7554 0.6528
vn -0.0543 0.6727 0.7379
vn -0.1355 0.5901 0.7959
vn -0.1440 0.5935 0.7919
vn -0.1331 0.5116 0.8489
vn -0.1204 0.5420 0.8317
vn -0.0894 0.5763 0.8123
vn -0.1077 0.5400 0.8347
vn -0.1259 0.5534 0.8233
vn -0.1296 0.5020 0.8551
vn -0.1292 0.5557 0.8213
vn -0.1437 0.5375 0.8309
vn 0.1214 0.6635 0.7383
vn 0.0830 0.6696 0.7381
vn 0.0484 0.6936 0.7188
vn 0.0768 0.7481 0.6592
vn -0.0579 0.6000 0.7979
vn -0.0949 0.5836 0.8065
vn -0.1382 0.3442 0.9287
vn -0.1379 0.3912 0.9099
vn -0.1641 0.4008 0.9013
vn -0.1619 0.3534 0.9214
vn -0.1355 0.4180 0.8983
vn -0.1541 0.4089 0.8995
vn -0.1480 0.4927 0.8575
vn -0.1299 0.4542 0.8814
vn -0.1196 0.3754 0.9191
vn -0.1636 0.3639 0.9170
vn -0.1488 0.5027 0.8515
vn -0.1309 0.5679 0.8126
vn -0.0858 0.5944 0.7996
vn -0.0302 0.6388 0.7688
vn 0.0080 0.6485 0.7612
vn -0.0784 -0.9456 0.3157
vn -0.1149 -0.8248 0.5536
vn -0.1155 -0.8315 0.5434
vn -0.0783 -0.9468 0.3121
vn -0.0229 -0.9391 0.3430
vn -0.0278 -0.9389 0.3432
vn -0.8082 0.5706 0.1458
vn -0.9998 -0.0199 0.0065
vn -0.9910 -0.1202 0.0593
vn -0.7904 0.6037 0.1039
vn 0.8545 0.5193 0.0109
vn 0.8898 0.4271 0.1604
vn 0.8881 0.4326 0.1553
vn 0.8489 0.5286 -0.0035
vn 0.6234 0.7496 -0.2226
vn 0.7692 0.6130 -0.1805
vn 0.7458 0.6375 -0.1932
vn 0.5964 0.7697 -0.2279
vn 0.0566 0.9486 -0.3113
vn 0.2140 0.9274 -0.3067
vn 0.1845 0.9337 -0.3068
vn 0.0396 0.9492 -0.3122
vn -0.7848 0.5967 -0.1672
vn -0.7743 0.6067 -0.1797
vn -0.7448 0.6051 -0.2813
vn -0.7511 0.5710 -0.3314
vn -0.7523 0.5677 -0.3345
vn -0.7725 0.5768 -0.2655
vn 0.9173 0.3770 0.1279
vn 0.9138 0.3813 0.1400
vn -0.7113 0.6677 -0.2196
vn -0.7218 0.6574 -0.2163
vn -0.9173 0.3783 -0.1244
vn -0.9185 0.3756 -0.1235
vn 0.6233 0.7695 -0.1396
vn 0.5878 0.7883 -0.1821
vn -0.9955 -0.0895 0.0295
vn -0.9994 -0.0325 0.0107
vn -0.8077 0.5852 -0.0714
vn -0.8085 0.5839 -0.0742
vn -0.0026 -0.9350 0.3547
vn -0.0030 -0.9343 0.3565
vn -0.0031 -0.9339 0.3575
vn -0.0519 -0.9357 0.3489
vn -0.9373 0.3216 0.1344
vn -0.8948 0.0989 0.4353
vn -0.9112 0.1540 0.3821
vn -0.9422 0.3054 0.1379
vn 0.7783 0.1240 -0.6155
vn 0.9567 0.0209 -0.2903
vn 0.9410 0.0787 -0.3290
vn 0.7754 0.1220 -0.6195
vn -0.8894 -0.1330 0.4374
vn -0.8371 -0.0733 0.5422
vn -0.8378 -0.0846 0.5394
vn -0.8893 -0.1308 0.4382
vn 0.6682 0.5681 0.4804
vn 0.8595 0.2025 -0.4693
vn 0.8837 0.2403 -0.4015
vn 0.6677 0.5497 0.5020
vn -0.9138 0.3990 0.0758
vn -0.9158 0.3947 0.0741
vn 0.9703 -0.1443 -0.1939
vn 0.9412 0.0666 0.3313
vn 0.9544 0.0579 0.2928
vn 0.9617 -0.1630 -0.2202
vn -0.9979 0.0036 0.0641
vn -0.9501 0.3120 -0.0000
vn -0.9725 0.2328 -0.0000
vn -0.9956 -0.0363 0.0858
vn -0.8515 -0.0144 0.5241
vn -0.8778 0.0146 0.4789
vn 0.8692 0.4552 0.1931
vn 0.8810 0.4725 0.0227
vn -0.9790 0.0433 0.1990
vn -0.9845 0.0455 0.1693
vn 0.9797 -0.1976 0.0324
vn 0.9833 0.1374 0.1189
vn 0.9987 0.0480 -0.0195
vn 0.9826 -0.1859 -0.0000
vn 0.9717 -0.2362 -0.0000
vn -0.5855 0.5965 0.5490
vn -0.9333 0.3589 -0.0065
vn -0.9296 0.3685 0.0021
vn -0.5610 0.5762 0.5944
vn 0.9945 -0.0513 0.0918
vn 0.9812 -0.0054 0.1930
vn 0.9799 -0.0839 0.1809
vn 0.9759 -0.0426 -0.2141
vn -0.5760 -0.8075 -0.1273
vn -0.7286 -0.6821 -0.0628
vn -0.8960 -0.4398 0.0605
vn -0.5742 -0.8052 -0.1481
vn 0.9885 0.0689 0.1349
vn 0.9882 0.0376 0.1486
vn 0.1836 -0.9729 -0.1404
vn 0.0484 -0.9988 -0.0082
vn 0.0369 -0.9461 -0.3218
vn -0.6979 -0.7016 -0.1438
vn -0.8563 -0.4762 -0.2002
vn 0.9961 -0.0804 0.0361
vn 0.9643 -0.1470 -0.2204
vn -0.7557 -0.6159 -0.2227
vn -0.7075 -0.7043 -0.0582
vn 0.8971 0.0817 0.4342
vn 0.9087 0.0516 0.4143
vn 0.6437 0.3255 0.6926
vn 0.6168 0.3504 0.7048
vn -0.5354 -0.8416 -0.0714
vn -0.7237 -0.6612 -0.1979
vn 0.9967 0.0166 -0.0788
vn 0.9431 -0.1482 -0.2976
vn 0.9898 -0.0284 -0.1394
vn 0.9923 0.1122 0.0517
vn -0.5158 -0.8010 0.3039
vn 0.9923 0.1122 0.0518
vn -0.8036 -0.3071 -0.5098
vn -0.9112 0.2533 0.3249
vn -0.9182 0.2448 0.3115
vn -0.7690 -0.3328 -0.5458
vn -0.7816 0.4796 -0.3990
vn -0.7815 0.4801 -0.3984
vn -0.7583 0.5023 -0.4156
vn -0.7553 0.5042 -0.4186
vn -0.8070 0.4032 -0.4315
vn -0.8346 0.3467 -0.4282
vn -0.8443 0.4321 -0.3169
vn -0.8422 0.4333 -0.3210
vn -0.8301 0.4403 -0.3422
vn -0.8318 0.4391 -0.3395
vn -0.8149 0.4517 -0.3633
vn -0.8121 0.4538 -0.3669
vn -0.7928 0.4693 -0.3887
vn -0.7945 0.4679 -0.3872
vn -0.8509 0.4276 -0.3051
vn -0.8550 0.4284 -0.2923
vn -0.8541 0.4265 -0.2977
vn -0.8504 0.4284 -0.3056
vn -0.0282 -0.8147 0.5791
vn -0.0793 -0.8032 0.5904
vn -0.0746 -0.8040 0.5899
vn -0.0225 -0.8146 0.5796
vn -0.1396 -0.7708 0.6216
vn -0.1400 -0.7716 0.6205
vn -0.2188 -0.7455 0.6296
vn -0.2266 -0.7427 0.6302
vn -0.3012 -0.7549 0.5826
vn -0.3043 -0.7530 0.5834
vn -0.4926 -0.6775 0.5462
vn -0.8155 -0.4234 0.3947
vn -0.8253 -0.4113 0.3869
vn -0.5030 -0.6721 0.5434
vn -0.9596 -0.1695 0.2245
vn -0.9611 -0.1649 0.2213
vn -0.5669 -0.6359 0.5237
vn -0.8957 -0.3091 0.3197
vn -0.9045 -0.2935 0.3092
vn -0.5848 -0.6248 0.5174
vn -0.3067 -0.7532 0.5819
vn -0.3110 -0.7518 0.5814
vn -0.2073 -0.7797 0.5908
vn -0.2143 -0.7782 0.5904
vn -0.9960 0.0734 0.0510
vn -0.9953 0.0881 0.0402
vn -0.8691 0.4386 -0.2288
vn -0.8635 0.4463 -0.2350
vn -0.5330 0.7091 -0.4616
vn -0.5322 0.7095 -0.4619
vn -0.1511 -0.7908 0.5931
vn -0.9761 -0.1136 0.1854
vn 0.0533 0.8037 -0.5926
vn 0.0332 0.7962 -0.6041
vn 0.0333 0.7965 -0.6037
vn 0.0560 0.8037 -0.5925
vn 0.0759 0.8016 -0.5930
vn 0.0760 0.8016 -0.5930
vn 0.0817 0.8009 -0.5931
vn 0.0825 0.8009 -0.5932
vn 0.0960 0.7992 -0.5934
vn 0.0970 0.7991 -0.5934
vn 0.0553 0.8038 -0.5924
vn 0.0518 0.8041 -0.5922
vn -0.0600 0.8093 -0.5843
vn -0.0644 0.8093 -0.5839
vn -0.2199 0.7988 -0.5599
vn -0.2231 0.7984 -0.5592
vn 0.9816 0.0919 -0.1676
vn 0.9590 -0.2572 0.1186
vn 0.9592 -0.2576 0.1164
vn 0.9807 0.0944 -0.1710
vn 0.0183 -0.8143 0.5801
vn 0.0238 -0.8142 0.5801
vn 0.0844 -0.8222 0.5629
vn 0.0924 -0.8219 0.5621
vn 0.1528 -0.8274 0.5404
vn 0.1542 -0.8272 0.5403
vn 0.2338 -0.8045 0.5460
vn 0.2319 -0.8039 0.5477
vn 0.6397 -0.6207 0.4533
vn 0.6217 -0.6329 0.4614
vn 0.2765 -0.7471 0.6045
vn 0.2723 -0.7494 0.6036
vn -0.0047 0.7518 -0.6593
vn 0.0834 0.7510 -0.6550
vn 0.0791 0.7504 -0.6562
vn -0.0094 0.7515 -0.6597
vn 0.1563 -0.7538 0.6382
vn 0.0913 -0.7520 0.6528
vn 0.0916 -0.7529 0.6518
vn 0.1514 -0.7553 0.6377
vn 0.2148 0.7374 -0.6404
vn 0.2100 0.7372 -0.6423
vn 0.5070 0.6406 -0.5767
vn 0.5123 0.6364 -0.5766
vn 0.8292 0.3930 -0.3975
vn 0.8357 0.3839 -0.3927
vn 0.4836 -0.7276 0.4866
vn 0.4807 -0.7283 0.4885
vn 0.9969 -0.0472 -0.0625
vn 0.8828 -0.4166 0.2173
vn 0.8936 -0.3995 0.2049
vn 0.9971 -0.0437 -0.0620
vn -0.0241 0.7503 -0.6607
vn -0.0215 0.7505 -0.6606
vn 0.0019 0.7556 -0.6551
vn 0.0020 0.7559 -0.6547
vn 0.0186 0.7558 -0.6545
vn 0.0189 0.7567 -0.6534
vn 0.0356 0.7889 -0.6134
vn 0.0354 0.7900 -0.6121
vn 0.9936 0.0235 -0.1102
vn 0.9939 0.0245 -0.1076
vn 0.0013 -0.0362 0.9993
vn -0.0030 -0.0201 0.9998
vn -0.0014 -0.0781 0.9969
vn 0.0027 -0.1135 0.9935
vn -0.0000 -0.0183 0.9998
vn -0.0001 -0.0757 0.9971
vn 0.0044 -0.0200 0.9998
vn 0.0021 -0.0787 0.9969
vn -0.0002 -0.0407 0.9992
vn -0.0026 -0.1143 0.9934
vn 0.0014 -0.0832 0.9965
vn 0.0047 -0.0901 0.9959
vn -0.0001 -0.0819 0.9966
vn -0.0013 -0.0831 0.9965
vn -0.0047 -0.0896 0.9960
vn 0.0082 0.1985 0.9801
vn 0.0069 0.0181 0.9998
vn 0.0035 0.0287 0.9996
vn 0.0037 0.2149 0.9766
vn -0.0000 0.0288 0.9996
vn 0.0009 0.2171 0.9762
vn -0.0035 0.0288 0.9996
vn -0.0031 0.2195 0.9756
vn -0.0069 0.0187 0.9998
vn -0.0075 0.2085 0.9780
vn 0.0157 0.4471 0.8943
vn 0.0110 0.3869 0.9221
vn 0.0065 0.3936 0.9192
vn 0.0089 0.4483 0.8938
vn 0.0129 0.4447 0.8956
vn 0.0018 0.3937 0.9192
vn -0.0000 0.4435 0.8963
vn -0.0020 0.3918 0.9201
vn 0.0014 0.4460 0.8950
vn 0.0024 0.4109 0.9117
vn 0.0200 0.4975 0.8672
vn -0.2467 -0.9322 0.2646
vn -0.2509 -0.9223 0.2939
vn -0.8678 0.2070 -0.4517
vn -0.8657 0.2062 -0.4561
vn -0.8473 0.2833 -0.4493
vn -0.8799 0.2144 -0.4240
vn 0.0116 0.1007 -0.9949
vn 0.0197 0.0658 -0.9976
vn 0.0232 0.0724 -0.9971
vn 0.0135 0.1208 -0.9926
vn 0.0001 0.0882 -0.9961
vn -0.0000 0.0425 -0.9991
vn 0.0085 0.0459 -0.9989
vn 0.0076 0.0908 -0.9958
vn -0.0077 0.0908 -0.9958
vn -0.0094 0.0463 -0.9989
vn -0.0122 0.1027 -0.9946
vn -0.0306 0.0913 -0.9953
vn 0.0078 0.0862 -0.9962
vn 0.0077 0.0892 -0.9960
vn 0.0053 0.0826 -0.9966
vn 0.0001 0.0819 -0.9966
vn -0.0054 0.0826 -0.9966
vn -0.0078 0.0862 -0.9962
vn 0.0081 -0.2019 -0.9794
vn 0.0075 -0.2163 -0.9763
vn 0.0066 -0.0324 -0.9995
vn 0.0069 -0.0220 -0.9997
vn 0.0042 -0.2156 -0.9765
vn -0.0009 -0.2172 -0.9761
vn -0.0000 -0.0288 -0.9996
vn 0.0038 -0.0296 -0.9996
vn -0.0046 -0.2199 -0.9755
vn -0.0038 -0.0295 -0.9996
vn -0.0079 -0.2233 -0.9747
vn -0.0067 -0.0322 -0.9995
vn 0.0151 -0.5451 -0.8382
vn 0.0058 -0.4410 -0.8975
vn 0.0038 -0.4384 -0.8987
vn 0.0159 -0.5464 -0.8374
vn 0.0014 -0.5177 -0.8555
vn -0.0000 -0.5094 -0.8605
vn -0.0018 -0.4279 -0.9038
vn 0.0010 -0.4282 -0.9037
vn -0.0262 -0.5080 -0.8610
vn -0.0147 -0.4343 -0.9007
vn -0.0167 -0.5775 -0.8162
vn -0.0072 -0.4742 -0.8804
vn -0.0000 -0.9893 0.1456
vn -0.2032 -0.9687 0.1426
vn -0.1983 -0.9697 0.1427
vn -0.5182 -0.8461 0.1246
vn -0.4982 -0.8578 0.1263
vn -0.9054 -0.4201 0.0618
vn -0.9925 0.1206 -0.0177
vn -0.9984 0.0562 -0.0082
vn -0.8595 -0.5057 0.0744
vn -0.9574 0.2857 -0.0420
vn -0.9567 0.2878 -0.0423
vn -0.9799 0.1980 -0.0256
vn -0.9815 0.1893 -0.0279
vn -0.9776 0.1720 0.1213
vn -0.9766 0.1762 0.1229
vn -0.9942 0.1031 0.0293
vn -0.9979 0.0587 -0.0277
vn -0.9977 0.0636 -0.0230
vn -0.9883 0.1361 0.0687
vn 0.9759 0.1609 -0.1471
vn 0.9843 0.0632 -0.1647
vn 0.9816 0.0887 -0.1694
vn 0.9814 0.1490 -0.1208
vn 0.9784 0.1870 -0.0882
vn 0.9784 0.1857 -0.0906
vn 0.9860 0.1648 -0.0243
vn 0.9879 0.1529 -0.0258
vn 0.9612 0.2729 -0.0402
vn 0.9609 0.2740 -0.0403
vn 0.9940 0.1087 -0.0160
vn 0.9989 0.0472 -0.0069
vn 0.9117 -0.4064 0.0598
vn 0.8687 -0.4901 0.0722
vn 0.5260 -0.8414 0.1239
vn 0.5032 -0.8550 0.1258
vn 0.1941 -0.9705 0.1429
vn 0.1900 -0.9713 0.1430
vn -0.1072 0.9501 0.2928
vn -0.0996 0.9514 0.2915
vn -0.0414 0.9546 0.2951
vn -0.0295 0.9538 0.2991
vn 0.0265 -0.0499 -0.9984
vn 0.0169 0.9454 0.3253
vn 0.0415 0.9370 0.3469
vn 0.0847 -0.0449 -0.9954
vn 0.0847 -0.0448 -0.9954
vn 0.0749 0.9197 0.3854
vn 0.1028 0.8986 0.4266
vn 0.1453 -0.0685 -0.9870
vn 0.1287 0.8706 0.4749
vn 0.1522 0.8352 0.5284
vn 0.2074 -0.1239 -0.9704
vn 0.2074 -0.1240 -0.9704
vn 0.1726 0.7900 0.5883
vn 0.1862 0.7469 0.6384
vn 0.2679 -0.2146 -0.9393
vn 0.2679 -0.2146 -0.9392
vn 0.2679 -0.2145 -0.9393
vn 0.1989 0.6731 0.7123
vn 0.2017 0.6426 0.7392
vn 0.3201 -0.3399 -0.8843
vn 0.2008 0.5296 0.8241
vn 0.2012 0.5355 0.8202
vn 0.3531 -0.4898 -0.7971
vn 0.1789 0.3841 0.9058
vn 0.1870 0.4222 0.8870
vn 0.3561 -0.6414 -0.6796
vn 0.3560 -0.6414 -0.6796
vn 0.1410 0.2597 0.9553
vn 0.1580 0.3066 0.9387
vn 0.3265 -0.7688 -0.5499
vn 0.3266 -0.7688 -0.5499
vn 0.0949 0.1652 0.9817
vn 0.1165 0.2039 0.9720
vn 0.2729 -0.8589 -0.4334
vn 0.2729 -0.8589 -0.4333
vn 0.0451 0.1001 0.9940
vn 0.0661 0.1237 0.9901
vn 0.2071 -0.9146 -0.3473
vn -0.0058 0.0619 0.9981
vn 0.0088 0.0704 0.9975
vn 0.1376 -0.9446 -0.2980
vn 0.1376 -0.9445 -0.2981
vn 0.1376 -0.9445 -0.2982
vn -0.0568 0.0473 0.9973
vn -0.0543 0.0475 0.9974
vn 0.0688 -0.9559 -0.2856
vn 0.0688 -0.9558 -0.2857
vn -0.1095 0.0546 0.9925
vn -0.1209 0.0590 0.9909
vn 0.0024 -0.9513 -0.3082
vn 0.0024 -0.9514 -0.3080
vn -0.1664 0.0873 0.9822
vn -0.1874 0.1061 0.9765
vn -0.0600 -0.9299 -0.3630
vn -0.0600 -0.9299 -0.3629
vn -0.2268 0.1527 0.9619
vn -0.2505 0.1883 0.9496
vn -0.1164 -0.8872 -0.4465
vn -0.2865 0.2582 0.9226
vn -0.3046 0.3017 0.9034
vn -0.1628 -0.8179 -0.5519
vn -0.1627 -0.8179 -0.5519
vn -0.3355 0.4053 0.8504
vn -0.3413 0.4318 0.8349
vn -0.1938 -0.7195 -0.6670
vn -0.3563 0.5744 0.7370
vn -0.3560 0.5593 0.7487
vn -0.2051 -0.5969 -0.7756
vn -0.3383 0.7266 0.5980
vn -0.3481 0.6835 0.6416
vn -0.1956 -0.4636 -0.8642
vn -0.2895 0.8346 0.4687
vn -0.3133 0.7943 0.5206
vn -0.1685 -0.3358 -0.9268
vn -0.1684 -0.3358 -0.9268
vn -0.2265 0.8999 0.3728
vn -0.2556 0.8751 0.4109
vn -0.1288 -0.2260 -0.9656
vn -0.1612 0.9353 0.3149
vn -0.1846 0.9252 0.3314
vn -0.0813 -0.1409 -0.9867
vn -0.0813 -0.1408 -0.9867
vn -0.0290 -0.0821 -0.9962
vn -0.0057 -0.0157 0.9999
vn -0.0109 -0.0242 0.9996
vn -0.0304 -0.0221 0.9993
vn -0.0188 0.0139 0.9997
vn -0.0469 -0.0089 0.9989
vn -0.0453 -0.0288 0.9986
vn -0.0788 0.0179 0.9967
vn -0.0944 0.0318 0.9950
vn -0.1164 0.0470 0.9921
vn -0.1308 0.0496 0.9902
vn -0.1522 0.0332 0.9878
vn -0.1654 0.0328 0.9857
vn -0.1859 0.0133 0.9825
vn -0.1986 0.0145 0.9800
vn -0.2199 0.0021 0.9755
vn -0.2334 0.0046 0.9724
vn -0.2666 0.0076 0.9638
vn -0.2674 0.0176 0.9634
vn -0.3232 0.0123 0.9463
vn -0.3093 0.0300 0.9505
vn -0.3722 0.0451 0.9271
vn -0.3807 0.0614 0.9227
vn -0.4667 0.0979 0.8790
vn -0.5133 0.0968 0.8527
vn -0.7111 0.0547 0.7009
vn -0.7681 0.0410 0.6391
vn -0.9517 0.0577 0.3016
vn -0.9659 0.0654 0.2505
vn -0.9728 0.0614 0.2235
vn -0.9697 0.0523 0.2386
vn -0.9152 -0.0260 0.4022
vn -0.9146 -0.0361 0.4027
vn -0.9778 -0.0446 0.2047
vn -0.9875 -0.0431 0.1517
vn -0.9738 -0.0258 -0.2261
vn -0.9580 -0.0344 -0.2848
vn -0.7861 -0.1079 -0.6086
vn -0.7478 -0.1285 -0.6514
vn 0.5104 -0.8599 0.0094
vn 0.2652 -0.9638 0.0293
vn 0.3763 -0.9265 0.0061
vn 0.6570 -0.7537 0.0163
vn 0.9710 -0.0935 0.2199
vn 0.8918 -0.0669 0.4474
vn 0.8961 0.3147 0.3129
vn 0.9258 0.3219 0.1980
vn 0.7745 -0.2040 0.5987
vn 0.8544 0.1896 0.4839
vn 0.6997 -0.2469 0.6704
vn 0.7194 0.1210 0.6840
vn 0.6442 -0.1893 0.7411
vn 0.5733 0.1393 0.8074
vn 0.5453 -0.1651 0.8218
vn 0.4862 0.1229 0.8652
vn 0.4628 -0.1323 0.8765
vn 0.4150 0.1171 0.9022
vn 0.3961 -0.0976 0.9130
vn 0.3554 0.1296 0.9257
vn 0.3398 -0.0599 0.9386
vn 0.2958 0.1904 0.9361
vn 0.2824 -0.0119 0.9592
vn 0.2204 0.3136 0.9236
vn 0.2113 0.0234 0.9771
vn 0.1445 0.3589 0.9221
vn 0.1168 0.0794 0.9900
vn 0.1132 0.3674 0.9231
vn 0.0609 0.1754 0.9826
vn 0.0712 0.3784 0.9229
vn 0.0463 0.3331 0.9417
vn 0.0244 0.4597 0.8878
vn 0.0236 0.4147 0.9096
vn 0.0090 0.5148 0.8573
vn -0.0245 0.4270 0.9039
vn 0.0020 0.5420 0.8404
vn 0.0484 0.4642 0.8844
vn -0.0442 0.3950 0.9176
vn 0.0204 0.5262 0.8501
vn -0.0308 0.5044 0.8629
vn 0.0162 0.0648 -0.9978
vn 0.0285 0.0896 -0.9956
vn 0.0362 0.1141 -0.9928
vn 0.0191 0.1202 -0.9926
vn 0.0540 0.1198 -0.9913
vn 0.0410 0.1114 -0.9929
vn 0.0776 0.0976 -0.9922
vn 0.0935 0.1024 -0.9903
vn 0.1166 0.0692 -0.9908
vn 0.1320 0.0724 -0.9886
vn 0.1528 0.0681 -0.9859
vn 0.1671 0.0723 -0.9833
vn 0.1878 0.0639 -0.9801
vn 0.2021 0.0646 -0.9772
vn 0.2252 0.0434 -0.9734
vn 0.2402 0.0421 -0.9698
vn 0.2666 0.0128 -0.9637
vn 0.2833 0.0107 -0.9590
vn 0.3158 -0.0186 -0.9486
vn 0.3342 -0.0195 -0.9423
vn 0.3722 -0.0480 -0.9269
vn 0.3916 -0.0494 -0.9188
vn 0.4361 -0.0800 -0.8964
vn 0.4566 -0.0815 -0.8859
vn 0.5082 -0.0980 -0.8557
vn 0.5302 -0.0941 -0.8427
vn 0.5969 -0.1056 -0.7954
vn 0.6191 -0.1059 -0.7781
vn 0.6973 -0.1348 -0.7040
vn 0.6964 -0.1349 -0.7049
vn 0.8117 -0.1546 -0.5632
vn 0.7864 -0.1519 -0.5987
vn 0.9215 -0.0968 -0.3761
vn 0.8989 -0.1029 -0.4258
vn 0.9915 -0.0514 -0.1196
vn 0.9859 -0.0568 -0.1575
vn 0.9937 -0.0156 0.1108
vn 0.9708 0.0012 0.2400
vn 0.9763 -0.0047 0.2162
vn 0.9990 -0.0430 -0.0117
vn -0.5520 0.8338 -0.0102
vn -0.6836 0.7296 -0.0168
vn -0.3550 0.9348 -0.0044
vn -0.2439 0.9694 -0.0276
vn -0.9703 0.0969 -0.2217
vn -0.9169 -0.3469 -0.1974
vn -0.8967 -0.3141 -0.3118
vn -0.8911 0.0677 -0.4487
vn -0.8557 -0.1858 -0.4830
vn -0.7738 0.2040 -0.5997
vn -0.7215 -0.1186 -0.6822
vn -0.6991 0.2508 -0.6696
vn -0.5748 -0.1378 -0.8066
vn -0.6425 0.1957 -0.7408
vn -0.4879 -0.1218 -0.8643
vn -0.5443 0.1711 -0.8213
vn -0.4168 -0.1175 -0.9014
vn -0.4624 0.1367 -0.8761
vn -0.3572 -0.1304 -0.9249
vn -0.3960 0.1009 -0.9127
vn -0.2980 -0.1902 -0.9354
vn -0.3399 0.0632 -0.9384
vn -0.2636 -0.3383 -0.9034
vn -0.2464 -0.0184 -0.9690
vn -0.2137 -0.3673 -0.9052
vn -0.1452 -0.0295 -0.9890
vn -0.1431 -0.3470 -0.9269
vn -0.0850 -0.0638 -0.9943
vn -0.0690 -0.3772 -0.9236
vn -0.0596 -0.1780 -0.9822
vn -0.0228 -0.4547 -0.8903
vn -0.0436 -0.3342 -0.9415
vn -0.0094 -0.5042 -0.8635
vn -0.0217 -0.4163 -0.9090
vn 0.0309 -0.5199 -0.8536
vn 0.0012 -0.3953 -0.9186
vn -0.0131 -0.4871 -0.8732
vn 0.0319 -0.4928 -0.8696
vn -0.0108 -0.3610 -0.9325
vn 0.0237 -0.3751 -0.9267
vn -0.0278 -0.0381 0.9989
vn -0.0076 -0.0486 0.9988
vn -0.0322 -0.0308 0.9990
vn -0.0523 -0.0102 0.9986
vn -0.0788 0.0239 0.9966
vn -0.0945 0.0444 0.9945
vn -0.1164 0.0369 0.9925
vn -0.1309 0.0291 0.9910
vn -0.1471 -0.0023 0.9891
vn -0.1590 0.0031 0.9873
vn 0.9789 -0.0149 0.2037
vn 0.8158 -0.5758 0.0541
vn 0.9572 -0.1918 0.2165
vn 0.9276 0.3014 0.2209
vn 0.8931 -0.0000 0.4499
vn 0.8796 0.3547 0.3169
vn 0.8018 -0.2732 0.5315
vn 0.8255 0.1144 0.5526
vn 0.7915 -0.2135 0.5726
vn 0.7207 0.1444 0.6780
vn 0.0132 0.1727 -0.9849
vn 0.0520 0.1548 -0.9866
vn 0.0331 0.1732 -0.9843
vn -0.0101 0.1730 -0.9849
vn 0.0863 0.0832 -0.9928
vn 0.0860 0.0893 -0.9923
vn 0.1160 0.0798 -0.9900
vn 0.1313 0.0941 -0.9869
vn 0.1473 0.1187 -0.9819
vn 0.1591 0.1227 -0.9796
vn -0.9788 -0.0324 -0.2022
vn -0.9215 -0.3199 -0.2204
vn -0.9681 0.1212 -0.2194
vn -0.8753 0.4799 -0.0594
vn -0.8802 -0.3542 -0.3160
vn -0.8924 0.0012 -0.4512
vn -0.8271 -0.1140 -0.5503
vn -0.8011 0.2763 -0.5309
vn -0.7209 -0.1441 -0.6778
vn -0.7908 0.2172 -0.5723
vn 0.0001 0.9995 -0.0312
vn 0.0001 0.9995 -0.0311
vn -0.0000 0.9995 -0.0312
vn -0.0000 0.9995 -0.0313
vn -0.9989 0.0479 0.0010
vn -0.9976 -0.0655 -0.0236
vn 0.0010 0.0705 -0.9975
vn 0.0051 0.0444 -0.9990
vn 0.9969 -0.0754 0.0210
vn 0.9752 -0.2213 -0.0044
vn -0.0007 -0.0181 0.9998
vn -0.0053 -0.0265 0.9996
vn -0.3428 -0.9387 -0.0360
vn -0.4990 -0.8656 -0.0405
vn -0.4300 -0.9024 -0.0271
vn -0.3478 -0.9369 -0.0350
vn 0.0047 0.0109 -0.9999
vn 0.0019 0.0566 -0.9984
vn 0.3167 0.9479 0.0354
vn 0.3262 0.9447 0.0335
vn 0.4830 0.8752 0.0268
vn 0.5466 0.8363 0.0420
vn -0.0047 -0.0320 0.9995
vn -0.0023 -0.0182 0.9998
vn -0.6654 -0.7465 -0.0082
vn -0.6367 -0.7710 -0.0097
vn 0.0013 0.0101 -0.9999
vn 0.0009 0.0145 -0.9999
vn 0.7372 0.6757 0.0079
vn 0.7867 0.6174 0.0055
vn -0.0008 -0.0149 0.9999
vn -0.0013 -0.0099 0.9999
vn -0.9338 -0.3566 -0.0302
vn -0.8290 0.5592 -0.0052
vn -0.7724 0.6352 -0.0013
vn -0.9323 -0.3615 -0.0097
vn 0.0038 0.0005 -1.0000
vn 0.0027 0.0071 -1.0000
vn 0.0029 0.0075 -1.0000
vn 0.0010 -0.0107 -0.9999
vn 0.9884 0.1493 0.0293
vn 0.9836 0.1803 0.0070
vn 0.6546 -0.7560 -0.0018
vn 0.6897 -0.7241 0.0012
vn -0.0025 -0.0109 0.9999
vn -0.0010 -0.0100 0.9999
vn -0.0030 -0.0075 1.0000
vn -0.0027 -0.0072 1.0000
vn 0.0002 0.0028 -1.0000
vn 0.0023 -0.0008 -1.0000
vn 0.0025 0.0016 -1.0000
vn 0.0018 0.0031 -1.0000
vn -0.0199 0.9998 0.0084
vn -0.0238 0.9997 0.0066
vn -0.0141 0.9998 0.0112
vn -0.0104 0.9999 0.0129
vn -0.0002 -0.0028 1.0000
vn -0.0017 -0.0032 1.0000
vn -0.0025 -0.0016 1.0000
vn -0.0022 0.0009 1.0000
vn -0.2311 -0.9729 -0.0103
vn 0.1987 -0.9801 -0.0057
vn 0.1852 -0.9827 -0.0051
vn -0.2120 -0.9772 -0.0096
vn -0.0000 -0.0000 -1.0000
vn 0.3188 0.9478 -0.0000
vn 1.0000 -0.0000 -0.0000
vn -0.3188 0.9478 -0.0000
vn -1.0000 -0.0000 -0.0000
vn -0.3188 -0.9478 -0.0000
vn 0.3188 -0.9478 -0.0000
vn -0.0000 -0.0000 1.0000
vn -0.0000 -0.6272 0.7788
vn -0.0000 -0.0931 0.9957
vn -0.0000 0.1791 0.9838
vn -0.0000 0.2986 0.9544
vn -0.0000 -0.9746 0.2240
vn -0.0000 -0.9749 0.2227
vn -0.0000 -1.0000 0.0001
vn -0.0000 -1.0000 -0.0001
vn -0.0000 0.6199 -0.7847
vn -0.0000 0.0645 -0.9979
vn -0.0000 -0.1806 -0.9836
vn -0.0000 -0.3000 -0.9539
vn -0.0000 1.0000 -0.0001
vn -0.0000 0.9795 -0.2014
vn -0.0000 0.9792 -0.2028
vn -0.0000 1.0000 0.0001
vn -0.9967 0.0801 0.0100
vn -0.9963 0.0863 0.0058
vn 0.9967 0.0801 0.0100
vn 0.9963 0.0863 0.0058
vn -0.9860 0.1613 -0.0427
vn -0.9853 0.1640 -0.0474
vn 0.9860 0.1613 -0.0427
vn 0.9853 0.1640 -0.0474
vn -0.0000 0.9051 -0.4251
vn -0.9878 0.1410 -0.0662
vn -0.9878 0.1421 -0.0641
vn 0.9878 0.1421 -0.0642
vn 0.9878 0.1410 -0.0662
vn -1.0000 -0.0000 0.0096
vn -1.0000 0.0008 0.0048
vn -1.0000 0.0005 0.0045
vn -1.0000 -0.0000 0.0098
vn 1.0000 -0.0000 -0.0096
vn 1.0000 -0.0000 -0.0098
vn 1.0000 -0.0005 -0.0045
vn 1.0000 -0.0007 -0.0048
vn -0.5213 0.8533 0.0017
vn -0.4735 0.8808 -0.0030
vn 0.4894 0.8721 0.0046
vn 0.5369 0.8436 0.0096
vn 0.9802 0.0720 0.1843
vn 0.9310 -0.3564 0.0792
vn -0.9738 -0.1299 -0.1869
vn -0.9261 0.3690 -0.0789
vn -0.0134 0.1212 -0.9925
vn -0.0471 0.1023 -0.9936
vn -0.0077 0.0888 -0.9960
vn -0.0081 -0.2109 -0.9775
vn -0.0069 -0.0223 -0.9997
vn -0.0337 -0.5909 -0.8061
vn -0.0074 -0.4670 -0.8842
vn -0.0140 -0.5904 -0.8070
vn 0.0081 0.0450 -0.9990
vn -0.0000 0.0424 -0.9991
vn -0.0093 0.0450 -0.9989
vn -0.8627 -0.5055 -0.0147
vn -0.8667 -0.4989 -0.0032
vn -0.8619 -0.4918 0.1235
vn -0.8642 -0.4871 0.1261
vn -0.0063 0.1007 -0.9949
vn -0.0063 0.1008 -0.9949
vn -0.0094 0.0993 -0.9950
vn -0.0090 0.0992 -0.9950
vn -0.0123 0.0996 -0.9950
vn -0.0123 0.0997 -0.9949
vn -0.0734 0.9971 -0.0181
vn -0.0972 0.9952 0.0081
vn -0.1257 0.9918 0.0248
vn 0.9331 0.3563 -0.0482
vn 0.9376 0.3449 -0.0447
vn 0.9154 0.4012 -0.0318
vn 0.9083 0.4124 -0.0706
vn -0.0150 0.9467 0.3218
vn 0.0546 0.9500 0.3075
vn 0.1009 0.9070 0.4089
vn 0.1188 0.9929 -0.0000
vn 0.0774 0.9970 -0.0000
vn -0.1205 0.9927 -0.0000
vn -0.0799 0.9968 -0.0000
vn -0.1056 0.9789 0.1750
vn -0.0731 0.9927 0.0955
vn -0.0413 0.9777 0.2058
vn -0.0152 0.9778 0.2090
vn 0.0570 0.9779 0.2012
vn 0.1210 0.9662 0.2278
vn 0.1162 0.8563 0.5032
vn 0.9773 0.2117 -0.0000
vn 0.9737 0.2277 -0.0000
vn -0.8904 0.4552 -0.0000
vn -0.8920 0.4519 -0.0000
vn -0.1215 0.3368 0.9337
vn -0.0906 0.1704 0.9812
vn -0.1901 0.9326 -0.3068
vn -0.1540 0.9386 -0.3088
vn -0.1588 0.9378 -0.3086
vn -0.0775 -0.4976 0.8639
vn -0.0793 -0.5120 0.8553
vn 0.0929 0.6455 0.7581
vn 0.0235 0.6254 0.7800
vn -0.0735 0.9474 -0.3116
vn -0.0809 0.9468 -0.3115
vn 0.5062 0.8257 -0.2487
vn 0.6431 0.7468 -0.1694
vn 0.6442 0.7427 -0.1828
vn 0.4710 0.8421 -0.2625
vn -0.1501 0.3915 0.9079
vn -0.1290 0.3948 0.9097
vn 0.3213 0.9008 -0.2920
vn 0.3065 0.9041 -0.2980
vn 0.1233 0.6368 0.7611
vn -0.0532 0.6025 0.7964
vn -0.0952 0.6021 0.7927
vn 0.9604 0.2616 -0.0961
vn 0.9592 0.2716 -0.0788
vn -0.1104 0.9409 0.3202
vn -0.0631 0.6339 0.7708
vn -0.0353 0.6192 0.7845
vn -0.0228 0.6105 0.7917
vn 0.0147 -0.7059 0.7082
vn 0.0142 -0.7039 0.7102
vn -0.1348 0.4074 0.9033
vn -0.0000 -0.6272 -0.7788
vn -0.0000 -0.0931 -0.9957
vn -0.0000 0.1791 -0.9838
vn -0.0000 0.2986 -0.9544
vn -0.0000 -0.9749 -0.2227
vn -0.0000 -0.9746 -0.2240
vn -0.0000 0.6199 0.7847
vn -0.0000 0.0645 0.9979
vn -0.0000 -0.1806 0.9836
vn -0.0000 -0.3000 0.9539
vn -0.0000 0.9795 0.2014
vn -0.0000 0.9792 0.2028
vn 0.9967 0.0801 -0.0100
vn 0.9963 0.0863 -0.0058
vn -0.9967 0.0801 -0.0100
vn -0.9963 0.0863 -0.0058
vn 0.9863 0.1599 0.0409
vn 0.9856 0.1620 0.0481
vn -0.9863 0.1599 0.0409
vn -0.9856 0.1620 0.0481
vn -0.0000 0.9051 0.4251
vn 0.9873 0.1450 0.0652
vn 0.9872 0.1446 0.0679
vn -0.9873 0.1450 0.0652
vn -0.9872 0.1446 0.0679
vn 1.0000 0.0008 -0.0048
vn 1.0000 0.0005 -0.0045
vn -1.0000 -0.0005 0.0045
vn -1.0000 -0.0008 0.0048
vn 0.2681 -0.3278 0.9059
vn 0.3140 -0.6952 0.6466
vn 0.2208 -0.9630 -0.1548
vn 0.0390 0.5405 0.8404
vn -0.0650 0.6638 0.7450
vn 0.0416 0.4679 0.8828
vn -0.1517 0.7728 0.6162
vn 0.9656 -0.0693 0.2506
vn 0.9670 -0.0875 0.2391
vn -0.0395 -0.3809 0.9238
vn -0.0315 -0.3938 0.9186
vn -0.0345 -0.2207 0.9747
vn -0.0363 -0.2408 0.9699
vn -0.0205 -0.5506 0.8345
vn -0.0073 -0.5732 0.8194
vn 0.0041 -0.6829 0.7305
vn -0.0011 -0.6837 0.7297
vn 0.0104 -0.8332 0.5529
vn 0.0164 -0.8253 0.5645
vn 0.0224 -0.9332 0.3587
vn 0.0263 -0.9326 0.3600
vn -0.0180 -0.1005 0.9948
vn -0.0082 0.0128 0.9999
vn -0.0139 -0.0079 0.9999
vn -0.0295 -0.1306 0.9910
vn -0.0028 0.7105 0.7037
vn 0.0029 0.6573 0.7536
vn -0.0103 0.6371 0.7708
vn 0.0142 0.6531 0.7571
vn -0.0032 0.7003 0.7138
vn 0.0054 0.7106 0.7035
vn -0.0001 0.4890 0.8723
vn -0.0052 0.2909 0.9568
vn -0.0045 0.3116 0.9502
vn -0.0013 0.5042 0.8636
vn -0.0084 0.1429 0.9897
vn -0.0071 0.1297 0.9915
vn -0.9663 0.1385 -0.2171
vn -0.9765 0.1302 -0.1720
vn -0.9753 0.1371 -0.1730
vn -0.9664 0.1359 -0.2183
vn -0.9900 0.1410 0.0110
vn -0.9879 0.1547 0.0136
vn -0.9723 0.1308 0.1935
vn -0.9711 0.1403 0.1931
vn -0.9505 0.0597 0.3049
vn -0.9524 0.0641 0.2982
vn -0.9688 -0.0603 0.2405
vn -0.9717 -0.0627 0.2277
vn -0.9902 -0.1398 -0.0000
vn -0.9898 -0.1427 -0.0000
vn -0.9801 0.1335 -0.1469
vn -0.9803 0.1343 -0.1445
vn -0.9823 0.1116 -0.1506
vn -0.9821 0.1102 -0.1525
vn -0.9698 0.1842 -0.1601
vn -0.9610 0.2250 -0.1609
vn -0.9611 0.2235 -0.1624
vn -0.9710 0.1802 -0.1573
vn -0.9673 0.2094 -0.1433
vn -0.9701 0.1846 -0.1573
vn -0.9702 0.1850 -0.1561
vn -0.9659 0.2142 -0.1453
vn -0.9678 0.1695 -0.1862
vn -0.9681 0.1689 -0.1850
vn 0.9749 -0.1222 0.1863
vn 0.9684 -0.0733 0.2383
vn 0.9683 -0.0736 0.2386
vn 0.9757 -0.1281 0.1775
vn 0.9770 -0.0778 0.1987
vn 0.9765 -0.0772 0.2011
vn 0.9851 -0.0868 0.1483
vn 0.9847 -0.0869 0.1508
vn 0.9896 -0.1007 0.1032
vn 0.9887 -0.1055 0.1060
vn 0.9877 -0.1172 0.1037
vn 0.9879 -0.1158 0.1030
vn 0.9927 -0.0843 0.0858
vn 0.9968 -0.0484 0.0640
vn 0.9968 -0.0483 0.0630
vn 0.9934 -0.0801 0.0826
vn 0.9887 0.0931 -0.1172
vn 0.9873 -0.0013 -0.1589
vn 0.9872 0.0046 -0.1597
vn 0.9888 0.0982 -0.1127
vn 0.9923 -0.0755 -0.0978
vn 0.9919 -0.0722 -0.1048
vn 0.9913 -0.1285 0.0277
vn 0.9917 -0.1274 0.0183
vn -0.0483 0.3026 0.9519
vn 0.0452 -0.3734 0.9266
vn 0.1172 -0.2624 0.9578
vn 0.0416 -0.1379 0.9896
vn 0.0465 0.3123 0.9488
vn 0.0348 -0.3066 0.9512
vn 0.1874 0.0587 0.9805
vn 0.1676 0.2477 0.9542
vn -0.0881 0.2686 0.9592
vn -0.0205 0.0350 0.9992
vn 0.0251 0.3261 0.9450
vn -0.0417 0.2858 0.9574
vn -0.0562 0.3521 0.9343
vn 0.0157 0.3987 0.9169
vn -0.0384 0.3306 0.9430
vn 0.1123 0.3248 0.9391
vn 0.0714 0.3801 0.9222
vn -0.1452 0.3622 0.9207
vn -0.0747 0.4087 0.9096
vn -0.0004 0.4750 0.8800
vn -0.2115 0.4307 0.8774
vn -0.1684 0.4142 0.8945
vn 0.0029 0.4277 0.9039
vn -0.0650 0.4370 0.8971
vn -0.0356 0.5685 0.8219
vn -0.1008 0.4886 0.8667
vn -0.1157 0.5388 0.8345
vn -0.0564 0.6100 0.7904
vn -0.0391 0.2152 0.9758
vn -0.0723 0.1572 0.9849
vn -0.0791 0.2159 0.9732
vn -0.0034 -0.1055 -0.9944
vn 0.0099 -0.1122 -0.9936
vn 0.0375 -0.0243 -0.9990
vn -0.0444 -0.1983 -0.9791
vn -0.0556 -0.1914 -0.9799
vn 0.0546 -0.0539 -0.9971
vn 0.0248 -0.1650 -0.9860
vn 0.0682 -0.0942 -0.9932
vn -0.0304 -0.2365 -0.9712
vn 0.0728 -0.2815 -0.9568
vn 0.1025 -0.2013 -0.9742
vn 0.0877 -0.1481 -0.9851
vn 0.0489 -0.2173 -0.9749
vn 0.0045 -0.3675 -0.9300
vn -0.0214 -0.2876 -0.9575
vn 0.1019 -0.3905 -0.9149
vn 0.1373 -0.2920 -0.9465
vn 0.0346 -0.4721 -0.8809
vn 0.4086 -0.9109 0.0581
vn 0.3842 -0.8406 0.3817
vn 0.1411 -0.8887 0.4362
vn 0.1540 -0.9677 0.1996
vn 0.0018 -0.8789 0.4769
vn -0.0091 -0.9670 0.2548
vn 0.7809 -0.5910 -0.2025
vn 0.8728 -0.1654 -0.4592
vn 0.9860 -0.0741 -0.1493
vn 0.8761 -0.4703 0.1063
vn 0.7950 -0.1131 -0.5959
vn 0.9562 0.0080 -0.2925
vn 0.9672 0.0210 -0.2532
vn 0.8268 -0.0877 -0.5556
vn 0.7735 -0.1706 -0.6104
vn 0.9440 -0.0396 -0.3275
vn 0.3097 -0.7603 0.5710
vn 0.3028 -0.7627 0.5715
vn 0.1132 -0.8226 0.5573
vn 0.1323 -0.8151 0.5639
vn 0.0120 -0.8134 0.5816
vn 0.0241 -0.8112 0.5842
vn 0.6764 -0.4869 0.5527
vn 0.9265 -0.0313 0.3750
vn 0.9409 0.0331 0.3371
vn 0.7468 -0.4053 0.5273
vn 0.9474 0.2125 0.2393
vn 0.9470 0.2130 0.2406
vn 0.9495 0.1812 0.2561
vn 0.9505 0.1584 0.2674
vn 0.9474 0.2162 0.2361
vn 0.9483 0.2176 0.2309
vn 0.1411 -0.4510 0.8813
vn 0.0761 -0.5150 0.8538
vn 0.0998 -0.6291 0.7709
vn 0.2116 -0.5481 0.8092
vn 0.0367 -0.4633 0.8855
vn 0.0306 -0.5971 0.8016
vn 0.4844 0.0883 0.8704
vn 0.2693 0.1122 0.9565
vn 0.2237 -0.1948 0.9550
vn 0.4070 -0.2476 0.8792
vn 0.1866 0.2761 0.9428
vn 0.2369 0.2186 0.9466
vn 0.4612 0.2211 0.8593
vn 0.4216 0.2806 0.8623
vn 0.3761 0.3451 0.8599
vn 0.1196 0.3452 0.9309
vn 0.3101 -0.9419 -0.1292
vn 0.1101 -0.9939 0.0006
vn -0.0158 -0.9994 0.0303
vn 0.5814 -0.6643 -0.4697
vn 0.6156 -0.2076 -0.7602
vn 0.5260 -0.2243 -0.8204
vn 0.5637 -0.1791 -0.8063
vn 0.4986 -0.2882 -0.8175
vn 0.1389 -0.7095 0.6909
vn 0.2792 -0.6286 0.7259
vn 0.0373 -0.7047 0.7086
vn 0.6515 0.0320 0.7580
vn 0.5075 -0.3193 0.8003
vn 0.6570 0.1987 0.7272
vn 0.6337 0.2678 0.7258
vn 0.6057 0.3188 0.7290
vn -0.0322 0.1834 0.9825
vn 0.0383 0.2492 0.9677
vn 0.0435 0.2097 0.9768
vn -0.0846 0.2653 0.9605
vn -0.0950 0.3199 0.9427
vn -0.1046 0.3640 0.9255
vn -0.1215 0.4269 0.8961
vn -0.1408 0.4711 0.8708
vn -0.4684 0.6176 0.6318
vn -0.2089 0.8076 0.5515
vn -0.3764 0.7010 0.6057
vn -0.4121 0.7364 0.5366
vn -0.1333 0.8781 0.4595
vn -0.3328 0.8182 0.4688
vn 0.0418 0.8359 0.5473
vn -0.3671 0.2682 0.8907
vn -0.4097 0.2565 0.8754
vn -0.3596 0.2628 0.8953
vn -0.3429 0.3242 0.8816
vn -0.3657 0.2753 0.8891
vn -0.3348 0.3805 0.8620
vn -0.3433 0.4117 0.8442
vn 0.1276 0.3663 0.9217
vn 0.0298 -0.0205 0.9993
vn -0.0592 -0.1415 0.9882
vn 0.0172 -0.3013 0.9534
vn -0.1274 0.1896 0.9736
vn 0.0923 0.1750 0.9802
vn 0.1351 0.4101 0.9020
vn -0.1244 0.3775 0.9176
vn 0.0888 0.4476 0.8898
vn 0.0984 0.3736 0.9224
vn 0.0684 0.5052 0.8603
vn 0.1364 0.5862 0.7986
vn -0.0900 0.5908 0.8017
vn -0.0969 0.4882 0.8673
vn 0.0671 0.5346 0.8424
vn -0.0843 0.6806 0.7278
vn 0.1137 0.6789 0.7253
vn 0.1002 0.7155 0.6913
vn -0.0844 0.7254 0.6831
vn 0.0249 0.6648 0.7466
vn 0.0416 0.6325 0.7734
vn 0.1063 0.2967 0.9490
vn 0.1321 0.3440 0.9297
vn 0.1368 0.2681 0.9536
vn -0.0885 -0.2071 -0.9743
vn -0.1234 -0.1809 -0.9757
vn -0.0971 -0.2282 -0.9687
vn -0.1262 -0.2498 -0.9600
vn -0.1221 -0.3114 -0.9424
vn -0.0948 -0.2787 -0.9557
vn -0.0665 -0.4338 -0.8985
vn -0.0861 -0.3409 -0.9361
vn -0.1116 -0.3860 -0.9157
vn -0.1022 -0.4769 -0.8730
vn -0.0882 -0.5693 -0.8174
vn -0.0443 -0.5316 -0.8458
vn -0.4073 -0.8932 0.1904
vn -0.1681 -0.9490 0.2669
vn -0.1374 -0.8568 0.4970
vn -0.3624 -0.7909 0.4930
vn -0.9830 -0.1837 0.0010
vn -0.8915 -0.3229 -0.3177
vn -0.7639 -0.6443 -0.0366
vn -0.8250 -0.4910 0.2797
vn -0.8322 -0.3001 -0.4662
vn -0.8602 -0.2628 -0.4370
vn -0.9839 -0.1021 -0.1466
vn -0.9738 -0.1146 -0.1964
vn -0.9659 -0.1483 -0.2121
vn -0.8038 -0.3706 -0.4654
vn -0.2711 -0.7301 0.6272
vn -0.0905 -0.7948 0.6001
vn -0.0978 -0.7907 0.6044
vn -0.2792 -0.7184 0.6371
vn -0.9172 -0.0091 0.3983
vn -0.8969 -0.0561 0.4387
vn -0.6358 -0.4527 0.6252
vn -0.6955 -0.3885 0.6044
vn -0.9545 0.1854 0.2338
vn -0.9464 0.1207 0.2996
vn -0.9495 0.1389 0.2814
vn -0.9546 0.1905 0.2291
vn -0.9536 0.2232 0.2022
vn -0.9536 0.2188 0.2066
vn -0.0769 -0.3865 0.9191
vn -0.1661 -0.4983 0.8510
vn -0.0436 -0.5935 0.8036
vn -0.0050 -0.4644 0.8856
vn -0.1694 -0.0942 0.9810
vn -0.2346 0.2604 0.9366
vn -0.4704 0.2005 0.8593
vn -0.3653 -0.1633 0.9165
vn -0.2285 0.5036 0.8332
vn -0.4668 0.4631 0.7534
vn -0.4723 0.3622 0.8036
vn -0.2315 0.4031 0.8854
vn -0.2225 0.6015 0.7673
vn -0.4614 0.5531 0.6936
vn -0.3339 -0.9425 -0.0112
vn -0.1402 -0.9878 0.0680
vn -0.6534 -0.3944 -0.6462
vn -0.5913 -0.7490 -0.2990
vn -0.5644 -0.4527 -0.6903
vn -0.6061 -0.3834 -0.6969
vn -0.5048 -0.5518 -0.6639
vn -0.2339 -0.6158 0.7524
vn -0.0762 -0.7025 0.7076
vn -0.6501 0.1055 0.7525
vn -0.4888 -0.2653 0.8311
vn -0.6792 0.3878 0.6231
vn -0.6722 0.2856 0.6830
vn -0.6760 0.4644 0.5721
vn 0.1057 0.2558 0.9609
vn 0.1131 0.4832 0.8682
vn 0.1253 0.4067 0.9049
vn 0.0936 0.5695 0.8166
vn 0.0426 0.6885 0.7239
vn 0.0750 0.6660 0.7421
vn 0.0755 0.6876 0.7222
vn 0.4911 0.7104 0.5041
vn 0.4464 0.7949 0.4110
vn 0.4193 0.7710 0.4792
vn 0.2809 0.8570 0.4319
vn 0.2036 0.8988 0.3883
vn 0.3626 0.8582 0.3635
vn 0.4024 0.4495 0.7975
vn 0.3933 0.4354 0.8098
vn 0.4475 0.4206 0.7892
vn 0.4020 0.4630 0.7900
vn 0.3686 0.5387 0.7576
vn 0.3115 0.6433 0.6994
vn 0.2539 0.6853 0.6826
vn 0.1246 0.4448 0.8869
vn 0.0885 0.4335 0.8968
vn 0.0866 0.4809 0.8725
vn 0.0205 0.4333 0.9010
vn 0.0262 0.3886 0.9210
vn 0.0726 0.5658 0.8213
vn 0.1032 0.6079 0.7873
vn 0.1180 0.5293 0.8402
vn 0.0055 0.5129 0.8585
vn 0.0487 0.6228 0.7809
vn 0.0776 0.6719 0.7366
vn -0.0238 0.5583 0.8293
vn 0.0049 0.9975 0.0699
vn 0.0151 0.9999 0.0005
vn 0.0530 0.8068 0.5885
vn 0.0249 0.7668 0.6414
vn -0.0252 0.9927 0.1179
vn -0.0450 0.7160 0.6966
vn -0.0948 0.3247 0.9410
vn -0.0610 0.3907 0.9185
vn -0.0516 0.3611 0.9311
vn -0.0783 0.4530 0.8881
vn -0.1084 0.3664 0.9241
vn -0.1251 0.3976 0.9090
vn -0.1056 0.4772 0.8724
vn -0.1423 0.3975 0.9065
vn -0.1548 0.5523 0.8191
vn -0.0871 0.9667 0.2408
vn -0.0586 0.9838 0.1694
vn -0.1182 0.6487 0.7519
vn -0.0508 0.4489 -0.8921
vn -0.0309 0.7503 -0.6604
vn -0.0123 0.7846 -0.6199
vn -0.0206 0.4695 -0.8827
vn 0.0167 0.7963 -0.6047
vn 0.0362 0.4885 -0.8718
vn 0.0925 0.5319 -0.8417
vn 0.0480 0.8157 -0.5765
vn 0.0617 0.8297 -0.5548
vn 0.1160 0.5826 -0.8044
vn -0.0621 0.0806 -0.9948
vn -0.0597 0.1971 -0.9786
vn -0.0238 0.2304 -0.9728
vn -0.0279 0.0962 -0.9950
vn 0.0442 0.2634 -0.9637
vn 0.0478 0.1390 -0.9891
vn 0.1202 0.2164 -0.9689
vn 0.1098 0.3281 -0.9382
vn 0.1373 0.4043 -0.9043
vn 0.1434 0.3177 -0.9373
vn -0.2979 -0.6418 0.7066
vn -0.1118 -0.7452 0.6574
vn -0.1030 -0.7455 0.6585
vn -0.2922 -0.6410 0.7098
vn 0.0033 -0.7960 0.6053
vn 0.0060 -0.7953 0.6061
vn -0.9412 0.0652 0.3315
vn -0.6841 -0.3364 0.6472
vn -0.7191 -0.2994 0.6271
vn -0.9490 0.0953 0.3005
vn -0.9587 0.2179 0.1829
vn -0.9583 0.2216 0.1805
vn -0.9497 0.2638 0.1688
vn -0.9518 0.2524 0.1741
vn -0.9514 0.2540 0.1744
vn -0.9495 0.2647 0.1684
vn 0.1170 -0.8057 0.5807
vn 0.3103 -0.7479 0.5868
vn 0.3167 -0.7471 0.5844
vn 0.1187 -0.8054 0.5807
vn 0.7259 -0.4252 0.5406
vn 0.9440 0.0688 0.3228
vn 0.9513 0.1088 0.2883
vn 0.7726 -0.3753 0.5121
vn 0.9480 0.2124 0.2371
vn 0.9481 0.2111 0.2377
vn 0.9504 0.2092 0.2301
vn 0.9519 0.2136 0.2199
vn 0.9517 0.2129 0.2214
vn 0.9503 0.2103 0.2297
vn -0.9477 0.2694 0.1713
vn -0.9488 0.2674 0.1681
vn -0.9489 0.2674 0.1677
vn -0.9477 0.2696 0.1711
vn 0.9517 0.2191 0.2150
vn 0.9509 0.2297 0.2075
vn 0.9511 0.2289 0.2076
vn 0.9518 0.2181 0.2157
vn 0.0174 -0.6769 0.7358
vn 0.0390 -0.6734 0.7382
vn 0.0390 -0.6736 0.7380
vn 0.0217 -0.6777 0.7350
vn -0.9463 0.2725 0.1740
vn -0.9467 0.2696 0.1766
vn -0.0201 -0.6843 0.7289
vn -0.0179 -0.6848 0.7285
vn -0.0746 -0.7413 0.6670
vn -0.0592 -0.7075 0.7043
vn -0.0596 -0.7082 0.7035
vn -0.0744 -0.7420 0.6663
vn 0.9491 0.2353 0.2092
vn 0.9496 0.2361 0.2064
vn 0.9500 0.2324 0.2087
vn 0.9489 0.2332 0.2126
vn -0.9459 0.2724 0.1761
vn -0.9458 0.2712 0.1788
vn 0.1199 -0.4216 -0.8988
vn 0.1766 -0.3100 -0.9342
vn 0.0450 -0.5143 -0.8564
vn 0.7661 -0.2121 -0.6068
vn 0.9251 -0.0896 -0.3689
vn 0.9533 0.2117 0.2156
vn 0.9547 0.2085 0.2123
vn 0.2680 0.3868 0.8824
vn 0.0539 0.3808 0.9231
vn 0.4891 -0.3285 -0.8080
vn 0.5786 0.3606 0.7316
vn -0.0736 -0.6199 -0.7812
vn -0.0295 -0.5798 -0.8142
vn -0.9553 -0.1819 -0.2328
vn -0.7655 -0.4285 -0.4800
vn -0.9521 0.2375 0.1924
vn -0.9516 0.2382 0.1942
vn -0.2125 0.6436 0.7352
vn -0.4270 0.6044 0.6725
vn -0.4419 -0.6116 -0.6562
vn -0.6685 0.5093 0.5420
vn -0.4172 0.5137 0.7497
vn 0.4403 0.6176 0.6516
vn -0.0036 0.2893 0.9572
vn 0.0190 0.1899 0.9816
vn 0.0237 0.2674 0.9633
vn 0.0188 0.1647 0.9862
vn 0.0019 0.2540 0.9672
vn 0.0324 0.3799 0.9245
vn 0.0211 0.3886 0.9212
vn 0.0055 0.4145 0.9100
vn 0.0540 0.2772 0.9593
vn 0.0385 0.4497 0.8923
vn 0.0185 0.4713 0.8818
vn 0.0240 0.2851 0.9582
vn 0.0588 0.2014 0.9777
vn 0.0230 0.1946 0.9806
vn 0.0873 0.2015 0.9756
vn 0.0768 0.2587 0.9629
vn 0.0481 0.3999 0.9153
vn 0.0406 0.4945 0.8682
vn 0.0445 0.5063 0.8612
vn 0.0764 0.6154 0.7845
vn 0.0631 0.6270 0.7764
vn -0.0131 0.4385 0.8986
vn 0.0282 0.5802 0.8140
vn 0.0718 0.6829 0.7270
vn 0.0128 0.6153 0.7882
vn 0.0077 0.5535 0.8328
vn -0.0173 0.7239 0.6896
vn -0.0349 0.6645 0.7465
vn -0.0046 0.7545 0.6563
vn 0.0077 0.6417 0.7669
vn -0.0330 0.4537 0.8905
vn -0.0886 0.5661 0.8195
vn 0.0320 0.3227 0.9460
vn -0.0586 0.1924 0.9796
vn -0.0936 0.3141 0.9448
vn -0.1180 0.4957 0.8605
vn 0.1288 0.9136 0.3857
vn 0.0872 0.7815 0.6178
vn 0.1142 0.7571 0.6432
vn 0.1293 0.9178 0.3753
vn 0.1174 0.7507 0.6501
vn 0.1241 0.9062 0.4042
vn 0.1283 0.9917 -0.0000
vn 0.1323 0.9912 -0.0000
vn -0.0120 0.9401 0.3406
vn 0.0353 0.9404 0.3382
vn 0.0165 0.8561 0.5166
vn -0.0078 0.8551 0.5185
vn -0.0371 0.9362 0.3494
vn -0.0215 0.8412 0.5404
vn -0.1251 0.7075 0.6956
vn -0.1366 0.9152 0.3792
vn -0.1166 0.9163 0.3832
vn -0.0853 0.7680 0.6347
vn -0.1461 0.7135 0.6853
vn -0.1343 0.9337 0.3320
vn 0.0013 0.6547 0.7559
vn -0.0037 0.7732 0.6341
vn 0.0193 0.7626 0.6466
vn 0.0051 0.6591 0.7521
vn 0.0028 0.4783 0.8782
vn -0.0050 0.4872 0.8733
vn -0.0485 0.8165 0.5753
vn 0.0121 0.6284 0.7778
vn -0.0135 0.4680 0.8836
vn 0.0305 0.7679 0.6399
vn 0.0670 0.8222 0.5652
vn -0.0298 0.2725 0.9617
vn -0.0311 0.1963 0.9801
vn -0.0249 0.2646 0.9640
vn -0.0276 0.1740 0.9844
vn -0.0212 0.1500 0.9885
vn -0.0155 0.2629 0.9647
vn 0.0675 0.2060 0.9762
vn 0.0816 0.1710 0.9819
vn 0.0305 0.1191 0.9924
vn -0.0226 0.1234 0.9921
vn -0.0006 0.2739 0.9618
vn -0.0073 0.1668 0.9860
vn 0.0024 0.5336 0.8457
vn 0.0166 0.6375 0.7703
vn 0.0599 0.7486 0.6603
vn -0.0710 0.9290 0.3633
vn -0.1188 0.9929 -0.0000
vn -0.0770 0.9970 -0.0000
vn 0.1160 0.9001 0.4201
vn -0.1408 0.7585 0.6362
vn -0.1216 0.9550 0.2706
vn -0.1195 0.9928 -0.0000
vn -0.1219 0.9925 -0.0000
vn -0.0950 0.0988 0.9906
vn -0.1258 0.1611 0.9789
vn -0.1378 0.3118 0.9401
vn -0.1409 0.4976 0.8559
vn 0.1482 0.8474 0.5099
vn -0.7467 0.6494 -0.1438
vn -0.7801 0.5327 -0.3280
vn -0.7851 0.5359 -0.3106
vn -0.7427 0.6603 -0.1116
vn -0.8288 0.4439 -0.3408
vn -0.8139 0.4541 -0.3623
vn -0.8695 0.4011 -0.2882
vn -0.8705 0.4015 -0.2847
vn -0.8900 0.4028 -0.2136
vn -0.8874 0.4087 -0.2133
vn -0.9281 0.3402 -0.1511
vn -0.9254 0.3438 -0.1596
vn -0.9340 0.3560 0.0286
vn -0.9360 0.3516 0.0154
vn -0.1387 -0.9522 0.2722
vn -0.1151 -0.9612 0.2506
vn -0.1146 -0.9612 0.2509
vn -0.1387 -0.9519 0.2732
vn -0.0563 -0.9653 0.2550
vn -0.0646 -0.9655 0.2522
vn -0.0173 -0.9724 0.2326
vn -0.0199 -0.9727 0.2312
vn -0.0125 -0.9766 0.2147
vn -0.0118 -0.9766 0.2148
vn -0.0087 -0.9725 0.2325
vn -0.0090 -0.9723 0.2335
vn 0.0102 -0.9659 0.2586
vn 0.0121 -0.9658 0.2590
vn 0.0299 -0.9650 0.2607
vn 0.0336 -0.9653 0.2590
vn 0.0436 -0.9700 0.2392
vn 0.0476 -0.9703 0.2374
vn 0.0511 -0.9795 0.1949
vn 0.0510 -0.9792 0.1965
vn 0.0505 -0.9852 0.1635
vn 0.0505 -0.9850 0.1649
vn 0.8117 -0.1140 0.5729
vn 0.7919 -0.1014 0.6021
vn 0.9588 -0.2754 0.0690
vn 0.9570 -0.2901 0.0029
vn 0.7447 -0.0408 0.6661
vn 0.7379 -0.0379 0.6738
vn 0.7130 0.0913 0.6952
vn 0.7084 0.0937 0.6995
vn 0.7104 0.2386 0.6621
vn 0.7082 0.2428 0.6630
vn 0.7552 0.4836 0.4425
vn 0.7510 0.5071 0.4229
vn 0.8192 0.5701 0.0623
vn 0.8112 0.5813 0.0633
vn 0.8540 0.5203 -0.0000
vn 0.8482 0.5297 -0.0000
vn -0.0463 -0.1690 -0.9845
vn -0.0389 -0.3687 -0.9288
vn -0.2409 -0.3836 -0.8915
vn -0.6257 -0.1855 -0.7577
vn -0.2134 0.1362 0.9674
vn 0.0442 0.2440 0.9688
vn 0.0371 0.3248 0.9450
vn -0.4000 0.2404 0.8844
vn -0.4378 0.2939 0.8497
vn -0.3244 0.1687 0.9308
vn -0.2907 -0.3000 -0.9086
vn -0.5866 -0.1045 -0.8031
vn -0.1415 -0.5426 -0.8280
vn -0.0335 -0.5808 -0.8134
vn 0.0481 0.1545 0.9868
vn -0.1130 0.0318 0.9931
vn -0.2984 -0.2297 0.9264
vn -0.2635 -0.6732 -0.6909
vn -0.0416 -0.2626 -0.9640
vn -0.0429 -0.2032 -0.9782
vn -0.2157 -0.2101 -0.9536
vn -0.2157 -0.2826 -0.9347
vn -0.1750 0.1788 0.9682
vn 0.0472 0.1939 0.9799
vn 0.0396 0.2372 0.9706
vn -0.2064 0.2027 0.9572
vn -0.3381 0.1912 0.9215
vn -0.2988 0.1768 0.9378
vn -0.3864 -0.2168 -0.8965
vn -0.3613 -0.2957 -0.8843
vn 0.1440 -0.3349 -0.9312
vn 0.3714 -0.1265 -0.9198
vn 0.3553 0.1755 0.9181
vn 0.5847 0.3319 0.7403
vn 0.6466 0.3863 0.6578
vn 0.4797 0.1928 0.8560
vn 0.3945 -0.0551 -0.9172
vn 0.1819 -0.2905 -0.9394
vn 0.0735 -0.5148 -0.8542
vn 0.2374 0.0203 0.9712
vn 0.4502 -0.2441 0.8589
vn 0.1805 -0.6130 -0.7692
vn 0.1116 -0.1908 -0.9753
vn 0.0923 -0.2515 -0.9635
vn 0.3033 0.2070 0.9301
vn 0.3161 0.2506 0.9150
vn 0.4983 0.2592 0.8273
vn 0.4463 0.2125 0.8693
vn 0.2394 -0.2369 -0.9416
vn 0.2540 -0.1763 -0.9510
vn 0.0619 0.8802 0.4706
vn 0.0092 0.9421 0.3351
vn 0.0116 0.9310 0.3647
vn 0.0790 0.8550 0.5126
vn -0.0377 0.6583 -0.7518
vn -0.0366 0.6800 -0.7323
vn -0.0016 0.5363 -0.8440
vn 0.0086 0.4909 -0.8711
vn -0.0246 0.8784 0.4774
vn -0.0393 0.8435 0.5357
vn -0.0938 0.4965 -0.8629
vn -0.0825 0.5364 -0.8399
vn 0.2516 -0.1284 -0.9593
vn 0.1073 -0.1373 -0.9847
vn 0.2967 0.1461 0.9437
vn 0.4422 0.1437 0.8853
vn 0.0466 0.1432 0.9886
vn -0.1711 0.1355 0.9759
vn -0.2938 0.1287 0.9472
vn -0.2179 -0.1429 -0.9655
vn -0.3876 -0.1387 -0.9113
vn -0.0430 -0.1429 -0.9888
vn -0.0487 0.9963 0.0711
vn -0.0789 0.9934 0.0836
vn -0.1239 0.9788 0.1629
vn -0.1240 0.9774 0.1713
vn 0.0537 0.3117 0.9487
vn 0.0507 0.2923 0.9550
vn 0.0492 0.2950 0.9542
vn 0.0479 0.2887 0.9562
vn 0.0778 -0.8725 0.4824
vn 0.0828 -0.8042 0.5885
vn 0.1279 -0.8209 0.5566
vn 0.1246 -0.8870 0.4447
vn 0.0800 -0.9261 0.3687
vn 0.1264 -0.9231 0.3633
vn -0.0428 -0.2964 -0.9541
vn -0.0464 -0.2984 -0.9533
vn -0.0448 -0.2976 -0.9536
vn -0.0577 -0.3135 -0.9479
vn -0.0896 0.5561 -0.8263
vn -0.0889 0.5518 -0.8292
vn -0.1562 0.6299 -0.7608
vn -0.1584 0.6393 -0.7525
vn -0.8360 0.0717 0.5440
vn -0.8865 0.0257 0.4620
vn -0.9491 -0.0059 0.3148
vn -0.9577 0.0203 0.2871
vn 0.0412 0.2908 0.9559
vn 0.0364 0.3355 0.9413
vn 0.7178 -0.6716 0.1835
vn 0.7519 -0.5809 0.3116
vn 0.9112 -0.4098 0.0436
vn 0.9306 -0.3469 -0.1165
vn 0.7061 -0.7072 0.0359
vn 0.9340 -0.3230 -0.1527
vn -0.0500 -0.3042 -0.9513
vn -0.0346 -0.2819 -0.9588
vn -0.9510 -0.0294 0.3079
vn -0.9508 -0.0291 0.3085
vn -0.9508 -0.0288 0.3085
vn -0.9505 -0.0287 0.3093
vn 0.0364 0.2637 0.9639
vn 0.0393 0.2728 0.9613
vn 0.9502 0.0284 -0.3104
vn 0.9508 0.0291 -0.3086
vn 0.9513 0.0296 -0.3067
vn -0.0357 -0.2480 -0.9681
vn -0.0388 -0.2574 -0.9655
vn -0.9511 -0.0290 0.3074
vn -0.9510 -0.0294 0.3078
vn -0.9510 -0.0293 0.3077
vn -0.9509 -0.0292 0.3080
vn -0.9509 -0.0293 0.3081
vn 0.0434 0.1177 0.9921
vn 0.0453 -0.0161 0.9988
vn 0.0467 -0.0254 0.9986
vn 0.0432 0.1172 0.9922
vn 0.9502 0.0288 -0.3105
vn 0.9503 0.0293 -0.3101
vn 0.9500 0.0297 -0.3109
vn 0.9499 0.0287 -0.3113
vn -0.0431 -0.1210 -0.9917
vn -0.0225 -0.5585 -0.8292
vn -0.0205 -0.5555 -0.8313
vn -0.0446 -0.1009 -0.9939
vn -0.9508 -0.0294 0.3084
vn -0.9509 -0.0291 0.3082
vn -0.9514 -0.0296 0.3066
vn -0.9512 -0.0293 0.3072
vn -0.9509 -0.0292 0.3081
vn -0.9510 -0.0293 0.3078
vn 0.0438 0.1302 0.9905
vn 0.0434 0.1300 0.9906
vn 0.0429 0.1673 0.9850
vn 0.0451 0.1718 0.9841
vn 0.9510 0.0286 -0.3079
vn 0.9507 0.0290 -0.3087
vn 0.9506 0.0289 -0.3090
vn 0.9509 0.0286 -0.3080
vn -0.0365 0.3179 -0.9474
vn -0.0404 0.2990 -0.9534
vn -0.0252 0.5845 -0.8110
vn -0.0211 0.6092 -0.7927
vn -0.9506 -0.0297 0.3091
vn -0.9507 -0.0288 0.3088
vn -0.9507 -0.0300 0.3088
vn -0.9508 -0.0298 0.3083
vn -0.0151 0.6991 -0.7149
vn -0.0157 0.7008 -0.7132
vn -0.0017 -0.9163 -0.4004
vn 0.0292 -0.9877 0.1536
vn 0.0258 -0.9984 0.0512
vn -0.0073 -0.8710 -0.4913
vn -0.9509 -0.0290 0.3081
vn -0.9503 -0.0245 0.3104
vn -0.9507 -0.0284 0.3087
vn -0.9510 -0.0293 0.3079
vn -0.9509 -0.0293 0.3082
vn 0.0402 0.2105 0.9768
vn 0.0390 0.2052 0.9779
vn 0.9511 0.0295 -0.3076
vn 0.9515 0.0298 -0.3063
vn 0.9510 0.0288 -0.3077
vn 0.9508 0.0293 -0.3083
vn -0.0400 -0.1486 -0.9881
vn -0.0441 -0.1533 -0.9872
vn -0.0399 -0.1824 -0.9824
vn -0.0371 -0.1740 -0.9840
vn -0.9507 -0.0292 0.3088
vn -0.0039 0.9990 0.0437
vn -0.0039 0.9990 0.0438
vn -0.0040 0.9991 0.0434
vn -0.0040 0.9991 0.0433
vn 0.0410 0.2969 0.9540
vn 0.0408 0.2962 0.9543
vn 0.0411 0.2971 0.9540
vn 0.0410 0.2971 0.9540
vn 0.0266 -0.8706 0.4912
vn 0.0288 -0.8432 0.5368
vn 0.0277 -0.8739 0.4854
vn 0.0267 -0.8773 0.4793
vn -0.0410 -0.2969 -0.9540
vn -0.0410 -0.2972 -0.9539
vn -0.0411 -0.2971 -0.9540
vn -0.0410 -0.2968 -0.9541
vn -0.0406 0.5534 -0.8320
vn -0.0406 0.5534 -0.8319
vn -0.9509 -0.0289 0.3083
vn -0.9511 -0.0288 0.3074
vn 0.0508 -0.4419 0.8956
vn 0.0541 -0.4217 0.9051
vn 0.9504 0.0283 -0.3098
vn 0.9506 0.0294 -0.3092
vn -0.0519 -0.5343 -0.8437
vn -0.0504 -0.5388 -0.8409
vn -0.9534 -0.0228 0.3008
vn 0.9508 0.0289 -0.3084
vn 0.9508 0.0294 -0.3085
vn 0.9509 0.0308 -0.3081
vn 0.9507 0.0305 -0.3086
vn 0.9502 0.0256 -0.3105
vn 0.9495 0.0320 -0.3121
vn 0.9487 0.0337 -0.3143
vn 0.9497 0.0317 -0.3114
vn 0.9506 0.0292 -0.3089
vn 0.0491 -0.8098 0.5847
vn 0.0482 -0.8466 0.5301
vn -0.9506 -0.0290 0.3091
vn -0.9505 -0.0289 0.3092
vn 0.0383 0.2327 0.9718
vn 0.0384 0.2362 0.9709
vn 0.9507 0.0291 -0.3086
vn 0.9506 0.0291 -0.3090
vn 0.9506 0.0289 -0.3091
vn -0.0381 -0.2204 -0.9747
vn -0.0369 -0.2169 -0.9755
vn -0.9506 -0.0292 0.3090
vn 0.0267 -0.8837 0.4673
vn 0.0267 -0.9026 0.4298
vn 0.1241 0.9887 0.0841
vn 0.0517 0.9980 0.0357
vn 0.0618 0.9974 0.0370
vn 0.1248 0.9881 0.0897
vn 0.0360 0.2961 0.9545
vn 0.0340 0.3056 0.9516
vn 0.0350 0.2879 0.9570
vn 0.0353 0.2968 0.9543
vn -0.0616 -0.8023 0.5937
vn -0.0250 -0.8026 0.5960
vn -0.0223 -0.8657 0.5001
vn -0.0672 -0.8539 0.5161
vn -0.0186 -0.9177 0.3968
vn -0.0777 -0.9044 0.4195
vn -0.0370 -0.2965 -0.9543
vn -0.0392 -0.2971 -0.9540
vn -0.0246 -0.3104 -0.9503
vn -0.0377 -0.2966 -0.9543
vn 0.0735 0.6065 -0.7917
vn -0.0022 0.5424 -0.8401
vn 0.0134 0.5426 -0.8399
vn 0.0757 0.6140 -0.7857
vn 0.9518 0.0523 -0.3024
vn 0.9892 0.0928 -0.1134
vn 0.9898 0.1422 0.0039
vn 0.9412 0.0761 -0.3292
vn 0.0433 0.3380 0.9401
vn 0.0414 0.2915 0.9557
vn -0.7883 -0.3475 0.5077
vn -0.5701 -0.5120 0.6425
vn -0.5800 -0.6301 0.5163
vn -0.8344 -0.3369 0.4363
vn -0.6008 -0.6744 0.4293
vn -0.8334 -0.3680 0.4124
vn -0.0476 -0.2830 -0.9579
vn -0.0308 -0.3044 -0.9521
vn 0.9511 0.0290 -0.3076
vn 0.9501 0.0284 -0.3107
vn 0.9505 0.0286 -0.3094
vn 0.9504 0.0289 -0.3097
vn 0.0467 0.2674 0.9624
vn 0.0443 0.2695 0.9620
vn -0.9511 -0.0293 0.3074
vn -0.9506 -0.0288 0.3092
vn -0.0484 -0.2516 -0.9666
vn -0.0453 -0.2547 -0.9660
vn 0.9502 0.0290 -0.3103
vn 0.9507 0.0297 -0.3087
vn 0.9509 0.0296 -0.3081
vn 0.9509 0.0292 -0.3081
vn 0.9507 0.0286 -0.3086
vn 0.0441 0.1168 0.9922
vn 0.0438 0.1176 0.9921
vn 0.0431 -0.0210 0.9988
vn 0.0447 -0.0192 0.9988
vn -0.9506 -0.0293 0.3091
vn -0.9509 -0.0288 0.3082
vn -0.9504 -0.0286 0.3098
vn -0.9498 -0.0288 0.3114
vn -0.0452 -0.1044 -0.9935
vn -0.0440 -0.1176 -0.9921
vn -0.0362 -0.5655 -0.8240
vn -0.0365 -0.5286 -0.8481
vn 0.9508 0.0290 -0.3085
vn 0.9512 0.0293 -0.3073
vn 0.9507 0.0294 -0.3087
vn 0.0416 0.1698 0.9846
vn 0.0434 0.1697 0.9845
vn 0.0431 0.1308 0.9905
vn 0.0434 0.1294 0.9906
vn -0.9511 -0.0293 0.3076
vn -0.9510 -0.0295 0.3078
vn -0.9510 -0.0296 0.3077
vn -0.0544 0.5908 -0.8050
vn -0.0575 0.6072 -0.7924
vn -0.0563 0.2875 -0.9561
vn -0.0565 0.2891 -0.9556
vn 0.9505 0.0287 -0.3095
vn 0.9506 0.0293 -0.3090
vn 0.9508 0.0290 -0.3084
vn -0.0566 0.7049 -0.7071
vn -0.0570 0.7058 -0.7061
vn -0.0252 -0.8754 -0.4827
vn -0.0231 -0.9165 -0.3993
vn -0.0066 -0.9893 0.1458
vn -0.0071 -0.9970 0.0766
vn 0.9519 0.0359 -0.3042
vn 0.9508 0.0292 -0.3085
vn 0.9510 0.0294 -0.3077
vn 0.0446 0.2102 0.9766
vn 0.0473 0.2082 0.9769
vn -0.9505 -0.0287 0.3095
vn -0.9508 -0.0291 0.3083
vn -0.9501 -0.0285 0.3106
vn -0.9511 -0.0292 0.3074
vn -0.0470 -0.1491 -0.9877
vn -0.0484 -0.1771 -0.9830
vn -0.0467 -0.1792 -0.9827
vn -0.0428 -0.1532 -0.9873
vn 0.9505 0.0291 -0.3092
vn -0.0038 0.9990 0.0448
vn -0.0039 0.9990 0.0448
vn 0.0412 0.2967 0.9541
vn 0.0413 0.2967 0.9541
vn 0.0258 -0.8738 0.4855
vn 0.0291 -0.8432 0.5368
vn -0.0412 -0.2967 -0.9541
vn -0.0412 -0.2966 -0.9541
vn -0.0407 0.5533 -0.8320
vn 0.9505 0.0296 -0.3093
vn 0.9507 0.0286 -0.3089
vn 0.0342 -0.4105 0.9112
vn 0.0333 -0.4540 0.8904
vn -0.9509 -0.0290 0.3083
vn -0.9502 -0.0282 0.3102
vn -0.0503 0.3337 -0.9413
vn -0.0557 0.3357 -0.9403
vn 0.9512 0.0282 -0.3073
vn -0.9508 -0.0290 0.3083
vn -0.9506 -0.0286 0.3090
vn -0.9503 -0.0281 0.3102
vn -0.9502 -0.0277 0.3103
vn -0.9505 -0.0282 0.3096
vn -0.9485 -0.0340 0.3150
vn -0.9504 -0.0297 0.3095
vn 0.0110 -0.8044 0.5939
vn 0.0135 -0.8397 0.5428
vn 0.9510 0.0296 -0.3076
vn 0.9514 0.0299 -0.3065
vn 0.0463 0.2351 0.9709
vn 0.0473 0.2343 0.9710
vn -0.9505 -0.0294 0.3092
vn -0.9506 -0.0294 0.3089
vn -0.9507 -0.0294 0.3088
vn -0.0472 -0.2197 -0.9744
vn -0.0468 -0.2210 -0.9741
vn 0.9506 0.0291 -0.3091
vn 0.0232 -0.9024 0.4303
vn 0.0503 0.2944 0.9544
vn 0.0584 0.2847 0.9568
vn 0.0456 0.3864 0.9212
vn 0.0458 0.4304 0.9015
vn 0.0274 0.5209 0.8532
vn 0.0376 0.5674 0.8226
vn 0.0247 0.3659 0.9303
vn 0.0408 0.3450 0.9377
vn 0.0545 0.3782 0.9241
vn 0.0439 0.5483 0.8352
vn 0.0429 0.4144 0.9091
vn 0.0488 0.3115 0.9490
vn -0.9950 0.0994 0.0095
vn -0.9947 0.0784 0.0661
vn -0.9962 0.0463 0.0733
vn -0.9969 0.0790 0.0070
vn -0.9889 -0.0726 0.1295
vn -0.9890 -0.0721 0.1289
vn -0.9869 -0.0808 0.1399
vn -0.9871 -0.0836 0.1366
vn 0.9208 -0.0554 -0.3860
vn 0.9536 -0.0759 -0.2915
vn 0.9469 -0.0752 -0.3128
vn 0.9169 -0.0545 -0.3953
vn 0.9277 0.2283 -0.2954
vn 0.9522 0.1181 -0.2818
vn 0.9463 0.2052 -0.2499
vn 0.9332 0.2440 -0.2637
vn 0.0591 0.1862 0.9807
vn 0.0558 0.1623 0.9852
vn 0.0556 0.1753 0.9829
vn 0.0532 0.1944 0.9795
vn 0.0547 0.1896 0.9803
vn 0.0579 0.1823 0.9815
vn 0.0532 0.2426 0.9687
vn 0.0588 0.2397 0.9691
vn 0.0482 0.2444 0.9685
vn 0.8855 -0.2226 -0.4078
vn 0.9078 -0.0828 -0.4112
vn 0.9060 -0.0708 -0.4174
vn 0.8840 -0.2129 -0.4162
vn 0.9066 -0.0241 -0.4213
vn 0.9082 -0.0266 -0.4176
vn -0.9757 -0.1050 0.1921
vn -0.9776 -0.1065 0.1818
vn -0.9717 -0.0677 0.2265
vn -0.9720 -0.0767 0.2223
vn -0.9733 -0.0244 0.2282
vn -0.9732 -0.0243 0.2285
vn 0.0527 0.2316 0.9714
vn 0.0483 0.2354 0.9707
vn 0.0600 0.2356 0.9700
vn 0.0486 0.2123 0.9760
vn 0.0608 0.2169 0.9743
vn 0.0466 0.2291 0.9723
vn 0.8023 -0.5074 -0.3145
vn 0.8223 -0.4544 -0.3425
vn -0.9345 -0.2445 0.2589
vn -0.9357 -0.2430 0.2558
vn -0.7523 -0.6040 0.2629
vn -0.7523 -0.6056 0.2594
vn 0.0406 0.1999 0.9790
vn 0.0371 0.2196 0.9749
vn 0.0613 0.1999 0.9779
vn 0.0241 0.2056 0.9783
vn 0.0414 0.2038 0.9781
vn 0.0787 0.2464 0.9660
vn 0.4379 -0.8946 0.0892
vn 0.2657 -0.9375 0.2246
vn 0.5330 -0.8461 -0.0023
vn 0.5327 -0.8463 0.0044
vn 0.6143 -0.7799 -0.1201
vn 0.6558 -0.7403 -0.1482
vn -0.4351 -0.8470 0.3055
vn -0.1172 -0.9536 0.2774
vn 0.0023 -0.9765 0.2153
vn -0.4007 -0.8644 0.3037
vn -0.6263 -0.7319 0.2685
vn -0.6248 -0.7311 0.2740
vn 0.0128 0.0936 0.9955
vn 0.0250 0.1175 0.9928
vn 0.0340 0.1502 0.9881
vn 0.9988 -0.0317 0.0372
vn 0.9994 -0.0254 0.0248
vn -0.9903 -0.0213 -0.1371
vn -0.9913 -0.0174 -0.1305
vn 0.0066 0.3896 0.9209
vn 0.0113 0.4278 0.9038
vn 0.0193 0.4156 0.9093
vn 0.0134 0.3860 0.9224
vn 0.0258 0.4017 0.9154
vn 0.0188 0.3816 0.9241
vn 0.9969 0.0214 0.0751
vn 1.0000 -0.0052 -0.0001
vn 1.0000 -0.0011 0.0044
vn 0.9968 0.0214 0.0774
vn -0.9819 -0.0607 -0.1796
vn -0.9919 -0.0348 -0.1223
vn -0.9916 -0.0352 -0.1241
vn -0.9809 -0.0634 -0.1841
vn 0.0077 0.3196 0.9475
vn 0.0162 0.3260 0.9452
vn 0.0216 0.3376 0.9410
vn 0.9985 0.0054 0.0536
vn 0.9987 0.0044 0.0506
vn -0.9872 -0.0480 -0.1521
vn -0.9871 -0.0453 -0.1535
vn -0.0093 0.6661 0.7458
vn -0.0289 0.7618 0.6471
vn 0.0129 0.8423 0.5388
vn 0.0206 0.7104 0.7035
vn 0.0045 0.9069 0.4214
vn 0.0214 0.7564 0.6537
vn 0.9887 0.0867 0.1223
vn 0.9760 0.1279 0.1765
vn 0.9780 0.1222 0.1689
vn 0.9949 0.0658 0.0766
vn 0.9997 -0.0045 0.0246
vn 0.9993 0.0179 0.0326
vn -0.9463 -0.2773 -0.1660
vn -0.9378 -0.2951 -0.1829
vn -0.9862 -0.1378 -0.0921
vn -0.9911 -0.0967 -0.0911
vn 0.0106 0.4990 0.8665
vn 0.0234 0.4987 0.8664
vn 0.0327 0.4994 0.8657
vn 0.9994 -0.0284 -0.0174
vn 0.9994 -0.0265 -0.0210
vn -0.9958 -0.0418 -0.0816
vn -0.9959 -0.0407 -0.0807
vn 0.9970 -0.0421 0.0645
vn 0.9971 -0.0378 0.0657
vn 0.9971 -0.0381 0.0654
vn 0.9973 -0.0411 0.0609
vn -0.5783 0.7750 -0.2550
vn -0.1500 0.3613 0.9203
vn -0.1463 0.3910 0.9087
vn -0.0466 0.9989 -0.0000
vn -0.0022 1.0000 -0.0000
vn -0.1166 0.9932 -0.0000
vn 0.9430 -0.3327 -0.0000
vn -0.0725 0.9974 -0.0000
vn -0.0966 0.9953 -0.0000
vn -0.0416 0.9991 -0.0000
vn -0.0159 0.9999 -0.0000
vn 0.0576 0.9983 -0.0000
vn 0.1259 0.9920 -0.0000
vn 0.1405 0.9901 -0.0000
vn 0.0281 -0.9996 -0.0000
vn 0.0278 -0.9996 -0.0000
vn 0.9899 0.1415 -0.0000
vn 0.9897 0.1433 -0.0000
vn -0.1310 0.9914 -0.0000
vn -0.0417 0.9991 -0.0000
vn -0.0137 0.9999 -0.0000
vn 0.0523 0.9986 -0.0000
vn 0.1271 0.9919 -0.0000
vn 0.1598 0.9872 -0.0000
vn 0.2269 0.9739 -0.0000
vn -0.7074 0.7068 -0.0000
vn -0.6986 0.7155 -0.0000
vn -0.0620 0.8221 0.5659
vn -0.0068 0.8369 0.5473
vn -0.0513 0.9965 0.0654
vn -0.1591 0.9789 0.1278
vn 0.1010 0.0128 0.9948
vn 0.0478 -0.0028 0.9989
vn 0.1667 -0.8586 0.4848
vn 0.0570 -0.8621 0.5036
vn 0.0757 -0.7960 -0.6005
vn 0.0155 -0.8196 -0.5727
vn -0.0968 0.0189 -0.9951
vn -0.0478 0.0287 -0.9984
vn -0.1625 0.4175 -0.8940
vn -0.0635 0.4437 -0.8939
vn 0.0474 0.8394 0.5415
vn 0.0573 0.9973 0.0460
vn -0.0036 0.0018 1.0000
vn -0.0456 -0.8566 0.5139
vn -0.0469 -0.8244 -0.5641
vn -0.0013 0.0252 -0.9997
vn 0.0310 0.4352 -0.8998
vn 0.1036 0.8302 0.5477
vn 0.1704 0.9829 0.0703
vn -0.0536 0.0261 0.9982
vn -0.1529 -0.8422 0.5170
vn -0.1111 -0.8102 -0.5755
vn 0.0457 0.0086 -0.9989
vn 0.1244 0.3927 -0.9112
vn 0.1651 0.8060 0.5684
vn 0.2913 0.9458 0.1431
vn -0.1023 0.0719 0.9922
vn -0.2781 -0.8140 0.5100
vn -0.1759 -0.7733 -0.6092
vn 0.0953 -0.0240 -0.9952
vn 0.2196 0.3115 -0.9245
vn 0.2338 0.7579 0.6090
vn 0.4187 0.8660 0.2734
vn -0.1474 0.1437 0.9786
vn -0.4398 -0.7565 0.4840
vn -0.2365 -0.7048 -0.6688
vn 0.1499 -0.0783 -0.9856
vn 0.3165 0.1816 -0.9310
vn 0.3081 0.6688 0.6766
vn 0.5330 0.7124 0.4565
vn -0.1808 0.2429 0.9531
vn -0.6647 -0.6224 0.4133
vn -0.2777 -0.5977 -0.7521
vn 0.2109 -0.1662 -0.9633
vn 0.4066 -0.0049 -0.9136
vn 0.3676 0.5131 0.7756
vn 0.5919 0.4809 0.6468
vn -0.1934 0.3532 0.9153
vn -0.9293 -0.2851 0.2348
vn -0.2821 -0.4704 -0.8361
vn 0.2697 -0.3063 -0.9129
vn 0.4695 -0.2318 -0.8520
vn 0.3597 0.3098 0.8802
vn 0.5760 0.2204 0.7872
vn -0.2007 0.4558 0.8672
vn -0.9596 0.2735 -0.0663
vn -0.2710 -0.3518 -0.8960
vn 0.2853 -0.4886 -0.8246
vn 0.4886 -0.4633 -0.7393
vn 0.2895 0.1507 0.9453
vn 0.4974 -0.0300 0.8670
vn -0.2046 0.5679 0.7973
vn -0.7054 0.6470 -0.2896
vn -0.2525 -0.2292 -0.9401
vn 0.2429 -0.6406 -0.7284
vn 0.4559 -0.6795 -0.5748
vn 0.2148 0.0584 0.9749
vn 0.3847 -0.2251 0.8952
vn -0.1797 0.6737 0.7169
vn -0.4678 0.7894 -0.3975
vn -0.2099 -0.1232 -0.9699
vn 0.1815 -0.7356 -0.6527
vn 0.3739 -0.8410 -0.3912
vn 0.1513 0.0074 0.9885
vn 0.2693 -0.3495 0.8974
vn -0.1324 0.7496 0.6485
vn -0.2970 0.8406 -0.4530
vn -0.1559 -0.0525 -0.9864
vn 0.1201 -0.7911 -0.5997
vn 0.2683 -0.9340 -0.2360
vn 0.0968 -0.0189 0.9951
vn 0.1625 -0.4175 0.8940
vn -0.0757 0.7961 0.6005
vn -0.1667 0.8586 -0.4848
vn -0.1009 -0.0128 -0.9948
vn 0.0620 -0.8221 -0.5659
vn 0.1591 -0.9789 -0.1279
vn 0.0478 -0.0287 0.9984
vn 0.0635 -0.4437 0.8939
vn -0.0155 0.8196 0.5727
vn -0.0570 0.8621 -0.5036
vn -0.0478 0.0028 -0.9989
vn 0.0068 -0.8368 -0.5475
vn 0.0513 -0.9965 -0.0657
vn 0.0013 -0.0252 0.9997
vn -0.0310 -0.4352 0.8998
vn 0.0469 0.8244 0.5641
vn 0.0456 0.8566 -0.5139
vn 0.0036 -0.0018 -1.0000
vn -0.0474 -0.8394 -0.5415
vn -0.0574 -0.9973 -0.0461
vn -0.0457 -0.0086 0.9989
vn -0.1244 -0.3927 0.9112
vn 0.1111 0.8102 0.5755
vn 0.1529 0.8422 -0.5170
vn 0.0536 -0.0261 -0.9982
vn -0.1036 -0.8302 -0.5477
vn -0.1704 -0.9829 -0.0703
vn -0.0953 0.0240 0.9952
vn -0.2196 -0.3115 0.9245
vn 0.1759 0.7732 0.6092
vn 0.2781 0.8140 -0.5100
vn 0.1023 -0.0719 -0.9922
vn -0.1651 -0.8060 -0.5685
vn -0.2913 -0.9458 -0.1433
vn -0.1499 0.0784 0.9856
vn -0.3165 -0.1815 0.9311
vn 0.2365 0.7048 0.6689
vn 0.4398 0.7565 -0.4840
vn 0.1474 -0.1437 -0.9786
vn -0.2338 -0.7579 -0.6090
vn -0.4187 -0.8660 -0.2734
vn -0.2109 0.1662 0.9633
vn -0.4066 0.0049 0.9136
vn 0.2777 0.5977 0.7521
vn 0.6647 0.6224 -0.4133
vn 0.1808 -0.2429 -0.9531
vn -0.3081 -0.6687 -0.6767
vn -0.5329 -0.7124 -0.4565
vn -0.2697 0.3063 0.9129
vn -0.4695 0.2318 0.8520
vn 0.2821 0.4704 0.8361
vn 0.9293 0.2851 -0.2349
vn 0.1934 -0.3532 -0.9153
vn -0.3676 -0.5131 -0.7756
vn -0.5919 -0.4809 -0.6468
vn -0.2853 0.4886 0.8246
vn -0.4887 0.4633 0.7393
vn 0.2710 0.3518 0.8960
vn 0.9596 -0.2734 0.0663
vn 0.2007 -0.4558 -0.8672
vn -0.3597 -0.3097 -0.8802
vn -0.5761 -0.2204 -0.7871
vn -0.2429 0.6406 0.7285
vn -0.4559 0.6795 0.5749
vn 0.2525 0.2292 0.9401
vn 0.7054 -0.6469 0.2896
vn 0.2045 -0.5679 -0.7973
vn -0.2894 -0.1507 -0.9453
vn -0.4974 0.0300 -0.8670
vn -0.1815 0.7356 0.6527
vn -0.3739 0.8410 0.3911
vn 0.2099 0.1232 0.9699
vn 0.4678 -0.7894 0.3975
vn 0.1797 -0.6737 -0.7169
vn -0.2148 -0.0584 -0.9749
vn -0.3847 0.2251 -0.8952
vn -0.1201 0.7911 0.5997
vn -0.2683 0.9340 0.2360
vn 0.1559 0.0524 0.9864
vn 0.2970 -0.8406 0.4530
vn 0.1324 -0.7496 -0.6485
vn -0.1513 -0.0074 -0.9885
vn -0.2693 0.3494 -0.8974
vn -0.0908 0.8345 0.5434
vn -0.0666 0.8493 0.5237
vn -0.0092 0.8689 0.4949
vn -0.0225 0.8660 0.4995
vn -0.0803 0.0973 -0.9920
vn 0.0469 0.8710 0.4890
vn 0.0517 0.8704 0.4895
vn -0.0224 0.1088 -0.9938
vn 0.1047 0.8565 0.5054
vn 0.1251 0.8470 0.5167
vn 0.0345 0.0922 -0.9951
vn 0.1650 0.8201 0.5479
vn 0.1918 0.7947 0.5759
vn 0.0895 0.0475 -0.9948
vn 0.0895 0.0475 -0.9949
vn 0.2235 0.7536 0.6181
vn 0.2473 0.7117 0.6575
vn 0.1412 -0.0262 -0.9896
vn 0.1412 -0.0261 -0.9896
vn 0.2719 0.6479 0.7115
vn 0.2848 0.5998 0.7478
vn 0.1865 -0.1288 -0.9740
vn 0.2986 0.5008 0.8124
vn 0.3002 0.4731 0.8283
vn 0.2206 -0.2568 -0.9410
vn 0.2205 -0.2568 -0.9410
vn 0.2206 -0.2567 -0.9410
vn 0.2939 0.3313 0.8966
vn 0.2956 0.3459 0.8905
vn 0.2375 -0.3999 -0.8853
vn 0.2376 -0.3998 -0.8853
vn 0.2607 0.1729 0.9498
vn 0.2728 0.2155 0.9376
vn 0.2329 -0.5415 -0.8078
vn 0.2330 -0.5415 -0.8078
vn 0.2114 0.0501 0.9761
vn 0.2320 0.0931 0.9683
vn 0.2068 -0.6646 -0.7180
vn 0.1563 -0.0335 0.9871
vn 0.1787 -0.0047 0.9839
vn 0.1634 -0.7590 -0.6303
vn 0.1013 -0.0826 0.9914
vn 0.1183 -0.0706 0.9905
vn 0.1087 -0.8230 -0.5575
vn 0.0487 -0.1036 0.9934
vn 0.0542 -0.1025 0.9933
vn 0.0478 -0.8601 -0.5079
vn 0.0478 -0.8601 -0.5078
vn 0.0477 -0.8600 -0.5080
vn -0.0021 -0.1017 0.9948
vn -0.0103 -0.0993 0.9950
vn -0.0165 -0.8740 -0.4856
vn -0.0165 -0.8741 -0.4855
vn -0.0533 -0.0771 0.9956
vn -0.0715 -0.0623 0.9955
vn -0.0820 -0.8665 -0.4924
vn -0.1050 -0.0256 0.9941
vn -0.1269 0.0056 0.9919
vn -0.1470 -0.8360 -0.5287
vn -0.1470 -0.8361 -0.5286
vn -0.1549 0.0569 0.9863
vn -0.1745 0.1012 0.9794
vn -0.2083 -0.7781 -0.5926
vn -0.2083 -0.7780 -0.5927
vn -0.1987 0.1734 0.9646
vn -0.2105 0.2178 0.9530
vn -0.2600 -0.6872 -0.6784
vn -0.2600 -0.6871 -0.6784
vn -0.2287 0.3209 0.9191
vn -0.2311 0.3411 0.9112
vn -0.2939 -0.5622 -0.7730
vn -0.2938 -0.5622 -0.7730
vn -0.2357 0.4808 0.8446
vn -0.2364 0.4599 0.8559
vn -0.3025 -0.4128 -0.8591
vn -0.3025 -0.4129 -0.8591
vn -0.3026 -0.4129 -0.8591
vn -0.2162 0.6249 0.7501
vn -0.2259 0.5790 0.7834
vn -0.2847 -0.2594 -0.9228
vn -0.1758 0.7339 0.6561
vn -0.1964 0.6891 0.6976
vn -0.2461 -0.1231 -0.9614
vn -0.1237 0.8066 0.5780
vn -0.1499 0.7759 0.6128
vn -0.1951 -0.0168 -0.9806
vn -0.1385 0.0562 -0.9888
vn -0.0479 0.3703 0.9277
vn -0.0419 0.4810 0.8757
vn -0.0461 0.4555 0.8890
vn -0.0426 0.3967 0.9169
vn -0.0465 0.3849 0.9218
vn -0.0114 0.5169 0.8560
vn -0.0455 0.4396 0.8970
vn -0.8162 0.3815 -0.4339
vn -0.9160 0.0050 0.4012
vn -0.7741 -0.4298 -0.4647
vn -0.5527 0.0901 -0.8285
vn -0.4657 0.7773 -0.4231
vn -0.4444 0.5607 -0.6987
vn -0.0759 0.4399 0.8948
vn -0.1634 0.4015 0.9011
vn -0.1020 0.4696 0.8770
vn 0.0377 0.5082 0.8604
vn -0.0261 0.6484 0.7609
vn -0.0741 0.7103 0.7000
vn 0.0136 0.6565 0.7542
vn 0.0068 0.5859 0.8104
vn 0.4609 0.8689 -0.1803
vn 0.4716 0.8452 -0.2512
vn 0.6902 0.3943 0.6068
vn 0.6529 0.3333 0.6802
vn 0.5378 -0.0543 0.8414
vn 0.3812 -0.0429 0.9235
vn 0.3298 0.1683 0.9289
vn 0.5279 0.0306 0.8488
vn 0.0981 0.5426 0.8343
vn 0.0753 0.5220 0.8496
vn 0.1826 0.4606 0.8686
vn -0.0112 0.5921 0.8058
vn 0.2462 0.8014 -0.5452
vn 0.7190 0.4415 0.5368
vn 0.5492 -0.1324 0.8251
vn 0.3867 -0.0923 0.9176
vn -0.0458 0.4597 0.8869
vn -0.0340 0.4636 0.8854
vn -0.0054 0.4903 0.8716
vn 0.1666 0.9850 -0.0457
vn 0.2213 0.9030 -0.3682
vn 0.2210 0.9062 -0.3604
vn 0.1795 0.9834 -0.0279
vn -0.1785 -0.8408 0.5110
vn -0.1781 -0.8118 0.5562
vn -0.1963 -0.8244 0.5309
vn -0.1359 -0.8844 0.4465
vn 0.0089 0.5446 -0.8386
vn 0.0231 0.5967 -0.8022
vn 0.0818 0.7433 -0.6640
vn 0.0169 0.5279 -0.8491
vn -0.1664 -0.8087 0.5643
vn -0.1770 -0.8145 0.5525
vn -0.3098 -0.5328 -0.7875
vn -0.3124 -0.3399 -0.8871
vn -0.1733 -0.3307 -0.9277
vn 0.0749 0.6404 -0.7644
vn 0.1132 0.6785 -0.7259
vn -0.1732 -0.8586 0.4824
vn -0.1514 -0.9027 0.4028
vn 0.0818 0.6283 -0.7736
vn 0.0212 0.6355 -0.7718
vn -0.2099 -0.7404 0.6385
vn -0.2139 -0.7468 0.6297
vn -0.1842 -0.4026 0.8967
vn -0.1855 -0.3808 0.9059
vn -0.0088 0.5216 -0.8532
vn 0.0194 0.5560 -0.8310
vn -0.1488 -0.8348 0.5301
vn -0.1407 -0.9142 0.3801
vn -0.1449 -0.8810 0.4504
vn -0.1500 -0.8153 0.5593
vn -0.0701 0.6457 -0.7604
vn 0.1142 0.6358 -0.7633
vn 0.1469 0.9339 -0.3259
vn 0.1620 0.9324 -0.3232
vn 0.1135 0.6249 -0.7724
vn -0.2009 -0.7455 0.6354
vn -0.1847 -0.4383 0.8796
vn -0.2027 -0.7755 0.5979
vn -0.2055 -0.7660 0.6091
vn -0.6888 -0.2250 0.6892
vn -0.7888 -0.4935 0.3664
vn -0.3023 -0.6320 -0.7136
vn -0.0330 0.4970 0.8671
vn 0.0471 0.5937 0.8033
vn -0.0467 0.4435 0.8951
vn 0.0932 0.6344 0.7674
vn -0.2033 -0.8158 0.5414
vn -0.2040 -0.8188 0.5366
vn -0.0232 -0.8326 0.5534
vn 0.1616 -0.7467 0.6453
vn 0.1212 -0.9894 0.0796
vn -0.0702 -0.9811 0.1804
vn -0.1382 -0.6604 0.7381
vn -0.1655 -0.9247 0.3429
vn 0.0447 0.4380 0.8979
vn 0.1027 0.1504 0.9833
vn 0.0737 0.3161 0.9459
vn 0.0261 0.5097 0.8599
vn 0.0121 0.4279 0.9038
vn -0.0032 0.2725 0.9621
vn 0.0170 0.6087 0.7932
vn 0.0068 0.4531 0.8914
vn -0.9857 -0.0945 0.1393
vn -0.9675 0.2516 -0.0268
vn -0.0961 0.9849 -0.1439
vn -0.0865 0.9889 -0.1209
vn 0.0370 0.0136 -0.9992
vn 0.2020 0.7344 -0.6480
vn -0.0911 -0.9904 -0.1036
vn -0.0431 -0.9657 -0.2559
vn -0.0080 0.6384 0.7697
vn 0.0035 0.6301 0.7765
vn 0.0367 0.8181 0.5739
vn 0.0093 0.4400 0.8979
vn -0.9707 0.0400 0.2369
vn -0.1048 0.9820 -0.1569
vn 0.0632 0.9572 -0.2824
vn 0.1297 0.9867 -0.0975
vn -0.0780 0.6230 0.7783
vn -0.0468 0.4985 0.8656
vn -0.0567 0.4369 0.8977
vn -0.1734 0.7194 0.6726
vn -0.0303 0.5287 0.8483
vn -0.0342 0.4674 0.8834
vn 0.7715 -0.4670 -0.4321
vn 0.8094 -0.4679 -0.3549
vn 0.7760 -0.5106 -0.3703
vn 0.6922 -0.3740 -0.6172
vn -0.9510 0.0069 -0.3092
vn -0.8306 0.0566 -0.5540
vn -0.5124 -0.1397 -0.8473
vn -0.9637 -0.0211 -0.2661
vn 0.8262 -0.4013 -0.3955
vn 0.8180 -0.4246 -0.3881
vn 0.0434 -0.8992 -0.4354
vn -0.0322 -0.9557 -0.2926
vn -0.0951 -0.8324 -0.5459
vn -0.4290 -0.4992 -0.7529
vn -0.5998 -0.3582 -0.7155
vn 0.7502 -0.4690 -0.4661
vn 0.6575 -0.4308 -0.6182
vn -0.6325 -0.7546 -0.1750
vn -0.6300 -0.7697 0.1034
vn 0.9321 -0.0263 0.3612
vn 0.9464 -0.1416 0.2903
vn 0.5535 0.2847 0.7827
vn 0.4467 0.3609 0.8186
vn -0.1919 -0.7283 -0.6578
vn -0.3407 -0.6245 -0.7027
vn -0.1737 -0.1966 -0.9650
vn 0.6331 -0.4077 -0.6580
vn 0.7252 -0.3849 -0.5709
vn 0.8396 -0.2730 -0.4696
vn -0.4963 -0.7873 0.3658
vn 0.8756 -0.2313 -0.4239
vn -0.8227 0.5667 0.0451
vn -0.5779 -0.5374 -0.6142
vn -0.9000 0.0096 -0.4358
vn -0.9073 -0.0588 -0.4164
vn -0.5704 -0.5407 -0.6182
vn 0.2583 -0.6989 0.6670
vn 0.2246 -0.9664 0.1251
vn -0.0209 -0.5967 -0.8022
vn -0.0400 0.5917 0.8052
vn -0.0330 0.5765 0.8164
vn 0.0096 0.6361 0.7715
vn -0.0195 0.5763 0.8170
vn 0.8406 -0.4812 -0.2486
vn 0.7809 -0.5364 -0.3201
vn -0.5837 -0.1559 -0.7969
vn -0.5745 -0.1660 -0.8015
vn 0.8018 0.5177 0.2984
vn -0.4765 0.1186 0.8711
vn -0.3538 0.0932 0.9307
vn 0.8282 0.5305 0.1809
vn -0.9349 -0.3217 0.1498
vn -0.7820 -0.2064 0.5881
vn -0.7075 0.1218 0.6961
vn 0.5909 0.1213 -0.7975
vn 0.7013 0.1492 -0.6971
vn -0.3539 0.1383 0.9250
vn 0.8867 0.4285 0.1733
vn 0.9306 0.2344 0.2811
vn -0.4392 0.1329 0.8885
vn 0.7674 -0.1364 -0.6265
vn 0.6524 0.0144 -0.7577
vn -0.7019 -0.1756 0.6903
vn -0.7805 -0.1035 0.6166
vn -0.8153 -0.1166 0.5672
vn -0.5255 0.0348 0.8501
vn 0.8638 0.0300 0.5029
vn 0.9246 -0.3746 -0.0686
vn -0.8757 -0.3029 0.3760
vn -0.4908 0.0840 0.8672
vn 0.4433 -0.2403 0.8636
vn 0.3293 -0.6478 0.6870
vn -0.5446 -0.6580 0.5200
vn -0.0723 -0.7811 0.6202
vn -0.4433 -0.6752 0.5895
vn 0.6081 0.4904 0.6243
vn 0.8269 0.3153 0.4656
vn -0.5173 0.6985 0.4944
vn -0.7768 0.2989 0.5543
vn 0.9883 0.1401 -0.0598
vn 0.8571 -0.3730 -0.3553
vn -0.8526 0.4502 0.2654
vn -0.9747 -0.2227 -0.0199
vn 0.6812 0.4864 0.5471
vn 0.9128 0.2507 -0.3224
vn 0.5269 0.7425 0.4136
vn 0.7081 0.6041 0.3656
vn -0.7057 0.5712 -0.4191
vn -0.6117 0.7809 -0.1264
vn 0.9149 0.1214 0.3850
vn 0.9095 0.1515 0.3871
vn -0.8852 -0.1317 -0.4462
vn -0.8731 -0.0763 -0.4815
vn 0.5291 0.5623 0.6355
vn -0.7143 0.6957 0.0756
vn 0.8987 0.0938 0.4284
vn -0.8144 -0.0200 -0.5800
vn 0.4573 0.1397 0.8783
vn -0.9396 0.1565 0.3044
vn -0.9552 0.1599 0.2492
vn 0.4570 0.2674 0.8483
vn -0.6604 -0.1258 -0.7403
vn -0.7122 -0.1579 -0.6840
vn -0.9219 0.1564 0.3546
vn 0.7852 0.2023 0.5853
vn 0.8723 0.1085 0.4767
vn -0.9007 0.4109 0.1411
vn 0.4470 0.3730 0.8131
vn 0.4066 0.3566 0.8411
vn -0.8415 0.5387 0.0403
vn 0.6419 0.0768 0.7630
vn 0.6767 0.1957 0.7098
vn -0.6453 -0.2732 -0.7134
vn -0.5895 -0.2802 -0.7576
vn -0.6506 -0.2446 -0.7190
vn -0.8608 0.4835 0.1587
vn 0.3927 0.2788 0.8764
vn 0.5893 -0.1154 0.7996
vn -0.8433 -0.2448 -0.4785
vn -0.8129 0.4989 0.3005
vn 0.1957 0.1702 0.9658
vn 0.1767 -0.2616 0.9489
vn -0.6179 -0.3986 0.6777
vn -0.0891 -0.4309 0.8980
vn -0.8346 -0.3136 0.4528
vn 0.5471 0.3458 0.7623
vn 0.7759 0.2341 0.5857
vn -0.5587 0.7194 0.4127
vn -0.8265 0.3717 0.4227
vn 0.9709 -0.0234 0.2383
vn 0.8864 -0.4093 -0.2164
vn -0.8762 0.4776 0.0646
vn -0.9150 -0.0703 -0.3972
vn 0.4226 0.2134 0.8808
vn 0.8203 0.0478 0.5700
vn 0.5390 0.7513 0.3807
vn 0.7256 0.5997 0.3374
vn -0.6958 0.5654 -0.4429
vn -0.5887 0.7929 -0.1576
vn 0.9192 0.1079 0.3787
vn 0.9154 0.1355 0.3790
vn -0.8904 -0.1177 -0.4396
vn -0.8725 -0.0614 -0.4847
vn 0.5355 0.5348 0.6536
vn -0.6701 0.7396 0.0635
vn 0.8919 0.0443 0.4501
vn -0.7648 0.0261 -0.6438
vn 0.5292 -0.1467 0.8357
vn -0.6524 0.6551 0.3810
vn -0.5809 0.7315 0.3570
vn 0.4662 -0.2300 0.8543
vn -0.7482 0.2595 -0.6106
vn -0.6682 0.3933 -0.6315
vn -0.7273 0.5527 0.4070
vn 0.6205 -0.5576 0.5513
vn 0.7461 -0.5071 0.4315
vn -0.4416 0.8492 0.2894
vn 0.4003 -0.2263 0.8880
vn 0.3829 -0.2269 0.8955
vn -0.3837 0.8834 0.2691
vn 0.4870 -0.6580 0.5744
vn 0.5145 -0.5907 0.6216
vn -0.5724 0.4380 -0.6932
vn -0.5026 0.4859 -0.7150
vn -0.5700 0.5590 -0.6021
vn -0.4442 0.8253 0.3487
vn 0.4004 -0.2378 0.8849
vn 0.4428 -0.7166 0.5389
vn -0.7705 0.5831 -0.2577
vn -0.4955 0.7552 0.4291
vn 0.2640 -0.1975 0.9441
vn -0.0317 -0.4526 0.8911
vn -0.6443 -0.1336 0.7530
vn -0.2005 -0.5100 0.8365
vn -0.7950 0.2358 0.5589
vn 0.6468 0.2051 0.7346
vn 0.8041 0.0642 0.5910
vn -0.3681 0.8231 0.4323
vn -0.6598 0.6024 0.4491
vn 0.9243 -0.3453 0.1628
vn 0.7100 -0.6482 -0.2752
vn -0.6874 0.7029 0.1831
vn -0.9056 0.2608 -0.3344
vn 0.5667 0.0433 0.8228
vn 0.8413 -0.3615 0.4019
vn 0.6610 0.5870 0.4675
vn 0.8380 0.3250 0.4384
vn -0.5208 0.7559 -0.3967
vn -0.4166 0.9018 -0.1146
vn 0.8704 -0.2601 0.4180
vn 0.8763 -0.2313 0.4226
vn -0.8466 0.2370 -0.4765
vn -0.8157 0.2804 -0.5059
vn 0.6006 0.3877 0.6993
vn -0.5222 0.8510 0.0561
vn 0.8459 -0.2763 0.4562
vn -0.7479 0.3027 -0.5908
vn 0.7465 0.6253 0.2274
vn -0.4260 0.0825 0.9010
vn -0.3152 0.0887 0.9449
vn 0.7514 0.6495 0.1162
vn -0.8819 -0.4007 0.2486
vn -0.7163 -0.2729 0.6422
vn -0.6587 0.0522 0.7506
vn 0.5510 0.1858 -0.8135
vn 0.6484 0.2128 -0.7309
vn -0.3116 0.1492 0.9384
vn 0.8169 0.5682 0.0988
vn 0.8974 0.3986 0.1891
vn -0.3710 0.1212 0.9207
vn 0.7050 -0.0280 -0.7087
vn 0.5996 0.1002 -0.7940
vn -0.6386 -0.2452 0.7294
vn -0.6974 -0.1966 0.6892
vn -0.7383 -0.1977 0.6449
vn -0.4434 0.2012 0.8734
vn 0.9053 0.1439 0.3997
vn 0.9304 -0.2616 -0.2569
vn -0.9506 -0.1001 0.2937
vn -0.7229 0.3199 0.6125
vn 0.5489 -0.2001 0.8115
vn 0.4642 -0.6535 0.5979
vn -0.6564 -0.6028 0.4536
vn 0.0232 -0.7977 0.6027
vn -0.6395 -0.6075 0.4712
vn 0.6148 0.5370 0.5777
vn 0.8370 0.3897 0.3842
vn -0.5242 0.6371 0.5651
vn -0.7465 0.2165 0.6291
vn 0.9600 0.2280 -0.1626
vn 0.8482 -0.2852 -0.4463
vn -0.8576 0.3666 0.3607
vn -0.9479 -0.3075 0.0831
vn 0.6712 0.5495 0.4975
vn 0.8557 0.3276 -0.4007
vn 0.5161 0.7683 0.3786
vn 0.6741 0.6770 0.2954
vn -0.7828 0.5149 -0.3493
vn -0.6663 0.7428 -0.0654
vn 0.9349 0.2049 0.2900
vn 0.9270 0.2346 0.2926
vn -0.9095 -0.2125 -0.3573
vn -0.9047 -0.1545 -0.3970
vn 0.5397 0.5963 0.5942
vn -0.7606 0.6311 0.1526
vn 0.9250 0.1747 0.3375
vn -0.8561 -0.0899 -0.5089
vn -0.1128 0.6001 -0.7919
vn -0.1450 0.4921 -0.8584
vn -0.1457 0.4791 -0.8656
vn -0.1217 0.5883 -0.7994
vn -0.1862 0.3826 -0.9049
vn -0.1651 0.4123 -0.8960
vn -0.1599 0.4227 -0.8921
vn -0.1401 0.3950 -0.9079
vn -0.0992 0.5546 -0.8262
vn -0.0487 0.5652 -0.8235
vn -0.0891 0.6007 -0.7945
vn -0.1412 0.4751 -0.8685
vn -0.0175 0.4032 -0.9149
vn 0.0385 0.6120 -0.7899
vn -0.0989 0.5455 -0.8323
vn 0.0256 0.7902 -0.6123
vn 0.0060 0.9317 -0.3632
vn -0.0620 0.9042 -0.4226
vn -0.0676 0.7224 -0.6882
vn -0.1053 0.4075 -0.9071
vn -0.0474 0.6622 -0.7478
vn -0.2573 0.5554 -0.7908
vn -0.1855 0.8114 -0.5542
vn 0.0610 0.6408 -0.7653
vn 0.0688 0.6388 -0.7663
vn 0.0476 0.6349 -0.7712
vn 0.0363 0.6579 -0.7522
vn -0.0059 0.5132 -0.8583
vn 0.0022 0.5419 -0.8404
vn -0.0065 0.5526 -0.8334
vn -0.0078 0.4819 -0.8762
vn -0.0148 0.4826 -0.8757
vn -0.0095 0.5315 -0.8470
vn -0.0268 0.5080 -0.8609
vn -0.0195 0.5623 -0.8267
vn -0.0075 0.5502 -0.8350
vn 0.0007 0.5927 -0.8055
vn 0.0502 0.6353 -0.7706
vn 0.0193 0.6602 -0.7508
vn -0.0132 0.6655 -0.7463
vn 0.0182 0.6895 -0.7241
vn 0.0135 0.6635 -0.7480
vn -0.0275 0.6326 -0.7740
vn -0.0036 0.6538 -0.7566
vn -0.0087 0.6466 -0.7628
vn -0.0008 0.6307 -0.7760
vn 0.0138 0.6358 -0.7717
vn 0.0210 0.5752 -0.8178
vn 0.0246 0.6294 -0.7767
vn 0.0387 0.6895 -0.7232
vn 0.0321 0.6832 -0.7296
vn 0.0331 0.6402 -0.7675
vn 0.0337 0.6083 -0.7930
vn 0.0312 0.6221 -0.7823
vn 0.0226 0.6837 -0.7294
vn 0.0454 0.6182 -0.7847
vn 0.0639 0.6198 -0.7822
vn 0.0682 0.6296 -0.7739
vn 0.0117 0.5843 -0.8115
vn 0.0100 0.6444 -0.7647
vn -0.0151 0.6252 -0.7803
vn -0.0047 0.6064 -0.7951
vn 0.0141 0.5934 -0.8048
vn 0.0098 0.6256 -0.7801
vn 0.0242 0.6107 -0.7915
vn 0.0350 0.6389 -0.7685
vn 0.0092 0.6228 -0.7824
vn -0.0403 0.5813 -0.8127
vn -0.0089 0.6233 -0.7819
vn -0.0138 0.6109 -0.7916
vn 0.0120 0.5295 -0.8482
vn -0.0077 0.6614 -0.7500
vn 0.0031 0.6614 -0.7500
vn -0.0000 0.5768 -0.8169
vn -0.0299 0.6269 -0.7786
vn -0.0060 0.5259 -0.8505
vn 0.0042 0.6020 -0.7985
vn 0.0128 0.6032 -0.7975
vn 0.0127 0.6463 -0.7629
vn 0.0031 0.6339 -0.7734
vn 0.0063 0.6655 -0.7463
vn -0.0143 0.6906 -0.7231
vn -0.0138 0.6969 -0.7170
vn 0.0036 0.6384 -0.7697
vn -0.0003 0.6420 -0.7667
vn 0.0123 0.6878 -0.7258
vn 0.0189 0.6397 -0.7684
vn -0.0161 0.6251 -0.7804
vn -0.0137 0.6821 -0.7311
vn 0.0241 0.6704 -0.7416
vn 0.0443 0.6010 -0.7980
vn 0.0323 0.5792 -0.8146
vn 0.0276 0.6431 -0.7652
vn -0.0274 0.6492 -0.7601
vn -0.0111 0.6460 -0.7632
vn -0.0160 0.5888 -0.8081
vn -0.0254 0.5134 -0.8578
vn -0.0081 0.5278 -0.8493
vn 0.0091 0.6221 -0.7829
vn 0.0003 0.4700 -0.8826
vn -0.0201 0.4665 -0.8843
vn -0.0393 0.5229 -0.8515
vn -0.0273 0.6897 -0.7236
vn 0.0113 0.6873 -0.7262
vn -0.0126 0.6887 -0.7250
vn 0.0129 0.6840 -0.7294
vn 0.0203 0.6691 -0.7429
vn -0.0292 0.6921 -0.7212
vn -0.0294 0.6800 -0.7326
vn -0.0243 0.5742 -0.8183
vn 0.0253 0.5900 -0.8070
vn 0.0514 0.5386 -0.8410
vn 0.0371 0.5372 -0.8426
vn -0.0159 0.5873 -0.8092
vn -0.0311 0.6141 -0.7886
vn -0.1003 0.5534 -0.8268
vn -0.0558 0.5053 -0.8611
vn -0.1081 0.4655 -0.8784
vn -0.0819 0.3997 -0.9130
vn -0.1297 0.4190 -0.8987
vn -0.1663 0.5582 -0.8128
vn -0.1614 0.4908 -0.8562
vn -0.1812 0.7017 -0.6890
vn -0.1519 0.8396 -0.5215
vn -0.1811 0.8827 -0.4337
vn -0.1952 0.7082 -0.6785
vn -0.1129 0.9520 -0.2845
vn -0.1207 0.9271 -0.3548
vn -0.1094 0.9845 -0.1370
vn -0.0773 0.9917 -0.1025
vn -0.1416 0.6661 -0.7323
vn -0.1748 0.8075 -0.5633
vn -0.1608 0.9056 -0.3925
vn -0.1382 0.9784 -0.1539
vn -0.0440 0.6296 -0.7757
vn -0.1085 0.5984 -0.7938
vn -0.0338 0.6239 -0.7807
vn -0.9410 -0.3030 -0.1508
vn -0.9395 -0.3225 -0.1157
vn -0.9397 -0.3201 -0.1200
vn -0.9410 -0.3007 -0.1550
vn 0.0200 -0.7275 -0.6859
vn 0.0186 -0.7237 -0.6899
vn 0.0087 -0.7615 -0.6481
vn 0.0014 -0.7674 -0.6412
vn -0.0252 -0.8439 -0.5358
vn -0.0522 -0.8548 -0.5164
vn -0.0785 -0.8850 -0.4590
vn -0.0786 -0.8888 -0.4516
vn 0.7425 0.3254 -0.5854
vn 0.7422 0.3663 -0.5613
vn 0.7487 0.4078 -0.5227
vn 0.7469 0.3833 -0.5433
vn 0.7430 0.3253 -0.5850
vn 0.7571 0.4756 -0.4479
vn 0.7600 0.4849 -0.4328
vn 0.7962 0.5432 -0.2666
vn 0.7736 0.5164 -0.3674
vn 0.7771 0.5195 -0.3553
vn 0.7939 0.5460 -0.2676
vn 0.8432 0.5197 -0.1372
vn 0.8321 0.5346 -0.1474
vn 0.8905 0.4549 0.0100
vn 0.8904 0.4547 0.0182
vn -0.7882 -0.5290 0.3147
vn -0.8144 -0.4930 0.3062
vn -0.6064 -0.5698 0.5546
vn -0.6127 -0.5652 0.5524
vn -0.7697 -0.0890 0.6322
vn -0.7380 -0.1541 0.6570
vn -0.7167 0.2679 0.6438
vn -0.7186 0.2946 0.6299
vn -0.5212 0.4699 0.7124
vn -0.5086 0.4820 0.7134
vn -0.2621 0.5972 0.7580
vn -0.2758 0.5901 0.7587
vn -0.2004 0.6464 0.7362
vn -0.2014 0.6492 0.7334
vn 0.0020 0.3406 -0.9402
vn 0.0108 0.4058 -0.9139
vn 0.0315 0.4735 -0.8802
vn 0.0009 0.3221 -0.9467
vn 0.0199 0.4239 -0.9055
vn 0.0318 0.3981 -0.9168
vn 0.0404 0.3124 -0.9491
vn 0.0256 0.3450 -0.9382
vn 0.0489 0.3539 -0.9340
vn 0.0769 0.2780 -0.9575
vn 0.1013 0.5745 -0.8122
vn 0.0021 0.6252 -0.7805
vn -0.0197 0.5359 -0.8441
vn 0.0974 0.5170 -0.8504
vn 0.0730 0.5110 -0.8565
vn 0.0177 0.5475 -0.8366
vn -0.0622 0.5683 -0.8204
vn -0.0549 0.4289 -0.9017
vn -0.0306 0.6903 -0.7229
vn 0.0112 0.5538 -0.8326
vn 0.0093 0.4967 -0.8679
vn -0.0140 0.6207 -0.7839
vn -0.0067 0.6813 -0.7320
vn 0.0001 0.7086 -0.7056
vn -0.0086 0.7639 -0.6453
vn -0.0216 0.7309 -0.6822
vn 0.0088 0.5824 -0.8128
vn -0.0389 0.6682 -0.7429
vn -0.0786 0.5644 -0.8218
vn -0.0622 0.5298 -0.8458
vn 0.0084 0.2595 -0.9657
vn -0.0465 0.4204 -0.9061
vn -0.0578 0.2941 -0.9540
vn -0.0173 0.1276 -0.9917
vn -0.1170 0.4754 -0.8719
vn -0.0948 0.4056 -0.9091
vn 0.1142 0.8640 -0.4904
vn 0.0500 0.8847 -0.4635
vn 0.0367 0.8614 -0.5065
vn 0.1104 0.8418 -0.5284
vn 0.0582 0.8321 -0.5515
vn 0.0452 0.7659 -0.6414
vn 0.0355 0.7893 -0.6129
vn 0.0812 0.9690 -0.2333
vn 0.0507 0.9256 -0.3751
vn 0.0692 0.8817 -0.4667
vn -0.0063 0.8498 -0.5271
vn 0.0185 0.8436 -0.5366
vn 0.0416 0.8949 -0.4443
vn -0.0122 0.8912 -0.4535
vn -0.0359 0.8812 -0.4715
vn -0.0286 0.8327 -0.5530
vn -0.1064 0.8346 -0.5406
vn -0.1184 0.9279 -0.3535
vn -0.1132 0.9313 -0.3462
vn -0.1111 0.8221 -0.5585
vn -0.0951 0.9727 -0.2119
vn -0.1286 0.9007 -0.4151
vn 0.0150 0.7732 -0.6340
vn -0.0032 0.7838 -0.6210
vn -0.0026 0.7264 -0.6873
vn 0.0170 0.7232 -0.6904
vn -0.0015 0.4283 -0.9037
vn -0.0078 0.4234 -0.9059
vn 0.0060 0.5989 -0.8008
vn -0.0010 0.5969 -0.8023
vn -0.0658 0.7024 -0.7088
vn -0.0373 0.7630 -0.6454
vn -0.0190 0.7985 -0.6017
vn -0.0539 0.8057 -0.5898
vn 0.0067 0.5613 -0.8276
vn -0.0144 0.4086 -0.9126
vn 0.0486 0.7792 -0.6248
vn 0.0227 0.6939 -0.7197
vn -0.0092 0.7290 -0.6845
vn 0.0752 0.8110 -0.5802
vn 0.0091 0.8046 -0.5938
vn 0.0732 0.8225 -0.5640
vn 0.0119 0.7434 -0.6688
vn -0.0254 0.3130 -0.9494
vn -0.0126 0.3234 -0.9462
vn -0.0224 0.3158 -0.9486
vn 0.0069 0.0833 -0.9965
vn 0.0661 0.2107 -0.9753
vn -0.0063 0.3438 -0.9390
vn 0.1093 0.7703 -0.6282
vn 0.0251 0.7056 -0.7082
vn 0.1054 0.6715 -0.7334
vn -0.0034 0.8186 -0.5744
vn -0.0883 0.7538 -0.6511
vn -0.1059 0.6957 -0.7105
vn -0.0943 0.6033 -0.7919
vn -0.1402 0.7523 -0.6438
vn -0.1334 0.5836 -0.8010
vn -0.0686 0.8676 -0.4925
vn -0.1208 0.9724 -0.1997
vn -0.0767 0.9392 -0.3346
vn -0.0789 0.9751 -0.2071
vn -0.0401 0.9442 -0.3268
vn 0.0757 0.8188 -0.5691
vn 0.9361 -0.3240 0.1369
vn 0.9302 -0.3096 0.1971
vn 0.9604 -0.2780 -0.0199
vn 0.9021 -0.2161 -0.3734
vn 0.8804 -0.2643 -0.3937
vn 0.8962 -0.3768 -0.2342
vn 0.8950 -0.0043 -0.4460
vn 0.8873 0.0036 -0.4613
vn 0.8824 0.0640 -0.4662
vn 0.8817 0.0633 -0.4675
vn 0.8620 0.1961 -0.4674
vn 0.8762 0.0842 -0.4745
vn 0.8738 0.0939 -0.4772
vn 0.8593 0.2011 -0.4702
vn 0.9032 0.4140 -0.1137
vn 0.8637 0.3763 -0.3354
vn 0.8735 0.3527 -0.3356
vn 0.9021 0.4095 -0.1365
vn 0.9439 0.3274 0.0436
vn 0.9336 0.3580 0.0167
vn 0.9617 0.2725 0.0314
vn 0.9665 0.2527 0.0454
vn -0.0057 -0.9996 0.0274
vn 0.0098 -0.9999 -0.0064
vn 0.0043 -0.9999 -0.0138
vn -0.0048 -0.9995 0.0302
vn -0.0064 -0.9964 0.0847
vn -0.0041 -0.9969 0.0789
vn -0.0523 -0.9986 -0.0065
vn -0.0355 -0.9991 -0.0213
vn -0.1009 -0.9949 0.0080
vn -0.1693 -0.9854 0.0176
vn -0.0072 -0.9997 0.0216
vn -0.0127 -0.9995 0.0272
vn -0.0139 -0.9995 -0.0293
vn -0.0196 -0.9994 -0.0283
vn -0.0239 -0.9904 0.1358
vn -0.0216 -0.9912 0.1305
vn -0.0106 -0.9995 0.0302
vn -0.0112 -0.9995 0.0302
vn -0.0288 -0.9988 0.0407
vn -0.0291 -0.9990 0.0325
vn -0.1010 0.9276 -0.3597
vn -0.1098 0.9765 0.1857
vn -0.0006 0.9870 0.1610
vn -0.0450 0.9286 -0.3683
vn -0.0545 0.1626 -0.9852
vn -0.0053 0.1808 -0.9835
vn -0.0181 -0.7495 -0.6618
vn 0.0821 -0.7299 -0.6787
vn 0.0340 -0.9169 0.3976
vn 0.0982 -0.9172 0.3861
vn 0.0597 -0.1361 0.9889
vn 0.0139 -0.1495 0.9887
vn -0.0485 0.2606 0.9642
vn 0.0417 0.2953 0.9545
vn 0.1038 0.9902 0.0932
vn 0.0102 0.9203 -0.3911
vn -0.1072 0.1620 -0.9810
vn -0.1217 -0.7628 -0.6351
vn -0.0261 -0.9021 0.4307
vn 0.1079 -0.1344 0.9850
vn 0.1381 0.2982 0.9445
vn 0.2073 0.9781 -0.0214
vn 0.0665 0.9000 -0.4308
vn -0.1644 0.1823 -0.9694
vn -0.2405 -0.7675 -0.5942
vn -0.0819 -0.8701 0.4860
vn 0.1621 -0.1462 0.9759
vn 0.2457 0.2640 0.9327
vn 0.3079 0.9327 -0.1879
vn 0.1247 0.8619 -0.4914
vn -0.2260 0.2304 -0.9465
vn -0.3919 -0.7533 -0.5281
vn -0.1300 -0.8148 0.5650
vn 0.2270 -0.1775 0.9576
vn 0.3692 0.1800 0.9118
vn 0.3915 0.8296 -0.3980
vn 0.1832 0.7950 -0.5782
vn -0.2856 0.3165 -0.9046
vn -0.6027 -0.6849 -0.4095
vn -0.1598 -0.7318 0.6625
vn 0.3083 -0.2418 0.9200
vn 0.5064 0.0261 0.8619
vn 0.4347 0.6636 -0.6088
vn 0.2322 0.6821 -0.6934
vn -0.3246 0.4368 -0.8389
vn -0.8735 -0.4574 -0.1665
vn -0.1609 -0.6337 0.7566
vn 0.4019 -0.3675 0.8387
vn 0.6286 -0.2044 0.7504
vn 0.4303 0.4669 -0.7726
vn 0.2379 0.5234 -0.8182
vn -0.3431 0.5595 -0.7545
vn -0.9716 0.0179 0.2361
vn -0.1512 -0.5442 0.8252
vn 0.4493 -0.5647 0.6923
vn 0.6839 -0.4663 0.5611
vn 0.3861 0.2580 -0.8856
vn 0.1908 0.3791 -0.9055
vn -0.3483 0.6854 -0.6395
vn -0.7415 0.4094 0.5315
vn -0.1457 -0.4487 0.8817
vn 0.3977 -0.7411 0.5410
vn 0.6400 -0.7032 0.3096
vn 0.3117 0.0636 -0.9480
vn 0.1330 0.2816 -0.9503
vn -0.3077 0.7960 -0.5213
vn -0.4962 0.5810 0.6451
vn -0.1230 -0.3511 0.9282
vn 0.3105 -0.8411 0.4429
vn 0.5118 -0.8561 0.0717
vn 0.2249 -0.0877 -0.9704
vn 0.0803 0.2176 -0.9727
vn -0.2391 0.8654 -0.4404
vn -0.3210 0.6584 0.6807
vn -0.0852 -0.2724 0.9584
vn 0.2301 -0.8916 0.3900
vn 0.3637 -0.9277 -0.0846
vn 0.1366 -0.1932 -0.9716
vn 0.0321 0.1757 -0.9839
vn -0.1669 0.9019 -0.3984
vn -0.1903 0.7017 0.6866
vn -0.0413 -0.2167 0.9754
vn 0.1613 -0.9167 0.3655
vn 0.2291 -0.9595 -0.1640
vn 0.0486 -0.2606 -0.9642
vn -0.0139 0.1496 -0.9887
vn -0.0982 0.9172 -0.3861
vn -0.0821 0.7299 0.6787
vn 0.0054 -0.1809 0.9835
vn 0.1010 -0.9276 0.3597
vn 0.1098 -0.9765 -0.1856
vn -0.0417 -0.2953 -0.9545
vn -0.0597 0.1361 -0.9889
vn -0.0340 0.9169 -0.3976
vn 0.0181 0.7495 0.6618
vn 0.0545 -0.1626 0.9852
vn 0.0450 -0.9286 0.3683
vn 0.0007 -0.9870 -0.1609
vn -0.1381 -0.2981 -0.9445
vn -0.1079 0.1344 -0.9850
vn 0.0261 0.9021 -0.4307
vn 0.1217 0.7628 0.6351
vn 0.1072 -0.1620 0.9810
vn -0.0102 -0.9203 0.3911
vn -0.1038 -0.9902 -0.0932
vn -0.2457 -0.2639 -0.9327
vn -0.1621 0.1462 -0.9759
vn 0.0820 0.8701 -0.4860
vn 0.2405 0.7675 0.5942
vn 0.1644 -0.1823 0.9694
vn -0.0665 -0.9000 0.4307
vn -0.2073 -0.9780 0.0212
vn -0.3692 -0.1801 -0.9117
vn -0.2270 0.1775 -0.9576
vn 0.1300 0.8148 -0.5650
vn 0.3919 0.7533 0.5281
vn 0.2260 -0.2304 0.9465
vn -0.1247 -0.8619 0.4914
vn -0.3079 -0.9327 0.1879
vn -0.5063 -0.0261 -0.8619
vn -0.3083 0.2418 -0.9201
vn 0.1598 0.7318 -0.6625
vn 0.6027 0.6849 0.4095
vn 0.2856 -0.3165 0.9046
vn -0.1833 -0.7950 0.5782
vn -0.3915 -0.8297 0.3980
vn -0.6286 0.2043 -0.7504
vn -0.4020 0.3675 -0.8387
vn 0.1609 0.6337 -0.7566
vn 0.8735 0.4574 0.1666
vn 0.3246 -0.4368 0.8389
vn -0.2323 -0.6821 0.6934
vn -0.4347 -0.6636 0.6088
vn -0.6840 0.4663 -0.5610
vn -0.4493 0.5647 -0.6923
vn 0.1512 0.5442 -0.8253
vn 0.9716 -0.0180 -0.2361
vn 0.3431 -0.5595 0.7545
vn -0.2379 -0.5234 0.8182
vn -0.4303 -0.4669 0.7726
vn -0.6401 0.7032 -0.3094
vn -0.3977 0.7411 -0.5409
vn 0.1457 0.4488 -0.8817
vn 0.7415 -0.4094 -0.5315
vn 0.3483 -0.6854 0.6395
vn -0.1908 -0.3791 0.9055
vn -0.3861 -0.2580 0.8856
vn -0.5118 0.8561 -0.0718
vn -0.3105 0.8411 -0.4429
vn 0.1230 0.3511 -0.9282
vn 0.4962 -0.5810 -0.6452
vn 0.3077 -0.7960 0.5213
vn -0.1330 -0.2816 0.9503
vn -0.3117 -0.0636 0.9480
vn -0.3637 0.9277 0.0847
vn -0.2301 0.8916 -0.3900
vn 0.0852 0.2724 -0.9584
vn 0.3210 -0.6584 -0.6808
vn 0.2392 -0.8654 0.4404
vn -0.0803 -0.2177 0.9727
vn -0.2249 0.0876 0.9704
vn -0.2291 0.9595 0.1640
vn -0.1613 0.9167 -0.3655
vn 0.0413 0.2167 -0.9754
vn 0.1904 -0.7017 -0.6866
vn 0.1669 -0.9019 0.3984
vn -0.0321 -0.1757 0.9839
vn -0.1366 0.1932 0.9716
vn 0.0540 0.6865 -0.7251
vn -0.0282 0.6439 -0.7646
vn 0.0459 0.5819 -0.8119
vn 0.0366 0.6286 -0.7769
vn -0.0326 0.6174 -0.7860
vn 0.0268 0.5881 -0.8083
vn 0.0465 -0.6585 -0.7512
vn 0.0054 -0.9170 -0.3989
vn 0.2034 -0.8933 -0.4007
vn 0.2206 -0.4198 -0.8804
vn -0.1285 -0.5588 -0.8193
vn -0.0656 -0.9447 -0.3214
vn -0.0426 0.6721 -0.7392
vn -0.0554 0.6928 -0.7190
vn 0.0069 0.5066 -0.8622
vn 0.0520 0.3969 -0.9164
vn -0.0920 0.6019 -0.7933
vn -0.0970 0.6256 -0.7741
vn -0.1177 0.7637 -0.6347
vn -0.1174 0.4449 -0.8878
vn -0.8915 0.0828 0.4455
vn -0.1400 0.8872 0.4397
vn -0.1790 0.8604 0.4772
vn -0.8182 0.2151 0.5332
vn -0.0203 0.8893 0.4569
vn -0.0179 0.9161 0.4006
vn -0.0293 0.9962 0.0819
vn 0.0080 0.9751 0.2216
vn -0.1068 0.8133 -0.5719
vn -0.0912 0.8039 -0.5877
vn -0.0962 0.6134 -0.7839
vn -0.0978 0.9348 -0.3415
vn -0.2135 0.8352 0.5068
vn -0.9153 0.0975 0.3908
vn -0.0271 0.8580 0.5129
vn 0.0340 0.9498 0.3111
vn 0.0714 0.5281 -0.8462
vn 0.0418 0.5526 -0.8324
vn -0.0590 0.6814 -0.7295
vn -0.0563 0.7554 -0.6528
vn -0.1440 0.5935 -0.7919
vn -0.1355 0.5901 -0.7959
vn -0.0543 0.6727 -0.7379
vn -0.1331 0.5116 -0.8489
vn -0.1077 0.5400 -0.8347
vn -0.0894 0.5763 -0.8123
vn -0.1204 0.5420 -0.8317
vn -0.1259 0.5534 -0.8233
vn -0.1437 0.5375 -0.8309
vn -0.1292 0.5557 -0.8213
vn -0.1296 0.5020 -0.8551
vn 0.1214 0.6635 -0.7383
vn 0.0768 0.7481 -0.6592
vn 0.0484 0.6936 -0.7188
vn 0.0830 0.6696 -0.7381
vn -0.0949 0.5836 -0.8065
vn -0.0579 0.6000 -0.7979
vn -0.1382 0.3442 -0.9287
vn -0.1619 0.3534 -0.9214
vn -0.1641 0.4008 -0.9013
vn -0.1379 0.3912 -0.9099
vn -0.1541 0.4089 -0.8995
vn -0.1355 0.4180 -0.8983
vn -0.1299 0.4542 -0.8814
vn -0.1480 0.4927 -0.8575
vn -0.1196 0.3755 -0.9191
vn -0.1636 0.3639 -0.9170
vn -0.1488 0.5027 -0.8515
vn -0.1309 0.5679 -0.8126
vn -0.0858 0.5944 -0.7996
vn -0.0302 0.6388 -0.7688
vn 0.0080 0.6485 -0.7612
vn -0.0784 -0.9456 -0.3158
vn -0.0783 -0.9468 -0.3122
vn -0.1155 -0.8315 -0.5434
vn -0.1144 -0.8203 -0.5603
vn -0.0247 -0.9391 -0.3429
vn -0.0278 -0.9388 -0.3432
vn -0.8082 0.5706 -0.1458
vn -0.7904 0.6037 -0.1039
vn -0.9910 -0.1203 -0.0592
vn -0.9998 -0.0199 -0.0065
vn 0.8545 0.5193 -0.0109
vn 0.8489 0.5286 0.0035
vn 0.8881 0.4326 -0.1553
vn 0.8898 0.4272 -0.1604
vn 0.6234 0.7496 0.2226
vn 0.5964 0.7697 0.2279
vn 0.7458 0.6375 0.1932
vn 0.7692 0.6131 0.1804
vn 0.0566 0.9486 0.3113
vn 0.0396 0.9492 0.3122
vn 0.1845 0.9337 0.3068
vn 0.2140 0.9274 0.3067
vn -0.7846 0.5963 0.1695
vn -0.7523 0.5676 0.3345
vn -0.7515 0.5731 0.3268
vn -0.7743 0.6068 0.1797
vn 0.9138 0.3813 -0.1401
vn 0.9156 0.3795 -0.1332
vn -0.7113 0.6677 0.2196
vn -0.9185 0.3756 0.1235
vn -0.9173 0.3783 0.1244
vn -0.7218 0.6574 0.2163
vn 0.6233 0.7695 0.1396
vn 0.5878 0.7883 0.1821
vn -0.9994 -0.0325 -0.0107
vn -0.9955 -0.0895 -0.0295
vn -0.8077 0.5852 0.0714
vn -0.8085 0.5839 0.0742
vn -0.0031 -0.9339 -0.3575
vn -0.0030 -0.9341 -0.3570
vn -0.9373 0.3216 -0.1344
vn -0.9422 0.3054 -0.1379
vn -0.9112 0.1540 -0.3821
vn -0.8948 0.0989 -0.4353
vn 0.7783 0.1240 0.6155
vn 0.7754 0.1220 0.6195
vn 0.9410 0.0787 0.3291
vn 0.9567 0.0209 0.2903
vn -0.8894 -0.1330 -0.4374
vn -0.8893 -0.1308 -0.4382
vn -0.8378 -0.0846 -0.5394
vn -0.8371 -0.0733 -0.5422
vn 0.6682 0.5681 -0.4805
vn 0.6677 0.5497 -0.5020
vn 0.8837 0.2404 0.4015
vn 0.8595 0.2025 0.4693
vn -0.9138 0.3990 -0.0758
vn -0.9158 0.3947 -0.0741
vn 0.9703 -0.1443 0.1939
vn 0.9617 -0.1630 0.2202
vn 0.9544 0.0579 -0.2928
vn 0.9412 0.0666 -0.3313
vn -0.9979 0.0036 -0.0642
vn -0.9956 -0.0363 -0.0858
vn -0.8778 0.0146 -0.4789
vn -0.8515 -0.0144 -0.5241
vn 0.8692 0.4552 -0.1931
vn 0.8810 0.4725 -0.0227
vn -0.9790 0.0433 -0.1990
vn -0.9845 0.0455 -0.1693
vn 0.9987 0.0480 0.0195
vn 0.9797 -0.1976 -0.0324
vn 0.9833 0.1374 -0.1189
vn -0.5855 0.5965 -0.5490
vn -0.5610 0.5762 -0.5944
vn -0.9296 0.3685 -0.0021
vn -0.9333 0.3589 0.0065
vn 0.9945 -0.0513 -0.0918
vn 0.9758 -0.0426 0.2143
vn 0.9799 -0.0840 -0.1809
vn 0.9781 -0.0209 -0.2072
vn -0.5760 -0.8075 0.1273
vn -0.5742 -0.8052 0.1481
vn -0.8960 -0.4398 -0.0605
vn -0.7286 -0.6820 0.0628
vn 0.9800 -0.0612 -0.1896
vn 0.9887 0.0544 -0.1399
vn 0.9885 0.0689 -0.1349
vn 0.9866 0.0384 -0.1589
vn 0.0484 -0.9988 0.0082
vn 0.1836 -0.9729 0.1404
vn 0.0369 -0.9461 0.3218
vn -0.8563 -0.4761 0.2001
vn -0.7519 -0.6309 0.1914
vn 0.9961 -0.0804 -0.0361
vn 0.9643 -0.1469 0.2203
vn -0.7075 -0.7044 0.0581
vn -0.7557 -0.6155 0.2238
vn -0.7516 -0.6247 0.2118
vn 0.8971 0.0817 -0.4342
vn 0.6168 0.3504 -0.7048
vn 0.6437 0.3255 -0.6926
vn 0.9087 0.0516 -0.4143
vn -0.7310 -0.6327 0.2555
vn -0.6593 -0.7440 0.1090
vn -0.5354 -0.8416 0.0713
vn -0.7031 -0.7081 0.0646
vn 0.9973 0.0737 -0.0058
vn 0.9923 0.1122 -0.0517
vn 0.9983 0.0505 0.0293
vn 0.9655 -0.1007 0.2400
vn 0.9431 -0.1482 0.2976
vn 0.9744 -0.0683 0.2143
vn -0.5158 -0.8010 -0.3039
vn 0.9923 0.1122 -0.0518
vn -0.8036 -0.3071 0.5098
vn -0.7691 -0.3328 0.5457
vn -0.9182 0.2448 -0.3115
vn -0.9112 0.2533 -0.3250
vn -0.7816 0.4796 0.3990
vn -0.7553 0.5042 0.4186
vn -0.7583 0.5023 0.4156
vn -0.7815 0.4801 0.3984
vn -0.8354 0.3421 0.4302
vn -0.8070 0.4032 0.4315
vn -0.8443 0.4321 0.3169
vn -0.8318 0.4391 0.3395
vn -0.8301 0.4403 0.3422
vn -0.8422 0.4333 0.3210
vn -0.8149 0.4517 0.3633
vn -0.7945 0.4679 0.3872
vn -0.7928 0.4693 0.3887
vn -0.8121 0.4538 0.3669
vn -0.8509 0.4276 0.3051
vn -0.8504 0.4284 0.3056
vn -0.8541 0.4265 0.2977
vn -0.8550 0.4284 0.2923
vn -0.0282 -0.8147 -0.5791
vn -0.0225 -0.8146 -0.5796
vn -0.0746 -0.8040 -0.5899
vn -0.0793 -0.8032 -0.5904
vn -0.1400 -0.7716 -0.6205
vn -0.1396 -0.7707 -0.6217
vn -0.2266 -0.7427 -0.6302
vn -0.2188 -0.7455 -0.6296
vn -0.3043 -0.7530 -0.5834
vn -0.3012 -0.7549 -0.5826
vn -0.4926 -0.6775 -0.5462
vn -0.5030 -0.6721 -0.5434
vn -0.8253 -0.4113 -0.3869
vn -0.8155 -0.4234 -0.3947
vn -0.9611 -0.1649 -0.2213
vn -0.9585 -0.1724 -0.2271
vn -0.5669 -0.6359 -0.5237
vn -0.5848 -0.6247 -0.5174
vn -0.9045 -0.2935 -0.3093
vn -0.8957 -0.3091 -0.3197
vn -0.3067 -0.7532 -0.5819
vn -0.3110 -0.7518 -0.5814
vn -0.2072 -0.7797 -0.5908
vn -0.2143 -0.7782 -0.5904
vn -0.9953 0.0882 -0.0402
vn -0.9960 0.0734 -0.0510
vn -0.8635 0.4462 0.2350
vn -0.8691 0.4385 0.2288
vn -0.5322 0.7095 0.4619
vn -0.5330 0.7091 0.4615
vn -0.1511 -0.7908 -0.5931
vn -0.9761 -0.1136 -0.1855
vn -0.9761 -0.1136 -0.1854
vn -0.9692 -0.1432 -0.2004
vn 0.0533 0.8037 0.5926
vn 0.0560 0.8037 0.5925
vn 0.0333 0.7965 0.6037
vn 0.0332 0.7962 0.6041
vn 0.0759 0.8016 0.5930
vn 0.0760 0.8016 0.5930
vn 0.0817 0.8009 0.5931
vn 0.0825 0.8009 0.5932
vn 0.0960 0.7992 0.5934
vn 0.0970 0.7991 0.5934
vn 0.0553 0.8038 0.5924
vn 0.0518 0.8041 0.5922
vn -0.0600 0.8093 0.5843
vn -0.0644 0.8093 0.5839
vn -0.2199 0.7988 0.5599
vn -0.2231 0.7984 0.5592
vn 0.9816 0.0919 0.1677
vn 0.9807 0.0944 0.1711
vn 0.9592 -0.2577 -0.1164
vn 0.9590 -0.2572 -0.1186
vn 0.0183 -0.8143 -0.5801
vn 0.0238 -0.8142 -0.5801
vn 0.0844 -0.8222 -0.5629
vn 0.0924 -0.8219 -0.5621
vn 0.1527 -0.8274 -0.5404
vn 0.1542 -0.8272 -0.5403
vn 0.2338 -0.8045 -0.5460
vn 0.2319 -0.8039 -0.5478
vn 0.6217 -0.6329 -0.4614
vn 0.6397 -0.6207 -0.4533
vn 0.2723 -0.7494 -0.6036
vn 0.2765 -0.7471 -0.6045
vn -0.0047 0.7518 0.6594
vn -0.0094 0.7515 0.6597
vn 0.0791 0.7504 0.6562
vn 0.0834 0.7510 0.6550
vn 0.1344 -0.7513 -0.6461
vn 0.1514 -0.7553 -0.6376
vn 0.0914 -0.7539 -0.6506
vn 0.0923 -0.7540 -0.6504
vn 0.0913 -0.7520 -0.6528
vn 0.2206 -0.7546 -0.6181
vn 0.2100 0.7372 0.6423
vn 0.2148 0.7374 0.6404
vn 0.5123 0.6364 0.5766
vn 0.5070 0.6406 0.5767
vn 0.8357 0.3839 0.3927
vn 0.8292 0.3930 0.3975
vn 0.4836 -0.7276 -0.4866
vn 0.4807 -0.7283 -0.4885
vn 0.9969 -0.0472 0.0625
vn 0.9971 -0.0437 0.0620
vn 0.8936 -0.3995 -0.2049
vn 0.8828 -0.4166 -0.2173
vn -0.0241 0.7503 0.6607
vn -0.0215 0.7504 0.6606
vn 0.0019 0.7556 0.6551
vn 0.0020 0.7559 0.6547
vn 0.0186 0.7558 0.6545
vn 0.0189 0.7567 0.6535
vn 0.0356 0.7889 0.6134
vn 0.0354 0.7900 0.6121
vn 0.9936 0.0235 0.1102
vn 0.9939 0.0245 0.1076
vn 0.0013 -0.0362 -0.9993
vn 0.0027 -0.1135 -0.9935
vn -0.0014 -0.0781 -0.9969
vn -0.0030 -0.0200 -0.9998
vn -0.0001 -0.0757 -0.9971
vn -0.0000 -0.0183 -0.9998
vn 0.0021 -0.0787 -0.9969
vn 0.0044 -0.0200 -0.9998
vn -0.0026 -0.1143 -0.9934
vn -0.0002 -0.0407 -0.9992
vn 0.0047 -0.0901 -0.9959
vn 0.0014 -0.0832 -0.9965
vn -0.0001 -0.0819 -0.9966
vn -0.0013 -0.0831 -0.9965
vn -0.0047 -0.0896 -0.9960
vn 0.0082 0.1985 -0.9801
vn 0.0037 0.2149 -0.9766
vn 0.0035 0.0287 -0.9996
vn 0.0069 0.0181 -0.9998
vn 0.0009 0.2171 -0.9762
vn -0.0000 0.0288 -0.9996
vn -0.0031 0.2195 -0.9756
vn -0.0035 0.0288 -0.9996
vn -0.0075 0.2085 -0.9780
vn -0.0069 0.0187 -0.9998
vn 0.0133 0.4442 -0.8958
vn 0.0089 0.4483 -0.8938
vn 0.0065 0.3936 -0.9192
vn 0.0110 0.3869 -0.9220
vn -0.0000 0.4435 -0.8963
vn 0.0018 0.3937 -0.9192
vn 0.0014 0.4460 -0.8950
vn -0.0020 0.3918 -0.9201
vn 0.0200 0.4975 -0.8672
vn 0.0024 0.4109 -0.9117
vn -0.2327 -0.9445 -0.2321
vn -0.2509 -0.9223 -0.2939
vn -0.0698 -0.9972 -0.0267
vn -0.2459 -0.9545 -0.1686
vn -0.8697 0.2082 0.4475
vn -0.8657 0.2061 0.4561
vn 0.0116 0.1007 0.9949
vn 0.0135 0.1208 0.9926
vn 0.0232 0.0724 0.9971
vn 0.0197 0.0658 0.9976
vn 0.0001 0.0882 0.9961
vn 0.0076 0.0908 0.9958
vn 0.0085 0.0459 0.9989
vn -0.0000 0.0425 0.9991
vn -0.0094 0.0463 0.9989
vn -0.0077 0.0908 0.9958
vn -0.0306 0.0913 0.9953
vn -0.0122 0.1027 0.9946
vn 0.0078 0.0862 0.9962
vn 0.0077 0.0892 0.9960
vn 0.0001 0.0819 0.9966
vn 0.0053 0.0826 0.9966
vn -0.0054 0.0826 0.9966
vn -0.0078 0.0862 0.9962
vn 0.0081 -0.2019 0.9794
vn 0.0069 -0.0220 0.9997
vn 0.0066 -0.0324 0.9995
vn 0.0075 -0.2163 0.9763
vn 0.0042 -0.2156 0.9765
vn 0.0038 -0.0296 0.9996
vn -0.0000 -0.0288 0.9996
vn -0.0009 -0.2172 0.9761
vn -0.0038 -0.0295 0.9996
vn -0.0046 -0.2199 0.9755
vn -0.0079 -0.2233 0.9747
vn -0.0067 -0.0322 0.9995
vn 0.0151 -0.5451 0.8382
vn 0.0159 -0.5464 0.8374
vn 0.0038 -0.4385 0.8987
vn 0.0058 -0.4410 0.8975
vn 0.0014 -0.5177 0.8555
vn 0.0010 -0.4282 0.9037
vn -0.0018 -0.4279 0.9038
vn -0.0000 -0.5094 0.8605
vn -0.0147 -0.4343 0.9007
vn -0.0262 -0.5080 0.8610
vn -0.0167 -0.5775 0.8162
vn -0.0072 -0.4742 0.8804
vn -0.0000 -0.9893 -0.1456
vn -0.1983 -0.9697 -0.1427
vn -0.2032 -0.9687 -0.1426
vn -0.4982 -0.8578 -0.1263
vn -0.5182 -0.8461 -0.1245
vn -0.9054 -0.4201 -0.0618
vn -0.8595 -0.5057 -0.0744
vn -0.9984 0.0562 0.0083
vn -0.9925 0.1206 0.0178
vn -0.9567 0.2878 0.0423
vn -0.9574 0.2857 0.0420
vn -0.9815 0.1893 0.0279
vn -0.9799 0.1980 0.0256
vn -0.9766 0.1762 -0.1229
vn -0.9792 0.1673 -0.1148
vn -0.9976 0.0680 0.0162
vn -0.9979 0.0587 0.0277
vn 0.9783 0.1843 0.0944
vn 0.9784 0.1870 0.0882
vn 0.9817 0.0922 0.1665
vn 0.9843 0.0632 0.1647
vn 0.9879 0.1529 0.0258
vn 0.9860 0.1648 0.0243
vn 0.9609 0.2740 0.0403
vn 0.9612 0.2729 0.0402
vn 0.9989 0.0472 0.0070
vn 0.9939 0.1087 0.0160
vn 0.8687 -0.4901 -0.0722
vn 0.9117 -0.4065 -0.0598
vn 0.5260 -0.8414 -0.1239
vn 0.5032 -0.8549 -0.1259
vn 0.1941 -0.9705 -0.1429
vn 0.1900 -0.9713 -0.1430
vn -0.1072 0.9501 -0.2928
vn -0.0295 0.9538 -0.2991
vn -0.0414 0.9546 -0.2951
vn -0.0996 0.9514 -0.2915
vn 0.0265 -0.0499 0.9984
vn 0.0265 -0.0500 0.9984
vn 0.0415 0.9370 -0.3469
vn 0.0169 0.9454 -0.3253
vn 0.0847 -0.0449 0.9954
vn 0.0847 -0.0448 0.9954
vn 0.1028 0.8986 -0.4266
vn 0.0749 0.9197 -0.3854
vn 0.1453 -0.0685 0.9870
vn 0.1522 0.8352 -0.5284
vn 0.1287 0.8706 -0.4749
vn 0.2074 -0.1239 0.9704
vn 0.2074 -0.1240 0.9704
vn 0.1862 0.7469 -0.6384
vn 0.1726 0.7900 -0.5882
vn 0.2679 -0.2146 0.9393
vn 0.2679 -0.2145 0.9393
vn 0.2679 -0.2146 0.9392
vn 0.2017 0.6426 -0.7392
vn 0.1989 0.6731 -0.7123
vn 0.3201 -0.3399 0.8843
vn 0.3201 -0.3398 0.8843
vn 0.2013 0.5355 -0.8202
vn 0.2008 0.5296 -0.8241
vn 0.3531 -0.4898 0.7971
vn 0.1870 0.4222 -0.8870
vn 0.1789 0.3841 -0.9058
vn 0.3561 -0.6414 0.6796
vn 0.3560 -0.6414 0.6796
vn 0.1580 0.3066 -0.9386
vn 0.1410 0.2597 -0.9553
vn 0.3265 -0.7688 0.5499
vn 0.3266 -0.7688 0.5498
vn 0.3266 -0.7688 0.5499
vn 0.3265 -0.7687 0.5499
vn 0.1165 0.2039 -0.9720
vn 0.0949 0.1652 -0.9817
vn 0.2729 -0.8589 0.4333
vn 0.0661 0.1237 -0.9901
vn 0.0451 0.1001 -0.9940
vn 0.2071 -0.9146 0.3472
vn 0.2071 -0.9146 0.3473
vn 0.0088 0.0704 -0.9975
vn -0.0058 0.0619 -0.9981
vn 0.1376 -0.9446 0.2980
vn 0.1376 -0.9445 0.2981
vn 0.1376 -0.9446 0.2981
vn -0.0543 0.0476 -0.9974
vn -0.0568 0.0474 -0.9973
vn 0.0688 -0.9559 0.2856
vn 0.0688 -0.9558 0.2857
vn -0.1209 0.0590 -0.9909
vn -0.1095 0.0546 -0.9925
vn 0.0024 -0.9513 0.3082
vn 0.0024 -0.9514 0.3080
vn -0.1874 0.1061 -0.9765
vn -0.1664 0.0873 -0.9822
vn -0.0600 -0.9299 0.3630
vn -0.0600 -0.9299 0.3629
vn -0.2505 0.1883 -0.9496
vn -0.2267 0.1528 -0.9619
vn -0.1164 -0.8872 0.4465
vn -0.3046 0.3017 -0.9034
vn -0.2865 0.2582 -0.9226
vn -0.1627 -0.8179 0.5519
vn -0.1627 -0.8178 0.5520
vn -0.1628 -0.8179 0.5519
vn -0.3413 0.4318 -0.8349
vn -0.3355 0.4053 -0.8504
vn -0.1938 -0.7195 0.6669
vn -0.1938 -0.7194 0.6670
vn -0.3560 0.5593 -0.7487
vn -0.3563 0.5744 -0.7370
vn -0.2051 -0.5969 0.7756
vn -0.3481 0.6835 -0.6416
vn -0.3383 0.7266 -0.5981
vn -0.1956 -0.4636 0.8642
vn -0.3133 0.7942 -0.5206
vn -0.2895 0.8346 -0.4687
vn -0.1684 -0.3358 0.9268
vn -0.1685 -0.3358 0.9268
vn -0.2556 0.8751 -0.4109
vn -0.2265 0.8999 -0.3728
vn -0.1288 -0.2260 0.9656
vn -0.1846 0.9252 -0.3315
vn -0.1612 0.9353 -0.3149
vn -0.0813 -0.1409 0.9867
vn -0.0813 -0.1408 0.9867
vn -0.0290 -0.0821 0.9962
vn -0.0057 -0.0157 -0.9999
vn -0.0188 0.0139 -0.9997
vn -0.0304 -0.0221 -0.9993
vn -0.0109 -0.0241 -0.9996
vn -0.0469 -0.0089 -0.9989
vn -0.0944 0.0318 -0.9950
vn -0.0788 0.0179 -0.9967
vn -0.0453 -0.0288 -0.9986
vn -0.1308 0.0496 -0.9902
vn -0.1164 0.0470 -0.9921
vn -0.1654 0.0328 -0.9857
vn -0.1522 0.0332 -0.9878
vn -0.1986 0.0146 -0.9800
vn -0.1859 0.0133 -0.9825
vn -0.2334 0.0046 -0.9724
vn -0.2199 0.0021 -0.9755
vn -0.2674 0.0176 -0.9634
vn -0.2666 0.0076 -0.9638
vn -0.3093 0.0300 -0.9505
vn -0.3232 0.0123 -0.9463
vn -0.3807 0.0614 -0.9227
vn -0.3722 0.0451 -0.9271
vn -0.5133 0.0968 -0.8527
vn -0.4667 0.0979 -0.8790
vn -0.7681 0.0410 -0.6390
vn -0.7112 0.0546 -0.7009
vn -0.9659 0.0654 -0.2505
vn -0.9517 0.0577 -0.3016
vn -0.9697 0.0523 -0.2386
vn -0.9728 0.0614 -0.2235
vn -0.9146 -0.0361 -0.4027
vn -0.9152 -0.0260 -0.4022
vn -0.9875 -0.0431 -0.1517
vn -0.9778 -0.0446 -0.2047
vn -0.9625 -0.0305 0.2694
vn -0.9738 -0.0258 0.2261
vn -0.8688 -0.0794 0.4888
vn -0.7478 -0.1285 0.6514
vn -0.7681 -0.1177 0.6294
vn -0.8938 -0.0343 0.4472
vn 0.5104 -0.8599 -0.0094
vn 0.6570 -0.7537 -0.0163
vn 0.3763 -0.9265 -0.0062
vn 0.2652 -0.9638 -0.0293
vn 0.9710 -0.0935 -0.2199
vn 0.9258 0.3219 -0.1980
vn 0.8961 0.3147 -0.3129
vn 0.8918 -0.0669 -0.4474
vn 0.8544 0.1896 -0.4839
vn 0.7745 -0.2040 -0.5987
vn 0.7194 0.1210 -0.6840
vn 0.6997 -0.2469 -0.6704
vn 0.5733 0.1393 -0.8074
vn 0.6442 -0.1893 -0.7411
vn 0.4862 0.1229 -0.8652
vn 0.5453 -0.1651 -0.8218
vn 0.4150 0.1171 -0.9022
vn 0.4628 -0.1323 -0.8765
vn 0.3554 0.1296 -0.9257
vn 0.3961 -0.0976 -0.9130
vn 0.2958 0.1904 -0.9361
vn 0.3399 -0.0599 -0.9386
vn 0.2204 0.3136 -0.9236
vn 0.2824 -0.0119 -0.9592
vn 0.1445 0.3589 -0.9221
vn 0.2113 0.0234 -0.9771
vn 0.1132 0.3674 -0.9231
vn 0.1168 0.0794 -0.9900
vn 0.0712 0.3784 -0.9229
vn 0.0609 0.1754 -0.9826
vn 0.0244 0.4597 -0.8878
vn 0.0463 0.3331 -0.9417
vn 0.0090 0.5148 -0.8573
vn 0.0236 0.4147 -0.9096
vn 0.0020 0.5420 -0.8404
vn -0.0105 0.4354 -0.9002
vn -0.0030 0.5260 -0.8505
vn -0.0442 0.3950 -0.9176
vn 0.0162 0.0648 0.9978
vn 0.0191 0.1202 0.9926
vn 0.0362 0.1141 0.9928
vn 0.0285 0.0896 0.9956
vn 0.0540 0.1198 0.9913
vn 0.0935 0.1024 0.9903
vn 0.0776 0.0976 0.9922
vn 0.0410 0.1114 0.9929
vn 0.1320 0.0724 0.9886
vn 0.1166 0.0692 0.9908
vn 0.1671 0.0723 0.9833
vn 0.1528 0.0681 0.9859
vn 0.2021 0.0646 0.9772
vn 0.1878 0.0639 0.9801
vn 0.2402 0.0421 0.9698
vn 0.2251 0.0434 0.9734
vn 0.2833 0.0107 0.9590
vn 0.2666 0.0128 0.9637
vn 0.3342 -0.0195 0.9423
vn 0.3158 -0.0186 0.9486
vn 0.3916 -0.0494 0.9188
vn 0.3722 -0.0480 0.9269
vn 0.4566 -0.0815 0.8859
vn 0.4361 -0.0800 0.8964
vn 0.5302 -0.0941 0.8427
vn 0.5082 -0.0980 0.8557
vn 0.6191 -0.1059 0.7781
vn 0.5969 -0.1056 0.7954
vn 0.6964 -0.1349 0.7049
vn 0.6973 -0.1348 0.7040
vn 0.7864 -0.1519 0.5987
vn 0.8117 -0.1546 0.5632
vn 0.8990 -0.1029 0.4258
vn 0.9215 -0.0968 0.3760
vn 0.9859 -0.0568 0.1575
vn 0.9930 -0.0494 0.1072
vn 0.9837 -0.0089 -0.1796
vn 0.9708 0.0012 -0.2401
vn -0.5520 0.8338 0.0102
vn -0.2439 0.9694 0.0276
vn -0.3550 0.9349 0.0044
vn -0.6836 0.7296 0.0168
vn -0.9703 0.0969 0.2217
vn -0.8911 0.0677 0.4487
vn -0.8967 -0.3141 0.3118
vn -0.9169 -0.3469 0.1974
vn -0.7738 0.2040 0.5997
vn -0.8557 -0.1858 0.4830
vn -0.6991 0.2508 0.6696
vn -0.7215 -0.1186 0.6822
vn -0.6425 0.1957 0.7408
vn -0.5748 -0.1378 0.8066
vn -0.5443 0.1711 0.8213
vn -0.4879 -0.1218 0.8643
vn -0.4624 0.1367 0.8761
vn -0.4168 -0.1175 0.9014
vn -0.3960 0.1009 0.9127
vn -0.3572 -0.1304 0.9249
vn -0.3399 0.0632 0.9384
vn -0.2980 -0.1902 0.9354
vn -0.2464 -0.0184 0.9690
vn -0.2636 -0.3383 0.9034
vn -0.1452 -0.0295 0.9890
vn -0.2137 -0.3673 0.9052
vn -0.0850 -0.0638 0.9943
vn -0.1431 -0.3470 0.9269
vn -0.0596 -0.1780 0.9822
vn -0.0690 -0.3772 0.9236
vn -0.0436 -0.3342 0.9415
vn -0.0228 -0.4547 0.8903
vn -0.0217 -0.4163 0.9090
vn -0.0094 -0.5042 0.8635
vn 0.0012 -0.3953 0.9186
vn 0.0127 -0.5071 0.8618
vn 0.0183 -0.3493 0.9368
vn 0.0319 -0.4928 0.8696
vn -0.0278 -0.0381 -0.9989
vn -0.0523 -0.0102 -0.9986
vn -0.0322 -0.0308 -0.9990
vn -0.0076 -0.0486 -0.9988
vn -0.0945 0.0444 -0.9945
vn -0.0788 0.0239 -0.9966
vn -0.1309 0.0291 -0.9910
vn -0.1164 0.0369 -0.9925
vn -0.1590 0.0031 -0.9873
vn -0.1471 -0.0022 -0.9891
vn 0.9789 -0.0149 -0.2037
vn 0.9276 0.3014 -0.2209
vn 0.9572 -0.1918 -0.2165
vn 0.8158 -0.5758 -0.0541
vn 0.8796 0.3547 -0.3169
vn 0.8931 -0.0000 -0.4499
vn 0.8255 0.1144 -0.5526
vn 0.8018 -0.2732 -0.5315
vn 0.7207 0.1444 -0.6780
vn 0.7915 -0.2135 -0.5726
vn 0.0132 0.1727 0.9849
vn -0.0101 0.1729 0.9849
vn 0.0331 0.1732 0.9843
vn 0.0520 0.1548 0.9866
vn 0.0860 0.0893 0.9923
vn 0.0863 0.0832 0.9928
vn 0.1313 0.0941 0.9869
vn 0.1160 0.0798 0.9900
vn 0.1591 0.1227 0.9796
vn 0.1473 0.1187 0.9819
vn -0.9788 -0.0324 0.2022
vn -0.8753 0.4799 0.0594
vn -0.9681 0.1212 0.2194
vn -0.9215 -0.3199 0.2203
vn -0.8924 0.0012 0.4512
vn -0.8802 -0.3542 0.3160
vn -0.8011 0.2763 0.5309
vn -0.8271 -0.1140 0.5503
vn -0.7908 0.2172 0.5723
vn -0.7209 -0.1441 0.6778
vn 0.0001 0.9995 0.0312
vn -0.0000 0.9995 0.0313
vn -0.0000 0.9995 0.0312
vn 0.0001 0.9995 0.0311
vn -0.9976 -0.0655 0.0236
vn -0.9989 0.0479 -0.0010
vn 0.0051 0.0444 0.9990
vn 0.0010 0.0705 0.9975
vn 0.9752 -0.2213 0.0044
vn 0.9969 -0.0755 -0.0211
vn -0.0053 -0.0265 -0.9996
vn -0.0007 -0.0181 -0.9998
vn -0.3428 -0.9387 0.0360
vn -0.3478 -0.9369 0.0350
vn -0.4300 -0.9024 0.0271
vn -0.4990 -0.8656 0.0405
vn 0.0019 0.0566 0.9984
vn 0.0047 0.0109 0.9999
vn 0.3167 0.9479 -0.0354
vn 0.5466 0.8363 -0.0420
vn 0.4830 0.8752 -0.0268
vn 0.3262 0.9447 -0.0335
vn -0.0023 -0.0182 -0.9998
vn -0.0047 -0.0320 -0.9995
vn -0.6367 -0.7710 0.0097
vn -0.6654 -0.7465 0.0082
vn 0.0009 0.0145 0.9999
vn 0.0013 0.0101 0.9999
vn 0.7867 0.6174 -0.0055
vn 0.7372 0.6757 -0.0079
vn -0.0013 -0.0099 -0.9999
vn -0.0008 -0.0149 -0.9999
vn -0.9338 -0.3566 0.0302
vn -0.9323 -0.3615 0.0097
vn -0.7724 0.6352 0.0014
vn -0.8290 0.5592 0.0052
vn 0.0038 0.0005 1.0000
vn 0.0010 -0.0107 0.9999
vn 0.0029 0.0075 1.0000
vn 0.0027 0.0071 1.0000
vn 0.9884 0.1493 -0.0293
vn 0.6897 -0.7241 -0.0012
vn 0.6546 -0.7560 0.0018
vn 0.9836 0.1803 -0.0070
vn -0.0025 -0.0109 -0.9999
vn -0.0027 -0.0072 -1.0000
vn -0.0030 -0.0075 -1.0000
vn -0.0010 -0.0100 -0.9999
vn 0.0002 0.0028 1.0000
vn 0.0018 0.0031 1.0000
vn 0.0025 0.0016 1.0000
vn 0.0023 -0.0008 1.0000
vn -0.0199 0.9998 -0.0084
vn -0.0104 0.9999 -0.0129
vn -0.0141 0.9998 -0.0112
vn -0.0238 0.9997 -0.0066
vn -0.0002 -0.0028 -1.0000
vn -0.0022 0.0009 -1.0000
vn -0.0025 -0.0016 -1.0000
vn -0.0017 -0.0032 -1.0000
vn -0.2311 -0.9729 0.0103
vn -0.2120 -0.9772 0.0096
vn 0.1852 -0.9827 0.0051
vn 0.1987 -0.9801 0.0057
vn -0.9860 0.1613 0.0427
vn -0.9853 0.1640 0.0474
vn 0.9860 0.1613 0.0427
vn 0.9853 0.1640 0.0474
vn -0.9878 0.1421 0.0641
vn -0.9878 0.1410 0.0662
vn 0.9878 0.1410 0.0662
vn 0.9878 0.1421 0.0642
vn -1.0000 -0.0000 -0.0096
vn -1.0000 -0.0000 -0.0098
vn -1.0000 0.0005 -0.0045
vn -1.0000 0.0008 -0.0048
vn 1.0000 -0.0000 0.0096
vn 1.0000 -0.0007 0.0048
vn 1.0000 -0.0005 0.0045
vn 1.0000 -0.0000 0.0098
vn -0.5213 0.8533 -0.0017
vn -0.4735 0.8808 0.0030
vn 0.5370 0.8436 -0.0096
vn 0.4894 0.8720 -0.0046
vn 0.9310 -0.3564 -0.0792
vn 0.9802 0.0720 -0.1843
vn -0.9738 -0.1299 0.1869
vn -0.9261 0.3690 0.0789
vn -0.0471 0.1023 0.9936
vn -0.0134 0.1212 0.9925
vn -0.0077 0.0888 0.9960
vn -0.0081 -0.2109 0.9775
vn -0.0069 -0.0223 0.9997
vn -0.0143 -0.5903 0.8070
vn -0.0074 -0.4670 0.8842
vn 0.0081 0.0450 0.9990
vn -0.0000 0.0424 0.9991
vn -0.0093 0.0450 0.9989
vn -0.8627 -0.5055 0.0147
vn -0.8642 -0.4871 -0.1261
vn -0.8619 -0.4918 -0.1235
vn -0.8667 -0.4989 0.0032
vn -0.0063 0.1007 0.9949
vn -0.0090 0.0992 0.9950
vn -0.0094 0.0993 0.9950
vn -0.0063 0.1008 0.9949
vn -0.0123 0.0996 0.9950
vn -0.0123 0.0997 0.9949
vn -0.0734 0.9971 0.0181
vn -0.0972 0.9952 -0.0081
vn -0.1257 0.9918 -0.0248
vn 0.9264 0.3727 0.0539
vn 0.9376 0.3449 0.0447
vn 0.0546 0.9500 -0.3075
vn -0.0150 0.9467 -0.3218
vn 0.1009 0.9070 -0.4089
vn -0.1056 0.9789 -0.1750
vn -0.0731 0.9927 -0.0955
vn -0.0152 0.9778 -0.2090
vn -0.0413 0.9777 -0.2058
vn 0.0570 0.9779 -0.2012
vn 0.1210 0.9662 -0.2277
vn 0.1162 0.8563 -0.5032
vn -0.1215 0.3368 -0.9337
vn -0.0905 0.1704 -0.9812
vn -0.1901 0.9326 0.3068
vn -0.1588 0.9378 0.3086
vn -0.1540 0.9386 0.3088
vn -0.0891 -0.5289 -0.8440
vn -0.0843 -0.5235 -0.8478
vn -0.0775 -0.4976 -0.8640
vn -0.1052 -0.8174 -0.5664
vn 0.0929 0.6455 -0.7581
vn 0.0235 0.6254 -0.7800
vn -0.0735 0.9474 0.3116
vn -0.0809 0.9468 0.3115
vn 0.5062 0.8257 0.2487
vn 0.4710 0.8421 0.2625
vn 0.6442 0.7427 0.1828
vn 0.6431 0.7468 0.1694
vn -0.1290 0.3948 -0.9097
vn -0.1501 0.3915 -0.9079
vn 0.3064 0.9040 0.2980
vn 0.3213 0.9008 0.2921
vn 0.1233 0.6368 -0.7611
vn -0.0532 0.6025 -0.7964
vn -0.0952 0.6021 -0.7927
vn 0.9392 0.3402 -0.0465
vn 0.9597 0.2663 0.0897
vn 0.9604 0.2616 0.0962
vn 0.9503 0.3112 0.0031
vn -0.1104 0.9409 -0.3202
vn -0.0631 0.6339 -0.7708
vn -0.0353 0.6192 -0.7845
vn -0.0228 0.6105 -0.7917
vn 0.0160 -0.7090 -0.7051
vn 0.0142 -0.7039 -0.7102
vn 0.0216 -0.7244 -0.6890
vn 0.0138 -0.7084 -0.7057
vn -0.1348 0.4074 -0.9033
vn 0.9863 0.1599 -0.0409
vn 0.9856 0.1620 -0.0481
vn -0.9863 0.1599 -0.0409
vn -0.9856 0.1620 -0.0481
vn 0.9873 0.1450 -0.0652
vn 0.9872 0.1446 -0.0679
vn -0.9873 0.1450 -0.0652
vn -0.9872 0.1446 -0.0679
vn 1.0000 0.0005 0.0045
vn 1.0000 0.0008 0.0048
vn -1.0000 -0.0008 -0.0048
vn -1.0000 -0.0005 -0.0045
vn 0.3140 -0.6952 -0.6466
vn 0.2681 -0.3278 -0.9059
vn 0.2222 -0.9631 0.1519
vn 0.2209 -0.9630 0.1542
vn 0.0390 0.5405 -0.8404
vn -0.0650 0.6638 -0.7450
vn 0.0416 0.4679 -0.8828
vn -0.1517 0.7728 -0.6162
vn 0.9656 -0.0694 -0.2505
vn 0.9670 -0.0876 -0.2390
vn -0.0395 -0.3809 -0.9238
vn -0.0363 -0.2408 -0.9699
vn -0.0345 -0.2207 -0.9747
vn -0.0315 -0.3938 -0.9186
vn -0.0073 -0.5732 -0.8194
vn -0.0205 -0.5506 -0.8345
vn 0.0041 -0.6829 -0.7305
vn 0.0164 -0.8253 -0.5645
vn 0.0104 -0.8332 -0.5529
vn -0.0011 -0.6837 -0.7297
vn 0.0224 -0.9332 -0.3587
vn 0.0263 -0.9326 -0.3600
vn -0.0180 -0.1005 -0.9948
vn -0.0295 -0.1306 -0.9910
vn -0.0139 -0.0079 -0.9999
vn -0.0082 0.0128 -0.9999
vn 0.0021 0.7133 -0.7009
vn -0.0032 0.7003 -0.7138
vn -0.0015 0.6533 -0.7571
vn 0.0029 0.6573 -0.7536
vn -0.0001 0.4890 -0.8723
vn -0.0013 0.5042 -0.8636
vn -0.0045 0.3116 -0.9502
vn -0.0052 0.2909 -0.9567
vn -0.0071 0.1297 -0.9915
vn -0.0084 0.1429 -0.9897
vn -0.9663 0.1385 0.2171
vn -0.9664 0.1359 0.2184
vn -0.9753 0.1371 0.1730
vn -0.9765 0.1302 0.1720
vn -0.9879 0.1547 -0.0137
vn -0.9900 0.1410 -0.0110
vn -0.9711 0.1403 -0.1931
vn -0.9723 0.1309 -0.1935
vn -0.9524 0.0640 -0.2982
vn -0.9505 0.0597 -0.3049
vn -0.9717 -0.0628 -0.2277
vn -0.9688 -0.0603 -0.2405
vn -0.9815 0.1199 0.1493
vn -0.9821 0.1102 0.1525
vn -0.9822 0.1106 0.1519
vn -0.9828 0.1183 0.1415
vn -0.9803 0.1343 0.1445
vn -0.9800 0.1345 0.1467
vn -0.9698 0.1843 0.1601
vn -0.9710 0.1802 0.1573
vn -0.9611 0.2235 0.1624
vn -0.9610 0.2250 0.1609
vn -0.9673 0.2094 0.1434
vn -0.9659 0.2142 0.1453
vn -0.9702 0.1850 0.1561
vn -0.9701 0.1846 0.1573
vn -0.9681 0.1689 0.1851
vn -0.9678 0.1695 0.1862
vn 0.9749 -0.1222 -0.1863
vn 0.9757 -0.1281 -0.1775
vn 0.9683 -0.0736 -0.2386
vn 0.9684 -0.0733 -0.2383
vn 0.9765 -0.0772 -0.2011
vn 0.9770 -0.0778 -0.1987
vn 0.9847 -0.0869 -0.1508
vn 0.9851 -0.0868 -0.1483
vn 0.9887 -0.1055 -0.1061
vn 0.9895 -0.1007 -0.1032
vn 0.9877 -0.1172 -0.1037
vn 0.9879 -0.1158 -0.1030
vn 0.9927 -0.0844 -0.0858
vn 0.9934 -0.0801 -0.0826
vn 0.9968 -0.0483 -0.0630
vn 0.9968 -0.0483 -0.0640
vn 0.9887 0.0931 0.1172
vn 0.9888 0.0982 0.1127
vn 0.9872 0.0046 0.1597
vn 0.9873 -0.0013 0.1589
vn 0.9919 -0.0722 0.1048
vn 0.9923 -0.0755 0.0978
vn 0.9917 -0.1274 -0.0183
vn 0.9913 -0.1285 -0.0277
vn -0.0483 0.3026 -0.9519
vn 0.0415 -0.1379 -0.9896
vn 0.1172 -0.2624 -0.9578
vn 0.0452 -0.3734 -0.9266
vn 0.0465 0.3123 -0.9488
vn 0.0348 -0.3066 -0.9512
vn 0.1874 0.0587 -0.9805
vn -0.0205 0.0350 -0.9992
vn -0.0881 0.2686 -0.9592
vn 0.1675 0.2477 -0.9542
vn 0.0251 0.3261 -0.9450
vn 0.0157 0.3987 -0.9169
vn -0.0562 0.3521 -0.9343
vn -0.0417 0.2858 -0.9574
vn -0.0384 0.3306 -0.9430
vn -0.1452 0.3622 -0.9207
vn 0.0714 0.3801 -0.9222
vn 0.1123 0.3248 -0.9391
vn -0.0004 0.4750 -0.8800
vn -0.0747 0.4087 -0.9096
vn -0.2115 0.4307 -0.8774
vn -0.0650 0.4370 -0.8971
vn 0.0029 0.4277 -0.9039
vn -0.1684 0.4142 -0.8945
vn -0.0356 0.5685 -0.8219
vn -0.0564 0.6100 -0.7904
vn -0.1157 0.5388 -0.8345
vn -0.1008 0.4886 -0.8667
vn -0.0391 0.2152 -0.9758
vn -0.0791 0.2159 -0.9732
vn -0.0723 0.1572 -0.9849
vn -0.0034 -0.1055 0.9944
vn 0.0375 -0.0243 0.9990
vn 0.0099 -0.1122 0.9936
vn -0.0444 -0.1983 0.9791
vn -0.0556 -0.1914 0.9799
vn 0.0546 -0.0539 0.9971
vn 0.0682 -0.0942 0.9932
vn 0.0248 -0.1650 0.9860
vn -0.0304 -0.2365 0.9712
vn 0.0728 -0.2815 0.9568
vn 0.0489 -0.2173 0.9749
vn 0.0877 -0.1481 0.9851
vn 0.1025 -0.2013 0.9742
vn 0.0045 -0.3675 0.9300
vn -0.0214 -0.2876 0.9575
vn 0.1373 -0.2920 0.9465
vn 0.1019 -0.3905 0.9149
vn 0.0346 -0.4721 0.8809
vn 0.4086 -0.9109 -0.0581
vn 0.1540 -0.9677 -0.1996
vn 0.1412 -0.8887 -0.4362
vn 0.3842 -0.8407 -0.3817
vn -0.0091 -0.9670 -0.2548
vn 0.0018 -0.8789 -0.4770
vn 0.7809 -0.5910 0.2025
vn 0.8761 -0.4703 -0.1063
vn 0.9860 -0.0741 0.1493
vn 0.8728 -0.1654 0.4592
vn 0.7950 -0.1131 0.5959
vn 0.8268 -0.0877 0.5556
vn 0.9672 0.0210 0.2532
vn 0.9563 0.0080 0.2924
vn 0.9440 -0.0396 0.3275
vn 0.7735 -0.1705 0.6104
vn 0.3097 -0.7603 -0.5710
vn 0.1323 -0.8151 -0.5639
vn 0.1132 -0.8226 -0.5573
vn 0.3028 -0.7627 -0.5715
vn 0.0241 -0.8112 -0.5842
vn 0.0120 -0.8134 -0.5816
vn 0.6764 -0.4869 -0.5527
vn 0.7468 -0.4053 -0.5273
vn 0.9409 0.0331 -0.3371
vn 0.9265 -0.0313 -0.3750
vn 0.9474 0.2125 -0.2393
vn 0.9505 0.1584 -0.2674
vn 0.9495 0.1812 -0.2561
vn 0.9470 0.2130 -0.2406
vn 0.9474 0.2162 -0.2361
vn 0.9478 0.2183 -0.2324
vn 0.1411 -0.4510 -0.8813
vn 0.2116 -0.5481 -0.8092
vn 0.0998 -0.6291 -0.7709
vn 0.0761 -0.5150 -0.8538
vn 0.0306 -0.5971 -0.8016
vn 0.0367 -0.4633 -0.8855
vn 0.4844 0.0883 -0.8704
vn 0.4070 -0.2476 -0.8792
vn 0.2237 -0.1948 -0.9550
vn 0.2693 0.1122 -0.9565
vn 0.1866 0.2761 -0.9428
vn 0.4216 0.2807 -0.8623
vn 0.4612 0.2211 -0.8593
vn 0.2369 0.2186 -0.9466
vn 0.3761 0.3451 -0.8599
vn 0.1196 0.3452 -0.9309
vn 0.3101 -0.9419 0.1292
vn 0.1101 -0.9939 -0.0006
vn -0.0158 -0.9994 -0.0303
vn 0.5814 -0.6643 0.4697
vn 0.6156 -0.2076 0.7602
vn 0.5260 -0.2243 0.8204
vn 0.5637 -0.1791 0.8063
vn 0.4986 -0.2882 0.8175
vn 0.2792 -0.6286 -0.7259
vn 0.1389 -0.7095 -0.6909
vn 0.0373 -0.7047 -0.7086
vn 0.6515 0.0320 -0.7580
vn 0.5075 -0.3193 -0.8003
vn 0.6337 0.2678 -0.7258
vn 0.6570 0.1987 -0.7272
vn 0.6057 0.3188 -0.7290
vn -0.0322 0.1834 -0.9825
vn 0.0383 0.2492 -0.9677
vn 0.0435 0.2097 -0.9768
vn -0.0950 0.3199 -0.9427
vn -0.0846 0.2653 -0.9605
vn -0.1046 0.3640 -0.9255
vn -0.1385 0.4828 -0.8647
vn -0.1585 0.4938 -0.8550
vn -0.1215 0.4269 -0.8961
vn -0.4684 0.6176 -0.6318
vn -0.4121 0.7364 -0.5366
vn -0.3765 0.7010 -0.6057
vn -0.2089 0.8076 -0.5516
vn -0.1333 0.8782 -0.4594
vn -0.3328 0.8182 -0.4689
vn 0.0418 0.8359 -0.5473
vn -0.3671 0.2682 -0.8907
vn -0.3596 0.2629 -0.8953
vn -0.4096 0.2565 -0.8754
vn -0.3657 0.2753 -0.8891
vn -0.3429 0.3242 -0.8816
vn -0.3348 0.3805 -0.8620
vn -0.3433 0.4117 -0.8442
vn 0.1276 0.3663 -0.9217
vn 0.0172 -0.3013 -0.9534
vn -0.0592 -0.1415 -0.9882
vn 0.0298 -0.0205 -0.9993
vn -0.1274 0.1896 -0.9736
vn -0.1244 0.3775 -0.9176
vn 0.1351 0.4101 -0.9020
vn 0.0923 0.1750 -0.9802
vn 0.0888 0.4476 -0.8898
vn 0.0984 0.3736 -0.9224
vn 0.0685 0.5052 -0.8603
vn -0.0969 0.4882 -0.8673
vn -0.0900 0.5908 -0.8017
vn 0.1364 0.5862 -0.7986
vn 0.0671 0.5346 -0.8424
vn -0.0843 0.6806 -0.7278
vn -0.0844 0.7254 -0.6831
vn 0.1002 0.7155 -0.6913
vn 0.1137 0.6789 -0.7253
vn 0.0249 0.6648 -0.7466
vn 0.0416 0.6325 -0.7734
vn 0.1063 0.2967 -0.9490
vn 0.1368 0.2681 -0.9536
vn 0.1321 0.3440 -0.9297
vn -0.0885 -0.2071 0.9743
vn -0.0971 -0.2282 0.9687
vn -0.1234 -0.1809 0.9757
vn -0.1262 -0.2498 0.9600
vn -0.0948 -0.2787 0.9557
vn -0.1221 -0.3114 0.9424
vn -0.0665 -0.4338 0.8985
vn -0.1022 -0.4769 0.8730
vn -0.1116 -0.3860 0.9157
vn -0.0861 -0.3409 0.9361
vn -0.0882 -0.5693 0.8174
vn -0.0443 -0.5316 0.8458
vn -0.4073 -0.8932 -0.1904
vn -0.3624 -0.7909 -0.4930
vn -0.1374 -0.8568 -0.4970
vn -0.1681 -0.9489 -0.2669
vn -0.9830 -0.1837 -0.0010
vn -0.8250 -0.4910 -0.2796
vn -0.7639 -0.6443 0.0366
vn -0.8915 -0.3229 0.3177
vn -0.8322 -0.3002 0.4663
vn -0.9738 -0.1146 0.1964
vn -0.9839 -0.1021 0.1465
vn -0.8602 -0.2628 0.4370
vn -0.9659 -0.1483 0.2121
vn -0.8038 -0.3706 0.4654
vn -0.2711 -0.7301 -0.6273
vn -0.2792 -0.7184 -0.6371
vn -0.0978 -0.7907 -0.6044
vn -0.0905 -0.7948 -0.6001
vn -0.9172 -0.0091 -0.3983
vn -0.6955 -0.3885 -0.6044
vn -0.6357 -0.4527 -0.6252
vn -0.8969 -0.0561 -0.4387
vn -0.9545 0.1854 -0.2338
vn -0.9546 0.1905 -0.2291
vn -0.9495 0.1390 -0.2814
vn -0.9464 0.1207 -0.2996
vn -0.9537 0.2177 -0.2075
vn -0.9536 0.2232 -0.2022
vn -0.0769 -0.3865 -0.9191
vn -0.0050 -0.4644 -0.8856
vn -0.0436 -0.5935 -0.8036
vn -0.1661 -0.4983 -0.8510
vn -0.1694 -0.0943 -0.9810
vn -0.3652 -0.1633 -0.9165
vn -0.4704 0.2005 -0.8594
vn -0.2346 0.2604 -0.9366
vn -0.2285 0.5036 -0.8332
vn -0.2315 0.4031 -0.8854
vn -0.4723 0.3622 -0.8036
vn -0.4668 0.4631 -0.7534
vn -0.4614 0.5532 -0.6936
vn -0.2225 0.6015 -0.7673
vn -0.3339 -0.9425 0.0112
vn -0.1402 -0.9878 -0.0681
vn -0.5913 -0.7490 0.2990
vn -0.6534 -0.3944 0.6462
vn -0.5644 -0.4527 0.6903
vn -0.6061 -0.3834 0.6969
vn -0.5048 -0.5518 0.6639
vn -0.0762 -0.7025 -0.7076
vn -0.2339 -0.6158 -0.7524
vn -0.4888 -0.2653 -0.8311
vn -0.6501 0.1055 -0.7525
vn -0.6722 0.2856 -0.6831
vn -0.6792 0.3878 -0.6231
vn -0.6760 0.4644 -0.5722
vn 0.1057 0.2558 -0.9609
vn 0.1253 0.4067 -0.9049
vn 0.1131 0.4832 -0.8682
vn 0.0936 0.5695 -0.8166
vn 0.0667 0.6992 -0.7119
vn 0.0750 0.6660 -0.7421
vn 0.4911 0.7104 -0.5041
vn 0.2809 0.8570 -0.4319
vn 0.4194 0.7710 -0.4792
vn 0.4464 0.7949 -0.4110
vn 0.2036 0.8988 -0.3883
vn 0.3626 0.8582 -0.3634
vn 0.4024 0.4495 -0.7975
vn 0.4475 0.4206 -0.7892
vn 0.3934 0.4354 -0.8097
vn 0.3686 0.5387 -0.7576
vn 0.4020 0.4630 -0.7900
vn 0.2539 0.6853 -0.6826
vn 0.3115 0.6433 -0.6994
vn 0.1246 0.4449 -0.8869
vn 0.0866 0.4809 -0.8725
vn 0.0885 0.4335 -0.8968
vn 0.0205 0.4333 -0.9010
vn 0.0262 0.3886 -0.9210
vn 0.0726 0.5658 -0.8213
vn 0.1180 0.5293 -0.8402
vn 0.1032 0.6079 -0.7873
vn 0.0055 0.5129 -0.8585
vn 0.0487 0.6228 -0.7809
vn 0.0776 0.6719 -0.7366
vn -0.0238 0.5583 -0.8293
vn 0.0049 0.9975 -0.0699
vn 0.0249 0.7668 -0.6414
vn 0.0530 0.8068 -0.5885
vn 0.0151 0.9999 -0.0005
vn -0.0252 0.9927 -0.1179
vn -0.0450 0.7160 -0.6966
vn -0.0948 0.3247 -0.9410
vn -0.0516 0.3611 -0.9311
vn -0.0610 0.3907 -0.9185
vn -0.0783 0.4530 -0.8881
vn -0.1251 0.3976 -0.9090
vn -0.1084 0.3664 -0.9241
vn -0.1056 0.4772 -0.8724
vn -0.1423 0.3975 -0.9065
vn -0.1548 0.5523 -0.8191
vn -0.1182 0.6486 -0.7519
vn -0.0586 0.9838 -0.1693
vn -0.0871 0.9667 -0.2408
vn -0.0508 0.4489 0.8921
vn -0.0206 0.4695 0.8827
vn -0.0123 0.7845 0.6199
vn -0.0309 0.7503 0.6604
vn 0.0362 0.4885 0.8718
vn 0.0167 0.7963 0.6047
vn 0.0925 0.5319 0.8417
vn 0.1160 0.5826 0.8044
vn 0.0617 0.8297 0.5548
vn 0.0480 0.8157 0.5765
vn -0.0621 0.0806 0.9948
vn -0.0279 0.0962 0.9950
vn -0.0238 0.2304 0.9728
vn -0.0597 0.1971 0.9786
vn 0.0478 0.1389 0.9891
vn 0.0442 0.2634 0.9637
vn 0.1202 0.2164 0.9689
vn 0.1434 0.3177 0.9373
vn 0.1373 0.4043 0.9043
vn 0.1098 0.3281 0.9382
vn -0.2979 -0.6418 -0.7067
vn -0.2922 -0.6410 -0.7098
vn -0.1030 -0.7455 -0.6585
vn -0.1118 -0.7452 -0.6574
vn 0.0060 -0.7953 -0.6062
vn 0.0033 -0.7960 -0.6053
vn -0.9412 0.0652 -0.3315
vn -0.9490 0.0953 -0.3005
vn -0.7191 -0.2994 -0.6271
vn -0.6841 -0.3364 -0.6472
vn -0.9587 0.2179 -0.1829
vn -0.9583 0.2216 -0.1805
vn -0.9497 0.2639 -0.1687
vn -0.9495 0.2649 -0.1685
vn -0.9513 0.2540 -0.1745
vn -0.9518 0.2524 -0.1741
vn 0.1170 -0.8056 -0.5807
vn 0.1187 -0.8054 -0.5807
vn 0.3167 -0.7471 -0.5844
vn 0.3103 -0.7479 -0.5868
vn 0.7259 -0.4252 -0.5406
vn 0.7726 -0.3753 -0.5122
vn 0.9514 0.1088 -0.2882
vn 0.9440 0.0688 -0.3227
vn 0.9481 0.2111 -0.2377
vn 0.9480 0.2124 -0.2371
vn 0.9504 0.2092 -0.2301
vn 0.9503 0.2102 -0.2297
vn 0.9517 0.2129 -0.2213
vn 0.9519 0.2136 -0.2198
vn -0.9477 0.2694 -0.1712
vn -0.9477 0.2696 -0.1711
vn -0.9489 0.2675 -0.1677
vn -0.9488 0.2675 -0.1681
vn 0.9517 0.2191 -0.2149
vn 0.9518 0.2181 -0.2156
vn 0.9511 0.2289 -0.2076
vn 0.9509 0.2297 -0.2075
vn 0.0174 -0.6769 -0.7358
vn 0.0217 -0.6777 -0.7350
vn 0.0390 -0.6736 -0.7380
vn 0.0390 -0.6734 -0.7382
vn -0.9463 0.2725 -0.1740
vn -0.9467 0.2695 -0.1766
vn -0.0201 -0.6843 -0.7289
vn -0.0179 -0.6848 -0.7285
vn -0.0755 -0.7400 -0.6684
vn -0.0744 -0.7420 -0.6663
vn -0.0167 -0.7208 -0.6930
vn -0.0609 -0.7084 -0.7032
vn -0.0592 -0.7074 -0.7043
vn -0.0739 -0.7420 -0.6663
vn 0.9491 0.2353 -0.2092
vn 0.9489 0.2332 -0.2127
vn 0.9499 0.2323 -0.2089
vn 0.9496 0.2361 -0.2064
vn -0.9459 0.2724 -0.1762
vn -0.9457 0.2712 -0.1790
vn 0.1199 -0.4216 0.8988
vn 0.1766 -0.3100 0.9342
vn 0.0450 -0.5143 0.8564
vn 0.7661 -0.2121 0.6068
vn 0.9251 -0.0896 0.3690
vn 0.9500 0.2188 -0.2228
vn 0.9521 0.2120 -0.2203
vn 0.9547 0.2085 -0.2123
vn 0.9540 0.2103 -0.2136
vn 0.2680 0.3868 -0.8824
vn 0.0539 0.3808 -0.9231
vn 0.4873 -0.3287 0.8090
vn 0.4887 -0.3288 0.8081
vn 0.5826 0.3591 -0.7291
vn 0.5776 0.3609 -0.7322
vn -0.0641 -0.6067 0.7923
vn -0.0295 -0.5798 0.8142
vn -0.0758 -0.6136 0.7860
vn -0.9617 -0.1686 0.2162
vn -0.7655 -0.4285 0.4800
vn -0.9546 -0.1834 0.2348
vn -0.9530 0.2363 -0.1895
vn -0.9530 0.2297 -0.1976
vn -0.9516 0.2382 -0.1942
vn -0.9518 0.2379 -0.1936
vn -0.1962 0.6446 -0.7389
vn -0.4270 0.6044 -0.6725
vn -0.2124 0.6435 -0.7354
vn -0.4419 -0.6116 0.6562
vn -0.6685 0.5093 -0.5420
vn -0.4172 0.5137 -0.7497
vn 0.4404 0.6176 -0.6516
vn -0.0036 0.2893 -0.9572
vn 0.0237 0.2674 -0.9633
vn 0.0190 0.1899 -0.9816
vn 0.0019 0.2540 -0.9672
vn 0.0188 0.1647 -0.9862
vn 0.0324 0.3799 -0.9245
vn 0.0211 0.3886 -0.9212
vn 0.0055 0.4145 -0.9100
vn 0.0540 0.2772 -0.9593
vn 0.0240 0.2851 -0.9582
vn 0.0185 0.4713 -0.8818
vn 0.0385 0.4497 -0.8923
vn 0.0588 0.2014 -0.9777
vn 0.0230 0.1946 -0.9806
vn 0.0768 0.2587 -0.9629
vn 0.0873 0.2015 -0.9756
vn 0.0481 0.3999 -0.9153
vn 0.0406 0.4945 -0.8682
vn 0.0631 0.6270 -0.7764
vn 0.0764 0.6154 -0.7845
vn 0.0445 0.5063 -0.8612
vn 0.0282 0.5802 -0.8140
vn -0.0131 0.4385 -0.8986
vn 0.0718 0.6829 -0.7270
vn 0.0128 0.6153 -0.7882
vn 0.0077 0.5535 -0.8328
vn -0.0173 0.7239 -0.6896
vn -0.0349 0.6645 -0.7465
vn 0.0077 0.6417 -0.7669
vn -0.0046 0.7545 -0.6563
vn -0.0330 0.4537 -0.8905
vn -0.0886 0.5661 -0.8195
vn 0.0320 0.3227 -0.9460
vn -0.0936 0.3141 -0.9448
vn -0.0586 0.1924 -0.9796
vn -0.1180 0.4957 -0.8604
vn 0.1288 0.9136 -0.3857
vn 0.1293 0.9178 -0.3753
vn 0.1142 0.7571 -0.6432
vn 0.0872 0.7815 -0.6178
vn 0.1241 0.9062 -0.4042
vn 0.1174 0.7507 -0.6501
vn -0.0120 0.9401 -0.3406
vn -0.0078 0.8551 -0.5185
vn 0.0165 0.8561 -0.5166
vn 0.0353 0.9404 -0.3382
vn -0.0371 0.9362 -0.3494
vn -0.0215 0.8412 -0.5404
vn -0.1251 0.7075 -0.6956
vn -0.0853 0.7680 -0.6347
vn -0.1166 0.9163 -0.3832
vn -0.1366 0.9152 -0.3792
vn -0.1343 0.9337 -0.3320
vn -0.1461 0.7135 -0.6853
vn 0.0013 0.6547 -0.7559
vn 0.0051 0.6591 -0.7521
vn 0.0193 0.7626 -0.6466
vn -0.0037 0.7732 -0.6341
vn 0.0028 0.4783 -0.8782
vn -0.0050 0.4872 -0.8733
vn -0.0485 0.8165 -0.5753
vn 0.0121 0.6284 -0.7778
vn -0.0135 0.4680 -0.8836
vn 0.0305 0.7679 -0.6399
vn 0.0670 0.8222 -0.5652
vn -0.0298 0.2725 -0.9617
vn -0.0311 0.1963 -0.9801
vn -0.0249 0.2646 -0.9640
vn -0.0155 0.2629 -0.9647
vn -0.0212 0.1500 -0.9885
vn -0.0276 0.1740 -0.9844
vn 0.0675 0.2060 -0.9762
vn -0.0226 0.1235 -0.9921
vn 0.0305 0.1191 -0.9924
vn 0.0816 0.1710 -0.9819
vn -0.0006 0.2739 -0.9618
vn -0.0073 0.1668 -0.9860
vn 0.0024 0.5336 -0.8457
vn 0.0166 0.6375 -0.7703
vn 0.0599 0.7486 -0.6603
vn -0.0710 0.9290 -0.3633
vn 0.1160 0.9001 -0.4201
vn -0.1408 0.7586 -0.6362
vn -0.1216 0.9550 -0.2706
vn -0.0950 0.0988 -0.9906
vn -0.1258 0.1611 -0.9789
vn -0.1378 0.3118 -0.9401
vn -0.1409 0.4976 -0.8559
vn 0.1482 0.8474 -0.5099
vn -0.7467 0.6494 0.1438
vn -0.7427 0.6603 0.1116
vn -0.7851 0.5359 0.3106
vn -0.7802 0.5327 0.3280
vn -0.8288 0.4439 0.3408
vn -0.8139 0.4541 0.3623
vn -0.8695 0.4011 0.2882
vn -0.8705 0.4015 0.2847
vn -0.8900 0.4028 0.2136
vn -0.8874 0.4087 0.2133
vn -0.9281 0.3402 0.1511
vn -0.9254 0.3437 0.1597
vn -0.9360 0.3516 -0.0154
vn -0.9340 0.3560 -0.0286
vn -0.1387 -0.9524 -0.2714
vn -0.1387 -0.9519 -0.2732
vn -0.0861 -0.9627 -0.2565
vn -0.1167 -0.9608 -0.2514
vn -0.1151 -0.9612 -0.2506
vn -0.1391 -0.9535 -0.2675
vn -0.0563 -0.9653 -0.2550
vn -0.0646 -0.9655 -0.2522
vn -0.0173 -0.9724 -0.2326
vn -0.0199 -0.9727 -0.2312
vn -0.0125 -0.9766 -0.2147
vn -0.0118 -0.9766 -0.2148
vn -0.0087 -0.9725 -0.2325
vn -0.0090 -0.9723 -0.2335
vn 0.0102 -0.9659 -0.2586
vn 0.0121 -0.9658 -0.2590
vn 0.0299 -0.9650 -0.2607
vn 0.0336 -0.9653 -0.2590
vn 0.0436 -0.9700 -0.2392
vn 0.0476 -0.9703 -0.2374
vn 0.0510 -0.9792 -0.1965
vn 0.0511 -0.9795 -0.1949
vn 0.0505 -0.9850 -0.1649
vn 0.0505 -0.9852 -0.1635
vn 0.8117 -0.1140 -0.5729
vn 0.9570 -0.2901 -0.0029
vn 0.9588 -0.2754 -0.0690
vn 0.7919 -0.1014 -0.6021
vn 0.7447 -0.0408 -0.6661
vn 0.7379 -0.0379 -0.6738
vn 0.7130 0.0913 -0.6952
vn 0.7084 0.0937 -0.6995
vn 0.7104 0.2387 -0.6621
vn 0.7082 0.2428 -0.6630
vn 0.7552 0.4836 -0.4425
vn 0.7510 0.5071 -0.4229
vn 0.8112 0.5813 -0.0633
vn 0.8192 0.5701 -0.0623
vn -0.0463 -0.1690 0.9845
vn -0.6255 -0.1854 0.7579
vn -0.2409 -0.3835 0.8916
vn -0.0389 -0.3687 0.9287
vn -0.2134 0.1363 -0.9674
vn -0.4000 0.2404 -0.8844
vn 0.0371 0.3248 -0.9451
vn 0.0442 0.2439 -0.9688
vn -0.3244 0.1687 -0.9308
vn -0.4378 0.2939 -0.8497
vn -0.5865 -0.1045 0.8032
vn -0.2906 -0.3001 0.9086
vn -0.1415 -0.5426 0.8280
vn -0.0335 -0.5808 0.8133
vn 0.0481 0.1545 -0.9868
vn -0.1130 0.0319 -0.9931
vn -0.2984 -0.2297 -0.9264
vn -0.2635 -0.6732 0.6909
vn -0.0416 -0.2626 0.9640
vn -0.2157 -0.2826 0.9347
vn -0.2157 -0.2101 0.9536
vn -0.0429 -0.2032 0.9782
vn -0.1751 0.1788 -0.9682
vn -0.2064 0.2027 -0.9572
vn 0.0396 0.2372 -0.9706
vn 0.0472 0.1939 -0.9799
vn -0.2988 0.1768 -0.9378
vn -0.3381 0.1912 -0.9215
vn -0.3864 -0.2168 0.8965
vn -0.3612 -0.2957 0.8843
vn 0.1439 -0.3349 0.9312
vn 0.3714 -0.1265 0.9198
vn 0.5846 0.3319 -0.7404
vn 0.3553 0.1755 -0.9181
vn 0.6466 0.3863 -0.6578
vn 0.4797 0.1928 -0.8560
vn 0.3944 -0.0552 0.9173
vn 0.1819 -0.2905 0.9394
vn 0.0735 -0.5147 0.8542
vn 0.2374 0.0203 -0.9712
vn 0.4502 -0.2440 -0.8589
vn 0.1805 -0.6129 0.7692
vn 0.1117 -0.1908 0.9753
vn 0.0923 -0.2514 0.9635
vn 0.3161 0.2506 -0.9150
vn 0.3033 0.2070 -0.9301
vn 0.4983 0.2592 -0.8273
vn 0.4463 0.2125 -0.8693
vn 0.2540 -0.1763 0.9510
vn 0.2394 -0.2369 0.9416
vn 0.0619 0.8802 -0.4706
vn 0.0790 0.8550 -0.5126
vn 0.0115 0.9311 -0.3646
vn 0.0092 0.9422 -0.3349
vn -0.0377 0.6584 0.7518
vn 0.0087 0.4908 0.8712
vn -0.0016 0.5362 0.8441
vn -0.0366 0.6801 0.7322
vn -0.0393 0.8434 -0.5358
vn -0.0246 0.8783 -0.4774
vn -0.0825 0.5363 0.8400
vn -0.0939 0.4964 0.8630
vn 0.1073 -0.1373 0.9847
vn 0.2516 -0.1284 0.9593
vn 0.2480 -0.1295 0.9600
vn 0.4422 0.1437 -0.8853
vn 0.2967 0.1461 -0.9437
vn 0.0466 0.1432 -0.9886
vn -0.1711 0.1355 -0.9759
vn -0.2936 0.1286 -0.9472
vn -0.2913 0.1282 -0.9480
vn -0.3876 -0.1387 0.9113
vn -0.2179 -0.1429 0.9655
vn -0.0430 -0.1429 0.9888
vn -0.0487 0.9963 -0.0711
vn -0.1240 0.9774 -0.1712
vn -0.1239 0.9788 -0.1631
vn -0.0789 0.9934 -0.0836
vn 0.0537 0.3117 -0.9487
vn 0.0479 0.2887 -0.9562
vn 0.0492 0.2950 -0.9542
vn 0.0507 0.2924 -0.9550
vn 0.0778 -0.8724 -0.4825
vn 0.1246 -0.8869 -0.4447
vn 0.1280 -0.8209 -0.5566
vn 0.0829 -0.8043 -0.5884
vn 0.0800 -0.9260 -0.3688
vn 0.1264 -0.9231 -0.3633
vn -0.0428 -0.2964 0.9541
vn -0.0577 -0.3134 0.9479
vn -0.0448 -0.2976 0.9536
vn -0.0464 -0.2984 0.9533
vn -0.0896 0.5561 0.8262
vn -0.1584 0.6392 0.7525
vn -0.1562 0.6298 0.7609
vn -0.0889 0.5519 0.8291
vn -0.8359 0.0717 -0.5441
vn -0.9577 0.0203 -0.2871
vn -0.9491 -0.0059 -0.3149
vn -0.8865 0.0257 -0.4620
vn 0.0413 0.2908 -0.9559
vn 0.0364 0.3355 -0.9413
vn 0.7178 -0.6716 -0.1836
vn 0.9306 -0.3469 0.1164
vn 0.9112 -0.4097 -0.0437
vn 0.7519 -0.5809 -0.3118
vn 0.7061 -0.7072 -0.0360
vn 0.9340 -0.3230 0.1527
vn -0.0500 -0.3042 0.9513
vn -0.0346 -0.2819 0.9588
vn -0.9507 -0.0291 -0.3086
vn -0.9510 -0.0294 -0.3077
vn -0.9505 -0.0287 -0.3093
vn -0.9508 -0.0288 -0.3085
vn 0.0364 0.2637 -0.9639
vn 0.0393 0.2728 -0.9613
vn 0.9508 0.0291 0.3086
vn 0.9502 0.0285 0.3102
vn 0.9513 0.0295 0.3068
vn -0.0357 -0.2480 0.9681
vn -0.0388 -0.2574 0.9655
vn -0.9511 -0.0291 -0.3075
vn -0.9510 -0.0295 -0.3079
vn -0.9509 -0.0294 -0.3082
vn -0.9509 -0.0292 -0.3081
vn -0.9509 -0.0293 -0.3080
vn 0.0434 0.1177 -0.9921
vn 0.0432 0.1172 -0.9922
vn 0.0467 -0.0253 -0.9986
vn 0.0453 -0.0161 -0.9988
vn 0.9501 0.0288 0.3105
vn 0.9499 0.0286 0.3113
vn 0.9500 0.0297 0.3110
vn 0.9502 0.0292 0.3101
vn -0.0431 -0.1210 0.9917
vn -0.0446 -0.1009 0.9939
vn -0.0336 -0.5234 0.8514
vn -0.0318 -0.5690 0.8218
vn -0.9509 -0.0292 -0.3082
vn -0.9508 -0.0294 -0.3083
vn -0.9513 -0.0296 -0.3068
vn -0.9510 -0.0293 -0.3079
vn -0.9509 -0.0292 -0.3080
vn -0.9512 -0.0294 -0.3071
vn 0.0438 0.1302 -0.9905
vn 0.0451 0.1718 -0.9841
vn 0.0429 0.1673 -0.9850
vn 0.0434 0.1300 -0.9906
vn 0.9510 0.0286 0.3077
vn 0.9510 0.0287 0.3078
vn 0.9506 0.0290 0.3090
vn 0.9507 0.0290 0.3088
vn -0.0487 0.2881 0.9564
vn -0.0211 0.6092 0.7928
vn -0.0252 0.5845 0.8110
vn -0.0495 0.2863 0.9569
vn -0.9506 -0.0296 -0.3090
vn -0.9507 -0.0288 -0.3088
vn -0.9508 -0.0298 -0.3083
vn -0.9506 -0.0300 -0.3089
vn -0.0156 0.7008 0.7132
vn -0.0151 0.6990 0.7149
vn -0.0017 -0.9164 0.4004
vn -0.0073 -0.8710 0.4912
vn 0.0258 -0.9984 -0.0511
vn 0.0292 -0.9877 -0.1536
vn -0.9509 -0.0290 -0.3081
vn -0.9507 -0.0284 -0.3088
vn -0.9502 -0.0242 -0.3107
vn -0.9509 -0.0293 -0.3082
vn 0.0402 0.2105 -0.9768
vn 0.0390 0.2052 -0.9779
vn 0.9514 0.0297 0.3064
vn 0.9510 0.0294 0.3077
vn 0.9507 0.0292 0.3086
vn 0.9509 0.0290 0.3081
vn -0.0400 -0.1486 0.9881
vn -0.0371 -0.1740 0.9840
vn -0.0399 -0.1824 0.9824
vn -0.0441 -0.1533 0.9872
vn -0.9507 -0.0292 -0.3087
vn -0.0039 0.9990 -0.0435
vn -0.0040 0.9991 -0.0433
vn -0.0040 0.9991 -0.0434
vn -0.0039 0.9990 -0.0436
vn 0.0410 0.2969 -0.9540
vn 0.0410 0.2971 -0.9539
vn 0.0411 0.2971 -0.9540
vn 0.0408 0.2962 -0.9543
vn 0.0266 -0.8707 -0.4911
vn 0.0267 -0.8773 -0.4793
vn 0.0277 -0.8739 -0.4854
vn 0.0288 -0.8431 -0.5369
vn -0.0410 -0.2969 0.9540
vn -0.0410 -0.2968 0.9541
vn -0.0411 -0.2971 0.9540
vn -0.0410 -0.2972 0.9539
vn -0.0406 0.5533 0.8320
vn -0.0406 0.5535 0.8319
vn -0.9509 -0.0290 -0.3083
vn -0.9513 -0.0287 -0.3071
vn 0.0508 -0.4419 -0.8956
vn 0.0541 -0.4216 -0.9052
vn 0.9504 0.0284 0.3098
vn 0.9506 0.0295 0.3091
vn -0.0318 0.3290 0.9438
vn -0.0373 0.3306 0.9430
vn -0.9534 -0.0228 -0.3010
vn 0.9508 0.0290 0.3084
vn 0.9505 0.0269 0.3097
vn 0.9502 0.0252 0.3106
vn 0.9504 0.0275 0.3097
vn 0.9508 0.0308 0.3084
vn 0.9509 0.0309 0.3080
vn 0.9510 0.0307 0.3077
vn 0.9504 0.0298 0.3096
vn 0.9486 0.0339 0.3148
vn 0.0482 -0.8466 -0.5300
vn 0.0491 -0.8098 -0.5846
vn -0.9506 -0.0290 -0.3090
vn -0.9505 -0.0289 -0.3092
vn 0.0383 0.2327 -0.9718
vn 0.0384 0.2362 -0.9709
vn 0.9507 0.0291 0.3087
vn 0.9506 0.0291 0.3090
vn 0.9506 0.0289 0.3091
vn -0.0369 -0.2169 0.9755
vn -0.0381 -0.2204 0.9747
vn -0.9507 -0.0292 -0.3088
vn 0.0267 -0.8837 -0.4673
vn 0.0266 -0.9026 -0.4296
vn 0.1241 0.9887 -0.0842
vn 0.1248 0.9881 -0.0897
vn 0.0618 0.9974 -0.0372
vn 0.0517 0.9980 -0.0359
vn 0.0360 0.2961 -0.9545
vn 0.0353 0.2968 -0.9543
vn 0.0350 0.2879 -0.9570
vn 0.0340 0.3056 -0.9516
vn -0.0616 -0.8022 -0.5938
vn -0.0672 -0.8538 -0.5162
vn -0.0223 -0.8657 -0.5001
vn -0.0250 -0.8026 -0.5960
vn -0.0777 -0.9044 -0.4195
vn -0.0186 -0.9177 -0.3968
vn -0.0370 -0.2965 0.9543
vn -0.0377 -0.2966 0.9543
vn -0.0246 -0.3104 0.9503
vn -0.0392 -0.2971 0.9540
vn 0.0735 0.6066 0.7916
vn 0.0758 0.6141 0.7856
vn 0.0134 0.5426 0.8399
vn -0.0022 0.5423 0.8402
vn 0.9518 0.0523 0.3024
vn 0.9411 0.0761 0.3294
vn 0.9898 0.1423 -0.0042
vn 0.9892 0.0928 0.1133
vn 0.0414 0.2915 -0.9557
vn 0.0433 0.3381 -0.9401
vn -0.7884 -0.3475 -0.5077
vn -0.8344 -0.3369 -0.4363
vn -0.5800 -0.6301 -0.5163
vn -0.5701 -0.5119 -0.6426
vn -0.8334 -0.3679 -0.4125
vn -0.6007 -0.6744 -0.4294
vn -0.0308 -0.3044 0.9521
vn -0.0476 -0.2830 0.9579
vn 0.9511 0.0290 0.3075
vn 0.9500 0.0284 0.3108
vn 0.9506 0.0287 0.3092
vn 0.9504 0.0289 0.3096
vn 0.0443 0.2695 -0.9620
vn 0.0467 0.2674 -0.9624
vn -0.9508 -0.0291 -0.3083
vn -0.9511 -0.0293 -0.3075
vn -0.9505 -0.0288 -0.3092
vn -0.0484 -0.2516 0.9666
vn -0.0453 -0.2547 0.9660
vn 0.9502 0.0290 0.3104
vn 0.9507 0.0297 0.3087
vn 0.9507 0.0287 0.3087
vn 0.9509 0.0292 0.3081
vn 0.9509 0.0296 0.3082
vn 0.0441 0.1168 -0.9922
vn 0.0447 -0.0192 -0.9988
vn 0.0431 -0.0210 -0.9988
vn 0.0438 0.1176 -0.9921
vn -0.9505 -0.0293 -0.3092
vn -0.9499 -0.0287 -0.3114
vn -0.9504 -0.0286 -0.3098
vn -0.9508 -0.0289 -0.3084
vn -0.0452 -0.1044 0.9935
vn -0.0267 -0.5590 0.8287
vn -0.0291 -0.5569 0.8301
vn -0.0440 -0.1176 0.9921
vn 0.9508 0.0289 0.3086
vn 0.9507 0.0294 0.3087
vn 0.9511 0.0293 0.3074
vn 0.0416 0.1697 -0.9846
vn 0.0434 0.1294 -0.9906
vn 0.0431 0.1308 -0.9905
vn 0.0434 0.1697 -0.9845
vn -0.9510 -0.0293 -0.3078
vn -0.9510 -0.0296 -0.3079
vn -0.9511 -0.0293 -0.3076
vn -0.0544 0.5908 0.8050
vn -0.0496 0.3064 0.9506
vn -0.0525 0.3160 0.9473
vn -0.0574 0.6072 0.7924
vn 0.9504 0.0288 0.3096
vn 0.9506 0.0293 0.3090
vn 0.9508 0.0290 0.3085
vn -0.0566 0.7048 0.7071
vn -0.0570 0.7059 0.7060
vn -0.0252 -0.8755 0.4826
vn -0.0071 -0.9970 -0.0766
vn -0.0066 -0.9893 -0.1458
vn -0.0231 -0.9165 0.3993
vn 0.9508 0.0290 0.3086
vn 0.9508 0.0294 0.3085
vn 0.9519 0.0358 0.3043
vn 0.9508 0.0292 0.3085
vn 0.9510 0.0294 0.3078
vn 0.0446 0.2102 -0.9766
vn 0.0474 0.2082 -0.9769
vn -0.9504 -0.0287 -0.3096
vn -0.9507 -0.0290 -0.3088
vn -0.9502 -0.0286 -0.3104
vn -0.9513 -0.0290 -0.3070
vn -0.0470 -0.1491 0.9877
vn -0.0428 -0.1532 0.9873
vn -0.0467 -0.1792 0.9827
vn -0.0484 -0.1771 0.9830
vn 0.9506 0.0291 0.3091
vn -0.0039 0.9990 -0.0448
vn -0.0038 0.9990 -0.0448
vn 0.0412 0.2967 -0.9541
vn 0.0413 0.2967 -0.9541
vn 0.0258 -0.8738 -0.4856
vn 0.0291 -0.8431 -0.5370
vn -0.0412 -0.2966 0.9541
vn -0.0412 -0.2967 0.9541
vn -0.0407 0.5533 0.8320
vn 0.9506 0.0286 0.3091
vn 0.0342 -0.4105 -0.9112
vn 0.0333 -0.4539 -0.8904
vn -0.9503 -0.0282 -0.3102
vn -0.9509 -0.0290 -0.3082
vn -0.0518 -0.5363 0.8424
vn -0.0528 -0.5397 0.8402
vn 0.9510 0.0285 0.3078
vn -0.9509 -0.0289 -0.3081
vn -0.9508 -0.0288 -0.3086
vn -0.9502 -0.0277 -0.3105
vn -0.9502 -0.0280 -0.3103
vn -0.9506 -0.0286 -0.3090
vn -0.9507 -0.0290 -0.3087
vn -0.9493 -0.0322 -0.3127
vn -0.9485 -0.0340 -0.3150
vn -0.9496 -0.0320 -0.3118
vn 0.0135 -0.8397 -0.5428
vn 0.0110 -0.8045 -0.5939
vn 0.9514 0.0299 0.3066
vn 0.9511 0.0295 0.3076
vn 0.0463 0.2351 -0.9709
vn 0.0473 0.2343 -0.9710
vn -0.9507 -0.0294 -0.3089
vn -0.9506 -0.0294 -0.3091
vn -0.9507 -0.0294 -0.3088
vn -0.0468 -0.2211 0.9741
vn -0.0472 -0.2197 0.9744
vn 0.9507 0.0292 0.3088
vn 0.0232 -0.9024 -0.4303
vn 0.0503 0.2944 -0.9544
vn 0.0458 0.4304 -0.9015
vn 0.0456 0.3864 -0.9212
vn 0.0584 0.2848 -0.9568
vn 0.0376 0.5674 -0.8226
vn 0.0274 0.5209 -0.8532
vn 0.0408 0.3450 -0.9377
vn 0.0247 0.3659 -0.9303
vn 0.0439 0.5483 -0.8352
vn 0.0545 0.3782 -0.9241
vn 0.0488 0.3115 -0.9490
vn 0.0429 0.4144 -0.9091
vn -0.9950 0.0994 -0.0096
vn -0.9968 0.0790 -0.0071
vn -0.9962 0.0463 -0.0733
vn -0.9947 0.0784 -0.0661
vn -0.9890 -0.0721 -0.1289
vn -0.9889 -0.0726 -0.1295
vn -0.9871 -0.0836 -0.1366
vn -0.9869 -0.0807 -0.1399
vn 0.9208 -0.0554 0.3860
vn 0.9169 -0.0545 0.3954
vn 0.9469 -0.0751 0.3127
vn 0.9536 -0.0759 0.2913
vn 0.9522 0.1181 0.2817
vn 0.9277 0.2284 0.2953
vn 0.9332 0.2439 0.2638
vn 0.9463 0.2052 0.2499
vn 0.0591 0.1862 -0.9807
vn 0.0558 0.1623 -0.9852
vn 0.0532 0.1944 -0.9795
vn 0.0556 0.1753 -0.9829
vn 0.0547 0.1896 -0.9803
vn 0.0579 0.1823 -0.9815
vn 0.0532 0.2426 -0.9687
vn 0.0588 0.2397 -0.9691
vn 0.0482 0.2444 -0.9685
vn 0.8855 -0.2226 0.4078
vn 0.8840 -0.2129 0.4163
vn 0.9060 -0.0708 0.4174
vn 0.9077 -0.0828 0.4113
vn 0.9082 -0.0266 0.4176
vn 0.9066 -0.0241 0.4213
vn -0.9776 -0.1065 -0.1816
vn -0.9758 -0.1050 -0.1920
vn -0.9720 -0.0767 -0.2223
vn -0.9717 -0.0677 -0.2265
vn -0.9732 -0.0243 -0.2285
vn -0.9733 -0.0244 -0.2282
vn 0.0483 0.2354 -0.9707
vn 0.0527 0.2316 -0.9714
vn 0.0600 0.2356 -0.9700
vn 0.0486 0.2123 -0.9760
vn 0.0608 0.2169 -0.9743
vn 0.0466 0.2291 -0.9723
vn 0.8023 -0.5074 0.3144
vn 0.8223 -0.4544 0.3424
vn -0.9357 -0.2430 -0.2557
vn -0.9345 -0.2445 -0.2588
vn -0.7523 -0.6056 -0.2594
vn -0.7523 -0.6040 -0.2630
vn 0.0371 0.2196 -0.9749
vn 0.0406 0.1999 -0.9790
vn 0.0613 0.1999 -0.9779
vn 0.0241 0.2056 -0.9783
vn 0.0414 0.2038 -0.9781
vn 0.0787 0.2463 -0.9660
vn 0.4379 -0.8946 -0.0891
vn 0.5327 -0.8463 -0.0043
vn 0.5330 -0.8461 0.0023
vn 0.2656 -0.9376 -0.2245
vn 0.6558 -0.7403 0.1481
vn 0.6143 -0.7799 0.1200
vn -0.4351 -0.8470 -0.3055
vn -0.4007 -0.8644 -0.3037
vn 0.0023 -0.9766 -0.2152
vn -0.1172 -0.9536 -0.2772
vn -0.6248 -0.7311 -0.2741
vn -0.6263 -0.7319 -0.2685
vn 0.0250 0.1175 -0.9928
vn 0.0128 0.0936 -0.9955
vn 0.0340 0.1503 -0.9881
vn 0.9994 -0.0254 -0.0248
vn 0.9988 -0.0317 -0.0372
vn -0.9913 -0.0174 0.1304
vn -0.9903 -0.0213 0.1370
vn 0.0066 0.3896 -0.9209
vn 0.0134 0.3860 -0.9224
vn 0.0193 0.4156 -0.9093
vn 0.0113 0.4278 -0.9038
vn 0.0188 0.3816 -0.9241
vn 0.0258 0.4017 -0.9154
vn 0.9969 0.0214 -0.0751
vn 0.9968 0.0214 -0.0774
vn 1.0000 -0.0011 -0.0043
vn 1.0000 -0.0052 0.0002
vn -0.9819 -0.0607 0.1795
vn -0.9809 -0.0634 0.1840
vn -0.9916 -0.0352 0.1241
vn -0.9919 -0.0348 0.1223
vn 0.0162 0.3260 -0.9452
vn 0.0077 0.3196 -0.9475
vn 0.0216 0.3377 -0.9410
vn 0.9987 0.0044 -0.0507
vn 0.9985 0.0054 -0.0537
vn -0.9871 -0.0453 0.1534
vn -0.9872 -0.0480 0.1521
vn -0.0093 0.6661 -0.7458
vn 0.0206 0.7104 -0.7035
vn 0.0129 0.8423 -0.5388
vn -0.0289 0.7618 -0.6471
vn 0.0214 0.7564 -0.6537
vn 0.0045 0.9069 -0.4214
vn 0.9989 0.0244 -0.0411
vn 0.9997 -0.0045 -0.0246
vn 0.9812 0.1148 -0.1554
vn 0.9759 0.1279 -0.1765
vn -0.9704 -0.2161 0.1077
vn -0.9911 -0.0967 0.0911
vn -0.9880 -0.1280 0.0867
vn -0.9636 -0.2275 0.1408
vn -0.9379 -0.2949 0.1828
vn -0.9412 -0.2879 0.1770
vn 0.0106 0.4990 -0.8665
vn 0.0234 0.4987 -0.8664
vn 0.0327 0.4994 -0.8657
vn 0.9995 -0.0284 0.0172
vn 0.9994 -0.0264 0.0208
vn -0.9959 -0.0406 0.0805
vn -0.9958 -0.0418 0.0815
vn 0.9972 -0.0384 -0.0649
vn 0.9971 -0.0378 -0.0657
vn -0.5783 0.7750 0.2550
vn -0.1500 0.3613 -0.9203
vn -0.1463 0.3910 -0.9087
vn -0.0620 0.8221 -0.5659
vn -0.1591 0.9789 -0.1279
vn -0.0513 0.9965 -0.0654
vn -0.0068 0.8369 -0.5473
vn 0.0478 -0.0028 -0.9989
vn 0.1010 0.0128 -0.9948
vn 0.0570 -0.8621 -0.5036
vn 0.1667 -0.8586 -0.4848
vn 0.0155 -0.8196 0.5727
vn 0.0757 -0.7960 0.6005
vn -0.0478 0.0287 0.9984
vn -0.0968 0.0189 0.9951
vn -0.1625 0.4175 0.8940
vn -0.0635 0.4437 0.8939
vn 0.0573 0.9973 -0.0460
vn 0.0474 0.8394 -0.5415
vn -0.0036 0.0018 -1.0000
vn -0.0456 -0.8566 -0.5139
vn -0.0469 -0.8244 0.5641
vn -0.0013 0.0252 0.9997
vn 0.0310 0.4352 0.8998
vn 0.1704 0.9829 -0.0703
vn 0.1036 0.8302 -0.5477
vn -0.0536 0.0261 -0.9982
vn -0.1529 -0.8422 -0.5170
vn -0.1111 -0.8102 0.5755
vn 0.0457 0.0086 0.9989
vn 0.1244 0.3927 0.9112
vn 0.2913 0.9458 -0.1431
vn 0.1651 0.8060 -0.5684
vn -0.1023 0.0719 -0.9922
vn -0.2781 -0.8140 -0.5100
vn -0.1759 -0.7733 0.6092
vn 0.0953 -0.0240 0.9952
vn 0.2196 0.3115 0.9245
vn 0.4187 0.8660 -0.2735
vn 0.2338 0.7579 -0.6090
vn -0.1474 0.1438 -0.9786
vn -0.4398 -0.7565 -0.4840
vn -0.2365 -0.7048 0.6688
vn 0.1499 -0.0783 0.9856
vn 0.3165 0.1816 0.9310
vn 0.5330 0.7124 -0.4565
vn 0.3081 0.6687 -0.6767
vn -0.1808 0.2429 -0.9531
vn -0.6647 -0.6224 -0.4133
vn -0.2777 -0.5977 0.7521
vn 0.2109 -0.1662 0.9633
vn 0.4066 -0.0049 0.9136
vn 0.5919 0.4809 -0.6468
vn 0.3676 0.5131 -0.7756
vn -0.1934 0.3532 -0.9153
vn -0.9293 -0.2851 -0.2349
vn -0.2821 -0.4704 0.8361
vn 0.2697 -0.3063 0.9129
vn 0.4695 -0.2318 0.8520
vn 0.5760 0.2204 -0.7872
vn 0.3597 0.3098 -0.8802
vn -0.2007 0.4558 -0.8672
vn -0.9596 0.2735 0.0663
vn -0.2710 -0.3518 0.8960
vn 0.2853 -0.4886 0.8246
vn 0.4886 -0.4633 0.7393
vn 0.4974 -0.0300 -0.8670
vn 0.2895 0.1507 -0.9453
vn -0.2046 0.5679 -0.7973
vn -0.7054 0.6470 0.2896
vn -0.2525 -0.2292 0.9401
vn 0.2429 -0.6406 0.7284
vn 0.4559 -0.6795 0.5748
vn 0.3847 -0.2251 -0.8952
vn 0.2148 0.0584 -0.9749
vn -0.1797 0.6737 -0.7169
vn -0.4678 0.7894 0.3975
vn -0.2099 -0.1232 0.9699
vn 0.1815 -0.7356 0.6527
vn 0.3739 -0.8410 0.3912
vn 0.2693 -0.3494 -0.8974
vn 0.1513 0.0074 -0.9885
vn -0.1324 0.7496 -0.6485
vn -0.2970 0.8406 0.4530
vn -0.1559 -0.0525 0.9864
vn 0.1201 -0.7911 0.5997
vn 0.2684 -0.9340 0.2360
vn 0.1625 -0.4175 -0.8940
vn 0.0968 -0.0189 -0.9951
vn -0.0757 0.7961 -0.6004
vn -0.1667 0.8586 0.4848
vn -0.1009 -0.0128 0.9948
vn 0.0620 -0.8221 0.5659
vn 0.1591 -0.9789 0.1279
vn 0.0635 -0.4437 -0.8939
vn 0.0478 -0.0287 -0.9984
vn -0.0155 0.8197 -0.5726
vn -0.0570 0.8620 0.5036
vn -0.0478 0.0028 0.9989
vn 0.0068 -0.8368 0.5475
vn 0.0513 -0.9965 0.0657
vn -0.0310 -0.4352 -0.8998
vn 0.0013 -0.0252 -0.9997
vn 0.0469 0.8244 -0.5641
vn 0.0456 0.8566 0.5140
vn 0.0036 -0.0018 1.0000
vn -0.0474 -0.8394 0.5414
vn -0.0574 -0.9973 0.0459
vn -0.1244 -0.3927 -0.9112
vn -0.0457 -0.0086 -0.9989
vn 0.1111 0.8102 -0.5755
vn 0.1529 0.8422 0.5170
vn 0.0536 -0.0261 0.9982
vn -0.1036 -0.8303 0.5476
vn -0.1705 -0.9829 0.0701
vn -0.2196 -0.3115 -0.9245
vn -0.0953 0.0240 -0.9952
vn 0.1759 0.7733 -0.6092
vn 0.2780 0.8140 0.5100
vn 0.1023 -0.0719 0.9922
vn -0.1651 -0.8060 0.5684
vn -0.2913 -0.9458 0.1433
vn -0.3165 -0.1815 -0.9311
vn -0.1499 0.0784 -0.9856
vn 0.2365 0.7048 -0.6689
vn 0.4398 0.7565 0.4840
vn 0.1474 -0.1437 0.9786
vn -0.2338 -0.7579 0.6090
vn -0.4187 -0.8660 0.2734
vn -0.4066 0.0049 -0.9136
vn -0.2109 0.1662 -0.9633
vn 0.2777 0.5977 -0.7521
vn 0.6647 0.6224 0.4133
vn 0.1808 -0.2429 0.9531
vn -0.3081 -0.6687 0.6767
vn -0.5329 -0.7124 0.4565
vn -0.4695 0.2318 -0.8520
vn -0.2697 0.3063 -0.9129
vn 0.2821 0.4704 -0.8361
vn 0.9293 0.2851 0.2349
vn 0.1934 -0.3532 0.9153
vn -0.3676 -0.5131 0.7756
vn -0.5919 -0.4809 0.6468
vn -0.4887 0.4633 -0.7393
vn -0.2853 0.4886 -0.8246
vn 0.2710 0.3518 -0.8960
vn 0.9596 -0.2734 -0.0663
vn 0.2007 -0.4558 0.8672
vn -0.3597 -0.3098 0.8802
vn -0.5760 -0.2204 0.7872
vn -0.4559 0.6795 -0.5749
vn -0.2429 0.6406 -0.7285
vn 0.2525 0.2292 -0.9401
vn 0.7054 -0.6469 -0.2896
vn 0.2045 -0.5679 0.7973
vn -0.2894 -0.1507 0.9453
vn -0.4974 0.0300 0.8670
vn -0.3739 0.8410 -0.3911
vn -0.1815 0.7356 -0.6527
vn 0.2099 0.1232 -0.9699
vn 0.4678 -0.7894 -0.3975
vn 0.1797 -0.6737 0.7169
vn -0.2148 -0.0584 0.9749
vn -0.3847 0.2251 0.8952
vn -0.2684 0.9340 -0.2360
vn -0.1202 0.7911 -0.5997
vn 0.1559 0.0524 -0.9864
vn 0.2970 -0.8406 -0.4530
vn 0.1324 -0.7496 0.6485
vn -0.1513 -0.0074 0.9885
vn -0.2693 0.3494 0.8974
vn -0.0908 0.8345 -0.5434
vn -0.0225 0.8660 -0.4995
vn -0.0092 0.8689 -0.4949
vn -0.0666 0.8493 -0.5237
vn -0.0803 0.0973 0.9920
vn 0.0517 0.8704 -0.4896
vn 0.0469 0.8710 -0.4891
vn -0.0224 0.1088 0.9938
vn -0.0224 0.1089 0.9938
vn 0.1251 0.8470 -0.5167
vn 0.1048 0.8565 -0.5054
vn 0.0345 0.0922 0.9951
vn 0.1918 0.7947 -0.5759
vn 0.1650 0.8201 -0.5479
vn 0.0895 0.0475 0.9949
vn 0.2473 0.7117 -0.6575
vn 0.2235 0.7536 -0.6181
vn 0.1412 -0.0262 0.9896
vn 0.2848 0.5998 -0.7478
vn 0.2719 0.6479 -0.7115
vn 0.1865 -0.1288 0.9740
vn 0.3002 0.4731 -0.8283
vn 0.2986 0.5008 -0.8124
vn 0.2206 -0.2568 0.9410
vn 0.2205 -0.2568 0.9410
vn 0.2956 0.3459 -0.8905
vn 0.2939 0.3313 -0.8966
vn 0.2375 -0.3999 0.8853
vn 0.2376 -0.3998 0.8853
vn 0.2728 0.2155 -0.9376
vn 0.2607 0.1729 -0.9498
vn 0.2329 -0.5415 0.8078
vn 0.2330 -0.5415 0.8078
vn 0.2320 0.0931 -0.9683
vn 0.2114 0.0500 -0.9761
vn 0.2068 -0.6646 0.7180
vn 0.1787 -0.0047 -0.9839
vn 0.1563 -0.0335 -0.9871
vn 0.1634 -0.7590 0.6303
vn 0.1183 -0.0706 -0.9905
vn 0.1013 -0.0826 -0.9914
vn 0.1087 -0.8231 0.5574
vn 0.1087 -0.8230 0.5575
vn 0.0542 -0.1025 -0.9933
vn 0.0487 -0.1036 -0.9934
vn 0.0478 -0.8602 0.5077
vn 0.0478 -0.8601 0.5079
vn -0.0103 -0.0993 -0.9950
vn -0.0021 -0.1017 -0.9948
vn -0.0165 -0.8740 0.4856
vn -0.0164 -0.8741 0.4854
vn -0.0165 -0.8741 0.4854
vn -0.0715 -0.0623 -0.9955
vn -0.0533 -0.0771 -0.9956
vn -0.0820 -0.8665 0.4924
vn -0.1269 0.0057 -0.9919
vn -0.1050 -0.0256 -0.9941
vn -0.1470 -0.8361 0.5286
vn -0.1745 0.1012 -0.9794
vn -0.1549 0.0569 -0.9863
vn -0.2083 -0.7781 0.5926
vn -0.2105 0.2178 -0.9530
vn -0.1987 0.1734 -0.9646
vn -0.2600 -0.6872 0.6784
vn -0.2311 0.3411 -0.9112
vn -0.2287 0.3209 -0.9191
vn -0.2939 -0.5622 0.7730
vn -0.2938 -0.5622 0.7730
vn -0.2364 0.4599 -0.8559
vn -0.2357 0.4808 -0.8446
vn -0.3025 -0.4128 0.8591
vn -0.3026 -0.4129 0.8591
vn -0.3025 -0.4129 0.8591
vn -0.2259 0.5790 -0.7834
vn -0.2162 0.6249 -0.7501
vn -0.2847 -0.2594 0.9228
vn -0.1964 0.6891 -0.6976
vn -0.1758 0.7339 -0.6561
vn -0.2461 -0.1231 0.9614
vn -0.1499 0.7759 -0.6128
vn -0.1237 0.8066 -0.5780
vn -0.1951 -0.0168 0.9806
vn -0.1385 0.0562 0.9888
vn -0.0525 0.3798 -0.9236
vn -0.0426 0.3967 -0.9169
vn -0.0461 0.4555 -0.8890
vn -0.0419 0.4810 -0.8757
vn 0.0068 0.5374 -0.8433
vn -0.0455 0.4396 -0.8970
vn -0.0340 0.4997 -0.8655
vn -0.8162 0.3815 0.4339
vn -0.5527 0.0901 0.8285
vn -0.7741 -0.4298 0.4647
vn -0.9160 0.0050 -0.4012
vn -0.4656 0.7773 0.4231
vn -0.4444 0.5607 0.6987
vn -0.0759 0.4399 -0.8948
vn 0.0377 0.5082 -0.8604
vn -0.1020 0.4696 -0.8770
vn -0.1634 0.4015 -0.9011
vn -0.0261 0.6484 -0.7609
vn 0.0068 0.5859 -0.8104
vn 0.0136 0.6565 -0.7542
vn -0.0741 0.7103 -0.7000
vn 0.4609 0.8689 0.1803
vn 0.6529 0.3333 -0.6802
vn 0.6902 0.3943 -0.6068
vn 0.4716 0.8453 0.2512
vn 0.5377 -0.0542 -0.8414
vn 0.5278 0.0307 -0.8488
vn 0.3298 0.1683 -0.9289
vn 0.3812 -0.0429 -0.9235
vn 0.0981 0.5426 -0.8343
vn 0.0753 0.5220 -0.8496
vn -0.0112 0.5921 -0.8058
vn 0.1826 0.4606 -0.8686
vn 0.7190 0.4415 -0.5368
vn 0.2462 0.8014 0.5452
vn 0.5492 -0.1325 -0.8251
vn 0.3867 -0.0923 -0.9176
vn -0.0458 0.4597 -0.8869
vn -0.0340 0.4636 -0.8854
vn -0.0054 0.4903 -0.8716
vn 0.1666 0.9850 0.0457
vn 0.1795 0.9834 0.0279
vn 0.2210 0.9062 0.3604
vn 0.2213 0.9030 0.3682
vn -0.1785 -0.8408 -0.5110
vn -0.1359 -0.8844 -0.4466
vn -0.1963 -0.8244 -0.5309
vn -0.1789 -0.8178 -0.5470
vn 0.0089 0.5446 0.8386
vn 0.0169 0.5279 0.8491
vn 0.0818 0.7433 0.6639
vn 0.0231 0.5967 0.8022
vn -0.1563 -0.8047 -0.5727
vn -0.1777 -0.8129 -0.5546
vn -0.1664 -0.8087 -0.5643
vn -0.2038 -0.8073 -0.5538
vn -0.3124 -0.3399 0.8871
vn -0.3098 -0.5328 0.7875
vn -0.1733 -0.3307 0.9277
vn 0.1132 0.6785 0.7259
vn 0.0123 0.6294 0.7770
vn -0.1732 -0.8586 -0.4824
vn -0.1514 -0.9027 -0.4028
vn 0.0213 0.6355 0.7718
vn 0.0813 0.6280 0.7739
vn 0.0917 0.6285 0.7724
vn -0.2099 -0.7404 -0.6385
vn -0.1855 -0.3808 -0.9059
vn -0.1838 -0.3955 -0.8999
vn -0.2139 -0.7468 -0.6297
vn -0.0570 0.5825 0.8108
vn 0.1498 0.5425 0.8266
vn -0.0088 0.5216 0.8531
vn 0.1356 0.6442 0.7527
vn -0.1284 -0.8481 -0.5140
vn -0.1500 -0.8153 -0.5593
vn -0.1227 -0.8698 -0.4778
vn -0.1251 -0.8841 -0.4502
vn -0.1407 -0.9142 -0.3801
vn -0.2034 -0.8607 -0.4667
vn -0.0701 0.6457 0.7604
vn 0.1142 0.6358 0.7633
vn 0.1135 0.6249 0.7724
vn 0.1620 0.9324 0.3232
vn 0.1469 0.9339 0.3259
vn -0.2030 -0.7717 -0.6027
vn -0.2027 -0.7755 -0.5979
vn -0.7888 -0.4935 -0.3664
vn -0.6888 -0.2250 -0.6892
vn -0.2997 -0.6315 0.7151
vn -0.3026 -0.6320 0.7135
vn -0.0330 0.4970 -0.8671
vn 0.0471 0.5937 -0.8033
vn -0.0467 0.4435 -0.8951
vn 0.0932 0.6344 -0.7674
vn -0.2033 -0.8158 -0.5414
vn -0.2040 -0.8188 -0.5366
vn -0.0232 -0.8326 -0.5534
vn -0.0702 -0.9811 -0.1804
vn 0.1212 -0.9894 -0.0796
vn 0.1616 -0.7467 -0.6453
vn -0.1382 -0.6604 -0.7381
vn -0.1655 -0.9247 -0.3429
vn 0.0447 0.4380 -0.8979
vn 0.0261 0.5097 -0.8599
vn 0.0737 0.3161 -0.9459
vn 0.1027 0.1504 -0.9833
vn 0.0121 0.4279 -0.9038
vn 0.0068 0.4531 -0.8914
vn 0.0170 0.6087 -0.7932
vn -0.0032 0.2725 -0.9621
vn -0.9857 -0.0945 -0.1392
vn -0.0865 0.9889 0.1210
vn -0.0961 0.9849 0.1440
vn -0.9675 0.2516 0.0268
vn 0.0370 0.0137 0.9992
vn -0.0431 -0.9657 0.2559
vn -0.0911 -0.9904 0.1036
vn 0.2020 0.7345 0.6478
vn -0.0080 0.6384 -0.7697
vn 0.0035 0.6301 -0.7765
vn 0.0093 0.4400 -0.8979
vn 0.0367 0.8181 -0.5739
vn -0.1048 0.9820 0.1568
vn -0.9707 0.0400 -0.2369
vn 0.0632 0.9572 0.2823
vn 0.1297 0.9867 0.0975
vn -0.0780 0.6230 -0.7783
vn -0.1734 0.7194 -0.6726
vn -0.0567 0.4369 -0.8977
vn -0.0468 0.4985 -0.8656
vn -0.0463 0.4606 -0.8864
vn -0.0217 0.4516 -0.8920
vn -0.0303 0.5287 -0.8483
vn 0.7715 -0.4670 0.4321
vn 0.6922 -0.3740 0.6172
vn 0.7760 -0.5106 0.3703
vn 0.8085 -0.4762 0.3458
vn -0.9510 0.0068 0.3091
vn -0.9637 -0.0212 0.2661
vn -0.5124 -0.1397 0.8473
vn -0.8306 0.0566 0.5540
vn 0.7945 -0.4824 0.3689
vn 0.8205 -0.4154 0.3926
vn 0.8261 -0.4013 0.3955
vn 0.8183 -0.4343 0.3766
vn -0.0322 -0.9557 0.2926
vn 0.0434 -0.8992 0.4354
vn -0.0951 -0.8324 0.5459
vn -0.5998 -0.3582 0.7155
vn -0.4555 -0.4360 0.7762
vn 0.7502 -0.4690 0.4661
vn 0.6574 -0.4308 0.6182
vn -0.6300 -0.7697 -0.1034
vn -0.6144 -0.7626 0.2025
vn -0.5845 -0.8028 0.1179
vn 0.9321 -0.0263 -0.3612
vn 0.4467 0.3609 -0.8186
vn 0.5535 0.2847 -0.7827
vn 0.9464 -0.1416 -0.2903
vn -0.1562 -0.6840 0.7125
vn -0.3256 -0.6934 0.6428
vn -0.1919 -0.7284 0.6578
vn -0.6636 -0.5117 0.5457
vn -0.0547 -0.2849 0.9570
vn 0.8396 -0.2730 0.4696
vn 0.7596 -0.3783 0.5290
vn 0.6897 -0.3966 0.6058
vn 0.6330 -0.4077 0.6580
vn -0.3177 -0.2437 0.9163
vn -0.4963 -0.7873 -0.3658
vn -0.8227 0.5667 -0.0452
vn 0.8756 -0.2314 0.4239
vn -0.5778 -0.5374 0.6143
vn -0.5704 -0.5407 0.6183
vn -0.9143 -0.0561 0.4012
vn -0.9000 0.0097 0.4358
vn 0.2246 -0.9664 -0.1251
vn 0.2583 -0.6989 -0.6670
vn 0.0737 -0.6303 0.7729
vn -0.0071 -0.6339 0.7734
vn -0.0400 0.5917 -0.8052
vn -0.0330 0.5765 -0.8164
vn 0.0096 0.6361 -0.7715
vn -0.0195 0.5763 -0.8170
vn 0.8406 -0.4812 0.2486
vn 0.7809 -0.5364 0.3201
vn -0.6720 -0.0481 0.7390
vn -0.7876 -0.0566 0.6136
vn -0.5745 -0.1660 0.8015
vn -0.5819 -0.1587 0.7976
vn 0.8019 0.5177 -0.2984
vn 0.8282 0.5304 -0.1809
vn -0.3538 0.0932 -0.9307
vn -0.4765 0.1186 -0.8711
vn -0.9349 -0.3217 -0.1498
vn -0.7075 0.1218 -0.6961
vn -0.7820 -0.2063 -0.5882
vn 0.5909 0.1213 0.7976
vn 0.7012 0.1491 0.6972
vn 0.8867 0.4285 -0.1733
vn -0.3538 0.1384 -0.9250
vn 0.9306 0.2344 -0.2811
vn -0.4392 0.1329 -0.8885
vn 0.7674 -0.1364 0.6264
vn 0.6524 0.0144 0.7577
vn -0.7019 -0.1755 -0.6903
vn -0.7804 -0.1035 -0.6166
vn -0.8153 -0.1165 -0.5672
vn 0.8638 0.0300 -0.5029
vn -0.5255 0.0348 -0.8501
vn 0.9246 -0.3747 0.0686
vn -0.8757 -0.3030 -0.3759
vn -0.4908 0.0840 -0.8672
vn 0.4433 -0.2403 -0.8636
vn 0.3293 -0.6478 -0.6870
vn -0.5446 -0.6580 -0.5200
vn -0.0723 -0.7811 -0.6202
vn -0.4433 -0.6752 -0.5895
vn 0.6080 0.4904 -0.6243
vn -0.7768 0.2989 -0.5543
vn -0.5173 0.6985 -0.4944
vn 0.8270 0.3153 -0.4656
vn 0.9883 0.1401 0.0597
vn 0.8571 -0.3730 0.3554
vn -0.9747 -0.2227 0.0199
vn -0.8526 0.4502 -0.2654
vn 0.6812 0.4864 -0.5471
vn 0.9128 0.2507 0.3224
vn 0.5269 0.7425 -0.4136
vn -0.6117 0.7809 0.1264
vn -0.7057 0.5712 0.4191
vn 0.7081 0.6041 -0.3656
vn 0.9149 0.1214 -0.3851
vn 0.9095 0.1514 -0.3871
vn -0.8731 -0.0763 0.4815
vn -0.8852 -0.1318 0.4462
vn 0.5291 0.5623 -0.6355
vn -0.7144 0.6957 -0.0755
vn 0.8988 0.0937 -0.4283
vn -0.8144 -0.0201 0.5800
vn 0.4572 0.1397 -0.8783
vn 0.4570 0.2674 -0.8483
vn -0.9551 0.1599 -0.2493
vn -0.9396 0.1565 -0.3044
vn -0.6604 -0.1257 0.7403
vn -0.9218 0.1565 -0.3546
vn -0.7122 -0.1579 0.6840
vn 0.7852 0.2023 -0.5853
vn 0.8723 0.1086 -0.4769
vn 0.4470 0.3730 -0.8131
vn -0.9007 0.4109 -0.1412
vn 0.4066 0.3566 -0.8411
vn -0.8416 0.5387 -0.0404
vn 0.6419 0.0768 -0.7629
vn 0.6768 0.1957 -0.7097
vn -0.6453 -0.2732 0.7134
vn -0.5896 -0.2801 0.7576
vn -0.6506 -0.2446 0.7190
vn 0.3927 0.2787 -0.8764
vn -0.8608 0.4835 -0.1588
vn 0.5894 -0.1155 -0.7996
vn -0.8433 -0.2447 0.4784
vn -0.8129 0.4989 -0.3005
vn 0.1957 0.1702 -0.9658
vn 0.1767 -0.2616 -0.9489
vn -0.6179 -0.3986 -0.6777
vn -0.0891 -0.4309 -0.8980
vn -0.8346 -0.3135 -0.4529
vn 0.5471 0.3458 -0.7623
vn -0.8265 0.3717 -0.4227
vn -0.5587 0.7194 -0.4127
vn 0.7759 0.2341 -0.5857
vn 0.9709 -0.0235 -0.2382
vn 0.8864 -0.4093 0.2164
vn -0.9150 -0.0703 0.3972
vn -0.8762 0.4776 -0.0646
vn 0.4225 0.2134 -0.8809
vn 0.8201 0.0478 -0.5702
vn 0.5390 0.7513 -0.3807
vn -0.5887 0.7929 0.1577
vn -0.6959 0.5654 0.4429
vn 0.7256 0.5997 -0.3374
vn 0.9192 0.1079 -0.3787
vn 0.9154 0.1355 -0.3790
vn -0.8725 -0.0615 0.4847
vn -0.8904 -0.1177 0.4396
vn 0.5354 0.5348 -0.6536
vn -0.6701 0.7395 -0.0634
vn 0.8919 0.0444 -0.4501
vn -0.7648 0.0261 0.6438
vn 0.5292 -0.1467 -0.8357
vn 0.4662 -0.2300 -0.8543
vn -0.5808 0.7315 -0.3571
vn -0.6524 0.6551 -0.3810
vn -0.7482 0.2595 0.6106
vn -0.7273 0.5527 -0.4070
vn -0.6682 0.3934 0.6315
vn 0.6205 -0.5576 -0.5514
vn 0.7462 -0.5071 -0.4314
vn 0.4003 -0.2263 -0.8880
vn -0.4417 0.8492 -0.2894
vn 0.3828 -0.2269 -0.8955
vn -0.3838 0.8834 -0.2691
vn 0.4870 -0.6580 -0.5744
vn 0.5145 -0.5908 -0.6215
vn -0.5724 0.4381 0.6931
vn -0.5026 0.4859 0.7150
vn -0.5700 0.5590 0.6021
vn 0.4004 -0.2377 -0.8850
vn -0.4442 0.8253 -0.3487
vn 0.4428 -0.7166 -0.5389
vn -0.7705 0.5831 0.2577
vn -0.4955 0.7552 -0.4291
vn 0.2640 -0.1976 -0.9441
vn -0.0317 -0.4526 -0.8911
vn -0.6443 -0.1336 -0.7530
vn -0.2005 -0.5100 -0.8365
vn -0.7950 0.2358 -0.5589
vn 0.6467 0.2051 -0.7346
vn -0.6598 0.6024 -0.4491
vn -0.3681 0.8231 -0.4324
vn 0.8041 0.0642 -0.5910
vn 0.9243 -0.3453 -0.1629
vn 0.7100 -0.6482 0.2751
vn -0.9056 0.2608 0.3344
vn -0.6873 0.7029 -0.1832
vn 0.5668 0.0432 -0.8227
vn 0.8414 -0.3616 -0.4016
vn 0.6610 0.5870 -0.4675
vn -0.4166 0.9019 0.1145
vn -0.5207 0.7560 0.3967
vn 0.8379 0.3250 -0.4384
vn 0.8704 -0.2601 -0.4180
vn 0.8763 -0.2312 -0.4227
vn -0.8157 0.2806 0.5059
vn -0.8466 0.2371 0.4765
vn 0.6006 0.3877 -0.6993
vn -0.5222 0.8510 -0.0561
vn 0.8459 -0.2763 -0.4562
vn -0.7479 0.3027 0.5908
vn 0.7465 0.6253 -0.2274
vn 0.7514 0.6495 -0.1162
vn -0.3152 0.0887 -0.9449
vn -0.4260 0.0825 -0.9010
vn -0.8819 -0.4007 -0.2485
vn -0.6588 0.0522 -0.7505
vn -0.7163 -0.2728 -0.6422
vn 0.5510 0.1858 0.8135
vn 0.6484 0.2128 0.7309
vn 0.8169 0.5682 -0.0989
vn -0.3115 0.1492 -0.9384
vn 0.8974 0.3986 -0.1891
vn -0.3710 0.1212 -0.9207
vn 0.7050 -0.0280 0.7087
vn 0.5996 0.1003 0.7940
vn -0.6386 -0.2452 -0.7294
vn -0.6974 -0.1965 -0.6892
vn -0.7383 -0.1977 -0.6448
vn 0.9053 0.1439 -0.3997
vn -0.4434 0.2012 -0.8734
vn 0.9304 -0.2616 0.2569
vn -0.9506 -0.1001 -0.2938
vn -0.7229 0.3199 -0.6125
vn 0.5489 -0.2001 -0.8115
vn 0.4643 -0.6535 -0.5978
vn -0.6564 -0.6028 -0.4536
vn 0.0232 -0.7976 -0.6027
vn -0.6395 -0.6074 -0.4713
vn 0.6148 0.5369 -0.5777
vn -0.7466 0.2165 -0.6291
vn -0.5242 0.6371 -0.5651
vn 0.8370 0.3897 -0.3841
vn 0.9600 0.2279 0.1626
vn 0.8482 -0.2853 0.4463
vn -0.9479 -0.3075 -0.0830
vn -0.8576 0.3666 -0.3608
vn 0.6712 0.5495 -0.4975
vn 0.8556 0.3275 0.4007
vn 0.5161 0.7683 -0.3786
vn -0.6663 0.7428 0.0654
vn -0.7828 0.5149 0.3494
vn 0.6741 0.6770 -0.2954
vn 0.9349 0.2048 -0.2899
vn 0.9270 0.2347 -0.2926
vn -0.9047 -0.1544 0.3970
vn -0.9095 -0.2125 0.3573
vn 0.5397 0.5963 -0.5942
vn -0.7606 0.6311 -0.1526
vn 0.9250 0.1747 -0.3375
vn -0.8562 -0.0899 0.5088
vn 0.0295 0.9167 0.3986
vn 0.0460 0.9089 0.4144
vn 0.0341 0.7820 0.6223
vn 0.0164 0.8099 0.5863
vn 0.0100 0.9196 0.3928
vn 0.0055 0.8147 0.5799
vn -0.1530 0.9184 0.3650
vn -0.1572 0.7743 0.6130
vn -0.3245 0.7789 0.5366
vn -0.3100 0.9071 0.2847
vn -0.0170 0.8110 0.5848
vn -0.0070 0.7511 0.6602
vn -0.1598 0.6756 0.7197
vn 0.0070 0.7763 0.6304
vn -0.0207 0.8096 0.5866
vn 0.0422 0.7390 0.6723
vn -0.1459 0.2357 0.9608
vn -0.0593 0.3103 0.9488
vn 0.1161 0.6535 0.7480
vn -0.1373 0.1888 0.9724
vn -0.0027 0.7780 0.6282
vn 0.0118 0.7449 0.6671
vn -0.3380 0.6381 0.6918
vn -0.0148 0.9224 0.3859
vn -0.1376 0.9905 -0.0000
vn -0.0109 0.9999 -0.0000
vn 0.1361 0.8364 0.5309
vn 0.1526 0.8235 0.5464
vn 0.0976 0.8962 0.4327
vn 0.0122 0.9999 -0.0000
vn 0.0322 0.9995 -0.0000
vn -0.3045 0.9525 -0.0000
vn 0.0386 0.9993 -0.0000
vn 0.0376 0.9749 0.2196
vn -0.3090 0.8169 0.4870
vn -0.3776 0.8699 0.3173
vn -0.4094 0.8704 0.2735
vn -0.3656 0.8136 0.4521
vn -0.3269 0.7861 0.5246
vn -0.3697 0.7131 0.5957
vn -0.4034 0.9150 -0.0000
vn -0.4330 0.9014 -0.0000
vn -0.2694 0.8361 0.4778
vn -0.3054 0.8986 0.3150
vn -0.3236 0.8545 0.4063
vn -0.3360 0.9419 -0.0000
vn 0.3792 0.5841 0.7177
vn 0.3806 0.8573 0.3466
vn 0.1873 0.9122 0.3645
vn 0.2016 0.6143 0.7629
vn 0.2259 0.1791 0.9575
vn 0.1518 0.2222 0.9631
vn 0.3782 0.9257 -0.0000
vn 0.1852 0.9827 -0.0000
vn -0.5428 0.4639 0.7001
vn -0.1468 0.5020 0.8523
vn -0.2016 0.5042 0.8397
vn -0.3933 0.6469 0.6533
vn -0.3517 0.8312 0.4306
vn -0.0476 0.5785 0.8143
vn -0.2288 0.9217 0.3131
vn 0.4224 0.8692 0.2571
vn 0.2731 0.7314 0.6249
vn -0.2136 0.5048 0.8364
vn -0.7777 0.0236 0.6282
vn -0.1934 0.5340 0.8230
vn -0.2023 0.4571 0.8661
vn -0.1978 0.5082 0.8382
vn -0.1966 0.4708 0.8601
vn 0.1229 0.4726 0.8727
vn -0.0777 0.3810 0.9213
vn -0.1466 0.3733 0.9161
vn -0.1278 0.5006 0.8562
vn -0.2661 0.5922 0.7606
vn -0.1298 0.7935 0.5946
vn 0.0120 0.7792 0.6267
vn -0.0154 0.4926 0.8701
vn -0.1849 0.5204 0.8337
vn -0.2426 0.3945 0.8863
vn 0.4712 0.6543 0.5915
vn -0.0139 0.6170 0.7869
vn -0.0446 0.5698 0.8206
vn -0.1234 0.5373 0.8343
vn -0.1415 0.4379 0.8878
vn -0.0883 0.4029 0.9110
vn -0.1130 0.3643 0.9244
vn -0.1584 0.3102 0.9374
vn -0.1593 0.5124 0.8438
vn 0.2698 0.5816 0.7674
vn 0.3835 0.7743 0.5035
vn 0.1496 0.8758 0.4589
vn 0.1575 0.6399 0.7521
vn -0.5035 0.7884 0.3535
vn -0.6114 0.7913 -0.0000
vn -0.3515 0.9362 -0.0000
vn -0.2447 0.9023 0.3548
vn 0.2532 0.6813 0.6868
vn 0.2240 0.3781 0.8983
vn 0.6525 0.4281 0.6252
vn 0.5940 0.6966 0.4024
vn -0.0732 0.3117 0.9474
vn -0.1085 0.2864 0.9519
vn -0.0544 0.3542 0.9336
vn -0.1065 0.5770 0.8098
vn -0.0371 0.5714 0.8198
vn -0.1012 0.9949 -0.0000
vn 0.0270 0.9996 -0.0000
vn 0.0072 0.9088 0.4173
vn -0.0947 0.9320 0.3499
vn -0.0463 0.6004 0.7984
vn -0.0211 0.6029 0.7975
vn 0.1840 0.8428 0.5059
vn 0.4422 0.8206 0.3619
vn -0.7100 0.1179 0.6943
vn -0.9752 -0.2212 -0.0000
vn 0.0169 0.0702 0.9974
vn -0.2636 0.2402 0.9342
vn 0.5144 0.5673 0.6431
vn 0.7917 0.4765 0.3823
vn 0.8634 0.1438 0.4836
vn 0.3555 0.1782 0.9175
vn -0.6035 -0.3492 0.7168
vn -0.9771 -0.2130 -0.0000
vn -0.8507 -0.5256 -0.0000
vn -0.5071 -0.5919 0.6266
vn 0.3229 -0.4326 0.8417
vn 0.2644 -0.6348 0.7261
vn 0.0831 -0.4950 0.8649
vn 0.0142 -0.3276 0.9447
vn 0.6792 -0.7340 -0.0000
vn 0.5930 -0.8052 -0.0000
vn 0.5546 -0.8232 -0.1217
vn 0.6435 -0.7374 0.2054
vn -0.0320 0.9995 -0.0000
vn -0.0914 0.8934 0.4399
vn 0.1705 0.9854 -0.0000
vn 0.1116 0.4959 0.8612
vn -0.1282 0.6468 0.7518
vn -0.1770 0.4431 0.8788
vn 0.2071 0.3505 0.9134
vn 0.0254 0.4043 0.9143
vn 0.3674 0.5126 0.7761
vn 0.5285 0.6933 0.4899
vn 0.0797 0.8814 0.4656
vn 0.0005 0.8980 0.4400
vn 0.0029 0.6820 0.7313
vn 0.0658 0.6115 0.7885
vn -0.3249 -0.9457 -0.0000
vn -0.4212 -0.6930 0.5851
vn -0.1337 -0.9740 0.1828
vn -0.1501 -0.9887 -0.0000
vn -0.0688 -0.7310 0.6790
vn -0.0082 -0.5364 0.8439
vn -0.1326 -0.4443 0.8860
vn -0.1628 -0.7325 0.6610
vn -0.1566 0.6423 0.7503
vn -0.1330 0.9911 -0.0000
vn -0.1592 0.9873 -0.0000
vn -0.2195 0.8562 0.4677
vn 0.2254 0.2881 0.9307
vn 0.0907 0.0370 0.9952
vn 0.0875 0.0433 0.9952
vn 0.3561 0.5637 0.7453
vn 0.5924 0.8057 -0.0000
vn 0.6454 0.7639 -0.0000
vn 0.3988 0.7450 0.5348
vn 0.4008 0.8120 0.4242
vn -0.0046 -0.4630 0.8863
vn 0.1343 -0.4572 0.8792
vn -0.0507 -0.4540 0.8896
vn -0.3680 -0.4070 0.8360
vn 0.2359 -0.5515 0.8001
vn 0.4983 -0.6282 0.5975
vn 0.5047 -0.6195 0.6012
vn 0.6321 -0.6801 0.3714
vn 0.0359 0.1790 0.9832
vn 0.0487 0.1776 0.9829
vn -0.0350 0.3215 0.9463
vn -0.1058 0.4234 0.8997
vn -0.0170 0.9999 -0.0000
vn -0.2378 0.9713 -0.0000
vn -0.1739 0.9198 0.3518
vn -0.1324 0.4881 0.8627
vn -0.3126 0.6653 0.6780
vn 0.0217 0.4078 0.9128
vn -0.1510 0.4621 0.8739
vn -0.0569 -0.0235 0.9981
vn -0.3158 -0.3599 0.8779
vn 0.8331 -0.2852 0.4740
vn 0.3315 -0.0547 0.9419
vn 0.9839 0.1786 -0.0000
vn 0.9452 -0.3266 -0.0000
vn 0.1186 0.6296 0.7678
vn 0.1324 0.8769 0.4622
vn 0.0791 0.9969 -0.0000
vn 0.5020 0.8648 -0.0000
vn -0.0280 -0.3480 0.9371
vn -0.0783 -0.4263 0.9012
vn -0.1569 -0.0388 0.9869
vn 0.0024 -0.0334 0.9994
vn 0.4688 -0.5532 0.6886
vn 0.3207 -0.6963 0.6421
vn 0.6814 -0.6905 0.2426
vn 0.8221 -0.4756 0.3131
vn -0.3595 0.9332 -0.0000
vn -0.2118 0.7018 0.6802
vn -0.0185 0.4059 0.9137
vn 0.6315 0.7754 -0.0000
vn 0.0454 0.3873 0.9208
vn -0.1566 0.4518 0.8783
vn -0.3827 0.3229 0.8656
vn -0.6834 -0.2703 0.6782
vn -0.1843 -0.3222 0.9286
vn -0.0899 0.0930 0.9916
vn -0.0050 0.9141 0.4055
vn -0.1847 0.7103 0.6793
vn -0.3089 -0.9216 0.2350
vn -0.6339 0.7734 -0.0000
vn -0.9824 0.1866 -0.0000
vn 0.0766 -0.2479 0.9657
vn 0.0240 -0.5063 0.8620
vn 0.8413 -0.5406 -0.0000
vn 0.9902 -0.1394 -0.0000
vn 0.1070 0.0914 0.9901
vn 0.1060 0.1018 0.9891
vn -0.7889 -0.6145 -0.0000
vn -0.2952 -0.8255 0.4811
vn -0.0236 -0.7324 0.6804
vn 0.1995 -0.8407 0.5034
vn 0.5238 -0.8375 0.1557
vn 0.3937 -0.9192 -0.0000
vn -0.1096 -0.6232 0.7744
vn -0.0469 -0.6362 0.7701
vn -0.1308 -0.3569 0.9250
vn -0.0809 -0.6687 0.7392
vn -0.3748 -0.9271 -0.0000
vn 0.6150 0.7678 0.1797
vn 0.1371 0.9906 -0.0000
vn 0.1006 0.3753 0.9214
vn -0.1138 0.1338 0.9844
vn -0.1497 0.1477 0.9776
vn -0.0567 -0.6662 0.7436
vn -0.1072 -0.0829 0.9908
vn -0.3407 -0.4208 0.8408
vn -0.1066 -0.4744 0.8738
vn -0.1469 0.9892 -0.0000
vn -0.2484 0.8824 0.3997
vn -0.3108 0.6343 0.7078
vn -0.3191 0.4629 0.8270
vn -0.2831 0.1733 0.9433
vn -0.2783 0.1804 0.9434
vn 0.9154 -0.4018 0.0237
vn 0.9106 -0.4132 -0.0023
vn 0.9617 -0.2442 0.1244
vn 0.9675 -0.2367 0.0889
vn 0.8791 -0.4751 -0.0389
vn 0.8581 -0.5129 -0.0235
vn -0.1252 0.9694 0.2110
vn -0.7648 0.6321 0.1248
vn -0.6408 0.7643 0.0724
vn -0.3816 -0.7513 0.5385
vn -0.2133 -0.7311 0.6481
vn -0.1098 -0.7478 0.6548
vn 0.9527 -0.3038 -0.0013
vn 0.9516 -0.3074 -0.0044
vn 0.1675 0.9642 0.2058
vn 0.1686 0.9754 0.1423
vn 0.1876 0.9515 0.2440
vn 0.7221 -0.6918 -0.0000
vn 0.7128 -0.7014 -0.0000
vn 0.7453 -0.6664 -0.0181
vn 0.7781 -0.6277 -0.0240
vn 0.1811 0.9703 0.1606
vn 0.1742 0.9774 0.1195
vn 0.1888 0.9693 0.1576
vn -0.1603 0.9871 -0.0000
vn -0.6289 0.7775 -0.0000
vn 0.6449 0.7643 -0.0000
vn 0.6503 0.7361 0.1876
vn 0.3608 0.9326 -0.0000
vn 0.0449 0.9681 0.2463
vn 0.8948 -0.0609 0.4422
vn 0.9669 0.1867 0.1740
vn 0.0118 -0.9999 -0.0061
vn 0.1894 -0.9096 0.3697
vn 0.0357 -0.7714 0.6353
vn -0.0233 -0.9660 -0.2573
vn -0.0429 -0.9955 -0.0846
vn -0.0185 -0.8916 0.4524
vn -0.0057 -0.9151 0.4032
vn -0.1064 -0.9942 -0.0163
vn -0.0459 -0.9645 -0.2601
vn -0.0278 -0.9549 -0.2957
vn -0.0737 -0.9952 0.0642
vn -0.0224 -0.9539 -0.2993
vn -0.0706 -0.9674 -0.2432
vn -0.0398 -0.9338 0.3556
vn 0.1152 -0.3325 0.9360
vn 0.3375 -0.7564 0.5604
vn 0.1540 -0.1467 0.9771
vn 0.4073 -0.5713 0.7126
vn 0.3976 -0.4992 0.7699
vn 0.1958 -0.0388 0.9799
vn 0.5661 -0.3961 0.7230
vn -0.3921 -0.8969 0.2046
vn -0.4880 -0.8272 0.2786
vn -0.2944 -0.9404 0.1704
vn -0.4542 -0.8741 0.1720
vn -0.8421 -0.0400 0.5379
vn -0.8339 0.2168 0.5076
vn -0.8454 0.2189 0.4873
vn -0.8217 -0.0206 0.5695
vn -0.7140 0.0677 0.6969
vn -0.7811 0.1358 0.6095
vn -0.8801 0.3819 0.2821
vn -0.9036 0.4284 -0.0000
vn -0.9049 0.4257 -0.0000
vn -0.8671 0.2998 0.3979
vn -0.6938 -0.6261 0.3560
vn -0.7575 -0.4454 0.4773
vn -0.3797 -0.9251 0.0009
vn -0.3783 -0.9256 0.0107
vn -0.3534 -0.9338 -0.0551
vn -0.3894 -0.9210 -0.0071
vn -0.2522 -0.9614 0.1100
vn -0.4147 -0.9083 0.0548
vn -0.3893 -0.9079 0.1551
vn -0.7362 0.1574 0.6583
vn -0.6945 0.0482 0.7178
vn 0.7091 -0.6985 0.0965
vn 0.8066 -0.5811 -0.1087
vn 0.2230 -0.9748 -0.0103
vn 0.4537 -0.8724 0.1819
vn 0.8236 -0.5671 -0.0000
vn 0.9668 0.2555 -0.0000
vn 0.5036 -0.7934 0.3420
vn 0.4723 -0.7789 0.4126
vn 0.5039 -0.8485 0.1616
vn 0.1210 0.0634 0.9906
vn 0.0532 -0.0292 0.9982
vn 0.0143 -0.1114 0.9937
vn 0.0146 -0.2429 0.9699
vn 0.0320 -0.4692 0.8825
vn -0.0257 -0.5615 0.8271
vn -0.0652 -0.5414 0.8382
vn -0.1062 -0.9676 -0.2291
vn 0.1438 -0.9666 -0.2120
vn 0.3180 -0.8968 -0.3076
vn 0.3661 -0.9140 -0.1750
vn 0.1007 -0.9498 -0.2963
vn 0.0284 -0.9553 -0.2942
vn 0.0525 -0.8861 -0.4604
vn -0.0125 -0.9365 -0.3506
vn -0.0110 -0.9784 -0.2066
vn 0.2814 -0.9466 -0.1570
vn 0.1297 -0.8943 -0.4282
vn 0.0416 -0.9770 -0.2093
vn 0.0389 -0.9992 -0.0000
vn 0.1556 -0.9878 -0.0000
vn 0.0018 -0.9817 -0.1907
vn 0.0133 -0.9999 -0.0000
vn 0.4999 -0.8621 0.0830
vn 0.4137 -0.9100 -0.0274
vn 0.3865 -0.8841 -0.2626
vn 0.4592 -0.8662 -0.1969
vn 0.3856 -0.9227 -0.0000
vn 0.6105 -0.7920 -0.0000
vn 0.3173 -0.9483 -0.0000
vn 0.5353 -0.8282 -0.1659
vn 0.5962 -0.7856 -0.1655
vn 0.8608 -0.5089 -0.0000
vn 0.4140 -0.8550 0.3123
vn 0.4040 -0.8747 0.2677
vn 0.5197 -0.7267 0.4492
vn 0.1768 0.9842 -0.0000
vn 0.1880 0.9822 -0.0000
vn 0.1899 0.9818 -0.0000
vn -0.1792 -0.9838 -0.0000
vn -0.2022 -0.9793 -0.0000
vn -0.1678 -0.9244 -0.3425
vn -0.1593 -0.9157 -0.3689
vn -0.1706 -0.7749 -0.6086
vn -0.1950 -0.6139 -0.7650
vn 0.0112 -0.0578 -0.9983
vn 0.0100 -0.0289 -0.9995
vn -0.0015 -0.4700 -0.8827
vn -0.0090 -0.5093 -0.8605
vn 0.0226 -0.0813 -0.9964
vn 0.0309 -0.0492 -0.9983
vn 0.0433 0.0191 -0.9989
vn 0.0334 -0.0106 -0.9994
vn -0.0047 0.0477 -0.9989
vn -0.0339 0.0228 -0.9992
vn 0.0329 0.0657 -0.9973
vn -0.0837 -0.0571 -0.9949
vn -0.1178 -0.1151 -0.9864
vn -0.1635 -0.2218 -0.9613
vn -0.1799 -0.3849 -0.9053
vn 0.4199 -0.5328 0.7347
vn -0.0484 -0.4622 0.8854
vn 0.6646 -0.7472 -0.0000
vn 0.6662 -0.7458 -0.0003
vn -0.7674 0.5928 0.2443
vn -0.7444 0.6391 0.1933
vn -0.9143 0.1069 0.3907
vn 0.0120 -0.3772 -0.9260
vn -0.0000 -0.2354 -0.9719
vn -0.2243 -0.2366 -0.9453
vn -0.2320 -0.3800 -0.8954
vn -0.0000 -0.2874 -0.9578
vn -0.2433 -0.2612 -0.9341
vn -0.0207 -0.5943 -0.8040
vn 0.0144 -0.5507 -0.8346
vn -0.2534 -0.4492 -0.8567
vn -0.2072 -0.4476 -0.8699
vn 0.0161 -0.6061 -0.7953
vn -0.0000 -0.5865 -0.8099
vn -0.2773 -0.4849 -0.8295
vn -0.0000 -0.9022 -0.4313
vn -0.2359 -0.8427 -0.4839
vn -0.0000 -1.0000 -0.0000
vn -0.2141 -0.9768 -0.0000
vn 0.8635 0.4668 0.1907
vn 0.7575 0.6528 -0.0001
vn 0.8319 0.5550 -0.0000
vn 0.8549 0.5188 -0.0000
vn 0.7788 0.6272 -0.0000
vn 0.7513 0.6600 -0.0000
vn 0.0063 1.0000 -0.0000
vn -0.9268 -0.3757 -0.0000
vn -0.9933 -0.1154 -0.0000
vn -0.7887 -0.6147 -0.0000
vn -0.9997 0.0263 -0.0000
vn -0.9961 0.0887 -0.0000
vn -0.6516 -0.7585 -0.0000
vn -0.0983 0.5135 0.8524
vn -0.0437 0.6169 0.7858
vn -0.0489 0.5136 0.8567
vn -0.1170 0.5077 0.8536
vn 0.0379 0.7479 0.6628
vn 0.0806 0.6224 0.7785
vn 0.1512 0.7195 0.6779
vn 0.1610 0.6530 0.7400
vn 0.2835 0.7845 0.5515
vn 0.2151 0.7533 0.6215
vn 0.4072 0.8579 0.3134
vn 0.3607 0.8514 0.3809
vn 0.4017 0.8802 0.2527
vn 0.4037 0.8814 0.2452
vn -0.1158 0.5946 0.7956
vn 0.4098 0.9122 -0.0000
vn 0.4053 0.9142 -0.0000
vn 0.8871 -0.0122 0.4615
vn 0.9686 -0.0330 0.2463
vn 0.9823 0.0145 0.1868
vn 0.8789 -0.0144 0.4768
vn -0.9616 0.0430 -0.2711
vn -0.8354 0.0511 -0.5473
vn -0.8576 0.0435 -0.5125
vn -0.9825 -0.0073 -0.1862
vn 0.9386 -0.0001 0.3450
vn 0.9116 -0.0000 0.4112
vn -0.8827 -0.0000 -0.4700
vn -0.8245 0.0059 -0.5658
vn 0.9443 -0.0000 0.3292
vn 0.9500 -0.0000 0.3123
vn -0.9065 -0.0000 -0.4222
vn -0.9068 -0.0000 -0.4216
vn 0.9909 -0.0000 0.1348
vn 0.9716 -0.0000 0.2366
vn -0.9414 -0.0000 -0.3373
vn -0.9234 -0.0000 -0.3837
vn 0.9885 -0.0000 0.1514
vn 0.9933 -0.0000 0.1152
vn -0.9838 -0.0000 -0.1791
vn -0.9741 -0.0000 -0.2263
vn 0.9922 -0.0000 0.1247
vn 0.9886 -0.0000 0.1503
vn -1.0000 -0.0000 -0.0041
vn -0.9995 -0.0000 -0.0328
vn -0.9905 -0.0850 -0.1083
vn -0.9902 -0.0863 -0.1095
vn 0.9900 0.0844 0.1129
vn 0.9904 0.0829 0.1102
vn -0.0613 -0.5096 0.8582
vn 0.0295 0.9167 -0.3986
vn 0.0164 0.8099 -0.5863
vn 0.0341 0.7820 -0.6223
vn 0.0460 0.9089 -0.4144
vn 0.0100 0.9196 -0.3928
vn 0.0055 0.8147 -0.5799
vn -0.1530 0.9184 -0.3650
vn -0.3100 0.9071 -0.2847
vn -0.3245 0.7789 -0.5366
vn -0.1649 0.7679 -0.6190
vn -0.1719 0.6802 -0.7125
vn 0.0072 0.7608 -0.6489
vn -0.0106 0.8083 -0.5887
vn 0.0070 0.7763 -0.6304
vn -0.0207 0.8096 -0.5866
vn -0.0621 0.3095 -0.9489
vn -0.1106 0.1920 -0.9751
vn 0.0719 0.7460 -0.6620
vn -0.2263 0.1420 -0.9637
vn 0.0885 0.6894 -0.7190
vn -0.0027 0.7780 -0.6282
vn 0.0118 0.7449 -0.6671
vn -0.3380 0.6381 -0.6918
vn -0.0148 0.9224 -0.3859
vn 0.1515 0.8212 -0.5502
vn 0.1353 0.8368 -0.5305
vn 0.0976 0.8962 -0.4327
vn 0.0376 0.9749 -0.2196
vn -0.3186 0.8190 -0.4773
vn -0.3656 0.8136 -0.4521
vn -0.4094 0.8704 -0.2735
vn -0.3776 0.8699 -0.3173
vn -0.3299 0.7838 -0.5261
vn -0.3697 0.7131 -0.5957
vn -0.2668 0.8375 -0.4770
vn -0.3054 0.8986 -0.3150
vn -0.2603 0.8240 -0.5032
vn 0.3792 0.5841 -0.7177
vn 0.2016 0.6143 -0.7629
vn 0.1873 0.9122 -0.3645
vn 0.3806 0.8573 -0.3466
vn 0.2259 0.1791 -0.9575
vn 0.1518 0.2222 -0.9631
vn -0.5385 0.4702 -0.6993
vn -0.2016 0.5042 -0.8397
vn -0.1468 0.5020 -0.8523
vn -0.4235 0.6351 -0.6460
vn -0.0476 0.5785 -0.8143
vn -0.3806 0.8273 -0.4133
vn -0.2288 0.9217 -0.3131
vn 0.2731 0.7314 -0.6249
vn 0.4224 0.8692 -0.2571
vn -0.7777 0.0236 -0.6282
vn -0.2136 0.5048 -0.8364
vn -0.1934 0.5340 -0.8230
vn -0.1966 0.4708 -0.8601
vn -0.1978 0.5082 -0.8382
vn -0.2023 0.4571 -0.8661
vn 0.1229 0.4726 -0.8727
vn -0.1278 0.5006 -0.8562
vn -0.1466 0.3733 -0.9161
vn -0.0777 0.3810 -0.9213
vn -0.2661 0.5922 -0.7606
vn -0.0154 0.4926 -0.8701
vn 0.0120 0.7792 -0.6267
vn -0.1298 0.7935 -0.5946
vn -0.2426 0.3945 -0.8863
vn -0.1849 0.5204 -0.8337
vn -0.0139 0.6170 -0.7868
vn 0.4712 0.6543 -0.5915
vn -0.0446 0.5698 -0.8206
vn -0.0883 0.4029 -0.9110
vn -0.1415 0.4379 -0.8878
vn -0.1234 0.5373 -0.8343
vn -0.1584 0.3102 -0.9374
vn -0.1130 0.3643 -0.9244
vn -0.1593 0.5124 -0.8438
vn 0.2699 0.5816 -0.7674
vn 0.1575 0.6399 -0.7521
vn 0.1496 0.8758 -0.4589
vn 0.3835 0.7743 -0.5035
vn -0.5035 0.7884 -0.3535
vn -0.2447 0.9023 -0.3548
vn 0.2532 0.6813 -0.6868
vn 0.5940 0.6966 -0.4024
vn 0.6525 0.4281 -0.6252
vn 0.2240 0.3781 -0.8983
vn -0.1085 0.2864 -0.9519
vn -0.0732 0.3117 -0.9474
vn -0.1065 0.5770 -0.8098
vn -0.0544 0.3542 -0.9336
vn -0.0371 0.5714 -0.8198
vn -0.0947 0.9320 -0.3499
vn 0.0072 0.9088 -0.4173
vn -0.0463 0.6004 -0.7984
vn -0.0211 0.6029 -0.7975
vn 0.1840 0.8428 -0.5059
vn 0.4422 0.8206 -0.3619
vn -0.7100 0.1179 -0.6943
vn -0.2636 0.2402 -0.9342
vn 0.0169 0.0702 -0.9974
vn 0.5144 0.5673 -0.6431
vn 0.3555 0.1782 -0.9175
vn 0.8634 0.1438 -0.4836
vn 0.7917 0.4764 -0.3823
vn -0.6035 -0.3492 -0.7168
vn -0.5071 -0.5919 -0.6266
vn 0.3229 -0.4326 -0.8418
vn 0.0128 -0.3266 -0.9451
vn 0.0830 -0.4948 -0.8650
vn 0.2644 -0.6348 -0.7261
vn 0.6435 -0.7374 -0.2054
vn 0.5546 -0.8232 0.1217
vn -0.0914 0.8934 -0.4399
vn 0.1116 0.4959 -0.8612
vn -0.1282 0.6468 -0.7518
vn 0.0254 0.4043 -0.9143
vn 0.2071 0.3505 -0.9134
vn -0.1770 0.4431 -0.8788
vn 0.5286 0.6933 -0.4899
vn 0.3674 0.5126 -0.7761
vn 0.0797 0.8814 -0.4656
vn 0.0658 0.6115 -0.7885
vn 0.0029 0.6820 -0.7313
vn 0.0005 0.8980 -0.4400
vn -0.1337 -0.9740 -0.1828
vn -0.4212 -0.6930 -0.5851
vn -0.0688 -0.7310 -0.6790
vn -0.1628 -0.7325 -0.6610
vn -0.1326 -0.4443 -0.8860
vn -0.0082 -0.5364 -0.8439
vn -0.1566 0.6423 -0.7503
vn -0.2194 0.8562 -0.4677
vn 0.2254 0.2882 -0.9307
vn 0.3561 0.5637 -0.7453
vn 0.0875 0.0433 -0.9952
vn 0.0907 0.0370 -0.9952
vn 0.4008 0.8120 -0.4242
vn 0.3988 0.7450 -0.5348
vn -0.0050 -0.4640 -0.8858
vn -0.1678 -0.6007 -0.7816
vn -0.0542 -0.4595 -0.8865
vn 0.1343 -0.4572 -0.8792
vn 0.2359 -0.5515 -0.8001
vn 0.6321 -0.6801 -0.3714
vn 0.5047 -0.6195 -0.6012
vn 0.4984 -0.6282 -0.5975
vn 0.0359 0.1790 -0.9832
vn -0.1058 0.4234 -0.8997
vn -0.0350 0.3215 -0.9463
vn 0.0487 0.1776 -0.9829
vn -0.1739 0.9198 -0.3518
vn -0.1324 0.4881 -0.8627
vn -0.1510 0.4621 -0.8739
vn 0.0217 0.4078 -0.9128
vn -0.3125 0.6653 -0.6780
vn -0.0569 -0.0235 -0.9981
vn -0.3120 -0.3582 -0.8800
vn 0.3315 -0.0547 -0.9419
vn 0.8331 -0.2852 -0.4740
vn 0.1324 0.8769 -0.4622
vn 0.1186 0.6296 -0.7678
vn -0.0280 -0.3480 -0.9371
vn 0.0024 -0.0334 -0.9994
vn -0.1569 -0.0388 -0.9869
vn -0.0783 -0.4263 -0.9012
vn 0.4688 -0.5531 -0.6886
vn 0.8221 -0.4755 -0.3131
vn 0.6814 -0.6905 -0.2426
vn 0.3207 -0.6963 -0.6421
vn -0.2118 0.7018 -0.6802
vn -0.0185 0.4060 -0.9137
vn 0.0454 0.3873 -0.9208
vn -0.1566 0.4518 -0.8783
vn -0.3827 0.3229 -0.8656
vn -0.0899 0.0930 -0.9916
vn -0.1843 -0.3222 -0.9286
vn -0.6834 -0.2703 -0.6782
vn -0.0050 0.9141 -0.4055
vn -0.1847 0.7103 -0.6793
vn -0.3089 -0.9216 -0.2350
vn 0.0240 -0.5063 -0.8620
vn 0.0766 -0.2479 -0.9657
vn 0.1060 0.1018 -0.9891
vn 0.1070 0.0913 -0.9901
vn -0.2952 -0.8255 -0.4811
vn 0.1995 -0.8407 -0.5034
vn -0.0235 -0.7328 -0.6801
vn 0.5238 -0.8375 -0.1557
vn -0.0470 -0.6362 -0.7701
vn -0.1096 -0.6232 -0.7744
vn -0.0810 -0.6689 -0.7389
vn -0.1308 -0.3569 -0.9250
vn 0.6150 0.7678 -0.1797
vn 0.1006 0.3753 -0.9214
vn -0.1497 0.1477 -0.9776
vn -0.1138 0.1338 -0.9844
vn -0.0567 -0.6662 -0.7436
vn -0.1072 -0.0829 -0.9908
vn -0.1065 -0.4745 -0.8738
vn -0.1258 -0.6428 -0.7556
vn -0.2484 0.8824 -0.3997
vn -0.3191 0.4629 -0.8270
vn -0.3108 0.6343 -0.7078
vn -0.2783 0.1805 -0.9434
vn -0.2831 0.1733 -0.9433
vn 0.9655 -0.2430 -0.0932
vn 0.9600 -0.2380 -0.1477
vn 0.9165 -0.4000 -0.0091
vn 0.9109 -0.4124 -0.0126
vn 0.8769 -0.4807 -0.0082
vn 0.8595 -0.5106 0.0242
vn -0.1252 0.9694 -0.2110
vn -0.6408 0.7643 -0.0724
vn -0.7680 0.6289 -0.1213
vn -0.2088 -0.7326 -0.6478
vn -0.3845 -0.7518 -0.5357
vn -0.1119 -0.7467 -0.6557
vn 0.1669 0.9642 -0.2062
vn 0.1686 0.9754 -0.1423
vn 0.1874 0.9503 -0.2488
vn 0.7691 -0.6366 0.0565
vn 0.7481 -0.6580 0.0860
vn 0.1811 0.9703 -0.1606
vn 0.1742 0.9774 -0.1195
vn 0.1888 0.9693 -0.1576
vn 0.6503 0.7361 -0.1876
vn 0.0449 0.9681 -0.2463
vn 0.9669 0.1867 -0.1740
vn 0.8948 -0.0609 -0.4422
vn 0.0118 -0.9999 0.0061
vn 0.0357 -0.7714 -0.6353
vn 0.1894 -0.9096 -0.3697
vn -0.0185 -0.8916 -0.4524
vn -0.0429 -0.9955 0.0846
vn -0.0343 -0.9700 0.2408
vn 0.0004 -0.9121 -0.4099
vn -0.1064 -0.9942 0.0163
vn -0.0731 -0.9953 -0.0638
vn -0.0272 -0.9550 0.2953
vn -0.0459 -0.9645 0.2601
vn -0.0436 -0.9333 -0.3565
vn -0.0301 -0.9514 0.3066
vn 0.1152 -0.3325 -0.9361
vn 0.3375 -0.7564 -0.5604
vn 0.1540 -0.1467 -0.9771
vn 0.1958 -0.0388 -0.9799
vn 0.3976 -0.4992 -0.7699
vn 0.4073 -0.5713 -0.7126
vn 0.5661 -0.3961 -0.7230
vn -0.2943 -0.9404 -0.1704
vn -0.5128 -0.8126 -0.2770
vn -0.4085 -0.8882 -0.2103
vn -0.4542 -0.8741 -0.1720
vn -0.8421 -0.0400 -0.5379
vn -0.8217 -0.0206 -0.5695
vn -0.8454 0.2189 -0.4873
vn -0.8339 0.2168 -0.5076
vn -0.7811 0.1358 -0.6095
vn -0.7140 0.0677 -0.6969
vn -0.8801 0.3819 -0.2821
vn -0.8671 0.2998 -0.3979
vn -0.4772 -0.8334 -0.2787
vn -0.7575 -0.4454 -0.4773
vn -0.6938 -0.6261 -0.3560
vn -0.3525 -0.9165 -0.1892
vn -0.3192 -0.9476 0.0139
vn -0.3783 -0.9256 -0.0107
vn -0.3797 -0.9251 -0.0009
vn -0.3110 -0.9488 0.0548
vn -0.2708 -0.9592 -0.0816
vn -0.3893 -0.9079 -0.1551
vn -0.4147 -0.9083 -0.0548
vn -0.6945 0.0482 -0.7178
vn -0.7362 0.1574 -0.6583
vn 0.8066 -0.5811 0.1087
vn 0.7091 -0.6985 -0.0965
vn 0.2230 -0.9748 0.0103
vn 0.4537 -0.8724 -0.1819
vn 0.4723 -0.7789 -0.4126
vn 0.5036 -0.7934 -0.3420
vn 0.5039 -0.8485 -0.1616
vn 0.1210 0.0634 -0.9906
vn 0.0532 -0.0292 -0.9982
vn 0.0143 -0.1114 -0.9937
vn 0.0146 -0.2429 -0.9699
vn 0.0320 -0.4692 -0.8825
vn -0.0257 -0.5615 -0.8271
vn -0.0652 -0.5414 -0.8382
vn -0.1447 -0.9661 0.2140
vn 0.1438 -0.9666 0.2120
vn 0.1046 -0.9479 0.3009
vn 0.3420 -0.9127 0.2238
vn 0.3180 -0.8968 0.3076
vn -0.0009 -0.9274 0.3739
vn 0.0433 -0.8922 0.4496
vn 0.0263 -0.9551 0.2950
vn -0.0110 -0.9784 0.2066
vn -0.0408 -0.9316 0.3612
vn 0.1338 -0.8946 0.4263
vn 0.2709 -0.9502 0.1542
vn 0.0416 -0.9770 0.2093
vn 0.0018 -0.9817 0.1907
vn 0.4999 -0.8621 -0.0830
vn 0.4592 -0.8662 0.1969
vn 0.3865 -0.8841 0.2626
vn 0.4197 -0.9072 0.0294
vn 0.5353 -0.8282 0.1659
vn 0.5962 -0.7856 0.1655
vn 0.4140 -0.8550 -0.3123
vn 0.4269 -0.8414 -0.3312
vn 0.5197 -0.7267 -0.4492
vn -0.1593 -0.9157 0.3689
vn -0.1678 -0.9244 0.3425
vn -0.1950 -0.6139 0.7649
vn -0.1706 -0.7749 0.6086
vn -0.0193 -0.0414 0.9990
vn -0.0090 -0.5093 0.8605
vn 0.0012 -0.4571 0.8894
vn -0.0207 -0.4739 0.8803
vn 0.0100 -0.0289 0.9995
vn 0.0251 -0.1073 0.9939
vn 0.0226 -0.0813 0.9964
vn 0.0309 -0.0492 0.9983
vn 0.0334 -0.0106 0.9994
vn 0.0433 0.0191 0.9989
vn -0.0047 0.0477 0.9989
vn 0.0329 0.0657 0.9973
vn -0.0339 0.0228 0.9992
vn -0.0837 -0.0571 0.9949
vn -0.1178 -0.1151 0.9864
vn -0.1635 -0.2218 0.9613
vn -0.1799 -0.3849 0.9053
vn -0.0484 -0.4622 -0.8854
vn 0.4198 -0.5328 -0.7347
vn 0.6662 -0.7458 0.0003
vn 0.9527 -0.3038 0.0013
vn 0.9516 -0.3074 0.0044
vn -0.7805 0.6056 -0.1550
vn -0.8133 0.5464 -0.1997
vn -0.9190 0.1097 -0.3787
vn 0.0120 -0.3772 0.9260
vn -0.2320 -0.3800 0.8954
vn -0.2243 -0.2366 0.9453
vn -0.0000 -0.2354 0.9719
vn -0.2433 -0.2612 0.9341
vn -0.0000 -0.2874 0.9578
vn -0.0025 -0.6007 0.7995
vn -0.2072 -0.4476 0.8699
vn -0.2534 -0.4492 0.8567
vn 0.0144 -0.5507 0.8346
vn -0.2773 -0.4849 0.8295
vn -0.0000 -0.5865 0.8099
vn -0.2359 -0.8427 0.4839
vn -0.0000 -0.9022 0.4313
vn 0.8635 0.4668 -0.1907
vn 0.7575 0.6528 0.0001
vn -0.0983 0.5135 -0.8524
vn -0.1170 0.5077 -0.8536
vn -0.0489 0.5136 -0.8567
vn -0.0437 0.6169 -0.7858
vn 0.0806 0.6224 -0.7785
vn 0.0379 0.7479 -0.6628
vn 0.1610 0.6530 -0.7400
vn 0.1512 0.7195 -0.6779
vn 0.2151 0.7533 -0.6215
vn 0.2835 0.7845 -0.5515
vn 0.3608 0.8514 -0.3809
vn 0.4072 0.8579 -0.3134
vn 0.4037 0.8814 -0.2452
vn 0.4017 0.8802 -0.2527
vn -0.1158 0.5946 -0.7956
vn 0.8871 -0.0123 -0.4615
vn 0.8789 -0.0144 -0.4767
vn 0.9823 0.0145 -0.1868
vn 0.9675 -0.0361 -0.2504
vn -0.9616 0.0430 0.2711
vn -0.9825 -0.0073 0.1863
vn -0.8576 0.0435 0.5125
vn -0.8354 0.0511 0.5473
vn 0.9386 -0.0001 -0.3451
vn 0.9116 -0.0000 -0.4112
vn -0.8245 0.0059 0.5658
vn -0.8827 -0.0000 0.4700
vn 0.9443 -0.0000 -0.3292
vn 0.9500 -0.0000 -0.3123
vn -0.9068 -0.0000 0.4217
vn -0.9065 -0.0000 0.4223
vn 0.9909 -0.0000 -0.1348
vn 0.9716 -0.0000 -0.2366
vn -0.9234 -0.0000 0.3837
vn -0.9414 -0.0000 0.3373
vn 0.9885 -0.0000 -0.1514
vn 0.9933 -0.0000 -0.1152
vn -0.9741 -0.0000 0.2263
vn -0.9838 -0.0000 0.1790
vn 0.9922 -0.0000 -0.1247
vn 0.9886 -0.0000 -0.1503
vn -1.0000 -0.0000 0.0041
vn -0.9995 -0.0000 0.0328
vn -0.9905 -0.0850 0.1082
vn -0.9902 -0.0863 0.1095
vn 0.9925 0.0754 -0.0962
vn 0.9902 0.0838 -0.1119
vn 0.9900 0.0844 -0.1129
vn 0.9870 0.0306 -0.1575
vn -0.0613 -0.5096 -0.8582
vt 0.981585 0.453034
vt 0.969544 0.455757
vt 0.972664 0.437588
vt 0.982614 0.435813
vt 0.966223 0.403914
vt 0.975554 0.400081
vt 0.974782 0.418437
vt 0.963885 0.421213
vt 0.956322 0.457574
vt 0.967348 0.476195
vt 0.954300 0.479958
vt 0.960267 0.439241
vt 0.983616 0.396046
vt 0.974876 0.382512
vt 0.981553 0.379195
vt 0.980830 0.372347
vt 0.973357 0.374943
vt 0.971448 0.367436
vt 0.979312 0.365514
vt 0.984528 0.415173
vt 0.980614 0.471644
vt 0.968111 0.383411
vt 0.966356 0.376057
vt 0.821122 0.088754
vt 0.822370 0.094624
vt 0.814770 0.093852
vt 0.816712 0.087944
vt 0.892546 0.208897
vt 0.893537 0.242778
vt 0.882389 0.243285
vt 0.881376 0.209693
vt 0.889003 0.181922
vt 0.877336 0.182515
vt 0.882304 0.154682
vt 0.871557 0.154726
vt 0.872959 0.132711
vt 0.864673 0.132677
vt 0.824558 0.090617
vt 0.827203 0.095068
vt 0.838242 0.153476
vt 0.821911 0.152452
vt 0.819896 0.130022
vt 0.830527 0.130632
vt 0.842683 0.181597
vt 0.824670 0.180472
vt 0.827077 0.207932
vt 0.845949 0.209358
vt 0.828902 0.239353
vt 0.846496 0.240748
vt 0.831991 0.110923
vt 0.824480 0.106192
vt 0.815102 0.105336
vt 0.805166 0.108865
vt 0.805530 0.100149
vt 0.830301 0.102695
vt 0.807290 0.093113
vt 0.809341 0.089758
vt 0.812419 0.088304
vt 0.867326 0.123451
vt 0.854030 0.154273
vt 0.846517 0.131719
vt 0.860043 0.182298
vt 0.863051 0.210203
vt 0.863600 0.241343
vt 0.859214 0.117429
vt 0.842394 0.112936
vt 0.808989 0.129540
vt 0.809395 0.151698
vt 0.810951 0.179039
vt 0.812326 0.206420
vt 0.811139 0.237448
vt 0.825402 0.371916
vt 0.820689 0.371615
vt 0.819079 0.364697
vt 0.826955 0.365917
vt 0.890712 0.274890
vt 0.879673 0.274792
vt 0.886857 0.298980
vt 0.875662 0.298232
vt 0.879922 0.322346
vt 0.869555 0.320886
vt 0.872050 0.341683
vt 0.864722 0.339867
vt 0.829155 0.370917
vt 0.832028 0.366840
vt 0.841170 0.315283
vt 0.836212 0.332883
vt 0.825715 0.330381
vt 0.827946 0.314485
vt 0.844783 0.294910
vt 0.829223 0.293037
vt 0.829205 0.267720
vt 0.846253 0.269897
vt 0.837355 0.351308
vt 0.829554 0.353926
vt 0.819866 0.352093
vt 0.808546 0.347193
vt 0.808524 0.355535
vt 0.835519 0.359479
vt 0.809956 0.363882
vt 0.812231 0.368176
vt 0.815740 0.370235
vt 0.867337 0.349079
vt 0.849741 0.336425
vt 0.855102 0.317494
vt 0.859497 0.296028
vt 0.862301 0.270660
vt 0.860761 0.352858
vt 0.846631 0.352483
vt 0.813218 0.329080
vt 0.814240 0.312730
vt 0.813532 0.290839
vt 0.812180 0.267367
vt 0.919780 0.635189
vt 0.943727 0.636334
vt 0.939412 0.676780
vt 0.914528 0.674436
vt 0.963388 0.675410
vt 0.965422 0.634553
vt 0.983021 0.674296
vt 0.981324 0.701308
vt 0.960135 0.700478
vt 0.956225 0.725409
vt 0.978936 0.727394
vt 0.974807 0.755305
vt 0.951480 0.752167
vt 0.969127 0.784452
vt 0.962759 0.809992
vt 0.940395 0.804425
vt 0.945898 0.778993
vt 0.930277 0.721363
vt 0.929947 0.748874
vt 0.923239 0.799768
vt 0.928394 0.774630
vt 0.922713 0.694544
vt 0.911656 0.683791
vt 0.933625 0.698686
vt 0.894271 0.633328
vt 0.901058 0.634138
vt 0.894888 0.674574
vt 0.888110 0.673787
vt 0.919999 0.628458
vt 0.943983 0.629491
vt 0.965229 0.627478
vt 0.982567 0.624641
vt 0.983229 0.631130
vt 0.989984 0.631333
vt 0.989880 0.674312
vt 0.988153 0.701274
vt 0.981227 0.756760
vt 0.985561 0.728073
vt 0.975883 0.786104
vt 0.970498 0.811847
vt 0.921459 0.773662
vt 0.923344 0.748050
vt 0.923585 0.722567
vt 0.920595 0.706218
vt 0.926776 0.703817
vt 0.917267 0.698386
vt 0.907338 0.689001
vt 0.890775 0.680166
vt 0.423567 0.853115
vt 0.392548 0.869789
vt 0.380245 0.831793
vt 0.417059 0.816865
vt 0.181462 0.844060
vt 0.181794 0.886605
vt 0.140498 0.885220
vt 0.141537 0.843172
vt 0.102108 0.841911
vt 0.098224 0.883061
vt 0.391813 0.738074
vt 0.398445 0.757742
vt 0.361669 0.766511
vt 0.355348 0.746466
vt 0.406823 0.783251
vt 0.368469 0.790663
vt 0.341266 0.835147
vt 0.330131 0.792618
vt 0.325311 0.772094
vt 0.143223 0.800251
vt 0.105491 0.799493
vt 0.107788 0.777959
vt 0.144520 0.778883
vt 0.181379 0.779571
vt 0.146242 0.757428
vt 0.181781 0.757841
vt 0.181157 0.800982
vt 0.071749 0.777680
vt 0.075657 0.756440
vt 0.110676 0.756448
vt 0.066936 0.841633
vt 0.068805 0.799014
vt 0.031675 0.845318
vt 0.027746 0.808331
vt 0.024722 0.785656
vt 0.021667 0.762849
vt 0.370986 0.656982
vt 0.375288 0.677615
vt 0.341919 0.683709
vt 0.339303 0.662244
vt 0.305375 0.688308
vt 0.345173 0.705025
vt 0.308276 0.710855
vt 0.303292 0.643078
vt 0.335893 0.639665
vt 0.304241 0.665889
vt 0.215671 0.715022
vt 0.215184 0.693206
vt 0.245689 0.692181
vt 0.247865 0.713764
vt 0.182963 0.715695
vt 0.183545 0.693511
vt 0.119068 0.691033
vt 0.084914 0.688318
vt 0.087322 0.664468
vt 0.121275 0.667938
vt 0.017433 0.685123
vt 0.020314 0.657527
vt 0.251771 0.755403
vt 0.254121 0.776938
vt 0.218287 0.778956
vt 0.217342 0.757132
vt 0.221528 0.843482
vt 0.219268 0.800369
vt 0.256601 0.798156
vt 0.261348 0.841328
vt 0.113625 0.735304
vt 0.148004 0.736419
vt 0.182337 0.736822
vt 0.149756 0.715367
vt 0.293533 0.795657
vt 0.301576 0.839009
vt 0.285977 0.752972
vt 0.289782 0.774311
vt 0.319764 0.751468
vt 0.278208 0.712216
vt 0.282135 0.732695
vt 0.249794 0.734621
vt 0.313562 0.731249
vt 0.351987 0.878217
vt 0.265050 0.882574
vt 0.309561 0.883782
vt 0.067544 0.882726
vt 0.036121 0.883684
vt 0.223770 0.886052
vt 0.380121 0.697803
vt 0.385606 0.718052
vt 0.349754 0.725875
vt 0.216433 0.736149
vt 0.079138 0.734544
vt 0.082258 0.712640
vt 0.116488 0.714262
vt 0.018643 0.736950
vt 0.017117 0.711569
vt 0.151403 0.692909
vt 0.123593 0.643801
vt 0.154515 0.647009
vt 0.152819 0.670527
vt 0.184011 0.671671
vt 0.274940 0.690712
vt 0.024955 0.884128
vt 0.017167 0.849881
vt 0.013358 0.807367
vt 0.010728 0.784485
vt 0.005831 0.735638
vt 0.007877 0.761563
vt 0.005888 0.682146
vt 0.005000 0.709294
vt 0.008444 0.654821
vt 0.011339 0.629690
vt 0.023405 0.631689
vt 0.185073 0.900819
vt 0.143078 0.897598
vt 0.097734 0.896270
vt 0.394200 0.882015
vt 0.351183 0.891106
vt 0.308695 0.896603
vt 0.262911 0.896951
vt 0.069900 0.893685
vt 0.224883 0.900286
vt 0.034893 0.894477
vt 0.419094 0.554469
vt 0.424535 0.554511
vt 0.424520 0.556117
vt 0.419080 0.556075
vt 0.419118 0.551789
vt 0.424557 0.551831
vt 0.419143 0.549074
vt 0.424582 0.549118
vt 0.419167 0.546361
vt 0.424606 0.546406
vt 0.419192 0.543679
vt 0.424628 0.543725
vt 0.419206 0.542076
vt 0.424643 0.542119
vt 0.429973 0.554553
vt 0.429960 0.556159
vt 0.429997 0.551873
vt 0.430020 0.549160
vt 0.430044 0.546449
vt 0.430066 0.543769
vt 0.430080 0.542163
vt 0.435411 0.554596
vt 0.435399 0.556201
vt 0.435434 0.551916
vt 0.435459 0.549204
vt 0.435482 0.546490
vt 0.435506 0.543811
vt 0.435520 0.542205
vt 0.440848 0.554640
vt 0.440835 0.556244
vt 0.440873 0.551958
vt 0.440898 0.549245
vt 0.440923 0.546533
vt 0.440947 0.543854
vt 0.440961 0.542248
vt 0.446285 0.554683
vt 0.446270 0.556288
vt 0.446309 0.552003
vt 0.446335 0.549292
vt 0.446363 0.546578
vt 0.446389 0.543898
vt 0.446404 0.542293
vt 0.451719 0.554729
vt 0.451705 0.556332
vt 0.451844 0.552049
vt 0.451844 0.549339
vt 0.451844 0.546630
vt 0.451844 0.543951
vt 0.451844 0.542347
vt 0.457152 0.554772
vt 0.457136 0.556376
vt 0.457182 0.552094
vt 0.457215 0.549386
vt 0.457248 0.546686
vt 0.457276 0.544031
vt 0.457281 0.542446
vt 0.462579 0.554817
vt 0.462560 0.556421
vt 0.462615 0.552137
vt 0.462653 0.549423
vt 0.462692 0.546697
vt 0.462725 0.543988
vt 0.462735 0.542364
vt 0.468003 0.554883
vt 0.467978 0.556487
vt 0.468045 0.552205
vt 0.468091 0.549491
vt 0.468134 0.546775
vt 0.468177 0.544089
vt 0.468206 0.542482
vt 0.473424 0.554972
vt 0.473393 0.556577
vt 0.473475 0.552295
vt 0.473528 0.549583
vt 0.473580 0.546871
vt 0.473632 0.544189
vt 0.473664 0.542582
vt 0.478843 0.555083
vt 0.478807 0.556688
vt 0.478904 0.552406
vt 0.478966 0.549694
vt 0.479027 0.546983
vt 0.479088 0.544299
vt 0.479123 0.542694
vt 0.484262 0.555214
vt 0.484221 0.556817
vt 0.484332 0.552536
vt 0.484402 0.549805
vt 0.484474 0.547110
vt 0.484543 0.544430
vt 0.484585 0.542824
vt 0.489682 0.555368
vt 0.489634 0.556972
vt 0.489758 0.552690
vt 0.489835 0.549976
vt 0.489919 0.547258
vt 0.490001 0.544574
vt 0.490047 0.542969
vt 0.495103 0.555552
vt 0.495050 0.557156
vt 0.495181 0.552869
vt 0.495262 0.550146
vt 0.495359 0.547420
vt 0.495462 0.544728
vt 0.495517 0.543124
vt 0.500535 0.555763
vt 0.500482 0.557369
vt 0.500598 0.553081
vt 0.500663 0.550344
vt 0.500786 0.547590
vt 0.500935 0.544885
vt 0.501011 0.543275
vt 0.506004 0.556193
vt 0.506005 0.557814
vt 0.505964 0.553429
vt 0.505983 0.550596
vt 0.506168 0.547786
vt 0.506436 0.545055
vt 0.506573 0.543438
vt 0.511574 0.556303
vt 0.511746 0.557914
vt 0.511247 0.553579
vt 0.511141 0.550805
vt 0.511459 0.548051
vt 0.511999 0.545364
vt 0.512295 0.543770
vt 0.517253 0.555677
vt 0.517642 0.557222
vt 0.516402 0.553267
vt 0.516033 0.550997
vt 0.516577 0.548761
vt 0.517611 0.546426
vt 0.518121 0.544917
vt 0.386035 0.553339
vt 0.391673 0.554250
vt 0.391423 0.555849
vt 0.385567 0.554863
vt 0.387006 0.550978
vt 0.392140 0.551549
vt 0.387489 0.548730
vt 0.392383 0.548787
vt 0.387059 0.546471
vt 0.392208 0.546022
vt 0.386145 0.544087
vt 0.391804 0.543315
vt 0.385714 0.542553
vt 0.391591 0.541709
vt 0.397241 0.554402
vt 0.397151 0.556021
vt 0.397437 0.551666
vt 0.397551 0.548865
vt 0.397503 0.546059
vt 0.397368 0.543317
vt 0.397317 0.541697
vt 0.402740 0.554395
vt 0.402708 0.556005
vt 0.402820 0.551686
vt 0.402880 0.548921
vt 0.402881 0.546157
vt 0.402859 0.543448
vt 0.402862 0.541839
vt 0.408202 0.554400
vt 0.408186 0.556007
vt 0.408243 0.551709
vt 0.408278 0.548977
vt 0.408300 0.546243
vt 0.408312 0.543556
vt 0.408329 0.541949
vt 0.413650 0.554429
vt 0.413637 0.556033
vt 0.413679 0.551745
vt 0.413707 0.549026
vt 0.413730 0.546309
vt 0.413754 0.543627
vt 0.413770 0.542022
vt 0.980985 0.492500
vt 0.984706 0.528270
vt 0.972999 0.532021
vt 0.967799 0.496473
vt 0.955491 0.499022
vt 0.958801 0.536214
vt 0.967362 0.575579
vt 0.975894 0.577400
vt 0.974428 0.581702
vt 0.966144 0.579401
vt 0.958794 0.573983
vt 0.958695 0.577560
vt 0.983223 0.577580
vt 0.982803 0.580003
vt 0.975344 0.572839
vt 0.959000 0.570234
vt 0.967823 0.570459
vt 0.984580 0.572332
vt 0.984269 0.573311
vt 0.976529 0.567868
vt 0.976698 0.567061
vt 0.967919 0.566390
vt 0.959360 0.567803
vt 0.959484 0.567247
vt 0.967928 0.565676
vt 0.983810 0.574683
vt 0.976113 0.570085
vt 0.959167 0.569217
vt 0.967813 0.568759
vt 0.984312 0.550836
vt 0.973132 0.549668
vt 0.959593 0.551163
vt 0.453314 0.810759
vt 0.462717 0.807707
vt 0.460558 0.825400
vt 0.452154 0.828685
vt 0.504781 0.796938
vt 0.487403 0.800777
vt 0.492124 0.781952
vt 0.509470 0.779271
vt 0.485529 0.838361
vt 0.475446 0.837660
vt 0.481910 0.819683
vt 0.496593 0.817940
vt 0.450808 0.767880
vt 0.465076 0.767400
vt 0.464356 0.787723
vt 0.452139 0.789135
vt 0.495704 0.764920
vt 0.513326 0.763039
vt 0.457349 0.863780
vt 0.456218 0.854395
vt 0.462840 0.853296
vt 0.462169 0.863801
vt 0.475941 0.851647
vt 0.469986 0.851287
vt 0.457821 0.842051
vt 0.448163 0.845741
vt 0.448943 0.855462
vt 0.466965 0.862041
vt 0.466295 0.839286
vt 0.470384 0.822232
vt 0.473781 0.804211
vt 0.477375 0.785031
vt 0.479872 0.765790
vt 0.482503 0.744396
vt 0.465172 0.745773
vt 0.465121 0.743329
vt 0.482354 0.741738
vt 0.499742 0.744598
vt 0.499337 0.741919
vt 0.449610 0.829578
vt 0.451107 0.810666
vt 0.511933 0.780958
vt 0.506872 0.798630
vt 0.498213 0.820056
vt 0.487076 0.840860
vt 0.466723 0.864736
vt 0.461516 0.866347
vt 0.448558 0.768525
vt 0.444115 0.747895
vt 0.446255 0.747824
vt 0.515530 0.764816
vt 0.450267 0.858779
vt 0.447747 0.859674
vt 0.446424 0.856282
vt 0.478015 0.853127
vt 0.445547 0.846346
vt 0.450173 0.789590
vt 0.517532 0.742547
vt 0.518073 0.745224
vt 0.986451 0.436304
vt 0.985053 0.452067
vt 0.953870 0.456682
vt 0.956254 0.439207
vt 0.986757 0.394776
vt 0.988353 0.414578
vt 0.960696 0.420373
vt 0.962496 0.403501
vt 0.983845 0.470482
vt 0.951766 0.498416
vt 0.951538 0.479365
vt 0.977743 0.357008
vt 0.981265 0.357352
vt 0.981779 0.365991
vt 0.983131 0.377984
vt 0.963543 0.384035
vt 0.983013 0.371891
vt 0.963573 0.368293
vt 0.961045 0.376320
vt 0.958000 0.369107
vt 0.958270 0.368663
vt 0.983587 0.491952
vt 0.986871 0.528096
vt 0.957191 0.574388
vt 0.956861 0.572075
vt 0.981556 0.582376
vt 0.984193 0.580554
vt 0.981487 0.585232
vt 0.956806 0.580476
vt 0.972826 0.585668
vt 0.965509 0.582979
vt 0.985690 0.577914
vt 0.956977 0.570214
vt 0.987456 0.572282
vt 0.987053 0.573753
vt 0.957622 0.551023
vt 0.956745 0.536422
vt 0.985652 0.576127
vt 0.957721 0.568474
vt 0.957502 0.566387
vt 0.986580 0.551013
vt 0.409383 0.752972
vt 0.417665 0.778001
vt 0.427078 0.810561
vt 0.386682 0.675406
vt 0.391318 0.694817
vt 0.396682 0.714526
vt 0.402858 0.733998
vt 0.366166 0.634821
vt 0.378121 0.635558
vt 0.382734 0.655977
vt 0.236578 0.546274
vt 0.206835 0.546274
vt 0.206835 0.541697
vt 0.236578 0.541697
vt 0.179853 0.546274
vt 0.179853 0.541697
vt 0.155008 0.546274
vt 0.155008 0.541697
vt 0.131067 0.546274
vt 0.131067 0.541697
vt 0.114749 0.546274
vt 0.104242 0.546274
vt 0.104242 0.541697
vt 0.114749 0.541697
vt 0.088751 0.546274
vt 0.088751 0.541697
vt 0.187390 0.527059
vt 0.191681 0.527059
vt 0.191681 0.531578
vt 0.187390 0.531578
vt 0.181049 0.527059
vt 0.181049 0.531578
vt 0.173455 0.527059
vt 0.173455 0.531578
vt 0.196500 0.527059
vt 0.196500 0.531578
vt 0.201798 0.527059
vt 0.201798 0.531578
vt 0.206424 0.527059
vt 0.206424 0.531578
vt 0.166009 0.527059
vt 0.166009 0.531578
vt 0.073307 0.546274
vt 0.073307 0.541697
vt 0.300148 0.527059
vt 0.325560 0.527059
vt 0.325560 0.531578
vt 0.300148 0.531578
vt 0.276266 0.527059
vt 0.276266 0.531578
vt 0.254473 0.527059
vt 0.254473 0.531578
vt 0.235528 0.527059
vt 0.235528 0.531578
vt 0.222676 0.527059
vt 0.222676 0.531578
vt 0.215657 0.527059
vt 0.215657 0.531578
vt 0.210415 0.527059
vt 0.210415 0.531578
vt 0.460519 0.527059
vt 0.466323 0.527059
vt 0.466323 0.531578
vt 0.460519 0.531578
vt 0.261353 0.546274
vt 0.261353 0.541697
vt 0.282931 0.546274
vt 0.282931 0.541697
vt 0.303234 0.546274
vt 0.303234 0.541697
vt 0.316826 0.546274
vt 0.316826 0.541697
vt 0.471570 0.527059
vt 0.471570 0.531578
vt 0.476290 0.527059
vt 0.476290 0.531578
vt 0.426466 0.527059
vt 0.438151 0.527059
vt 0.438151 0.531578
vt 0.426466 0.531578
vt 0.482443 0.527059
vt 0.489799 0.527059
vt 0.489799 0.531578
vt 0.482443 0.531578
vt 0.445481 0.527059
vt 0.445481 0.531578
vt 0.451427 0.527059
vt 0.451427 0.531578
vt 0.455671 0.527059
vt 0.455671 0.531578
vt 0.325386 0.546274
vt 0.325386 0.541697
vt 0.354078 0.546274
vt 0.339028 0.546274
vt 0.339028 0.541697
vt 0.354078 0.541697
vt 0.411300 0.527059
vt 0.411300 0.531578
vt 0.394724 0.527059
vt 0.394724 0.531578
vt 0.375034 0.527059
vt 0.375034 0.531578
vt 0.351899 0.527059
vt 0.351899 0.531578
vt 0.365939 0.546274
vt 0.365939 0.541697
vt 0.927226 0.598156
vt 0.907567 0.615850
vt 0.907491 0.576786
vt 0.939521 0.572377
vt 0.875461 0.619155
vt 0.875461 0.577667
vt 0.843355 0.615850
vt 0.843431 0.576786
vt 0.823936 0.598369
vt 0.811400 0.572377
vt 0.906466 0.537872
vt 0.941598 0.535842
vt 0.875461 0.538418
vt 0.844455 0.537872
vt 0.809323 0.535842
vt 0.932505 0.467152
vt 0.936425 0.498392
vt 0.904879 0.499174
vt 0.903863 0.467185
vt 0.875274 0.499379
vt 0.875223 0.467171
vt 0.845667 0.499174
vt 0.846582 0.467185
vt 0.814122 0.498392
vt 0.817940 0.467151
vt 0.929293 0.400204
vt 0.930053 0.424159
vt 0.902155 0.425894
vt 0.902374 0.400618
vt 0.874379 0.425894
vt 0.875461 0.400617
vt 0.846603 0.425910
vt 0.848548 0.400618
vt 0.818942 0.424190
vt 0.821629 0.400204
vt 0.426438 0.864016
vt 0.434125 0.849191
vt 0.821303 0.817447
vt 0.818972 0.809462
vt 0.818965 0.809113
vt 0.821756 0.817521
vt 0.807721 0.816320
vt 0.807571 0.803697
vt 0.814606 0.804475
vt 0.814731 0.816364
vt 0.800717 0.816859
vt 0.800561 0.804971
vt 0.794345 0.818365
vt 0.796426 0.810127
vt 0.821857 0.829534
vt 0.822353 0.829556
vt 0.814660 0.829207
vt 0.807874 0.829267
vt 0.801094 0.829686
vt 0.794094 0.830499
vt 0.820632 0.852284
vt 0.820228 0.852301
vt 0.820923 0.841951
vt 0.821368 0.841949
vt 0.814367 0.852543
vt 0.808101 0.852769
vt 0.807986 0.842145
vt 0.814464 0.841984
vt 0.801835 0.852986
vt 0.801510 0.842442
vt 0.796123 0.853153
vt 0.795222 0.842854
vt 0.819804 0.873708
vt 0.819917 0.866438
vt 0.820312 0.866458
vt 0.820183 0.873685
vt 0.814296 0.874033
vt 0.808408 0.874241
vt 0.808110 0.866373
vt 0.814187 0.866158
vt 0.802520 0.874449
vt 0.802034 0.866583
vt 0.797151 0.874511
vt 0.796538 0.867242
vt 0.005000 0.298683
vt 0.005000 0.269720
vt 0.011283 0.269720
vt 0.011283 0.298683
vt 0.005000 0.237733
vt 0.011283 0.237733
vt 0.005000 0.217995
vt 0.005000 0.189116
vt 0.011283 0.189116
vt 0.011283 0.217995
vt 0.005000 0.155484
vt 0.011283 0.155484
vt 0.005000 0.124301
vt 0.011283 0.124301
vt 0.005000 0.089183
vt 0.011283 0.089183
vt 0.005000 0.058670
vt 0.011283 0.058670
vt 0.005000 0.539375
vt 0.005000 0.513336
vt 0.011283 0.513336
vt 0.011283 0.539375
vt 0.005000 0.479296
vt 0.011283 0.479296
vt 0.005000 0.444025
vt 0.011283 0.444025
vt 0.005000 0.412875
vt 0.011283 0.412875
vt 0.005000 0.379267
vt 0.011283 0.379267
vt 0.005000 0.343507
vt 0.011283 0.343507
vt 0.005000 0.324119
vt 0.011283 0.324119
vt 0.360413 0.509196
vt 0.360413 0.510849
vt 0.354259 0.510849
vt 0.354259 0.509196
vt 0.354259 0.507543
vt 0.360413 0.507543
vt 0.348109 0.510849
vt 0.348109 0.509196
vt 0.348109 0.507543
vt 0.341961 0.510849
vt 0.341961 0.509196
vt 0.341961 0.507543
vt 0.335811 0.510849
vt 0.335811 0.509196
vt 0.335811 0.507543
vt 0.329651 0.510849
vt 0.329651 0.509196
vt 0.329651 0.507543
vt 0.323474 0.510849
vt 0.323474 0.509196
vt 0.323474 0.507543
vt 0.317275 0.510849
vt 0.317275 0.509196
vt 0.317275 0.507543
vt 0.311076 0.510849
vt 0.311076 0.509196
vt 0.311076 0.507543
vt 0.304867 0.510849
vt 0.304867 0.509196
vt 0.304867 0.507543
vt 0.298637 0.510849
vt 0.298637 0.509196
vt 0.298637 0.507543
vt 0.292405 0.510849
vt 0.292405 0.509196
vt 0.292405 0.507543
vt 0.286176 0.510849
vt 0.286176 0.509196
vt 0.286176 0.507543
vt 0.279952 0.510849
vt 0.279952 0.509196
vt 0.279952 0.507543
vt 0.273735 0.510849
vt 0.273735 0.509196
vt 0.273735 0.507543
vt 0.267496 0.510849
vt 0.267496 0.509196
vt 0.267496 0.507543
vt 0.261262 0.510849
vt 0.261262 0.509196
vt 0.261262 0.507543
vt 0.255091 0.510849
vt 0.255091 0.509196
vt 0.255091 0.507543
vt 0.248953 0.510849
vt 0.248953 0.509196
vt 0.248953 0.507543
vt 0.397376 0.509196
vt 0.397376 0.510849
vt 0.391250 0.510849
vt 0.391250 0.509196
vt 0.391250 0.507543
vt 0.397376 0.507543
vt 0.385073 0.510849
vt 0.385073 0.509196
vt 0.385073 0.507543
vt 0.378901 0.510849
vt 0.378901 0.509196
vt 0.378901 0.507543
vt 0.372734 0.510849
vt 0.372734 0.509196
vt 0.372734 0.507543
vt 0.366572 0.510849
vt 0.366572 0.509196
vt 0.366572 0.507543
vt 0.140375 0.994805
vt 0.140375 0.990570
vt 0.146193 0.990570
vt 0.146193 0.994805
vt 0.153991 0.994805
vt 0.153991 0.990570
vt 0.169571 0.990570
vt 0.169571 0.994805
vt 0.190555 0.990570
vt 0.190555 0.994805
vt 0.211260 0.990570
vt 0.211260 0.994805
vt 0.231862 0.990570
vt 0.231862 0.994805
vt 0.252389 0.990571
vt 0.252389 0.994805
vt 0.272806 0.990571
vt 0.272806 0.994805
vt 0.292960 0.990571
vt 0.292960 0.994805
vt 0.312871 0.990571
vt 0.312871 0.994805
vt 0.332581 0.990571
vt 0.332581 0.994805
vt 0.352772 0.990571
vt 0.352772 0.994805
vt 0.372580 0.990571
vt 0.372580 0.994805
vt 0.391939 0.990571
vt 0.391939 0.994805
vt 0.411374 0.990571
vt 0.411374 0.994805
vt 0.430909 0.990571
vt 0.430909 0.994805
vt 0.452129 0.990571
vt 0.452129 0.994805
vt 0.473894 0.990571
vt 0.473894 0.994806
vt 0.872973 0.088097
vt 0.865663 0.087066
vt 0.867388 0.025147
vt 0.874745 0.025490
vt 0.853632 0.084811
vt 0.835058 0.081212
vt 0.837922 0.023754
vt 0.858280 0.024407
vt 0.816242 0.078586
vt 0.817997 0.024238
vt 0.797425 0.076069
vt 0.798116 0.024520
vt 0.778648 0.073498
vt 0.778355 0.024106
vt 0.759884 0.071243
vt 0.758730 0.023211
vt 0.741118 0.069480
vt 0.739260 0.021955
vt 0.722337 0.068221
vt 0.719936 0.020674
vt 0.703534 0.067310
vt 0.700729 0.019775
vt 0.684727 0.066833
vt 0.681820 0.019698
vt 0.665906 0.067023
vt 0.662951 0.019637
vt 0.646923 0.067937
vt 0.644410 0.020421
vt 0.628007 0.068826
vt 0.626346 0.022579
vt 0.610710 0.069311
vt 0.608138 0.022705
vt 0.594935 0.068914
vt 0.589099 0.021046
vt 0.578336 0.068432
vt 0.567567 0.021031
vt 0.558683 0.067863
vt 0.546576 0.022140
vt 0.679320 0.005000
vt 0.685541 0.005000
vt 0.685541 0.009508
vt 0.679320 0.009508
vt 0.695316 0.009508
vt 0.695316 0.005000
vt 0.710660 0.005000
vt 0.710660 0.009508
vt 0.729909 0.005000
vt 0.729909 0.009508
vt 0.749186 0.005000
vt 0.749186 0.009509
vt 0.768460 0.005000
vt 0.768460 0.009509
vt 0.787707 0.005000
vt 0.787707 0.009509
vt 0.806909 0.005000
vt 0.806909 0.009509
vt 0.826078 0.005000
vt 0.826078 0.009509
vt 0.845259 0.005000
vt 0.845259 0.009509
vt 0.864470 0.005000
vt 0.864470 0.009509
vt 0.883701 0.005000
vt 0.883701 0.009509
vt 0.902981 0.005000
vt 0.902981 0.009509
vt 0.922160 0.005000
vt 0.922160 0.009509
vt 0.940291 0.005000
vt 0.940291 0.009509
vt 0.956825 0.005000
vt 0.956825 0.009509
vt 0.973149 0.005000
vt 0.973149 0.009509
vt 0.991909 0.005000
vt 0.991909 0.009509
vt 0.138102 0.975583
vt 0.136560 0.912968
vt 0.143786 0.912807
vt 0.145299 0.974739
vt 0.156070 0.972932
vt 0.151787 0.912505
vt 0.172253 0.912577
vt 0.174590 0.970055
vt 0.192262 0.913782
vt 0.193314 0.968163
vt 0.212211 0.914798
vt 0.212003 0.966384
vt 0.232031 0.915169
vt 0.230618 0.964599
vt 0.251710 0.915162
vt 0.249180 0.963235
vt 0.271240 0.914978
vt 0.267694 0.962494
vt 0.290612 0.914990
vt 0.286159 0.962346
vt 0.309790 0.915547
vt 0.304651 0.963089
vt 0.328396 0.917576
vt 0.323300 0.964321
vt 0.346686 0.920143
vt 0.342159 0.966004
vt 0.364716 0.922228
vt 0.361261 0.967573
vt 0.382286 0.924382
vt 0.380159 0.968975
vt 0.400167 0.924033
vt 0.397451 0.969965
vt 0.418940 0.922887
vt 0.413311 0.970142
vt 0.440239 0.923700
vt 0.429887 0.970307
vt 0.460403 0.925423
vt 0.448848 0.970411
vt 0.082302 0.990570
vt 0.082302 0.994805
vt 0.067502 0.994805
vt 0.067502 0.990570
vt 0.046846 0.994805
vt 0.046846 0.990570
vt 0.026212 0.994805
vt 0.026212 0.990570
vt 0.005000 0.994805
vt 0.005000 0.990570
vt 0.073408 0.913231
vt 0.075178 0.976181
vt 0.064737 0.973457
vt 0.065340 0.912844
vt 0.045986 0.970983
vt 0.044870 0.913465
vt 0.027801 0.970072
vt 0.025546 0.915728
vt 0.008092 0.967718
vt 0.005000 0.916289
vt 0.621359 0.009508
vt 0.605378 0.009508
vt 0.605378 0.005000
vt 0.621359 0.005000
vt 0.586396 0.009508
vt 0.586396 0.005000
vt 0.566869 0.009508
vt 0.566869 0.005000
vt 0.546576 0.009508
vt 0.546576 0.005000
vt 0.918505 0.025862
vt 0.928390 0.025964
vt 0.928808 0.086587
vt 0.916756 0.088825
vt 0.948845 0.027279
vt 0.947541 0.084798
vt 0.968108 0.030169
vt 0.965677 0.084518
vt 0.988570 0.031290
vt 0.985320 0.082735
vt 0.435146 0.515032
vt 0.435582 0.520942
vt 0.383995 0.520884
vt 0.383588 0.514983
vt 0.131272 0.976120
vt 0.130288 0.913107
vt 0.673053 0.009508
vt 0.673053 0.005000
vt 0.879511 0.025724
vt 0.878382 0.088731
vt 0.134697 0.994805
vt 0.134697 0.990570
vt 0.910537 0.089078
vt 0.911064 0.025854
vt 0.630348 0.005000
vt 0.630348 0.009508
vt 0.080736 0.913270
vt 0.081239 0.976491
vt 0.091155 0.990570
vt 0.091155 0.994805
vt 0.124224 0.976280
vt 0.123449 0.913262
vt 0.667800 0.009508
vt 0.667800 0.005000
vt 0.883705 0.025828
vt 0.882792 0.088840
vt 0.129117 0.994805
vt 0.129117 0.990570
vt 0.905050 0.088837
vt 0.901133 0.088869
vt 0.901382 0.025843
vt 0.905298 0.025816
vt 0.636666 0.005000
vt 0.642748 0.005000
vt 0.642748 0.009508
vt 0.636666 0.009508
vt 0.088604 0.976270
vt 0.088429 0.913233
vt 0.095627 0.913206
vt 0.095641 0.976256
vt 0.098795 0.994805
vt 0.098795 0.990570
vt 0.105286 0.990570
vt 0.105286 0.994805
vt 0.657863 0.009508
vt 0.648407 0.009508
vt 0.648407 0.005000
vt 0.657863 0.005000
vt 0.887178 0.025843
vt 0.897802 0.025852
vt 0.897717 0.088871
vt 0.886380 0.088863
vt 0.120305 0.990570
vt 0.120305 0.994805
vt 0.110723 0.994805
vt 0.110723 0.990570
vt 0.118006 0.976268
vt 0.102271 0.976236
vt 0.102452 0.913235
vt 0.117362 0.913251
vt 0.419301 0.332929
vt 0.422617 0.338706
vt 0.419301 0.344483
vt 0.412631 0.344483
vt 0.409295 0.338706
vt 0.412631 0.332929
vt 0.568711 0.734002
vt 0.568712 0.622995
vt 0.575379 0.622995
vt 0.575378 0.734003
vt 0.562043 0.734002
vt 0.562045 0.622995
vt 0.555377 0.734000
vt 0.555377 0.622993
vt 0.548709 0.733999
vt 0.548710 0.622992
vt 0.542042 0.733999
vt 0.542042 0.622991
vt 0.535374 0.733998
vt 0.535375 0.622991
vt 0.408184 0.303939
vt 0.411518 0.298165
vt 0.418185 0.298165
vt 0.421518 0.303939
vt 0.418185 0.309713
vt 0.411518 0.309713
vt 0.897868 0.853956
vt 0.947793 0.853956
vt 0.947793 0.872978
vt 0.897868 0.872978
vt 0.900645 0.911470
vt 0.945016 0.911470
vt 0.904541 0.965809
vt 0.941120 0.965809
vt 0.585436 0.641938
vt 0.635421 0.641938
vt 0.635526 0.672699
vt 0.585541 0.672699
vt 0.635421 0.611138
vt 0.585436 0.611138
vt 0.684248 0.775891
vt 0.684248 0.788588
vt 0.634399 0.788588
vt 0.634399 0.775891
vt 0.681475 0.823393
vt 0.637171 0.823392
vt 0.677585 0.876244
vt 0.641062 0.876244
vt 0.570714 0.825634
vt 0.542128 0.825531
vt 0.542128 0.775891
vt 0.570714 0.775995
vt 0.517301 0.825531
vt 0.517301 0.775891
vt 0.784885 0.675423
vt 0.774659 0.676509
vt 0.771782 0.664110
vt 0.779355 0.656876
vt 0.395325 0.641269
vt 0.400854 0.622722
vt 0.408428 0.629956
vt 0.405550 0.642355
vt 0.781356 0.712956
vt 0.771352 0.710498
vt 0.398853 0.678802
vt 0.408857 0.676344
vt 0.688377 0.710984
vt 0.678579 0.710984
vt 0.678579 0.674574
vt 0.688377 0.674574
vt 0.761846 0.765940
vt 0.752248 0.762110
vt 0.427960 0.727957
vt 0.418363 0.731786
vt 0.719400 0.644473
vt 0.749359 0.644157
vt 0.747434 0.654667
vt 0.719400 0.655173
vt 0.460810 0.610319
vt 0.460810 0.621019
vt 0.432776 0.620514
vt 0.430851 0.610003
vt 0.793726 0.818511
vt 0.796367 0.809841
vt 0.793415 0.830578
vt 0.795569 0.853169
vt 0.794611 0.842894
vt 0.796630 0.874517
vt 0.796004 0.867306
vt 0.814595 0.803428
vt 0.807558 0.802586
vt 0.800547 0.803925
vt 0.915434 0.797587
vt 0.914572 0.826043
vt 0.908367 0.824357
vt 0.955527 0.837055
vt 0.953508 0.843421
vt 0.930788 0.837020
vt 0.933749 0.831267
vt 0.912947 0.832226
vt 0.961977 0.839279
vt 0.215023 0.671502
vt 0.243994 0.670568
vt 0.272886 0.669434
vt 0.301721 0.620628
vt 0.332470 0.617819
vt 0.126122 0.620268
vt 0.156310 0.624243
vt 0.089791 0.639538
vt 0.184794 0.648751
vt 0.215070 0.648713
vt 0.243033 0.648209
vt 0.271477 0.646476
vt 0.013849 0.605862
vt 0.026495 0.606275
vt 0.361501 0.613368
vt 0.373777 0.616129
vt 0.451591 0.862097
vt 0.454470 0.862938
vt 0.453455 0.865566
vt 0.450627 0.864914
vt 0.446429 0.745733
vt 0.456284 0.866217
vt 0.472044 0.858541
vt 0.473992 0.855094
vt 0.475855 0.856892
vt 0.473696 0.860656
vt 0.469504 0.860291
vt 0.469285 0.863328
vt 0.520182 0.746957
vt 0.901418 0.627342
vt 0.834440 0.819803
vt 0.884365 0.819803
vt 0.884365 0.838824
vt 0.834440 0.838824
vt 0.837217 0.877317
vt 0.881588 0.877317
vt 0.877692 0.931655
vt 0.841113 0.931655
vt 0.585645 0.703460
vt 0.635630 0.703460
vt 0.635630 0.734260
vt 0.585645 0.734260
vt 0.497785 0.834440
vt 0.510482 0.834440
vt 0.510482 0.884289
vt 0.497785 0.884290
vt 0.545287 0.837214
vt 0.545287 0.881517
vt 0.598138 0.841104
vt 0.598138 0.877626
vt 0.599300 0.776099
vt 0.599300 0.825738
vt 0.624127 0.776099
vt 0.624127 0.825738
vt 0.526294 0.641269
vt 0.516069 0.642355
vt 0.513191 0.629956
vt 0.520765 0.622722
vt 0.653915 0.675423
vt 0.659445 0.656875
vt 0.667018 0.664110
vt 0.664141 0.676509
vt 0.522766 0.678802
vt 0.512762 0.676344
vt 0.657443 0.712956
vt 0.667448 0.710498
vt 0.544886 0.526188
vt 0.544886 0.562598
vt 0.535088 0.562598
vt 0.535088 0.526188
vt 0.503256 0.731786
vt 0.493658 0.727956
vt 0.676953 0.765940
vt 0.686551 0.762110
vt 0.490768 0.610003
vt 0.488844 0.620514
vt 0.691366 0.654667
vt 0.689442 0.644157
vt 0.301449 0.009612
vt 0.301449 0.043026
vt 0.252581 0.043026
vt 0.252581 0.009612
vt 0.348615 0.009612
vt 0.348615 0.043026
vt 0.394681 0.043026
vt 0.394681 0.009612
vt 0.441354 0.009612
vt 0.441354 0.043026
vt 0.488153 0.009612
vt 0.488153 0.043026
vt 0.203070 0.043026
vt 0.154002 0.043026
vt 0.154002 0.009612
vt 0.203070 0.009612
vt 0.005000 0.009611
vt 0.030142 0.009611
vt 0.030142 0.043026
vt 0.005000 0.043026
vt 0.055283 0.009611
vt 0.079635 0.009611
vt 0.079635 0.043026
vt 0.055283 0.043026
vt 0.103986 0.043026
vt 0.103986 0.009611
vt 0.252581 0.005000
vt 0.301449 0.005000
vt 0.348615 0.005000
vt 0.394681 0.005000
vt 0.441354 0.005000
vt 0.488153 0.005000
vt 0.533839 0.005000
vt 0.533864 0.009612
vt 0.030142 0.005000
vt 0.005000 0.005000
vt 0.055283 0.005000
vt 0.079635 0.005000
vt 0.103986 0.005000
vt 0.154002 0.005000
vt 0.203070 0.005000
vt 0.301449 0.047690
vt 0.252581 0.047690
vt 0.203070 0.047690
vt 0.154002 0.047690
vt 0.103986 0.047690
vt 0.079635 0.047690
vt 0.055283 0.047690
vt 0.030142 0.047690
vt 0.488153 0.047690
vt 0.441354 0.047690
vt 0.394681 0.047690
vt 0.348615 0.047690
vt 0.763881 0.782014
vt 0.764133 0.778425
vt 0.776003 0.785067
vt 0.774169 0.787601
vt 0.740677 0.779655
vt 0.741053 0.775891
vt 0.784917 0.796862
vt 0.785854 0.807420
vt 0.783380 0.807813
vt 0.782474 0.797540
vt 0.739686 0.806727
vt 0.761771 0.807305
vt 0.761481 0.820912
vt 0.739113 0.820426
vt 0.782655 0.820984
vt 0.785218 0.820677
vt 0.784110 0.835998
vt 0.781657 0.836360
vt 0.760717 0.836839
vt 0.738522 0.836708
vt 0.780130 0.871653
vt 0.780906 0.854792
vt 0.783287 0.854323
vt 0.782525 0.871039
vt 0.737789 0.856637
vt 0.759845 0.856113
vt 0.758664 0.874109
vt 0.736813 0.875654
vt 0.762748 0.796802
vt 0.771853 0.788982
vt 0.779151 0.797364
vt 0.709631 0.724144
vt 0.710207 0.731733
vt 0.704089 0.727155
vt 0.721471 0.731511
vt 0.720939 0.723161
vt 0.700028 0.732728
vt 0.710695 0.736422
vt 0.699667 0.737560
vt 0.721624 0.736102
vt 0.711058 0.749386
vt 0.700314 0.750541
vt 0.699845 0.743629
vt 0.710761 0.742467
vt 0.721898 0.748801
vt 0.721757 0.742008
vt 0.711395 0.757463
vt 0.700804 0.758624
vt 0.722026 0.756742
vt 0.098264 0.580647
vt 0.098700 0.575859
vt 0.110786 0.580700
vt 0.110676 0.585339
vt 0.133663 0.582063
vt 0.133497 0.586327
vt 0.085750 0.573698
vt 0.076588 0.569667
vt 0.077078 0.565435
vt 0.086379 0.569098
vt 0.049513 0.560806
vt 0.049780 0.557657
vt 0.064665 0.561448
vt 0.064244 0.565155
vt 0.031672 0.556472
vt 0.031789 0.553873
vt 0.096424 0.594863
vt 0.098272 0.582903
vt 0.110715 0.587187
vt 0.109066 0.598596
vt 0.133427 0.587946
vt 0.132376 0.598373
vt 0.083759 0.587945
vt 0.074928 0.582776
vt 0.076333 0.572052
vt 0.085600 0.576282
vt 0.048814 0.571142
vt 0.049153 0.562877
vt 0.063890 0.567364
vt 0.063009 0.576921
vt 0.031463 0.565447
vt 0.031315 0.558516
vt 0.108421 0.600682
vt 0.095555 0.597008
vt 0.132144 0.600207
vt 0.074336 0.584574
vt 0.082868 0.589908
vt 0.062672 0.578670
vt 0.048673 0.572812
vt 0.031507 0.567053
vt 0.107266 0.604188
vt 0.094493 0.600782
vt 0.131552 0.603291
vt 0.073706 0.587941
vt 0.082001 0.593605
vt 0.062366 0.581731
vt 0.048619 0.575478
vt 0.031661 0.569236
vt 0.763361 0.784305
vt 0.740110 0.796291
vt 0.740710 0.782186
vt 0.780054 0.807563
vt 0.779324 0.820794
vt 0.778482 0.836262
vt 0.777784 0.854817
vt 0.776962 0.871828
vt 0.717238 0.781394
vt 0.706524 0.786382
vt 0.705091 0.784068
vt 0.717603 0.778069
vt 0.695092 0.795327
vt 0.697381 0.795922
vt 0.695680 0.806253
vt 0.693297 0.805926
vt 0.716773 0.819833
vt 0.717515 0.806203
vt 0.695492 0.819722
vt 0.695864 0.835580
vt 0.693392 0.835446
vt 0.692947 0.819534
vt 0.716520 0.836084
vt 0.694149 0.855044
vt 0.696537 0.855171
vt 0.697444 0.874506
vt 0.695136 0.874329
vt 0.716054 0.875674
vt 0.716270 0.856160
vt 0.717339 0.795845
vt 0.700721 0.795844
vt 0.708792 0.787834
vt 0.732615 0.725116
vt 0.738460 0.728562
vt 0.732745 0.732359
vt 0.742716 0.734140
vt 0.743282 0.738559
vt 0.732516 0.736787
vt 0.732611 0.749083
vt 0.732685 0.742521
vt 0.743344 0.744046
vt 0.743095 0.750271
vt 0.742776 0.757509
vt 0.732529 0.756749
vt 0.168329 0.574793
vt 0.156095 0.580808
vt 0.156224 0.576418
vt 0.168151 0.570421
vt 0.191019 0.561466
vt 0.190930 0.565507
vt 0.181263 0.568264
vt 0.181104 0.564050
vt 0.219925 0.561891
vt 0.204091 0.563080
vt 0.204276 0.559323
vt 0.220175 0.558571
vt 0.239771 0.559920
vt 0.239545 0.562605
vt 0.168890 0.588169
vt 0.156006 0.593577
vt 0.155956 0.582696
vt 0.168209 0.577056
vt 0.190840 0.567903
vt 0.191147 0.578134
vt 0.181872 0.581604
vt 0.181143 0.570797
vt 0.219338 0.572629
vt 0.203867 0.574923
vt 0.204046 0.565374
vt 0.219876 0.564035
vt 0.239500 0.564565
vt 0.238801 0.571857
vt 0.169511 0.589978
vt 0.156310 0.595460
vt 0.191529 0.579791
vt 0.182548 0.583297
vt 0.219238 0.574308
vt 0.203971 0.576618
vt 0.238534 0.573508
vt 0.170030 0.593459
vt 0.156607 0.598758
vt 0.191853 0.582951
vt 0.183034 0.586662
vt 0.219081 0.577044
vt 0.204009 0.579612
vt 0.238264 0.575849
vt 0.717769 0.783653
vt 0.698897 0.819527
vt 0.699038 0.806054
vt 0.699055 0.835499
vt 0.700008 0.874678
vt 0.699411 0.855256
vt 0.479581 0.982114
vt 0.473841 0.970720
vt 0.489925 0.970607
vt 0.489881 0.948874
vt 0.471474 0.948508
vt 0.506115 0.970609
vt 0.505591 0.992801
vt 0.489999 0.990986
vt 0.506162 0.948874
vt 0.526323 0.970532
vt 0.525075 0.991981
vt 0.526264 0.949192
vt 0.547233 0.970739
vt 0.545037 0.991359
vt 0.540501 0.991364
vt 0.542342 0.970558
vt 0.546748 0.949660
vt 0.542014 0.949399
vt 0.478665 0.915223
vt 0.489419 0.926902
vt 0.473463 0.926395
vt 0.505307 0.927160
vt 0.488064 0.906722
vt 0.502897 0.904795
vt 0.524714 0.927364
vt 0.521270 0.904674
vt 0.535014 0.904203
vt 0.538420 0.904363
vt 0.543951 0.927644
vt 0.539662 0.927407
vt 0.555260 0.992908
vt 0.548728 0.991801
vt 0.551172 0.971134
vt 0.557901 0.971896
vt 0.550593 0.950038
vt 0.557373 0.950488
vt 0.554137 0.928121
vt 0.547481 0.927964
vt 0.541380 0.904451
vt 0.547863 0.904337
vt 0.560666 0.994002
vt 0.558739 0.993603
vt 0.561491 0.972328
vt 0.563457 0.972520
vt 0.561054 0.950634
vt 0.563089 0.950642
vt 0.559837 0.927883
vt 0.557799 0.928026
vt 0.551510 0.904089
vt 0.553556 0.903871
vt 0.477201 0.983214
vt 0.471047 0.971086
vt 0.468511 0.948432
vt 0.505254 0.995000
vt 0.488642 0.992825
vt 0.525142 0.993848
vt 0.545302 0.992598
vt 0.540796 0.992882
vt 0.470555 0.925927
vt 0.476166 0.914076
vt 0.486671 0.904874
vt 0.502370 0.902747
vt 0.520917 0.902989
vt 0.534961 0.902757
vt 0.538767 0.903235
vt 0.554887 0.994017
vt 0.548601 0.992914
vt 0.541673 0.903449
vt 0.547857 0.903422
vt 0.565550 0.972530
vt 0.562843 0.994177
vt 0.557801 0.994311
vt 0.565126 0.950162
vt 0.555364 0.902908
vt 0.561697 0.927004
vt 0.550713 0.903467
vt 0.551655 0.903013
vt 0.558670 0.994987
vt 0.711716 0.764579
vt 0.701210 0.765744
vt 0.722184 0.763730
vt 0.015170 0.553687
vt 0.015222 0.551455
vt 0.015184 0.561701
vt 0.014758 0.555791
vt 0.015384 0.563267
vt 0.015662 0.565047
vt 0.742444 0.763857
vt 0.732461 0.763478
vt 0.258771 0.563377
vt 0.258593 0.565509
vt 0.258575 0.567289
vt 0.257813 0.573389
vt 0.257436 0.574984
vt 0.257109 0.576958
vt 0.108771 0.524997
vt 0.061328 0.531655
vt 0.103061 0.511157
vt 0.048141 0.487750
vt 0.090831 0.471037
vt 0.143601 0.494103
vt 0.133402 0.456565
vt 0.152762 0.516678
vt 0.076260 0.217132
vt 0.117584 0.218028
vt 0.116478 0.257848
vt 0.074679 0.258564
vt 0.034452 0.215514
vt 0.032220 0.258615
vt 0.038237 0.173153
vt 0.078959 0.175981
vt 0.119641 0.178328
vt 0.182050 0.479449
vt 0.173054 0.444086
vt 0.212695 0.432737
vt 0.221021 0.466907
vt 0.126696 0.417689
vt 0.167351 0.407881
vt 0.207182 0.398291
vt 0.158626 0.218786
vt 0.160259 0.180587
vt 0.198966 0.220227
vt 0.200519 0.183632
vt 0.198365 0.256694
vt 0.157931 0.256857
vt 0.161892 0.142256
vt 0.202415 0.146489
vt 0.121657 0.138809
vt 0.123526 0.099081
vt 0.163373 0.103111
vt 0.204310 0.107452
vt 0.301436 0.446870
vt 0.261047 0.455911
vt 0.253028 0.422725
vt 0.294370 0.415446
vt 0.246517 0.388463
vt 0.288040 0.383302
vt 0.327548 0.377401
vt 0.333296 0.407511
vt 0.278649 0.289652
vt 0.279920 0.320979
vt 0.240189 0.323923
vt 0.238484 0.290937
vt 0.278478 0.257627
vt 0.237897 0.257133
vt 0.243111 0.151974
vt 0.286464 0.157671
vt 0.282648 0.191833
vt 0.240496 0.187996
vt 0.247616 0.111793
vt 0.292998 0.118653
vt 0.158399 0.294883
vt 0.198829 0.292781
vt 0.201032 0.328330
vt 0.160673 0.332750
vt 0.117018 0.297649
vt 0.119324 0.337408
vt 0.238534 0.222871
vt 0.163827 0.370518
vt 0.122514 0.377482
vt 0.203600 0.363432
vt 0.242987 0.356496
vt 0.082921 0.428881
vt 0.038971 0.441652
vt 0.079023 0.385095
vt 0.035307 0.393356
vt 0.033988 0.346528
vt 0.077010 0.341986
vt 0.081902 0.135138
vt 0.042571 0.131293
vt 0.045978 0.090408
vt 0.084630 0.094062
vt 0.074808 0.300239
vt 0.032030 0.302306
vt 0.194458 0.507628
vt 0.233207 0.499122
vt 0.270547 0.486349
vt 0.279772 0.225018
vt 0.324292 0.197527
vt 0.320255 0.228456
vt 0.283384 0.351853
vt 0.252439 0.065464
vt 0.300497 0.072417
vt 0.347734 0.081923
vt 0.338469 0.126296
vt 0.084664 0.087262
vt 0.123906 0.083347
vt 0.163863 0.076806
vt 0.206281 0.070570
vt 0.309122 0.475471
vt 0.310536 0.482654
vt 0.272628 0.493656
vt 0.235149 0.506116
vt 0.196223 0.514951
vt 0.154227 0.523956
vt 0.110035 0.532222
vt 0.062901 0.539173
vt 0.054237 0.533592
vt 0.040768 0.489643
vt 0.031671 0.442485
vt 0.027892 0.393736
vt 0.026463 0.346800
vt 0.024516 0.302470
vt 0.024910 0.258523
vt 0.027023 0.215175
vt 0.030816 0.172542
vt 0.035063 0.130249
vt 0.038837 0.087832
vt 0.083618 0.079875
vt 0.044247 0.082901
vt 0.122786 0.076057
vt 0.162907 0.069455
vt 0.205906 0.062980
vt 0.252998 0.058670
vt 0.301652 0.065102
vt 0.348101 0.074058
vt 0.471353 0.692746
vt 0.468114 0.692928
vt 0.467973 0.690940
vt 0.471158 0.690773
vt 0.439908 0.693511
vt 0.439794 0.691582
vt 0.442923 0.691582
vt 0.442981 0.693462
vt 0.444250 0.694178
vt 0.440142 0.695688
vt 0.467825 0.689321
vt 0.472072 0.690153
vt 0.466652 0.691391
vt 0.466720 0.693008
vt 0.438616 0.691582
vt 0.438672 0.693208
vt 0.438651 0.694962
vt 0.466396 0.690056
vt 0.461541 0.693292
vt 0.461432 0.691731
vt 0.433476 0.693186
vt 0.433481 0.691582
vt 0.433486 0.694712
vt 0.461336 0.690351
vt 0.468195 0.694918
vt 0.471379 0.694726
vt 0.439885 0.689658
vt 0.442962 0.689666
vt 0.444217 0.688939
vt 0.440088 0.687478
vt 0.472360 0.695246
vt 0.468230 0.696544
vt 0.466831 0.694619
vt 0.438651 0.689974
vt 0.438606 0.688230
vt 0.466725 0.695977
vt 0.461609 0.694855
vt 0.433458 0.690075
vt 0.433440 0.688546
vt 0.461661 0.696238
vt 0.444617 0.691582
vt 0.472609 0.692755
vt 0.453467 0.696528
vt 0.453464 0.695148
vt 0.425118 0.690236
vt 0.425177 0.688687
vt 0.425108 0.691835
vt 0.425133 0.693433
vt 0.425227 0.694976
vt 0.453283 0.692043
vt 0.453144 0.690668
vt 0.453406 0.693594
vt 0.504912 0.639049
vt 0.503340 0.638748
vt 0.504451 0.634444
vt 0.506000 0.634867
vt 0.420975 0.634041
vt 0.420685 0.635152
vt 0.415226 0.634616
vt 0.416638 0.630509
vt 0.491585 0.639718
vt 0.490396 0.639704
vt 0.490362 0.638571
vt 0.491615 0.638612
vt 0.493154 0.639766
vt 0.493155 0.638661
vt 0.477421 0.642175
vt 0.478685 0.646499
vt 0.473233 0.647111
vt 0.472939 0.646003
vt 0.502347 0.638755
vt 0.503406 0.634333
vt 0.434361 0.706267
vt 0.433977 0.704726
vt 0.439215 0.705620
vt 0.439007 0.706974
vt 0.421308 0.630287
vt 0.422014 0.633565
vt 0.490441 0.637446
vt 0.491808 0.637412
vt 0.493160 0.637565
vt 0.471902 0.645567
vt 0.472496 0.642285
vt 0.434842 0.703547
vt 0.439700 0.704325
vt 0.444565 0.706467
vt 0.444493 0.707912
vt 0.427517 0.633453
vt 0.426836 0.630200
vt 0.485612 0.667816
vt 0.484507 0.662441
vt 0.485869 0.662051
vt 0.486880 0.667276
vt 0.487277 0.661905
vt 0.488219 0.667000
vt 0.466722 0.645686
vt 0.467247 0.642406
vt 0.444887 0.705099
vt 0.471705 0.709009
vt 0.469460 0.709115
vt 0.469368 0.707432
vt 0.471630 0.707322
vt 0.451711 0.628883
vt 0.453934 0.628682
vt 0.454202 0.631937
vt 0.452029 0.632132
vt 0.483819 0.635950
vt 0.483813 0.638103
vt 0.482117 0.638110
vt 0.482126 0.635937
vt 0.440975 0.646129
vt 0.438168 0.646129
vt 0.438133 0.642863
vt 0.441017 0.642866
vt 0.469225 0.704320
vt 0.471673 0.704198
vt 0.467242 0.709225
vt 0.463582 0.709302
vt 0.463457 0.707619
vt 0.467135 0.707546
vt 0.449515 0.629063
vt 0.449878 0.632307
vt 0.446290 0.632560
vt 0.445885 0.629320
vt 0.483798 0.640232
vt 0.483924 0.643793
vt 0.482240 0.643841
vt 0.482115 0.640257
vt 0.443475 0.646125
vt 0.443581 0.642861
vt 0.446333 0.642852
vt 0.446198 0.646124
vt 0.466900 0.704438
vt 0.463436 0.705913
vt 0.466640 0.702024
vt 0.469067 0.701184
vt 0.448658 0.642859
vt 0.448540 0.646136
vt 0.461190 0.631411
vt 0.459423 0.631504
vt 0.459228 0.628243
vt 0.460952 0.628152
vt 0.471885 0.701794
vt 0.473874 0.703443
vt 0.474418 0.705085
vt 0.456479 0.708973
vt 0.456473 0.707455
vt 0.438811 0.629730
vt 0.439417 0.632968
vt 0.484353 0.650425
vt 0.482868 0.650681
vt 0.485626 0.643805
vt 0.485871 0.650347
vt 0.455445 0.642690
vt 0.455084 0.645965
vt 0.456650 0.705960
vt 0.502254 0.647719
vt 0.503837 0.647959
vt 0.502958 0.655250
vt 0.501368 0.655089
vt 0.415114 0.643205
vt 0.420576 0.643517
vt 0.420454 0.650345
vt 0.414988 0.650229
vt 0.490564 0.654866
vt 0.490457 0.648058
vt 0.491601 0.648053
vt 0.491680 0.654866
vt 0.478857 0.655107
vt 0.478979 0.662152
vt 0.473511 0.662236
vt 0.473394 0.655430
vt 0.500392 0.654957
vt 0.501271 0.647666
vt 0.474169 0.707198
vt 0.473394 0.708361
vt 0.455725 0.628507
vt 0.455914 0.631769
vt 0.482695 0.634320
vt 0.483833 0.633534
vt 0.463533 0.628053
vt 0.463688 0.631315
vt 0.464612 0.703901
vt 0.485883 0.641475
vt 0.489336 0.635441
vt 0.486426 0.634741
vt 0.485930 0.633143
vt 0.487636 0.633606
vt 0.489362 0.640484
vt 0.487581 0.642528
vt 0.457294 0.631649
vt 0.457109 0.628385
vt 0.449914 0.706903
vt 0.449888 0.708454
vt 0.432889 0.633273
vt 0.432234 0.630028
vt 0.483698 0.657146
vt 0.485116 0.656818
vt 0.486577 0.656701
vt 0.461923 0.642531
vt 0.461474 0.645809
vt 0.450187 0.705559
vt 0.493205 0.654866
vt 0.493124 0.648061
vt 0.499449 0.675845
vt 0.499397 0.671365
vt 0.501002 0.671452
vt 0.501100 0.675816
vt 0.420061 0.665507
vt 0.420292 0.666653
vt 0.415811 0.669997
vt 0.414569 0.665835
vt 0.490569 0.671074
vt 0.490575 0.669961
vt 0.491806 0.670004
vt 0.491873 0.671107
vt 0.493383 0.669994
vt 0.493372 0.671147
vt 0.479169 0.677814
vt 0.478016 0.682179
vt 0.473444 0.678457
vt 0.473699 0.677352
vt 0.498400 0.675732
vt 0.498438 0.671159
vt 0.476251 0.720234
vt 0.481460 0.719186
vt 0.481126 0.720738
vt 0.476507 0.721593
vt 0.421310 0.667173
vt 0.420485 0.670413
vt 0.490571 0.672174
vt 0.491934 0.672320
vt 0.493297 0.672270
vt 0.473092 0.682182
vt 0.472423 0.678916
vt 0.475725 0.718967
vt 0.480556 0.718026
vt 0.471061 0.722685
vt 0.470934 0.721275
vt 0.426795 0.667452
vt 0.426031 0.670685
vt 0.489358 0.706145
vt 0.490657 0.706707
vt 0.488863 0.711892
vt 0.487682 0.711192
vt 0.486385 0.710746
vt 0.487981 0.705817
vt 0.467244 0.678914
vt 0.467843 0.682180
vt 0.470560 0.719909
vt 0.446193 0.721772
vt 0.446184 0.725018
vt 0.443935 0.725015
vt 0.443833 0.721767
vt 0.451007 0.672068
vt 0.451246 0.668811
vt 0.453416 0.668943
vt 0.453251 0.672202
vt 0.496179 0.682899
vt 0.494508 0.682664
vt 0.494795 0.680527
vt 0.496474 0.680749
vt 0.441538 0.678833
vt 0.441579 0.682104
vt 0.438697 0.682103
vt 0.438732 0.678835
vt 0.452106 0.723230
vt 0.452061 0.724913
vt 0.448406 0.725020
vt 0.448474 0.721772
vt 0.445139 0.671727
vt 0.445522 0.668476
vt 0.449101 0.668684
vt 0.448791 0.671937
vt 0.495307 0.688558
vt 0.493642 0.688292
vt 0.494226 0.684777
vt 0.495892 0.685025
vt 0.446758 0.678846
vt 0.446899 0.682109
vt 0.444146 0.682108
vt 0.444041 0.678838
vt 0.452049 0.721525
vt 0.446196 0.717066
vt 0.448663 0.717794
vt 0.449229 0.682095
vt 0.449090 0.678837
vt 0.460410 0.669182
vt 0.460306 0.672451
vt 0.458580 0.672432
vt 0.458643 0.669166
vt 0.441039 0.721225
vt 0.441504 0.719563
vt 0.443414 0.717818
vt 0.459077 0.722744
vt 0.459138 0.724263
vt 0.438043 0.671327
vt 0.438662 0.668092
vt 0.492373 0.694672
vt 0.493813 0.695260
vt 0.490871 0.694672
vt 0.491953 0.688088
vt 0.455613 0.678910
vt 0.456036 0.682182
vt 0.458832 0.721257
vt 0.502079 0.662540
vt 0.500483 0.662396
vt 0.414824 0.657250
vt 0.420295 0.657168
vt 0.491779 0.661674
vt 0.490635 0.661662
vt 0.479079 0.669198
vt 0.473608 0.669038
vt 0.499513 0.662245
vt 0.442218 0.724456
vt 0.441387 0.723323
vt 0.455052 0.672312
vt 0.455124 0.669044
vt 0.495123 0.678134
vt 0.496143 0.679072
vt 0.462909 0.669174
vt 0.462892 0.672441
vt 0.450778 0.719571
vt 0.492005 0.685744
vt 0.493104 0.677451
vt 0.492392 0.678964
vt 0.489409 0.679243
vt 0.491429 0.677669
vt 0.490182 0.686569
vt 0.488683 0.684312
vt 0.456455 0.672379
vt 0.456511 0.669109
vt 0.465594 0.721999
vt 0.465693 0.723455
vt 0.431448 0.670967
vt 0.432150 0.667735
vt 0.492150 0.701563
vt 0.490788 0.701054
vt 0.489353 0.700750
vt 0.461997 0.678913
vt 0.462522 0.682182
vt 0.465281 0.720585
vt 0.493307 0.661669
vt 0.828073 0.958920
vt 0.826969 0.976591
vt 0.820363 0.976573
vt 0.821976 0.959162
vt 0.813590 0.976535
vt 0.815453 0.959623
vt 0.805790 0.975604
vt 0.807400 0.959677
vt 0.807836 0.943070
vt 0.815686 0.942532
vt 0.822619 0.942448
vt 0.829114 0.942588
vt 0.807852 0.939867
vt 0.815125 0.939787
vt 0.822138 0.939373
vt 0.828919 0.939455
vt 0.826872 0.979695
vt 0.819773 0.979616
vt 0.812549 0.979118
vt 0.805183 0.978652
vt 0.834624 0.976690
vt 0.835510 0.958987
vt 0.843269 0.959436
vt 0.842431 0.976943
vt 0.836382 0.942905
vt 0.843929 0.943400
vt 0.855806 0.959352
vt 0.856108 0.943723
vt 0.855480 0.976535
vt 0.855790 0.979553
vt 0.842667 0.980032
vt 0.834809 0.979773
vt 0.836575 0.939775
vt 0.844210 0.940191
vt 0.856328 0.940583
vt 0.870300 0.958616
vt 0.870742 0.974946
vt 0.870223 0.944092
vt 0.882589 0.958304
vt 0.882153 0.946951
vt 0.883361 0.970401
vt 0.871450 0.977785
vt 0.870728 0.941110
vt 0.883228 0.944159
vt 0.891578 0.958339
vt 0.891629 0.964855
vt 0.890698 0.951560
vt 0.895540 0.961842
vt 0.897408 0.958278
vt 0.895074 0.954489
vt 0.898121 0.963234
vt 0.893308 0.967416
vt 0.884603 0.973052
vt 0.897190 0.952294
vt 0.899651 0.955809
vt 0.892307 0.948803
vt 0.900298 0.959666
vt 0.782873 0.974771
vt 0.783733 0.958939
vt 0.782967 0.942610
vt 0.782700 0.977724
vt 0.783405 0.939651
vt 0.752716 0.974716
vt 0.734480 0.974872
vt 0.735565 0.959086
vt 0.753516 0.958904
vt 0.735435 0.942811
vt 0.753050 0.942625
vt 0.752118 0.977792
vt 0.733482 0.977846
vt 0.735146 0.939686
vt 0.753172 0.939449
vt 0.769870 0.974585
vt 0.770679 0.958825
vt 0.770092 0.942585
vt 0.769405 0.977659
vt 0.770298 0.939482
vt 0.705627 0.975657
vt 0.696731 0.976102
vt 0.696588 0.960420
vt 0.705913 0.959903
vt 0.695710 0.943897
vt 0.705422 0.943768
vt 0.703883 0.978147
vt 0.694879 0.978520
vt 0.693923 0.941495
vt 0.703926 0.941253
vt 0.715959 0.975296
vt 0.716808 0.959523
vt 0.716511 0.943295
vt 0.714624 0.978138
vt 0.715715 0.940278
vt 0.005000 0.047690
vt 0.449070 0.863067
vt 0.471848 0.861920
vt 0.969870 0.358518
vt 0.960376 0.360507
vt 0.092432 0.614930
vt 0.185540 0.626342
vt 0.215149 0.626669
vt 0.242337 0.626623
vt 0.270039 0.624026
vt 0.533863 0.043026
vt 0.533837 0.047690
vt 0.330323 0.164667
vt 0.318361 0.258786
vt 0.317844 0.289017
vt 0.318493 0.318218
vt 0.322193 0.347187
vt 0.339515 0.437535
vt 0.346199 0.466577
vt 0.345426 0.474545
vt 0.974481 0.457534
vt 0.965216 0.458073
vt 0.965067 0.437264
vt 0.974537 0.437428
vt 0.964564 0.478773
vt 0.964349 0.458204
vt 0.965416 0.479132
vt 0.975723 0.438809
vt 0.975642 0.459207
vt 0.965190 0.423812
vt 0.974818 0.424729
vt 0.974605 0.412896
vt 0.965192 0.412758
vt 0.975468 0.412575
vt 0.975702 0.424475
vt 0.964170 0.437482
vt 0.964268 0.423599
vt 0.964290 0.412599
vt 0.965925 0.389085
vt 0.972639 0.387681
vt 0.973390 0.386519
vt 0.965116 0.388147
vt 0.967990 0.377263
vt 0.970095 0.376743
vt 0.970475 0.374383
vt 0.967345 0.375372
vt 0.968532 0.372698
vt 0.968957 0.375147
vt 0.974846 0.506155
vt 0.975026 0.522699
vt 0.965826 0.522254
vt 0.965642 0.506275
vt 0.975732 0.506658
vt 0.975886 0.523565
vt 0.964932 0.522558
vt 0.964731 0.506206
vt 0.974638 0.478794
vt 0.975486 0.478912
vt 0.975465 0.548866
vt 0.975658 0.556931
vt 0.966432 0.558281
vt 0.966323 0.549472
vt 0.976192 0.550416
vt 0.976365 0.558580
vt 0.965757 0.559935
vt 0.965613 0.550862
vt 0.975285 0.539497
vt 0.966105 0.539417
vt 0.976110 0.540670
vt 0.965246 0.540179
vt 0.668074 0.290569
vt 0.693897 0.286319
vt 0.705521 0.334259
vt 0.676278 0.342154
vt 0.638883 0.291510
vt 0.646406 0.346394
vt 0.576557 0.296907
vt 0.584398 0.351924
vt 0.552551 0.350974
vt 0.543081 0.299933
vt 0.615712 0.349004
vt 0.621877 0.396668
vt 0.591019 0.400760
vt 0.653644 0.396383
vt 0.783470 0.142689
vt 0.756034 0.143180
vt 0.756429 0.098233
vt 0.789054 0.093110
vt 0.726078 0.160037
vt 0.735054 0.107559
vt 0.685630 0.390188
vt 0.716070 0.380530
vt 0.562025 0.395360
vt 0.608295 0.293253
vt 0.573608 0.244352
vt 0.605867 0.244352
vt 0.753888 0.192522
vt 0.724849 0.192986
vt 0.779747 0.193088
vt 0.636002 0.244352
vt 0.664466 0.244352
vt 0.539759 0.244352
vt 0.689640 0.244352
vt 0.690146 0.255087
vt 0.488015 0.351517
vt 0.476801 0.301426
vt 0.509058 0.302955
vt 0.519314 0.352499
vt 0.500589 0.378038
vt 0.529938 0.388720
vt 0.472714 0.244352
vt 0.505444 0.244352
vt 0.449063 0.339679
vt 0.438611 0.294863
vt 0.469108 0.361616
vt 0.434357 0.244352
vt 0.365007 0.193922
vt 0.349296 0.236918
vt 0.339671 0.233115
vt 0.358403 0.187349
vt 0.378927 0.164134
vt 0.372964 0.158181
vt 0.342241 0.287481
vt 0.331897 0.287481
vt 0.862570 0.384475
vt 0.892909 0.353613
vt 0.882730 0.375574
vt 0.884766 0.341778
vt 0.894666 0.310494
vt 0.901227 0.334844
vt 0.899813 0.284987
vt 0.914226 0.280919
vt 0.913609 0.303011
vt 0.879038 0.379629
vt 0.858835 0.388200
vt 0.921871 0.357747
vt 0.902420 0.366488
vt 0.911456 0.347665
vt 0.931615 0.340680
vt 0.932294 0.296959
vt 0.947520 0.300367
vt 0.937036 0.319459
vt 0.922449 0.323834
vt 0.430853 0.384465
vt 0.427491 0.377352
vt 0.432934 0.372962
vt 0.435062 0.382034
vt 0.919695 0.361665
vt 0.899115 0.370274
vt 0.928029 0.290663
vt 0.914410 0.316295
vt 0.946759 0.351125
vt 0.930450 0.352914
vt 0.941867 0.336766
vt 0.960514 0.337142
vt 0.960039 0.302152
vt 0.950328 0.318185
vt 0.928353 0.356720
vt 0.476526 0.591413
vt 0.477855 0.587062
vt 0.481577 0.589464
vt 0.479213 0.594196
vt 0.427020 0.388259
vt 0.423363 0.392590
vt 0.419720 0.389912
vt 0.424394 0.383426
vt 0.945703 0.281871
vt 0.939088 0.289401
vt 0.935902 0.284173
vt 0.943821 0.277641
vt 0.975086 0.304669
vt 0.968245 0.320136
vt 0.950906 0.291159
vt 0.967316 0.288678
vt 0.940714 0.354946
vt 0.971027 0.265635
vt 0.976579 0.266233
vt 0.975061 0.275515
vt 0.969812 0.274877
vt 0.954259 0.285260
vt 0.983299 0.291580
vt 0.949846 0.275638
vt 0.947510 0.271073
vt 0.430691 0.391979
vt 0.426838 0.395875
vt 0.438052 0.387467
vt 0.434119 0.388829
vt 0.443442 0.379544
vt 0.447193 0.379847
vt 0.448188 0.386210
vt 0.443381 0.386081
vt 0.732907 0.684009
vt 0.724454 0.686816
vt 0.724454 0.684096
vt 0.731814 0.682289
vt 0.444109 0.392174
vt 0.444280 0.394480
vt 0.438754 0.395226
vt 0.438770 0.392955
vt 0.453920 0.394194
vt 0.453920 0.396677
vt 0.449085 0.395352
vt 0.448880 0.392901
vt 0.487248 0.584280
vt 0.484285 0.590797
vt 0.484402 0.583121
vt 0.438910 0.380782
vt 0.481707 0.595823
vt 0.479774 0.598772
vt 0.477213 0.596994
vt 0.473489 0.592090
vt 0.474238 0.585916
vt 0.487398 0.591968
vt 0.494308 0.594409
vt 0.492184 0.598598
vt 0.485131 0.597297
vt 0.724454 0.669298
vt 0.729515 0.667855
vt 0.730030 0.675415
vt 0.724454 0.675189
vt 0.737168 0.667508
vt 0.740036 0.668760
vt 0.737854 0.677041
vt 0.735366 0.676021
vt 0.733738 0.684520
vt 0.724454 0.687678
vt 0.443684 0.396936
vt 0.437989 0.398308
vt 0.438130 0.397352
vt 0.444087 0.396470
vt 0.453920 0.398989
vt 0.453920 0.400121
vt 0.448614 0.398687
vt 0.449144 0.397509
vt 0.435714 0.397043
vt 0.435435 0.393658
vt 0.741227 0.669212
vt 0.739019 0.677392
vt 0.496926 0.588221
vt 0.501832 0.590216
vt 0.497831 0.596832
vt 0.500020 0.599733
vt 0.492032 0.601734
vt 0.429308 0.399117
vt 0.432513 0.395846
vt 0.438373 0.390159
vt 0.434180 0.392170
vt 0.448414 0.389531
vt 0.443572 0.389176
vt 0.453920 0.386200
vt 0.453920 0.390162
vt 0.482288 0.596071
vt 0.484644 0.590645
vt 0.490099 0.585446
vt 0.479661 0.581189
vt 0.483308 0.601615
vt 0.479987 0.600725
vt 0.480616 0.599465
vt 0.483764 0.600423
vt 0.472673 0.592281
vt 0.472988 0.585711
vt 0.504734 0.591399
vt 0.476682 0.579975
vt 0.500490 0.599964
vt 0.492172 0.602732
vt 0.988929 0.278644
vt 0.965260 0.283763
vt 0.963072 0.277651
vt 0.966621 0.272446
vt 0.729458 0.680373
vt 0.505623 0.591762
vt 0.476483 0.597755
vt 0.475391 0.579448
vt 0.740350 0.666099
vt 0.741488 0.666498
vt 0.506585 0.592154
vt 0.500644 0.600447
vt 0.476048 0.598210
vt 0.472283 0.592211
vt 0.472513 0.585667
vt 0.474816 0.579214
vt 0.491945 0.603320
vt 0.483015 0.602220
vt 0.479057 0.599768
vt 0.478751 0.600364
vt 0.724454 0.681639
vt 0.956084 0.278276
vt 0.967875 0.265296
vt 0.438700 0.371016
vt 0.443200 0.372903
vt 0.447415 0.373709
vt 0.487272 0.584293
vt 0.435461 0.398101
vt 0.479750 0.601374
vt 0.737050 0.665739
vt 0.733473 0.665518
vt 0.740995 0.665562
vt 0.737320 0.665316
vt 0.741964 0.665894
vt 0.785351 0.192149
vt 0.788360 0.141129
vt 0.784425 0.217820
vt 0.779024 0.217918
vt 0.719578 0.229095
vt 0.717343 0.217068
vt 0.722697 0.217938
vt 0.723139 0.229017
vt 0.733012 0.102392
vt 0.754956 0.093568
vt 0.787555 0.087944
vt 0.794006 0.093209
vt 0.752836 0.217925
vt 0.782845 0.241469
vt 0.779296 0.241522
vt 0.779616 0.228768
vt 0.783565 0.228409
vt 0.753312 0.228682
vt 0.719378 0.242259
vt 0.722655 0.242217
vt 0.923152 0.260506
vt 0.924119 0.276105
vt 0.914220 0.259549
vt 0.690957 0.263132
vt 0.382019 0.204909
vt 0.369761 0.242994
vt 0.492598 0.084101
vt 0.472326 0.092792
vt 0.468771 0.066450
vt 0.616865 0.567322
vt 0.589384 0.558068
vt 0.594329 0.527168
vt 0.622098 0.524144
vt 0.712446 0.553203
vt 0.712167 0.587825
vt 0.693918 0.582456
vt 0.684806 0.539095
vt 0.656151 0.572751
vt 0.653870 0.527470
vt 0.447006 0.086940
vt 0.458331 0.105917
vt 0.420764 0.108018
vt 0.436141 0.123048
vt 0.416806 0.144075
vt 0.400001 0.131453
vt 0.393279 0.177943
vt 0.869479 0.710915
vt 0.882388 0.698193
vt 0.883915 0.706362
vt 0.872172 0.724176
vt 0.871553 0.683739
vt 0.869647 0.670252
vt 0.879896 0.666885
vt 0.882174 0.677110
vt 0.866966 0.658892
vt 0.877184 0.658176
vt 0.868958 0.635909
vt 0.875593 0.629520
vt 0.881205 0.636019
vt 0.876787 0.640343
vt 0.869486 0.703247
vt 0.882005 0.691734
vt 0.869442 0.759516
vt 0.884846 0.743584
vt 0.884793 0.769902
vt 0.867100 0.783845
vt 0.863715 0.807863
vt 0.869299 0.808257
vt 0.870552 0.734939
vt 0.884867 0.716978
vt 0.864690 0.646988
vt 0.875214 0.646909
vt 0.395931 0.207238
vt 0.385100 0.244125
vt 0.481737 0.101147
vt 0.467076 0.118725
vt 0.379830 0.287481
vt 0.364374 0.287481
vt 0.444400 0.134967
vt 0.426597 0.153063
vt 0.408872 0.184424
vt 0.392428 0.127750
vt 0.413557 0.103281
vt 0.440240 0.080989
vt 0.556334 0.560209
vt 0.560794 0.526989
vt 0.462595 0.058670
vt 0.571584 0.525009
vt 0.598719 0.524473
vt 0.626516 0.522180
vt 0.656359 0.525944
vt 0.685036 0.533699
vt 0.716543 0.544564
vt 0.736752 0.560572
vt 0.732720 0.564742
vt 0.889859 0.793196
vt 0.618750 0.925557
vt 0.615671 0.944250
vt 0.596692 0.939625
vt 0.602533 0.926330
vt 0.602476 0.908233
vt 0.589848 0.909698
vt 0.592459 0.894409
vt 0.604645 0.893882
vt 0.587965 0.934275
vt 0.588364 0.927356
vt 0.619699 0.908822
vt 0.635433 0.909754
vt 0.635701 0.925573
vt 0.620692 0.895080
vt 0.635544 0.895940
vt 0.597535 0.967160
vt 0.596467 0.954706
vt 0.614538 0.960294
vt 0.615120 0.973399
vt 0.636582 0.963339
vt 0.636820 0.977104
vt 0.636176 0.946091
vt 0.599814 0.977531
vt 0.616629 0.983156
vt 0.636793 0.986071
vt 0.588771 0.959677
vt 0.586494 0.951746
vt 0.591942 0.970880
vt 0.753000 0.241856
vt 0.814722 0.897479
vt 0.821179 0.904254
vt 0.806837 0.917833
vt 0.801355 0.912605
vt 0.792874 0.927878
vt 0.786966 0.922060
vt 0.711688 0.901736
vt 0.711214 0.897303
vt 0.719896 0.910131
vt 0.716328 0.913397
vt 0.726707 0.926032
vt 0.733949 0.920849
vt 0.740469 0.923412
vt 0.733268 0.931768
vt 0.758050 0.922167
vt 0.754717 0.931912
vt 0.742816 0.933613
vt 0.766295 0.922667
vt 0.765857 0.931025
vt 0.778514 0.923008
vt 0.781850 0.930933
vt 0.719974 0.191137
vt 0.722106 0.158302
vt 0.728746 0.110710
vt 0.730099 0.105671
vt 0.791751 0.737713
vt 0.797521 0.741430
vt 0.792458 0.747753
vt 0.786895 0.744482
vt 0.802712 0.745579
vt 0.796914 0.750565
vt 0.782783 0.736413
vt 0.785450 0.736363
vt 0.782543 0.741366
vt 0.781555 0.740714
vt 0.807776 0.750524
vt 0.800140 0.754218
vt 0.810005 0.754521
vt 0.800827 0.756461
vt 0.810412 0.758734
vt 0.801062 0.758421
vt 0.932536 0.272877
vt 0.940937 0.269551
vt 0.946436 0.267905
vt 0.453920 0.379393
vt 0.903840 0.258436
vt 0.901689 0.272500
vt 0.931499 0.261400
vt 0.939981 0.262310
vt 0.946461 0.263006
vt 0.453920 0.374110
vt 0.990847 0.267780
vt 0.730981 0.591092
vt 0.791018 0.758084
vt 0.785000 0.757873
vt 0.795177 0.758224
vt 0.782688 0.757805
vt 0.782126 0.757786
vt 0.798320 0.758329
vt 0.524302 0.443397
vt 0.538497 0.446868
vt 0.537346 0.456764
vt 0.521304 0.453246
vt 0.551625 0.449708
vt 0.549715 0.459011
vt 0.564067 0.452316
vt 0.562054 0.461985
vt 0.574193 0.454715
vt 0.575776 0.465105
vt 0.589081 0.456737
vt 0.587493 0.466923
vt 0.605021 0.457599
vt 0.604291 0.468821
vt 0.505518 0.447010
vt 0.508413 0.437191
vt 0.619950 0.458862
vt 0.619950 0.470802
vt 0.524365 0.441101
vt 0.538227 0.444150
vt 0.535670 0.458939
vt 0.519967 0.455116
vt 0.550127 0.446385
vt 0.546615 0.460962
vt 0.562782 0.448893
vt 0.559143 0.464154
vt 0.573200 0.451278
vt 0.573327 0.467721
vt 0.588481 0.453125
vt 0.585806 0.470100
vt 0.604613 0.453986
vt 0.619950 0.474140
vt 0.603122 0.472326
vt 0.503830 0.449320
vt 0.508729 0.434357
vt 0.502664 0.446767
vt 0.505563 0.436936
vt 0.619950 0.455253
vt 0.668076 0.198139
vt 0.676282 0.146554
vt 0.705525 0.154451
vt 0.693898 0.202390
vt 0.638884 0.197197
vt 0.646410 0.142312
vt 0.576559 0.191796
vt 0.543083 0.188768
vt 0.552556 0.137727
vt 0.584402 0.136779
vt 0.591026 0.087944
vt 0.621883 0.092038
vt 0.615715 0.139701
vt 0.653650 0.092324
vt 0.785662 0.340189
vt 0.792669 0.389158
vt 0.759779 0.385903
vt 0.758262 0.340499
vt 0.738299 0.376684
vt 0.727927 0.324419
vt 0.685636 0.098521
vt 0.716075 0.108180
vt 0.562032 0.093342
vt 0.608297 0.195451
vt 0.726007 0.291470
vt 0.755007 0.291177
vt 0.780826 0.289930
vt 0.690146 0.233621
vt 0.488020 0.137181
vt 0.519318 0.136201
vt 0.509060 0.185743
vt 0.476803 0.187272
vt 0.500596 0.110660
vt 0.529945 0.099980
vt 0.449067 0.149016
vt 0.438613 0.193832
vt 0.469114 0.127081
vt 0.365078 0.381111
vt 0.358479 0.387689
vt 0.339712 0.341939
vt 0.349333 0.338128
vt 0.379021 0.410886
vt 0.373063 0.416844
vt 0.890193 0.126528
vt 0.908013 0.139494
vt 0.913315 0.163112
vt 0.902851 0.172955
vt 0.917473 0.183215
vt 0.905906 0.205622
vt 0.905533 0.231637
vt 0.922835 0.216947
vt 0.918758 0.238666
vt 0.887331 0.122097
vt 0.905263 0.134750
vt 0.942494 0.165203
vt 0.948408 0.183946
vt 0.930183 0.172852
vt 0.925333 0.152543
vt 0.939819 0.226818
vt 0.935884 0.198469
vt 0.949218 0.205834
vt 0.955426 0.226711
vt 0.476955 0.384346
vt 0.472737 0.381933
vt 0.474819 0.372850
vt 0.480281 0.377214
vt 0.922904 0.148143
vt 0.941197 0.160913
vt 0.926431 0.204134
vt 0.934316 0.232068
vt 0.965418 0.176940
vt 0.975906 0.193516
vt 0.957601 0.189941
vt 0.949856 0.171742
vt 0.961942 0.209892
vt 0.968045 0.227617
vt 0.948612 0.167579
vt 0.484564 0.571683
vt 0.488430 0.571571
vt 0.486810 0.576607
vt 0.482472 0.575724
vt 0.480810 0.388117
vt 0.483408 0.383269
vt 0.488121 0.389726
vt 0.484494 0.392425
vt 0.949729 0.244403
vt 0.946991 0.248141
vt 0.940636 0.240079
vt 0.944860 0.235643
vt 0.979867 0.211775
vt 0.983286 0.228348
vt 0.972307 0.242321
vt 0.956785 0.236426
vt 0.960317 0.171926
vt 0.971801 0.256344
vt 0.977061 0.256837
vt 0.958812 0.242901
vt 0.988545 0.242907
vt 0.952459 0.251372
vt 0.949206 0.255341
vt 0.481042 0.395729
vt 0.477161 0.391860
vt 0.473708 0.388733
vt 0.469775 0.387378
vt 0.464345 0.379478
vt 0.464442 0.386010
vt 0.459637 0.386170
vt 0.460596 0.379803
vt 0.716084 0.684052
vt 0.717169 0.682328
vt 0.463751 0.392095
vt 0.469077 0.392869
vt 0.469143 0.395125
vt 0.463613 0.394393
vt 0.458995 0.392862
vt 0.458816 0.395315
vt 0.489688 0.577439
vt 0.468884 0.380696
vt 0.491352 0.572152
vt 0.488956 0.568172
vt 0.492029 0.568690
vt 0.479086 0.574016
vt 0.482864 0.569077
vt 0.492712 0.578891
vt 0.494826 0.573497
vt 0.500779 0.577482
vt 0.499373 0.581962
vt 0.718920 0.675449
vt 0.719386 0.667888
vt 0.711736 0.667578
vt 0.713583 0.676079
vt 0.711100 0.677109
vt 0.708873 0.668838
vt 0.715255 0.684567
vt 0.464242 0.396836
vt 0.463830 0.396371
vt 0.469804 0.397233
vt 0.469961 0.398181
vt 0.458782 0.397473
vt 0.459325 0.398645
vt 0.471977 0.393524
vt 0.472218 0.396826
vt 0.709936 0.677465
vt 0.707684 0.669292
vt 0.503586 0.582687
vt 0.502864 0.575133
vt 0.507180 0.582143
vt 0.478599 0.398989
vt 0.475373 0.395742
vt 0.469459 0.390064
vt 0.473661 0.392093
vt 0.464269 0.389098
vt 0.459433 0.389490
vt 0.489817 0.577903
vt 0.491943 0.572381
vt 0.496541 0.569129
vt 0.496033 0.570300
vt 0.493115 0.568784
vt 0.493546 0.567444
vt 0.478048 0.573289
vt 0.482304 0.568354
vt 0.503664 0.574518
vt 0.507680 0.582308
vt 0.991276 0.256763
vt 0.968167 0.258041
vt 0.965812 0.252200
vt 0.969248 0.246690
vt 0.719516 0.680401
vt 0.488965 0.567116
vt 0.707420 0.666570
vt 0.708557 0.666175
vt 0.508129 0.582070
vt 0.482088 0.568147
vt 0.488971 0.566487
vt 0.477678 0.572989
vt 0.496755 0.568492
vt 0.503912 0.573939
vt 0.492412 0.566835
vt 0.492212 0.567474
vt 0.959116 0.250112
vt 0.469045 0.370929
vt 0.464551 0.372837
vt 0.460338 0.373667
vt 0.472495 0.397882
vt 0.493847 0.566819
vt 0.711851 0.665813
vt 0.715392 0.665571
vt 0.707914 0.665615
vt 0.711414 0.665139
vt 0.706943 0.665963
vt 0.790576 0.341592
vt 0.786436 0.290680
vt 0.779549 0.265124
vt 0.784948 0.265058
vt 0.719223 0.255455
vt 0.723123 0.255429
vt 0.723573 0.266524
vt 0.718537 0.267645
vt 0.758366 0.390461
vt 0.736227 0.381721
vt 0.758694 0.390661
vt 0.791788 0.393934
vt 0.753387 0.265781
vt 0.779896 0.254262
vt 0.783846 0.254505
vt 0.753595 0.255010
vt 0.927407 0.245467
vt 0.690958 0.225576
vt 0.369794 0.332037
vt 0.382081 0.370112
vt 0.492747 0.490841
vt 0.468929 0.508507
vt 0.472472 0.482160
vt 0.761373 0.442756
vt 0.788686 0.440803
vt 0.792289 0.468584
vt 0.752693 0.473588
vt 0.759502 0.572228
vt 0.752286 0.542923
vt 0.789562 0.552684
vt 0.790377 0.572733
vt 0.749016 0.508212
vt 0.789554 0.510295
vt 0.447159 0.488024
vt 0.458470 0.469041
vt 0.420901 0.466966
vt 0.400121 0.443549
vt 0.416916 0.430914
vt 0.436268 0.451925
vt 0.393362 0.397066
vt 0.370466 0.563795
vt 0.378569 0.565489
vt 0.365737 0.578140
vt 0.352595 0.575165
vt 0.393195 0.576129
vt 0.399795 0.565815
vt 0.410309 0.567843
vt 0.407055 0.577734
vt 0.419267 0.570325
vt 0.418734 0.580136
vt 0.442098 0.578028
vt 0.437362 0.570578
vt 0.441768 0.566257
vt 0.448608 0.571447
vt 0.385036 0.565945
vt 0.373440 0.578194
vt 0.307042 0.561922
vt 0.333343 0.562251
vt 0.317204 0.577427
vt 0.292847 0.579429
vt 0.268816 0.582445
vt 0.268469 0.576892
vt 0.359916 0.562635
vt 0.341779 0.576674
vt 0.430710 0.572200
vt 0.430837 0.582293
vt 0.385132 0.330894
vt 0.395992 0.367771
vt 0.481878 0.473800
vt 0.467207 0.456228
vt 0.426701 0.421918
vt 0.444518 0.440000
vt 0.408951 0.390572
vt 0.392551 0.447258
vt 0.413699 0.471708
vt 0.440396 0.493976
vt 0.768377 0.405083
vt 0.797275 0.405225
vt 0.462751 0.516292
vt 0.761324 0.411616
vt 0.756905 0.444029
vt 0.749249 0.476057
vt 0.746617 0.509205
vt 0.747645 0.541397
vt 0.751554 0.574130
vt 0.766159 0.592870
vt 0.761602 0.595274
vt 0.283985 0.556334
vt 0.652802 0.925201
vt 0.669339 0.925524
vt 0.675687 0.938438
vt 0.656700 0.943515
vt 0.676724 0.893867
vt 0.681424 0.908477
vt 0.668447 0.907836
vt 0.665841 0.893875
vt 0.684256 0.925982
vt 0.684890 0.932955
vt 0.651183 0.908827
vt 0.650192 0.895255
vt 0.675734 0.965889
vt 0.658286 0.972303
vt 0.658505 0.959376
vt 0.676392 0.953415
vt 0.673091 0.976038
vt 0.656679 0.981934
vt 0.684772 0.958466
vt 0.686306 0.950475
vt 0.679948 0.969880
vt 0.711999 0.880366
vt 0.725163 0.895664
vt 0.719620 0.900826
vt 0.705454 0.887056
vt 0.739439 0.905268
vt 0.733479 0.911031
vt 0.814672 0.884996
vt 0.810033 0.896658
vt 0.806464 0.893392
vt 0.815145 0.880564
vt 0.799654 0.909294
vt 0.792412 0.904111
vt 0.793092 0.915030
vt 0.785892 0.906672
vt 0.768313 0.905421
vt 0.783543 0.916873
vt 0.771643 0.915167
vt 0.760067 0.905919
vt 0.760504 0.914277
vt 0.747856 0.906263
vt 0.744505 0.914181
vt 0.797553 0.389326
vt 0.721210 0.293483
vt 0.723997 0.326261
vt 0.731875 0.373665
vt 0.733352 0.378670
vt 0.790385 0.778458
vt 0.785993 0.771380
vt 0.791763 0.768489
vt 0.796391 0.775137
vt 0.796397 0.765981
vt 0.801848 0.771345
vt 0.781350 0.779156
vt 0.780413 0.774782
vt 0.781442 0.774198
vt 0.784008 0.779383
vt 0.799860 0.762553
vt 0.807232 0.766750
vt 0.800697 0.760360
vt 0.809724 0.762910
vt 0.934950 0.250405
vt 0.942456 0.255437
vt 0.947482 0.258212
vt 0.904720 0.244237
vt 0.789580 0.592510
vt 0.715599 0.443412
vt 0.718596 0.453263
vt 0.702553 0.456776
vt 0.701404 0.446881
vt 0.690183 0.459021
vt 0.688276 0.449718
vt 0.677844 0.461992
vt 0.675834 0.452323
vt 0.664121 0.465109
vt 0.665707 0.454720
vt 0.652405 0.466924
vt 0.650819 0.456738
vt 0.635607 0.468820
vt 0.634878 0.457598
vt 0.731489 0.437210
vt 0.734383 0.447029
vt 0.701674 0.444163
vt 0.715537 0.441117
vt 0.719932 0.455132
vt 0.704228 0.458953
vt 0.689775 0.446396
vt 0.693282 0.460973
vt 0.677118 0.448901
vt 0.680754 0.464162
vt 0.666701 0.451283
vt 0.666570 0.467725
vt 0.651419 0.453126
vt 0.654092 0.470102
vt 0.635286 0.453986
vt 0.636776 0.472326
vt 0.736071 0.449340
vt 0.731174 0.434376
vt 0.734340 0.436956
vt 0.737237 0.446787
s 1
usemtl 07_-_Default
f 2/1/1 3/2/2 4/3/3
f 4/3/3 1/4/4 2/1/1
f 5/5/5 6/6/6 7/7/7
f 7/7/7 8/8/8 5/5/5
f 9/9/9 3/2/2 10/10/10
f 10/10/10 11/11/11 9/9/9
f 8/8/8 7/7/7 4/3/3
f 4/3/3 12/12/12 8/8/8
f 14/13/13 6/6/6 15/14/14
f 15/14/14 13/15/15 14/13/13
f 17/16/16 18/17/17 19/18/18
f 19/18/18 16/19/19 17/16/16
f 3/2/2 9/9/9 12/12/12
f 12/12/12 4/3/3 3/2/2
f 6/6/6 14/13/13 20/20/20
f 20/20/20 7/7/7 6/6/6
f 3/2/2 2/1/1 21/21/21
f 21/21/21 10/10/10 3/2/2
f 7/7/7 20/20/20 1/4/4
f 1/4/4 4/3/3 7/7/7
f 6/6/6 5/5/5 22/22/22
f 22/22/22 15/14/14 6/6/6
f 15/14/14 22/22/22 23/23/23
f 23/23/23 18/17/17 15/14/14
f 25/24/24 26/25/25 27/26/26
f 27/26/26 28/27/27 25/24/24
f 29/28/28 30/29/29 31/30/30
f 31/30/30 32/31/31 29/28/28
f 33/32/32 29/28/28 32/31/31
f 32/31/31 34/33/33 33/32/32
f 35/34/34 33/32/32 34/33/33
f 34/33/33 36/35/35 35/34/34
f 37/36/36 35/34/34 36/35/35
f 36/35/35 38/37/37 37/36/36
f 39/38/38 40/39/39 26/25/25
f 26/25/25 25/24/24 39/38/38
f 41/40/40 42/41/41 43/42/42
f 43/42/42 44/43/43 41/40/40
f 45/44/44 46/45/45 42/41/41
f 42/41/41 41/40/40 45/44/44
f 48/46/46 46/45/45 45/44/44
f 45/44/44 47/47/47 48/46/46
f 50/48/48 48/46/46 47/47/47
f 47/47/47 49/49/49 50/48/48
f 51/50/50 44/43/43 52/51/51
f 52/51/51 44/43/43 43/42/42
f 43/42/42 53/52/52 52/51/51
f 54/53/53 55/54/54 53/52/52
f 56/55/55 51/50/50 52/51/51
f 57/56/56 27/26/26 53/52/52
f 53/52/52 55/54/54 57/56/56
f 56/55/55 52/51/51 26/25/25
f 26/25/25 40/39/39 56/55/55
f 26/25/25 52/51/51 53/52/52
f 53/52/52 27/26/26 26/25/25
f 58/57/57 59/58/58 27/26/26
f 27/26/26 57/56/56 58/57/57
f 60/59/59 37/36/36 38/37/37
f 36/35/35 61/60/60 62/61/61
f 62/61/61 38/37/37 36/35/35
f 34/33/33 63/62/62 61/60/60
f 61/60/60 36/35/35 34/33/33
f 32/31/31 64/63/63 63/62/62
f 63/62/62 34/33/33 32/31/31
f 65/64/64 64/63/63 32/31/31
f 32/31/31 31/30/30 65/64/64
f 67/65/65 38/37/37 62/61/61
f 62/61/61 66/66/66 67/65/65
f 41/40/40 44/43/43 62/61/61
f 62/61/61 61/60/60 41/40/40
f 45/44/44 41/40/40 61/60/60
f 61/60/60 63/62/62 45/44/44
f 64/63/63 47/47/47 45/44/44
f 45/44/44 63/62/62 64/63/63
f 49/49/49 47/47/47 64/63/63
f 64/63/63 65/64/64 49/49/49
f 59/58/58 28/27/27 27/26/26
f 43/42/42 68/67/67 54/53/53
f 54/53/53 53/52/52 43/42/42
f 42/41/41 69/68/68 68/67/67
f 68/67/67 43/42/42 42/41/41
f 46/45/45 70/69/69 69/68/68
f 69/68/68 42/41/41 46/45/45
f 71/70/70 70/69/69 46/45/45
f 46/45/45 48/46/46 71/70/70
f 72/71/71 71/70/70 48/46/46
f 48/46/46 50/48/48 72/71/71
f 38/37/37 67/65/65 60/59/59
f 51/50/50 66/66/66 62/61/61
f 62/61/61 44/43/43 51/50/50
f 73/72/72 74/73/73 75/74/74
f 75/74/74 76/75/75 73/72/72
f 77/76/76 78/77/77 31/30/30
f 31/30/30 30/29/29 77/76/76
f 79/78/78 80/79/79 78/77/77
f 78/77/77 77/76/76 79/78/78
f 81/80/80 82/81/81 80/79/79
f 80/79/79 79/78/78 81/80/80
f 83/82/82 84/83/83 82/81/81
f 82/81/81 81/80/80 83/82/82
f 86/84/84 73/72/72 76/75/75
f 76/75/75 85/85/85 86/84/84
f 87/86/86 88/87/87 89/88/88
f 89/88/88 90/89/89 87/86/86
f 91/90/90 87/86/86 90/89/89
f 90/89/89 92/91/91 91/90/90
f 94/92/92 93/93/93 91/90/90
f 91/90/90 92/91/91 94/92/92
f 50/48/48 49/49/49 93/93/93
f 93/93/93 94/92/92 50/48/48
f 95/94/94 96/95/95 88/87/87
f 96/95/95 97/96/96 89/88/88
f 89/88/88 88/87/87 96/95/95
f 98/97/97 97/96/96 99/98/98
f 100/99/99 96/95/95 95/94/94
f 101/100/100 99/98/98 97/96/96
f 97/96/96 75/74/74 101/100/100
f 100/99/99 85/85/85 76/75/75
f 76/75/75 96/95/95 100/99/99
f 76/75/75 75/74/74 97/96/96
f 97/96/96 96/95/95 76/75/75
f 103/101/101 101/100/100 75/74/74
f 75/74/74 102/102/102 103/101/101
f 104/103/103 84/83/83 83/82/82
f 82/81/81 84/83/83 105/104/104
f 105/104/104 106/105/105 82/81/81
f 80/79/79 82/81/81 106/105/105
f 106/105/105 107/106/106 80/79/79
f 78/77/77 80/79/79 107/106/106
f 107/106/106 108/107/107 78/77/77
f 65/64/64 31/30/30 78/77/77
f 78/77/77 108/107/107 65/64/64
f 110/108/108 109/109/109 105/104/104
f 105/104/104 84/83/83 110/108/108
f 87/86/86 106/105/105 105/104/104
f 105/104/104 88/87/87 87/86/86
f 91/90/90 107/106/106 106/105/105
f 106/105/105 87/86/86 91/90/90
f 108/107/107 107/106/106 91/90/90
f 91/90/90 93/93/93 108/107/107
f 49/49/49 65/64/64 108/107/107
f 108/107/107 93/93/93 49/49/49
f 102/102/102 75/74/74 74/73/73
f 89/88/88 97/96/96 98/97/97
f 98/97/97 111/110/110 89/88/88
f 90/89/89 89/88/88 111/110/110
f 111/110/110 112/111/111 90/89/89
f 92/91/91 90/89/89 112/111/111
f 112/111/111 113/112/112 92/91/91
f 114/113/113 94/92/92 92/91/91
f 92/91/91 113/112/112 114/113/113
f 72/71/71 50/48/48 94/92/92
f 94/92/92 114/113/113 72/71/71
f 84/83/83 104/103/103 110/108/108
f 95/94/94 88/87/87 105/104/104
f 105/104/104 109/109/109 95/94/94
f 115/114/114 116/115/115 117/116/116
f 117/116/116 118/117/117 115/114/114
f 119/118/118 117/116/116 116/115/115
f 116/115/115 120/119/119 119/118/118
f 121/120/120 122/121/121 123/122/122
f 123/122/122 119/118/118 121/120/120
f 124/123/123 125/124/124 126/125/125
f 126/125/125 127/126/126 124/123/123
f 129/127/127 130/128/128 131/129/129
f 131/129/129 128/130/130 129/127/127
f 132/131/131 124/123/123 127/126/126
f 127/126/126 133/132/132 132/131/131
f 128/130/130 131/129/129 135/133/133
f 135/133/133 134/134/134 128/130/130
f 136/135/135 137/136/136 118/117/117
f 136/135/135 118/117/117 117/116/116
f 136/135/135 117/116/116 138/137/137
f 140/138/138 141/139/139 142/140/140
f 142/140/141 139/141/142 140/138/143
f 143/142/144 144/143/145 116/115/146
f 116/115/146 115/114/147 143/142/144
f 144/143/145 145/144/148 120/119/149
f 120/119/149 116/115/146 144/143/145
f 146/145/150 147/146/151 120/119/152
f 120/119/149 145/144/148 146/145/153
f 146/147/154 148/148/155 121/120/156
f 121/120/156 147/146/157 146/147/154
f 149/149/158 122/121/159 121/120/156
f 121/120/156 148/148/155 149/149/158
f 151/150/160 126/125/161 125/124/162
f 125/124/162 150/151/163 151/150/160
f 152/152/164 153/153/165 130/128/166
f 130/128/166 129/127/167 152/152/164
f 154/154/168 155/155/169 133/132/170
f 133/132/170 134/134/171 154/154/168
f 156/156/172 157/157/173 158/158/174
f 158/158/174 132/131/175 156/156/172
f 159/159/176 136/135/177 158/158/174
f 158/158/174 157/157/173 159/159/176
f 159/159/176 160/160/178 137/136/179
f 137/136/179 136/135/177 159/159/176
f 139/161/180 142/140/181 137/136/182
f 137/136/179 160/160/178 139/161/183
f 161/162/184 162/163/185 163/164/186
f 163/164/186 164/165/187 161/162/184
f 165/166/188 166/167/189 167/168/190
f 167/168/190 168/169/191 165/166/188
f 170/170/192 168/169/191 167/168/190
f 167/168/190 169/171/193 170/170/192
f 171/172/194 172/173/195 173/174/196
f 173/174/196 174/175/197 171/172/194
f 175/176/198 164/165/187 163/164/186
f 163/164/186 176/177/199 175/176/198
f 176/177/199 163/164/186 177/178/200
f 177/178/200 178/179/201 176/177/199
f 178/179/201 179/180/202 173/174/196
f 173/174/196 176/177/199 178/179/201
f 181/181/203 168/169/191 170/170/192
f 170/170/192 180/182/204 181/181/203
f 182/183/205 183/184/206 181/181/203
f 181/181/203 180/182/204 182/183/205
f 185/185/207 183/184/206 186/186/208
f 186/186/208 184/187/209 185/185/207
f 168/169/191 181/181/203 187/188/210
f 187/188/210 165/166/188 168/169/191
f 182/183/205 189/189/211 190/190/212
f 190/190/212 188/191/213 182/183/205
f 191/192/214 192/193/215 180/182/204
f 180/182/204 170/170/192 191/192/214
f 191/192/214 193/194/216 194/195/217
f 194/195/217 192/193/215 191/192/214
f 189/189/211 195/196/218 196/197/219
f 196/197/219 190/190/212 189/189/211
f 197/198/220 198/199/221 199/200/222
f 199/200/222 200/201/223 197/198/220
f 202/202/224 199/200/222 203/203/225
f 203/203/225 201/204/226 202/202/224
f 205/205/227 206/206/228 200/201/223
f 200/201/223 204/207/229 205/205/227
f 208/208/230 209/209/231 210/210/232
f 210/210/232 207/211/233 208/208/230
f 208/208/230 211/212/234 212/213/235
f 212/213/235 209/209/231 208/208/230
f 214/214/236 215/215/237 216/216/238
f 216/216/238 213/217/239 214/214/236
f 215/215/237 217/218/240 218/219/241
f 218/219/241 216/216/238 215/215/237
f 219/220/242 220/221/243 221/222/244
f 221/222/244 222/223/245 219/220/242
f 225/224/246 226/225/247 223/226/248
f 223/226/248 224/227/249 225/224/246
f 226/225/247 225/224/246 165/166/188
f 165/166/188 187/188/210 226/225/247
f 185/185/207 221/222/244 226/225/247
f 226/225/247 187/188/210 185/185/207
f 227/228/250 228/229/251 186/186/208
f 186/186/208 188/191/213 227/228/250
f 229/230/252 228/229/251 230/231/253
f 230/231/253 211/212/234 229/230/252
f 232/232/254 178/179/201 177/178/200
f 177/178/200 231/233/255 232/232/254
f 223/226/248 232/232/254 231/233/255
f 231/233/255 224/227/249 223/226/248
f 233/234/256 234/235/257 220/221/243
f 220/221/243 219/220/242 233/234/256
f 235/236/258 179/180/202 234/235/257
f 234/235/257 233/234/256 235/236/258
f 236/237/259 237/238/260 238/239/261
f 238/239/261 207/211/233 236/237/259
f 201/204/226 239/240/262 237/238/260
f 237/238/260 236/237/259 201/204/226
f 163/164/186 162/163/185 240/241/263
f 240/241/263 177/178/200 163/164/186
f 241/242/264 224/227/249 231/233/255
f 231/233/255 242/243/265 241/242/264
f 177/178/200 240/241/263 242/243/265
f 242/243/265 231/233/255 177/178/200
f 191/192/214 243/244/266 244/245/267
f 244/245/267 193/194/216 191/192/214
f 170/170/192 169/171/193 243/244/266
f 243/244/266 191/192/214 170/170/192
f 166/167/189 165/166/188 225/224/246
f 225/224/246 245/246/268 166/167/189
f 241/242/264 245/246/268 225/224/246
f 225/224/246 224/227/249 241/242/264
f 246/247/269 247/248/270 248/249/271
f 248/249/271 203/203/225 246/247/269
f 203/203/225 248/249/271 239/240/262
f 239/240/262 201/204/226 203/203/225
f 211/212/234 208/208/230 249/250/272
f 249/250/272 229/230/252 211/212/234
f 207/211/233 238/239/261 249/250/272
f 249/250/272 208/208/230 207/211/233
f 227/228/250 251/251/273 252/252/274
f 252/252/274 250/253/275 227/228/250
f 251/251/273 253/254/276 254/255/277
f 254/255/277 252/252/274 251/251/273
f 214/214/236 255/256/278 230/231/253
f 230/231/253 250/253/275 214/214/236
f 256/257/279 257/258/280 258/259/281
f 258/259/281 213/217/239 256/257/279
f 212/213/235 255/256/278 258/259/281
f 258/259/281 259/260/282 212/213/235
f 236/237/259 260/261/283 202/202/224
f 202/202/224 201/204/226 236/237/259
f 207/211/233 210/210/232 260/261/283
f 260/261/283 236/237/259 207/211/233
f 261/262/284 262/263/285 193/194/286
f 193/194/286 244/245/287 261/262/284
f 263/264/288 194/195/289 193/194/286
f 193/194/286 262/263/285 263/264/288
f 264/265/290 195/196/291 194/195/289
f 194/195/289 263/264/288 264/265/290
f 266/266/292 253/254/293 196/197/294
f 196/197/294 265/267/295 266/266/292
f 268/268/296 217/218/297 254/255/298
f 254/255/298 267/269/299 268/268/296
f 269/270/300 270/271/301 271/272/302
f 271/272/302 218/219/303 269/270/300
f 166/167/304 272/273/305 273/274/306
f 273/274/306 167/168/307 166/167/304
f 167/168/307 273/274/306 274/275/308
f 274/275/308 169/171/309 167/168/307
f 240/241/310 162/163/311 275/276/312
f 275/276/312 276/277/313 240/241/310
f 241/242/314 242/243/315 277/278/316
f 277/278/316 278/279/317 241/242/314
f 242/243/315 240/241/310 276/277/313
f 276/277/313 277/278/316 242/243/315
f 169/171/309 274/275/308 279/280/318
f 279/280/318 243/244/319 169/171/309
f 245/246/320 280/281/321 272/273/305
f 272/273/305 166/167/304 245/246/320
f 241/242/314 278/279/317 280/281/321
f 280/281/321 245/246/320 241/242/314
f 244/245/322 243/244/319 279/280/318
f 279/280/318 261/282/323 244/245/322
f 282/283/324 283/284/325 284/285/326
f 284/285/326 281/286/327 282/283/324
f 282/283/324 285/287/328 286/288/329
f 286/288/329 283/284/325 282/283/324
f 285/287/328 287/289/330 288/290/331
f 288/290/331 286/288/329 285/287/328
f 287/289/330 289/291/332 290/292/333
f 290/292/333 288/290/331 287/289/330
f 289/291/332 291/293/334 292/294/335
f 292/294/335 290/292/333 289/291/332
f 293/295/336 294/296/337 292/294/335
f 292/294/335 291/293/334 293/295/336
f 283/284/325 295/297/338 296/298/339
f 296/298/339 284/285/326 283/284/325
f 283/284/325 286/288/329 297/299/340
f 297/299/340 295/297/338 283/284/325
f 286/288/329 288/290/331 298/300/341
f 298/300/341 297/299/340 286/288/329
f 288/290/331 290/292/333 299/301/342
f 299/301/342 298/300/341 288/290/331
f 290/292/333 292/294/335 300/302/343
f 300/302/343 299/301/342 290/292/333
f 294/296/337 301/303/344 300/302/343
f 300/302/343 292/294/335 294/296/337
f 295/297/338 302/304/345 303/305/346
f 303/305/346 296/298/339 295/297/338
f 295/297/338 297/299/340 304/306/347
f 304/306/347 302/304/345 295/297/338
f 297/299/340 298/300/341 305/307/348
f 305/307/348 304/306/347 297/299/340
f 298/300/341 299/301/342 306/308/349
f 306/308/349 305/307/348 298/300/341
f 299/301/342 300/302/343 307/309/350
f 307/309/350 306/308/349 299/301/342
f 301/303/344 308/310/351 307/309/350
f 307/309/350 300/302/343 301/303/344
f 302/304/345 309/311/352 310/312/353
f 310/312/353 303/305/346 302/304/345
f 302/304/345 304/306/347 311/313/354
f 311/313/354 309/311/352 302/304/345
f 304/306/347 305/307/348 312/314/355
f 312/314/355 311/313/354 304/306/347
f 305/307/348 306/308/349 313/315/356
f 313/315/356 312/314/355 305/307/348
f 306/308/349 307/309/350 314/316/357
f 314/316/357 313/315/356 306/308/349
f 308/310/351 315/317/358 314/316/357
f 314/316/357 307/309/350 308/310/351
f 309/311/352 316/318/359 317/319/360
f 317/319/360 310/312/353 309/311/352
f 309/311/352 311/313/354 318/320/361
f 318/320/361 316/318/359 309/311/352
f 311/313/354 312/314/355 319/321/362
f 319/321/362 318/320/361 311/313/354
f 312/314/355 313/315/356 320/322/363
f 320/322/363 319/321/362 312/314/355
f 313/315/356 314/316/357 321/323/364
f 321/323/364 320/322/363 313/315/356
f 315/317/358 322/324/365 321/323/364
f 321/323/364 314/316/357 315/317/358
f 316/318/359 323/325/366 324/326/367
f 324/326/367 317/319/360 316/318/359
f 316/318/359 318/320/361 325/327/368
f 325/327/368 323/325/366 316/318/359
f 318/320/361 319/321/362 326/328/369
f 326/328/369 325/327/368 318/320/361
f 319/321/362 320/322/363 327/329/370
f 327/329/370 326/328/369 319/321/362
f 320/322/363 321/323/364 328/330/371
f 328/330/371 327/329/370 320/322/363
f 322/324/365 329/331/372 328/330/371
f 328/330/371 321/323/364 322/324/365
f 323/325/366 330/332/373 331/333/374
f 331/333/374 324/326/367 323/325/366
f 323/325/366 325/327/368 332/334/375
f 332/334/375 330/332/373 323/325/366
f 325/327/368 326/328/369 333/335/376
f 333/335/376 332/334/375 325/327/368
f 326/328/369 327/329/370 334/336/377
f 334/336/377 333/335/376 326/328/369
f 327/329/370 328/330/371 335/337/378
f 335/337/378 334/336/377 327/329/370
f 329/331/372 336/338/379 335/337/378
f 335/337/378 328/330/371 329/331/372
f 330/332/373 337/339/380 338/340/381
f 338/340/381 331/333/374 330/332/373
f 330/332/373 332/334/375 339/341/382
f 339/341/382 337/339/380 330/332/373
f 332/334/375 333/335/376 340/342/383
f 340/342/383 339/341/382 332/334/375
f 333/335/376 334/336/377 341/343/384
f 341/343/384 340/342/383 333/335/376
f 334/336/377 335/337/378 342/344/385
f 342/344/385 341/343/384 334/336/377
f 336/338/379 343/345/386 342/344/385
f 342/344/385 335/337/378 336/338/379
f 337/339/380 344/346/387 345/347/388
f 345/347/388 338/340/381 337/339/380
f 337/339/380 339/341/382 346/348/389
f 346/348/389 344/346/387 337/339/380
f 339/341/382 340/342/383 347/349/390
f 347/349/390 346/348/389 339/341/382
f 340/342/383 341/343/384 348/350/391
f 348/350/391 347/349/390 340/342/383
f 341/343/384 342/344/385 349/351/392
f 349/351/392 348/350/391 341/343/384
f 343/345/386 350/352/393 349/351/392
f 349/351/392 342/344/385 343/345/386
f 344/346/387 351/353/394 352/354/395
f 352/354/395 345/347/388 344/346/387
f 344/346/387 346/348/389 353/355/396
f 353/355/396 351/353/394 344/346/387
f 346/348/389 347/349/390 354/356/397
f 354/356/397 353/355/396 346/348/389
f 347/349/390 348/350/391 355/357/398
f 355/357/398 354/356/397 347/349/390
f 348/350/391 349/351/392 356/358/399
f 356/358/399 355/357/398 348/350/391
f 350/352/393 357/359/400 356/358/399
f 356/358/399 349/351/392 350/352/393
f 351/353/394 358/360/401 359/361/402
f 359/361/402 352/354/395 351/353/394
f 351/353/394 353/355/396 360/362/403
f 360/362/403 358/360/401 351/353/394
f 353/355/396 354/356/397 361/363/404
f 361/363/404 360/362/403 353/355/396
f 354/356/397 355/357/398 362/364/405
f 362/364/405 361/363/404 354/356/397
f 355/357/398 356/358/399 363/365/406
f 363/365/406 362/364/405 355/357/398
f 357/359/400 364/366/407 363/365/406
f 363/365/406 356/358/399 357/359/400
f 358/360/401 365/367/408 366/368/409
f 366/368/409 359/361/402 358/360/401
f 358/360/401 360/362/403 367/369/410
f 367/369/410 365/367/408 358/360/401
f 360/362/403 361/363/404 368/370/411
f 368/370/411 367/369/410 360/362/403
f 361/363/404 362/364/405 369/371/412
f 369/371/412 368/370/411 361/363/404
f 362/364/405 363/365/406 370/372/413
f 370/372/413 369/371/412 362/364/405
f 364/366/407 371/373/414 370/372/413
f 370/372/413 363/365/406 364/366/407
f 365/367/408 372/374/415 373/375/416
f 373/375/416 366/368/409 365/367/408
f 365/367/408 367/369/410 374/376/417
f 374/376/417 372/374/415 365/367/408
f 367/369/410 368/370/411 375/377/418
f 375/377/418 374/376/417 367/369/410
f 368/370/411 369/371/412 376/378/419
f 376/378/419 375/377/418 368/370/411
f 369/371/412 370/372/413 377/379/420
f 377/379/420 376/378/419 369/371/412
f 371/373/414 378/380/421 377/379/420
f 377/379/420 370/372/413 371/373/414
f 372/374/415 379/381/422 380/382/423
f 380/382/423 373/375/416 372/374/415
f 372/374/415 374/376/417 381/383/424
f 381/383/424 379/381/422 372/374/415
f 374/376/417 375/377/418 382/384/425
f 382/384/425 381/383/424 374/376/417
f 375/377/418 376/378/419 383/385/426
f 383/385/426 382/384/425 375/377/418
f 376/378/419 377/379/420 384/386/427
f 384/386/427 383/385/426 376/378/419
f 378/380/421 385/387/428 384/386/427
f 384/386/427 377/379/420 378/380/421
f 379/381/422 386/388/429 387/389/430
f 387/389/430 380/382/423 379/381/422
f 379/381/422 381/383/424 388/390/431
f 388/390/431 386/388/429 379/381/422
f 381/383/424 382/384/425 389/391/432
f 389/391/432 388/390/431 381/383/424
f 382/384/425 383/385/426 390/392/433
f 390/392/433 389/391/432 382/384/425
f 383/385/426 384/386/427 391/393/434
f 391/393/434 390/392/433 383/385/426
f 385/387/428 392/394/435 391/393/434
f 391/393/434 384/386/427 385/387/428
f 386/388/429 393/395/436 394/396/437
f 394/396/437 387/389/430 386/388/429
f 386/388/429 388/390/431 395/397/438
f 395/397/438 393/395/436 386/388/429
f 388/390/431 389/391/432 396/398/439
f 396/398/439 395/397/438 388/390/431
f 389/391/432 390/392/433 397/399/440
f 397/399/440 396/398/439 389/391/432
f 390/392/433 391/393/434 398/400/441
f 398/400/441 397/399/440 390/392/433
f 392/394/435 399/401/442 398/400/441
f 398/400/441 391/393/434 392/394/435
f 393/395/436 400/402/443 401/403/444
f 401/403/444 394/396/437 393/395/436
f 393/395/436 395/397/438 402/404/445
f 402/404/445 400/402/443 393/395/436
f 395/397/438 396/398/439 403/405/446
f 403/405/446 402/404/445 395/397/438
f 396/398/439 397/399/440 404/406/447
f 404/406/447 403/405/446 396/398/439
f 397/399/440 398/400/441 405/407/448
f 405/407/448 404/406/447 397/399/440
f 399/401/442 406/408/449 405/407/448
f 405/407/448 398/400/441 399/401/442
f 400/402/443 407/409/450 408/410/451
f 408/410/451 401/403/444 400/402/443
f 400/402/443 402/404/445 409/411/452
f 409/411/452 407/409/450 400/402/443
f 402/404/445 403/405/446 410/412/453
f 410/412/453 409/411/452 402/404/445
f 403/405/446 404/406/447 411/413/454
f 411/413/454 410/412/453 403/405/446
f 404/406/447 405/407/448 412/414/455
f 412/414/455 411/413/454 404/406/447
f 406/408/449 413/415/456 412/414/455
f 412/414/455 405/407/448 406/408/449
f 407/416/450 414/417/457 415/418/458
f 415/418/458 408/419/451 407/416/450
f 407/416/450 409/420/452 416/421/459
f 416/421/459 414/417/457 407/416/450
f 409/420/452 410/422/453 417/423/460
f 417/423/460 416/421/459 409/420/452
f 410/422/453 411/424/454 418/425/461
f 418/425/461 417/423/460 410/422/453
f 411/424/454 412/426/455 419/427/462
f 419/427/462 418/425/461 411/424/454
f 413/428/456 420/429/463 419/427/462
f 419/427/462 412/426/455 413/428/456
f 414/417/457 421/430/464 422/431/465
f 422/431/465 415/418/458 414/417/457
f 414/417/457 416/421/459 423/432/466
f 423/432/466 421/430/464 414/417/457
f 416/421/459 417/423/460 424/433/467
f 424/433/467 423/432/466 416/421/459
f 417/423/460 418/425/461 425/434/468
f 425/434/468 424/433/467 417/423/460
f 418/425/461 419/427/462 426/435/469
f 426/435/469 425/434/468 418/425/461
f 420/429/463 427/436/470 426/435/469
f 426/435/469 419/427/462 420/429/463
f 421/430/464 428/437/471 429/438/472
f 429/438/472 422/431/465 421/430/464
f 421/430/464 423/432/466 430/439/473
f 430/439/473 428/437/471 421/430/464
f 423/432/466 424/433/467 431/440/474
f 431/440/474 430/439/473 423/432/466
f 424/433/467 425/434/468 432/441/475
f 432/441/475 431/440/474 424/433/467
f 425/434/468 426/435/469 433/442/476
f 433/442/476 432/441/475 425/434/468
f 427/436/470 434/443/477 433/442/476
f 433/442/476 426/435/469 427/436/470
f 428/437/471 435/444/478 436/445/479
f 436/445/479 429/438/472 428/437/471
f 428/437/471 430/439/473 437/446/480
f 437/446/480 435/444/478 428/437/471
f 430/439/473 431/440/474 438/447/481
f 438/447/481 437/446/480 430/439/473
f 431/440/474 432/441/475 439/448/482
f 439/448/482 438/447/481 431/440/474
f 432/441/475 433/442/476 440/449/483
f 440/449/483 439/448/482 432/441/475
f 434/443/477 441/450/484 440/449/483
f 440/449/483 433/442/476 434/443/477
f 435/444/478 442/451/485 443/452/486
f 443/452/486 436/445/479 435/444/478
f 435/444/478 437/446/480 444/453/487
f 444/453/487 442/451/485 435/444/478
f 437/446/480 438/447/481 445/454/488
f 445/454/488 444/453/487 437/446/480
f 438/447/481 439/448/482 446/455/489
f 446/455/489 445/454/488 438/447/481
f 439/448/482 440/449/483 447/456/490
f 447/456/490 446/455/489 439/448/482
f 441/450/484 448/457/491 447/456/490
f 447/456/490 440/449/483 441/450/484
f 442/451/485 282/283/324 281/286/327
f 281/286/327 443/452/486 442/451/485
f 442/451/485 444/453/487 285/287/328
f 285/287/328 282/283/324 442/451/485
f 444/453/487 445/454/488 287/289/330
f 287/289/330 285/287/328 444/453/487
f 445/454/488 446/455/489 289/291/332
f 289/291/332 287/289/330 445/454/488
f 446/455/489 447/456/490 291/293/334
f 291/293/334 289/291/332 446/455/489
f 448/457/491 293/295/336 291/293/334
f 291/293/334 447/456/490 448/457/491
f 450/458/492 451/459/493 452/460/494
f 452/460/494 449/461/495 450/458/492
f 453/462/496 449/461/495 452/460/494
f 452/460/494 454/463/497 453/462/496
f 455/464/498 456/465/499 457/466/500
f 457/466/500 458/467/501 455/464/498
f 459/468/502 455/464/498 458/467/501
f 458/467/501 460/469/503 459/468/502
f 461/470/504 462/471/505 456/465/506
f 456/465/506 463/472/507 461/470/504
f 455/464/508 459/468/509 465/473/510
f 465/473/510 464/474/511 455/464/508
f 466/475/512 467/476/513 468/477/514
f 468/477/514 469/478/515 466/475/512
f 471/479/516 472/480/517 473/481/518
f 473/481/518 470/482/519 471/479/516
f 474/483/520 461/470/504 463/472/507
f 463/472/507 475/484/521 474/483/520
f 464/474/511 465/473/510 477/485/522
f 477/485/522 476/486/523 464/474/511
f 467/476/513 474/483/524 475/484/525
f 475/484/525 468/477/514 467/476/513
f 476/486/526 477/485/527 472/480/517
f 472/480/517 471/479/516 476/486/526
f 478/487/528 479/488/529 452/460/494
f 452/460/494 451/459/493 478/487/528
f 479/488/529 480/489/530 454/463/497
f 454/463/497 452/460/494 479/488/529
f 449/461/495 453/462/496 11/11/11
f 11/11/11 10/10/10 449/461/495
f 21/21/21 450/458/492 449/461/495
f 449/461/495 10/10/10 21/21/21
f 482/490/531 483/491/532 484/492/533
f 484/492/533 481/493/534 482/490/531
f 486/494/535 487/495/536 488/496/537
f 488/496/537 485/497/538 486/494/535
f 490/498/539 491/499/540 492/500/541
f 492/500/541 489/501/542 490/498/539
f 494/502/543 495/503/544 496/504/545
f 496/504/545 493/505/546 494/502/543
f 485/497/538 488/496/537 497/506/547
f 497/506/547 498/507/548 485/497/538
f 500/508/549 501/509/550 502/510/551
f 502/510/551 499/511/552 500/508/549
f 491/499/540 490/498/539 504/512/553
f 504/512/553 503/513/554 491/499/540
f 481/493/534 484/492/533 506/514/555
f 506/514/555 505/515/556 481/493/534
f 493/505/546 496/504/545 483/491/532
f 483/491/532 482/490/531 493/505/546
f 489/501/542 492/500/541 487/495/536
f 487/495/536 486/494/535 489/501/542
f 505/515/556 506/514/555 501/509/550
f 501/509/550 507/516/557 505/515/556
f 508/517/558 499/511/552 502/510/551
f 502/510/551 503/513/554 508/517/558
f 509/518/559 491/499/540 503/513/554
f 503/513/554 502/510/551 509/518/559
f 491/499/540 509/518/559 510/519/560
f 510/519/560 492/500/541 491/499/540
f 492/500/541 510/519/560 511/520/561
f 511/520/561 487/495/536 492/500/541
f 487/495/536 511/520/561 512/521/562
f 512/521/562 488/496/537 487/495/536
f 488/496/537 512/521/562 513/522/563
f 513/522/563 497/506/547 488/496/537
f 514/523/564 515/524/565 516/525/566
f 516/525/566 517/526/567 514/523/564
f 518/527/568 514/523/564 517/526/567
f 517/526/567 519/528/569 518/527/568
f 482/490/570 481/493/571 520/529/572
f 520/529/572 521/530/573 482/490/570
f 486/494/574 485/497/575 522/531/576
f 522/531/576 523/532/577 486/494/574
f 490/498/578 489/501/579 524/533/580
f 524/533/580 525/534/581 490/498/578
f 499/511/582 508/517/583 526/535/584
f 526/535/584 527/536/585 499/511/582
f 494/502/586 529/537/587 530/538/588
f 530/538/589 528/539/590 494/502/591
f 485/497/575 498/507/592 531/540/593
f 531/540/593 522/531/576 485/497/575
f 532/541/594 533/542/595 534/543/596
f 534/543/596 507/516/597 532/541/594
f 504/512/598 490/498/578 525/534/581
f 525/534/581 535/544/599 504/512/598
f 481/493/571 505/515/600 536/545/601
f 536/545/601 520/529/572 481/493/571
f 493/505/602 482/490/570 521/530/573
f 521/530/573 537/546/603 493/505/602
f 489/501/579 486/494/574 523/532/577
f 523/532/577 524/533/580 489/501/579
f 505/515/600 507/516/597 534/543/596
f 534/543/596 536/545/601 505/515/600
f 518/527/568 519/528/569 539/547/604
f 539/547/605 538/548/606 518/527/607
f 2/1/608 1/4/609 540/549/610
f 540/549/610 541/550/611 2/1/608
f 12/12/612 9/9/613 542/551/614
f 542/551/614 543/552/615 12/12/612
f 20/20/616 14/13/617 544/553/618
f 544/553/618 545/554/619 20/20/616
f 5/5/620 8/8/621 546/555/622
f 546/555/622 547/556/623 5/5/620
f 21/21/624 2/1/608 541/550/611
f 541/550/611 548/557/625 21/21/624
f 11/11/626 453/462/627 549/558/628
f 549/558/628 550/559/629 11/11/626
f 16/19/630 2714/560/631 1659/561/632
f 1659/561/632 551/562/633 16/19/630
f 1/4/609 20/20/616 545/554/619
f 545/554/619 540/549/610 1/4/609
f 8/8/621 12/12/612 543/552/615
f 543/552/615 546/555/622 8/8/621
f 14/13/617 13/15/634 552/563/635
f 552/563/635 544/553/618 14/13/617
f 22/22/636 5/5/620 547/556/623
f 547/556/623 553/564/637 22/22/636
f 17/16/638 554/565/639 552/563/635
f 552/563/635 13/15/634 17/16/638
f 24/566/640 23/23/641 555/567/642
f 555/567/642 2721/568/643 1669/569/644
f 24/566/640 555/567/642 1669/569/644
f 451/459/645 450/458/646 556/570/647
f 556/570/647 557/571/648 451/459/645
f 465/473/649 459/468/650 558/572/651
f 558/572/651 559/573/652 465/473/649
f 560/574/653 462/471/654 561/575/655
f 561/575/655 562/576/656 560/574/653
f 459/468/650 460/469/657 563/577/658
f 563/577/658 558/572/651 459/468/650
f 458/467/501 457/466/500 564/578/659
f 564/578/659 565/579/660 458/467/501
f 460/469/503 458/467/501 565/579/660
f 565/579/660 563/577/661 460/469/503
f 462/471/654 461/470/662 566/580/663
f 566/580/663 561/575/655 462/471/654
f 477/485/664 465/473/649 559/573/652
f 559/573/652 567/581/665 477/485/664
f 467/476/513 466/475/512 568/582/666
f 568/582/666 569/583/667 467/476/513
f 480/489/668 570/584/669 571/585/670
f 571/585/670 454/463/671 480/489/668
f 461/470/662 474/483/672 572/586/673
f 572/586/673 566/580/663 461/470/662
f 472/480/674 477/485/675 567/581/676
f 567/581/676 573/587/677 472/480/674
f 474/483/524 467/476/513 569/583/667
f 569/583/667 572/586/678 474/483/524
f 473/481/677 472/480/674 573/587/677
f 573/587/677 574/588/679 473/481/677
f 466/475/680 478/487/681 575/589/682
f 575/589/682 568/582/683 466/475/680
f 453/462/627 454/463/671 571/585/670
f 571/585/670 549/558/628 453/462/627
f 450/458/646 21/21/624 548/557/625
f 548/557/625 556/570/647 450/458/646
f 9/9/613 11/11/626 550/559/629
f 550/559/629 542/551/614 9/9/613
f 172/173/684 576/590/685 577/591/686
f 577/591/686 175/176/687 172/173/684
f 175/176/687 577/591/686 578/592/688
f 578/592/688 164/165/689 175/176/687
f 198/199/690 579/593/691 580/594/692
f 580/594/692 246/247/693 198/199/690
f 247/248/694 581/595/695 582/596/696
f 582/596/696 171/172/697 247/248/694
f 197/198/698 583/597/699 584/598/700
f 584/598/700 585/599/701 197/198/698
f 30/600/702 29/601/703 586/602/704
f 586/602/704 587/603/705 30/600/702
f 29/601/703 33/604/706 588/605/707
f 588/605/707 586/602/704 29/601/703
f 33/604/706 35/606/708 589/607/709
f 589/607/709 588/605/707 33/604/706
f 35/606/708 37/608/710 590/609/711
f 590/609/711 589/607/709 35/606/708
f 60/610/712 67/611/713 591/612/714
f 591/612/714 592/613/715 60/610/712
f 67/611/713 66/614/716 593/615/717
f 593/615/717 591/612/714 67/611/713
f 39/616/718 25/617/719 594/618/720
f 594/618/720 595/619/721 39/616/718
f 40/620/722 39/616/718 595/619/721
f 595/619/721 596/621/723 40/620/722
f 56/622/724 40/620/722 596/621/723
f 596/621/723 597/623/725 56/622/724
f 25/617/719 28/624/726 598/625/727
f 598/625/727 594/618/720 25/617/719
f 28/624/726 59/626/728 599/627/729
f 599/627/729 598/625/727 28/624/726
f 59/626/728 58/628/730 600/629/731
f 600/629/731 599/627/729 59/626/728
f 51/630/732 56/622/724 597/623/725
f 597/623/725 601/631/732 51/630/732
f 66/614/716 51/632/733 601/633/733
f 601/633/733 593/615/717 66/614/716
f 71/634/734 72/635/735 602/636/736
f 602/636/736 603/637/737 71/634/734
f 70/638/738 71/634/734 603/637/737
f 603/637/737 604/639/739 70/638/738
f 69/640/740 70/638/738 604/639/739
f 604/639/739 605/641/741 69/640/740
f 68/642/742 69/640/740 605/641/741
f 605/641/741 606/643/743 68/642/742
f 54/644/744 68/642/742 606/643/743
f 606/643/743 607/645/745 54/644/744
f 55/646/746 54/644/744 607/645/745
f 607/645/745 608/647/747 55/646/746
f 57/648/748 55/646/746 608/647/747
f 608/647/747 609/649/749 57/648/748
f 58/628/730 57/648/748 609/649/749
f 609/649/749 600/629/731 58/628/730
f 37/608/710 60/610/712 592/613/715
f 592/613/715 590/609/711 37/608/710
f 74/650/750 73/651/751 610/652/752
f 610/652/752 611/653/753 74/650/750
f 77/654/754 30/600/702 587/603/705
f 587/603/705 612/655/755 77/654/754
f 79/656/756 77/654/754 612/655/755
f 612/655/755 613/657/757 79/656/756
f 81/658/758 79/656/756 613/657/757
f 613/657/757 614/659/759 81/658/758
f 83/660/760 81/658/758 614/659/759
f 614/659/759 615/661/761 83/660/760
f 73/651/751 86/662/762 616/663/763
f 616/663/763 610/652/752 73/651/751
f 86/662/762 85/664/764 617/665/765
f 617/665/765 616/663/763 86/662/762
f 98/666/766 99/667/767 618/668/768
f 618/668/768 619/669/769 98/666/766
f 100/670/770 95/671/771 620/672/772
f 620/672/772 621/673/773 100/670/770
f 99/667/767 101/674/774 622/675/775
f 622/675/775 618/668/768 99/667/767
f 85/664/764 100/670/770 621/673/773
f 621/673/773 617/665/765 85/664/764
f 101/674/774 103/676/776 623/677/777
f 623/677/777 622/675/775 101/674/774
f 103/676/776 102/678/778 624/679/779
f 624/679/779 623/677/777 103/676/776
f 104/680/780 83/660/760 615/661/761
f 615/661/761 625/681/781 104/680/780
f 109/682/782 110/683/783 626/684/784
f 626/684/784 627/685/785 109/682/782
f 102/678/778 74/650/750 611/653/753
f 611/653/753 624/679/779 102/678/778
f 111/686/786 98/666/766 619/669/769
f 619/669/769 628/687/787 111/686/786
f 112/688/788 111/686/786 628/687/787
f 628/687/787 629/689/789 112/688/788
f 113/690/790 112/688/788 629/689/789
f 629/689/789 630/691/791 113/690/790
f 114/692/792 113/690/790 630/691/791
f 630/691/791 631/693/793 114/692/792
f 72/635/735 114/692/792 631/693/793
f 631/693/793 602/636/736 72/635/735
f 110/683/783 104/680/780 625/681/781
f 625/681/781 626/684/784 110/683/783
f 95/694/794 109/682/782 627/685/785
f 627/685/785 620/695/795 95/694/794
f 633/696/796 634/697/797 635/698/798
f 635/698/798 632/699/799 633/696/796
f 634/697/797 636/700/800 637/701/801
f 637/701/801 635/698/798 634/697/797
f 637/701/801 636/700/800 638/702/802
f 638/702/802 639/703/803 637/701/801
f 639/703/803 638/702/802 640/704/804
f 640/704/804 641/705/805 639/703/803
f 632/699/799 635/698/798 643/706/806
f 643/706/806 642/707/807 632/699/799
f 635/698/798 637/701/801 644/708/808
f 644/708/808 643/706/806 635/698/798
f 637/701/801 639/703/803 645/709/809
f 645/709/809 644/708/808 637/701/801
f 645/709/809 639/703/803 641/705/805
f 641/705/805 646/710/810 645/709/809
f 647/711/811 648/712/812 649/713/813
f 649/713/813 650/714/814 647/711/811
f 650/714/814 649/713/813 651/715/815
f 651/715/815 652/716/816 650/714/814
f 651/715/815 653/717/817 654/718/818
f 654/718/818 652/716/816 651/715/815
f 653/717/817 655/719/819 656/720/820
f 656/720/820 654/718/818 653/717/817
f 657/721/821 658/722/822 659/723/823
f 659/723/823 660/724/824 657/721/825
f 660/724/824 659/723/823 661/725/826
f 661/725/826 662/726/827 660/724/824
f 661/725/826 663/727/828 664/728/829
f 664/728/829 662/726/827 661/725/826
f 664/728/829 663/727/828 665/729/830
f 665/729/830 666/730/831 664/728/829
f 648/712/812 642/707/807 643/706/806
f 643/706/806 649/713/813 648/712/812
f 649/713/813 643/706/806 644/708/808
f 644/708/808 651/715/815 649/713/813
f 644/708/808 645/709/809 653/717/817
f 653/717/817 651/715/815 644/708/808
f 645/709/809 646/710/810 655/719/819
f 655/719/819 653/717/817 645/709/809
f 667/731/832 275/276/312 162/163/311
f 162/163/311 161/162/833 667/731/832
f 667/732/834 161/162/835 164/165/836
f 164/165/689 578/592/688 667/732/837
f 647/711/811 650/714/814 659/723/823
f 659/723/823 658/722/822 647/711/811
f 659/723/823 650/714/814 652/716/816
f 652/716/816 661/725/826 659/723/823
f 652/716/816 654/718/818 663/727/828
f 663/727/828 661/725/826 652/716/816
f 654/718/818 656/720/820 665/729/830
f 665/729/830 663/727/828 654/718/818
f 669/733/838 670/734/839 671/735/840
f 671/735/840 668/736/841 669/733/838
f 673/737/842 674/738/843 675/739/844
f 675/739/844 672/740/845 673/737/842
f 673/737/842 676/741/846 677/742/847
f 677/742/847 674/738/843 673/737/842
f 676/741/846 678/743/848 679/744/849
f 679/744/849 677/742/847 676/741/846
f 681/745/850 669/733/838 668/736/841
f 668/736/841 680/746/851 681/745/850
f 672/740/845 682/747/852 683/748/853
f 683/748/853 673/737/842 672/740/845
f 673/737/842 683/748/853 684/749/854
f 684/749/854 676/741/846 673/737/842
f 684/749/854 685/750/855 678/743/848
f 678/743/848 676/741/846 684/749/854
f 686/751/856 687/752/857 688/753/858
f 688/753/858 689/754/859 686/751/856
f 690/755/860 691/756/861 692/757/862
f 692/757/862 693/758/863 690/755/860
f 692/757/862 691/756/861 694/759/864
f 694/759/864 695/760/865 692/757/862
f 696/761/866 697/762/867 695/760/865
f 695/760/865 694/759/864 696/761/866
f 699/763/868 700/764/869 701/765/870
f 701/765/870 698/766/871 699/763/868
f 702/767/872 703/768/873 704/769/874
f 704/769/874 705/770/875 702/767/872
f 704/769/874 703/768/873 706/771/876
f 706/771/876 707/772/877 704/769/874
f 708/773/878 709/774/879 707/772/877
f 707/772/877 706/771/876 708/773/878
f 689/754/859 688/753/858 681/745/850
f 681/745/850 680/746/851 689/754/859
f 693/758/863 692/757/862 683/748/853
f 683/748/853 682/747/852 693/758/863
f 683/748/853 692/757/862 695/760/865
f 695/760/865 684/749/854 683/748/853
f 697/762/867 685/750/855 684/749/854
f 684/749/854 695/760/865 697/762/867
f 700/764/869 687/752/857 686/751/856
f 686/751/856 701/765/870 700/764/869
f 705/770/875 704/769/874 691/756/861
f 691/756/861 690/755/860 705/770/875
f 691/756/861 704/769/874 707/772/877
f 707/772/877 694/759/864 691/756/861
f 709/774/879 696/761/866 694/759/864
f 694/759/864 707/772/877 709/774/879
f 636/775/880 634/776/881 710/777/882
f 710/777/882 711/778/880 636/775/880
f 634/776/881 633/779/883 671/780/884
f 671/780/884 710/777/882 634/776/881
f 632/781/885 642/782/886 680/783/887
f 680/783/887 668/784/888 632/781/885
f 642/782/886 648/785/889 689/786/890
f 689/786/890 680/783/887 642/782/886
f 648/785/889 647/787/891 686/788/892
f 686/788/892 689/786/890 648/785/889
f 647/787/891 658/789/893 701/790/894
f 701/790/894 686/788/892 647/787/891
f 658/789/895 657/791/896 698/792/897
f 698/792/898 701/790/894 658/789/893
f 666/793/899 665/794/900 712/795/901
f 712/795/902 713/796/903 666/793/904
f 665/794/900 656/797/905 714/798/906
f 714/798/906 712/795/901 665/794/900
f 656/797/905 655/799/907 715/800/908
f 715/800/908 714/798/906 656/797/905
f 655/799/907 646/801/909 716/802/910
f 716/802/910 715/800/908 655/799/907
f 646/801/909 641/803/911 717/804/912
f 717/804/912 716/802/910 646/801/909
f 640/805/913 718/806/914 717/804/912
f 717/804/912 641/803/911 640/805/913
f 638/807/915 636/775/880 711/778/880
f 711/778/880 719/808/916 638/807/915
f 721/809/917 281/810/918 284/811/919
f 284/811/919 720/812/920 721/809/917
f 720/812/921 294/813/921 293/814/921
f 293/814/921 721/809/921 720/812/921
f 720/812/920 284/811/919 296/815/922
f 296/815/922 722/816/923 720/812/920
f 722/816/924 301/817/924 294/813/925
f 294/813/925 720/812/925 722/816/924
f 722/816/923 296/815/922 303/818/926
f 303/818/926 723/819/927 722/816/923
f 723/819/928 308/820/928 301/817/928
f 301/817/928 722/816/928 723/819/928
f 723/819/927 303/818/926 310/821/929
f 310/821/929 724/822/930 723/819/927
f 724/822/931 315/823/931 308/820/932
f 308/820/932 723/819/932 724/822/931
f 724/822/930 310/821/929 317/824/933
f 317/824/933 725/825/934 724/822/930
f 725/825/935 322/826/936 315/823/937
f 315/823/937 724/822/937 725/825/935
f 725/825/934 317/824/933 324/827/938
f 324/827/938 726/828/939 725/825/934
f 726/828/940 329/829/940 322/826/940
f 322/826/940 725/825/940 726/828/940
f 726/828/939 324/827/938 331/830/941
f 331/830/941 727/831/942 726/828/939
f 727/831/943 336/832/943 329/829/943
f 329/829/943 726/828/943 727/831/943
f 727/831/942 331/830/941 338/833/944
f 338/833/944 728/834/945 727/831/942
f 728/834/946 343/835/946 336/832/947
f 336/832/947 727/831/947 728/834/946
f 728/834/945 338/833/944 345/836/948
f 345/836/948 729/837/949 728/834/945
f 729/837/950 350/838/950 343/835/951
f 343/835/951 728/834/951 729/837/950
f 729/837/949 345/836/948 352/839/952
f 352/839/952 730/840/953 729/837/949
f 730/840/954 357/841/954 350/838/955
f 350/838/955 729/837/955 730/840/954
f 730/840/953 352/839/952 359/842/956
f 359/842/956 731/843/957 730/840/953
f 731/843/958 364/844/958 357/841/958
f 357/841/958 730/840/958 731/843/958
f 731/843/957 359/842/956 366/845/959
f 366/845/959 732/846/960 731/843/957
f 732/846/961 371/847/961 364/844/962
f 364/844/962 731/843/963 732/846/961
f 732/846/960 366/845/959 373/848/964
f 373/848/964 733/849/965 732/846/960
f 733/849/966 378/850/966 371/847/967
f 371/847/967 732/846/967 733/849/966
f 733/849/965 373/848/964 380/851/968
f 380/851/968 734/852/969 733/849/965
f 734/852/970 385/853/970 378/850/971
f 378/850/971 733/849/971 734/852/970
f 734/852/969 380/851/968 387/854/972
f 387/854/972 735/855/973 734/852/969
f 735/855/974 392/856/974 385/853/975
f 385/853/975 734/852/975 735/855/974
f 735/855/973 387/854/972 394/857/976
f 394/857/976 736/858/977 735/855/973
f 736/858/978 399/859/978 392/856/978
f 392/856/978 735/855/978 736/858/978
f 736/858/977 394/857/976 401/860/979
f 401/860/979 737/861/980 736/858/977
f 737/861/981 406/862/981 399/859/982
f 399/859/982 736/858/982 737/861/981
f 737/861/980 401/860/979 408/863/983
f 408/863/983 738/864/984 737/861/980
f 738/864/985 413/865/985 406/862/985
f 406/862/985 737/861/985 738/864/985
f 738/866/984 408/867/983 415/868/986
f 415/868/986 739/869/987 738/866/984
f 739/869/988 420/870/988 413/871/988
f 413/871/988 738/866/988 739/869/988
f 739/869/987 415/868/986 422/872/989
f 422/872/989 740/873/990 739/869/987
f 740/873/991 427/874/991 420/870/991
f 420/870/991 739/869/991 740/873/991
f 740/873/990 422/872/989 429/875/992
f 429/875/992 741/876/993 740/873/990
f 741/876/994 434/877/994 427/874/995
f 427/874/995 740/873/995 741/876/994
f 741/876/993 429/875/992 436/878/996
f 436/878/996 742/879/997 741/876/993
f 742/879/998 441/880/998 434/877/998
f 434/877/998 741/876/998 742/879/998
f 742/879/997 436/878/996 443/881/999
f 443/881/999 743/882/1000 742/879/997
f 743/882/1001 448/883/1001 441/880/1002
f 441/880/1002 742/879/1002 743/882/1001
f 743/882/1000 443/881/999 281/810/918
f 281/810/918 721/809/917 743/882/1000
f 721/809/1003 293/814/1003 448/883/1003
f 448/883/1003 743/882/1003 721/809/1003
f 744/884/1004 745/885/1005 746/886/1006
f 746/886/1006 747/887/1007 744/884/1004
f 748/888/1008 749/889/1009 750/890/1010
f 750/890/1010 751/891/1011 748/888/1008
f 751/891/1011 750/890/1010 752/892/1012
f 752/892/1012 753/893/1013 751/891/1011
f 753/893/1013 752/892/1012 754/894/1014
f 754/894/1014 755/895/1015 753/893/1013
f 755/895/1015 754/894/1014 756/896/1016
f 756/896/1016 757/897/1017 755/895/1015
f 757/897/1017 756/896/1016 758/898/1018
f 758/898/1018 759/899/1019 757/897/1017
f 759/899/1019 758/898/1018 760/900/1020
f 760/900/1020 761/901/1021 759/899/1019
f 760/900/1020 762/902/1022 763/903/1023
f 763/903/1023 761/901/1021 760/900/1020
f 762/902/1022 764/904/1024 765/905/1025
f 765/905/1025 763/903/1023 762/902/1022
f 765/905/1025 764/904/1024 766/906/1026
f 766/906/1026 767/907/1027 765/905/1025
f 767/907/1027 766/906/1026 768/908/1028
f 768/908/1028 769/909/1029 767/907/1027
f 769/909/1029 768/908/1028 770/910/1030
f 770/910/1030 771/911/1031 769/909/1029
f 771/911/1031 770/910/1030 772/912/1032
f 772/912/1032 773/913/1033 771/911/1031
f 773/913/1033 772/912/1032 774/914/1034
f 774/914/1034 775/915/1035 773/913/1033
f 775/915/1035 774/914/1034 776/916/1036
f 776/916/1036 777/917/1037 775/915/1035
f 777/917/1037 776/916/1036 778/918/1038
f 778/918/1038 779/919/1039 777/917/1037
f 779/919/1039 778/918/1038 780/920/1040
f 780/920/1040 781/921/1041 779/919/1039
f 782/922/1042 783/923/1043 746/924/1044
f 746/924/1044 745/925/1045 782/922/1042
f 784/926/1046 785/927/1047 750/928/1048
f 750/928/1048 749/929/1049 784/926/1046
f 785/927/1047 786/930/1050 752/931/1051
f 752/931/1051 750/928/1048 785/927/1047
f 786/930/1050 787/932/1052 754/933/1053
f 754/933/1053 752/931/1051 786/930/1050
f 754/933/1053 787/932/1052 788/934/1054
f 788/934/1054 756/935/1055 754/933/1053
f 756/935/1055 788/934/1054 789/936/1056
f 789/936/1056 758/937/1057 756/935/1055
f 758/937/1057 789/936/1056 790/938/1058
f 790/938/1058 760/939/1059 758/937/1057
f 760/939/1059 790/938/1058 791/940/1060
f 791/940/1060 762/941/1061 760/939/1059
f 762/941/1061 791/940/1060 792/942/1062
f 792/942/1062 764/943/1063 762/941/1061
f 764/943/1063 792/942/1062 793/944/1064
f 793/944/1064 766/945/1065 764/943/1063
f 766/945/1065 793/944/1064 794/946/1066
f 794/946/1066 768/947/1067 766/945/1065
f 768/947/1067 794/946/1066 795/948/1068
f 795/948/1068 770/949/1069 768/947/1067
f 795/948/1068 796/950/1070 772/951/1071
f 772/951/1071 770/949/1069 795/948/1068
f 772/951/1071 796/950/1070 797/952/1072
f 797/952/1072 774/953/1073 772/951/1071
f 774/953/1073 797/952/1072 798/954/1074
f 798/954/1074 776/955/1075 774/953/1073
f 776/955/1075 798/954/1074 799/956/1076
f 799/956/1076 778/957/1077 776/955/1075
f 799/956/1078 800/958/1079 780/959/1080
f 780/959/1081 778/957/1077 799/956/1076
f 801/960/1082 802/961/1083 783/962/1084
f 783/962/1084 782/963/1085 801/960/1082
f 784/964/1086 803/965/1087 804/966/1088
f 804/966/1088 785/967/1089 784/964/1086
f 785/967/1089 804/966/1088 805/968/1090
f 805/968/1090 786/969/1091 785/967/1089
f 786/969/1091 805/968/1090 806/970/1092
f 806/970/1092 787/971/1093 786/969/1091
f 787/971/1093 806/970/1092 807/972/1094
f 807/972/1094 788/973/1095 787/971/1093
f 788/973/1095 807/972/1094 808/974/1096
f 808/974/1096 789/975/1097 788/973/1095
f 789/975/1097 808/974/1096 809/976/1098
f 809/976/1098 790/977/1099 789/975/1097
f 790/977/1099 809/976/1098 810/978/1100
f 810/978/1100 791/979/1101 790/977/1099
f 791/979/1101 810/978/1100 811/980/1102
f 811/980/1102 792/981/1103 791/979/1101
f 792/981/1103 811/980/1102 812/982/1104
f 812/982/1104 793/983/1105 792/981/1103
f 793/983/1105 812/982/1104 813/984/1106
f 813/984/1106 794/985/1107 793/983/1105
f 794/985/1107 813/984/1106 814/986/1108
f 814/986/1108 795/987/1109 794/985/1107
f 795/987/1109 814/986/1108 815/988/1110
f 815/988/1110 796/989/1111 795/987/1109
f 815/988/1110 816/990/1112 797/991/1113
f 797/991/1113 796/989/1111 815/988/1110
f 816/990/1112 817/992/1114 798/993/1115
f 798/993/1115 797/991/1113 816/990/1112
f 817/992/1114 818/994/1116 799/995/1117
f 799/995/1117 798/993/1115 817/992/1114
f 818/994/1118 819/996/1119 800/997/1120
f 800/997/1121 799/995/1117 818/994/1116
f 801/998/1122 744/999/1123 747/1000/1124
f 747/1000/1124 802/1001/1125 801/998/1122
f 803/1002/1126 748/1003/1127 751/1004/1128
f 751/1004/1128 804/1005/1129 803/1002/1126
f 804/1005/1129 751/1004/1128 753/1006/1130
f 753/1006/1130 805/1007/1131 804/1005/1129
f 805/1007/1131 753/1006/1130 755/1008/1132
f 755/1008/1132 806/1009/1133 805/1007/1131
f 755/1008/1132 757/1010/1134 807/1011/1135
f 807/1011/1135 806/1009/1133 755/1008/1132
f 757/1010/1134 759/1012/1136 808/1013/1137
f 808/1013/1137 807/1011/1135 757/1010/1134
f 759/1012/1136 761/1014/1138 809/1015/1139
f 809/1015/1139 808/1013/1137 759/1012/1136
f 761/1014/1138 763/1016/1140 810/1017/1141
f 810/1017/1141 809/1015/1139 761/1014/1138
f 763/1016/1140 765/1018/1142 811/1019/1143
f 811/1019/1143 810/1017/1141 763/1016/1140
f 765/1018/1142 767/1020/1144 812/1021/1145
f 812/1021/1145 811/1019/1143 765/1018/1142
f 812/1021/1145 767/1020/1144 769/1022/1146
f 769/1022/1146 813/1023/1147 812/1021/1145
f 813/1023/1147 769/1022/1146 771/1024/1148
f 771/1024/1148 814/1025/1149 813/1023/1147
f 814/1025/1149 771/1024/1148 773/1026/1150
f 773/1026/1150 815/1027/1151 814/1025/1149
f 773/1026/1150 775/1028/1152 816/1029/1153
f 816/1029/1153 815/1027/1151 773/1026/1150
f 775/1028/1152 777/1030/1154 817/1031/1155
f 817/1031/1155 816/1029/1153 775/1028/1152
f 777/1030/1154 779/1032/1156 818/1033/1157
f 818/1033/1157 817/1031/1155 777/1030/1154
f 779/1032/1158 781/1034/1159 819/1035/1160
f 819/1035/1161 818/1033/1157 779/1032/1156
f 820/1036/1162 821/1037/1163 822/1038/1164
f 822/1038/1164 823/1039/1165 820/1036/1162
f 823/1039/1165 822/1038/1164 824/1040/1166
f 824/1040/1166 825/1041/1167 823/1039/1165
f 825/1041/1167 824/1040/1166 826/1042/1168
f 826/1042/1168 827/1043/1169 825/1041/1167
f 827/1043/1169 826/1042/1168 828/1044/1170
f 828/1044/1170 829/1045/1171 827/1043/1169
f 821/1046/1172 830/1047/1173 831/1048/1174
f 831/1048/1174 822/1049/1175 821/1046/1172
f 831/1048/1174 832/1050/1176 824/1051/1177
f 824/1051/1177 822/1049/1175 831/1048/1174
f 832/1050/1176 833/1052/1178 826/1053/1179
f 826/1053/1179 824/1051/1177 832/1050/1176
f 826/1053/1179 833/1052/1178 834/1054/1180
f 834/1054/1180 828/1055/1181 826/1053/1179
f 835/1056/1182 836/1057/1183 831/1058/1184
f 831/1058/1184 830/1059/1185 835/1056/1182
f 836/1057/1183 837/1060/1186 832/1061/1187
f 832/1061/1187 831/1058/1184 836/1057/1183
f 832/1061/1187 837/1060/1186 838/1062/1188
f 838/1062/1188 833/1063/1189 832/1061/1187
f 833/1063/1189 838/1062/1188 839/1064/1190
f 839/1064/1190 834/1065/1191 833/1063/1189
f 820/1066/1192 823/1067/1193 836/1068/1194
f 836/1068/1194 835/1069/1195 820/1066/1192
f 836/1068/1194 823/1067/1193 825/1070/1196
f 825/1070/1196 837/1071/1197 836/1068/1194
f 837/1071/1197 825/1070/1196 827/1072/1198
f 827/1072/1198 838/1073/1199 837/1071/1197
f 827/1072/1198 829/1074/1200 839/1075/1201
f 839/1075/1201 838/1073/1199 827/1072/1198
f 834/1076/1202 839/1077/1203 829/1078/1204
f 829/1078/1204 828/1079/1205 834/1076/1202
f 801/998/1122 840/1080/1206 841/1081/1207
f 841/1081/1207 744/999/1123 801/998/1122
f 782/963/1085 842/1082/1208 840/1083/1209
f 840/1083/1209 801/960/1082 782/963/1085
f 782/922/1042 745/925/1045 843/1084/1210
f 843/1084/1210 842/1085/1211 782/922/1042
f 744/884/1004 841/1086/1212 843/1087/1213
f 843/1087/1213 745/885/1005 744/884/1004
f 835/1069/1214 844/1088/1215 845/1089/1216
f 845/1089/1216 820/1066/1217 835/1069/1214
f 830/1059/1185 846/1090/1218 844/1091/1219
f 844/1091/1219 835/1056/1182 830/1059/1185
f 830/1047/1220 821/1046/1221 847/1092/1222
f 847/1092/1222 846/1093/1223 830/1047/1220
f 821/1037/1163 820/1036/1162 845/1094/1224
f 845/1094/1224 847/1095/1225 821/1037/1163
f 840/1080/1206 848/1096/1226 849/1097/1227
f 849/1097/1227 841/1081/1207 840/1080/1206
f 840/1083/1209 842/1082/1208 850/1098/1228
f 850/1098/1228 848/1099/1229 840/1083/1209
f 842/1085/1211 843/1084/1210 851/1100/1230
f 851/1100/1230 850/1101/1231 842/1085/1211
f 841/1086/1212 849/1102/1232 851/1103/1233
f 851/1103/1233 843/1087/1213 841/1086/1212
f 853/1104/1234 854/1105/1235 855/1106/1236
f 855/1106/1236 852/1107/1237 853/1104/1234
f 856/1108/1238 857/1109/1239 854/1110/1240
f 854/1110/1240 853/1111/1241 856/1108/1238
f 856/1112/1242 858/1113/1243 859/1114/1244
f 859/1114/1244 857/1115/1245 856/1112/1242
f 858/1116/1246 852/1117/1247 855/1118/1248
f 855/1118/1248 859/1119/1249 858/1116/1246
f 861/1120/1250 862/1121/1251 863/1122/1252
f 863/1122/1252 860/1123/1253 861/1120/1250
f 864/1124/1254 865/1125/1255 862/1126/1256
f 862/1126/1256 861/1127/1257 864/1124/1254
f 864/1128/1258 866/1129/1259 867/1130/1260
f 867/1130/1260 865/1131/1261 864/1128/1258
f 860/1132/1262 863/1133/1263 867/1134/1264
f 867/1134/1264 866/1135/1265 860/1132/1262
f 869/1136/1266 870/1137/1266 871/1138/1266
f 871/1138/1266 872/1139/1266 873/1140/1266
f 869/1136/1266 871/1138/1266 873/1140/1266
f 868/1141/1266 869/1136/1266 873/1140/1266
f 872/1142/1267 874/1143/1267 875/1144/1268
f 875/1144/1268 873/1145/1268 872/1142/1267
f 871/1146/1269 876/1147/1269 874/1143/1267
f 874/1143/1267 872/1142/1267 871/1146/1269
f 870/1148/1270 877/1149/1270 876/1147/1269
f 876/1147/1269 871/1146/1269 870/1148/1270
f 869/1150/1271 878/1151/1271 877/1149/1270
f 877/1149/1270 870/1148/1270 869/1150/1271
f 868/1152/1272 879/1153/1272 878/1151/1271
f 878/1151/1271 869/1150/1271 868/1152/1272
f 873/1154/1268 875/1155/1268 879/1153/1272
f 879/1153/1272 868/1152/1272 873/1154/1268
f 875/1156/1273 874/1157/1273 876/1158/1273
f 876/1158/1273 877/1159/1273 878/1160/1273
f 875/1156/1273 876/1158/1273 878/1160/1273
f 879/1161/1273 875/1156/1273 878/1160/1273
f 881/1162/1274 882/1163/1274 883/1164/1275
f 883/1164/1275 880/1165/1275 881/1162/1274
f 885/1166/1276 880/1165/1275 883/1164/1275
f 883/1164/1275 884/1167/1276 885/1166/1276
f 887/1168/1277 885/1166/1276 884/1167/1276
f 884/1167/1276 886/1169/1277 887/1168/1277
f 888/1170/1278 889/1171/1279 890/1172/1280
f 890/1172/1280 891/1173/1281 888/1170/1278
f 881/1174/1274 889/1171/1279 888/1170/1278
f 888/1170/1278 882/1175/1274 881/1174/1274
f 893/1176/1282 894/1177/1283 895/1178/1283
f 895/1178/1283 892/1179/1282 893/1176/1282
f 896/1180/1284 897/1181/1284 895/1178/1283
f 895/1178/1283 894/1177/1283 896/1180/1284
f 898/1182/1285 899/1183/1285 897/1181/1284
f 897/1181/1284 896/1180/1284 898/1182/1285
f 900/1184/1286 901/1185/1287 902/1186/1288
f 902/1186/1288 903/1187/1289 900/1184/1286
f 893/1188/1282 892/1189/1282 902/1186/1288
f 902/1186/1288 901/1185/1287 893/1188/1282
f 880/1190/1290 894/1191/1291 893/1192/1270
f 893/1192/1270 881/1193/1270 880/1190/1290
f 883/1194/1292 882/1195/1268 892/1196/1268
f 892/1196/1268 895/1197/1293 883/1194/1292
f 885/1198/1294 896/1199/1295 894/1191/1291
f 894/1191/1291 880/1190/1290 885/1198/1294
f 884/1200/1296 883/1194/1292 895/1197/1293
f 895/1197/1293 897/1201/1297 884/1200/1296
f 886/1202/1298 899/1203/1298 898/1204/1298
f 898/1204/1298 887/1205/1298 886/1202/1298
f 885/1198/1294 887/1206/1299 898/1207/1300
f 898/1207/1300 896/1199/1295 885/1198/1294
f 884/1200/1296 897/1201/1297 899/1208/1301
f 899/1208/1301 886/1209/1302 884/1200/1296
f 890/1210/1303 889/1211/1304 901/1212/1305
f 901/1212/1305 900/1213/1306 890/1210/1303
f 891/1214/1307 903/1215/1308 902/1216/1309
f 902/1216/1309 888/1217/1310 891/1214/1307
f 889/1211/1304 881/1193/1270 893/1192/1270
f 893/1192/1270 901/1212/1305 889/1211/1304
f 888/1217/1310 902/1216/1309 892/1196/1268
f 892/1196/1268 882/1195/1268 888/1217/1310
f 862/1126/1311 865/1125/1312 855/1106/1236
f 855/1106/1236 854/1105/1235 862/1126/1311
f 863/1122/1252 862/1121/1251 854/1110/1240
f 854/1110/1240 857/1109/1239 863/1122/1252
f 859/1114/1244 867/1134/1264 863/1133/1263
f 863/1133/1263 857/1115/1245 859/1114/1244
f 855/1118/1248 865/1131/1261 867/1130/1260
f 867/1130/1260 859/1119/1249 855/1118/1248
f 860/1132/1262 866/1135/1265 849/1097/1227
f 849/1097/1227 848/1096/1226 860/1132/1262
f 850/1098/1228 861/1120/1250 860/1123/1253
f 860/1123/1253 848/1099/1229 850/1098/1228
f 851/1100/1230 864/1124/1313 861/1127/1314
f 861/1127/1314 850/1101/1231 851/1100/1230
f 866/1129/1259 864/1128/1258 851/1103/1233
f 851/1103/1233 849/1102/1232 866/1129/1259
f 746/886/1006 749/889/1009 748/888/1008
f 748/888/1008 747/887/1007 746/886/1006
f 784/926/1046 749/929/1049 746/924/1315
f 746/924/1315 783/923/1316 784/926/1046
f 803/965/1087 784/964/1086 783/962/1084
f 783/962/1084 802/961/1083 803/965/1087
f 747/1000/1317 748/1003/1127 803/1002/1126
f 803/1002/1126 802/1001/1318 747/1000/1317
f 853/1104/1234 852/1107/1237 845/1089/1216
f 845/1089/1216 844/1088/1215 853/1104/1234
f 856/1108/1238 853/1111/1241 844/1091/1219
f 844/1091/1219 846/1090/1218 856/1108/1238
f 847/1092/1222 858/1113/1243 856/1112/1242
f 856/1112/1242 846/1093/1223 847/1092/1222
f 845/1094/1224 852/1117/1247 858/1116/1246
f 858/1116/1246 847/1095/1225 845/1094/1224
f 678/743/848 717/1218/1319 718/1219/1320
f 718/1219/1320 679/744/849 678/743/848
f 685/750/855 716/1220/1321 717/1218/1319
f 717/1218/1319 678/743/848 685/750/855
f 714/1221/1322 715/1222/1323 697/762/867
f 697/762/867 696/761/866 714/1221/1322
f 713/1223/1324 712/1224/1325 709/774/879
f 709/774/879 708/773/878 713/1223/1326
f 715/1222/1323 716/1220/1321 685/750/855
f 685/750/855 697/762/867 715/1222/1323
f 712/1224/1325 714/1221/1322 696/761/866
f 696/761/866 709/774/879 712/1224/1325
f 638/807/915 719/808/916 718/806/914
f 718/806/914 640/805/913 638/807/915
f 675/739/844 710/1225/1327 671/735/840
f 671/735/840 670/734/839 675/739/844
f 674/738/843 711/1226/1328 710/1225/1327
f 710/1225/1327 675/739/844 674/738/843
f 719/1227/1329 711/1226/1328 674/738/843
f 674/738/843 677/742/847 719/1227/1329
f 718/1219/1320 719/1227/1329 677/742/847
f 677/742/847 679/744/849 718/1219/1320
f 633/779/883 632/781/885 668/784/888
f 668/784/888 671/780/884 633/779/883
f 672/740/845 675/739/844 670/734/839
f 670/734/839 669/733/838 672/740/845
f 682/747/852 672/740/845 669/733/838
f 669/733/838 681/745/850 682/747/852
f 687/752/857 690/755/860 693/758/863
f 693/758/863 688/753/858 687/752/857
f 702/767/872 705/770/875 700/764/869
f 700/764/869 699/763/868 702/767/872
f 688/753/858 693/758/863 682/747/852
f 682/747/852 681/745/850 688/753/858
f 705/770/875 690/755/860 687/752/857
f 687/752/857 700/764/869 705/770/875
f 905/1228/1330 135/133/1331 906/1229/1332
f 906/1229/1332 904/1230/1333 905/1228/1330
f 907/1231/1334 908/1232/1335 909/1233/1336
f 909/1233/1336 910/1234/1337 907/1231/1334
f 906/1229/1338 910/1234/1337 909/1233/1336
f 909/1233/1336 904/1235/1339 906/1229/1338
f 907/1231/1340 910/1234/1341 131/129/129
f 131/129/129 130/128/128 907/1231/1340
f 135/133/133 131/129/129 910/1234/1341
f 910/1234/1341 906/1229/1342 135/133/133
f 908/1236/1343 907/1231/1344 130/128/1345
f 130/128/166 153/153/165 908/1236/1346
f 905/1228/1330 154/154/168 134/134/171
f 134/134/171 135/133/1331 905/1228/1330
f 129/127/127 128/130/130 127/126/126
f 127/126/126 126/125/125 129/127/127
f 134/134/134 133/132/132 127/126/126
f 127/126/126 128/130/130 134/134/134
f 151/150/160 152/152/164 129/127/167
f 129/127/167 126/125/161 151/150/160
f 155/155/169 156/156/172 132/131/175
f 132/131/175 133/132/170 155/155/169
f 117/116/116 119/118/118 123/122/122
f 123/122/122 138/137/137 117/116/116
f 125/124/124 124/123/123 123/122/122
f 123/122/122 122/121/121 125/124/124
f 150/151/163 125/124/162 122/121/159
f 122/121/159 149/149/158 150/151/163
f 246/247/269 203/203/225 199/200/222
f 199/200/222 198/199/221 246/247/269
f 202/202/224 204/207/229 200/201/223
f 200/201/223 199/200/222 202/202/224
f 209/209/231 911/1237/1347 912/1238/1348
f 912/1238/1348 210/210/232 209/209/231
f 259/260/282 911/1237/1347 209/209/231
f 209/209/231 212/213/235 259/260/282
f 250/253/275 252/252/274 215/215/237
f 215/215/237 214/214/236 250/253/275
f 252/252/274 254/255/277 217/218/240
f 217/218/240 215/215/237 252/252/274
f 213/217/239 258/259/281 255/256/278
f 255/256/278 214/214/236 213/217/239
f 211/212/234 230/231/253 255/256/278
f 255/256/278 212/213/235 211/212/234
f 260/261/283 913/1239/1349 204/207/229
f 204/207/229 202/202/224 260/261/283
f 210/210/232 912/1238/1348 913/1239/1349
f 913/1239/1349 260/261/283 210/210/232
f 268/268/296 269/270/300 218/219/303
f 218/219/303 217/218/297 268/268/296
f 198/199/690 197/198/698 585/599/701
f 585/599/701 579/593/691 198/199/690
f 250/253/275 230/231/253 228/229/251
f 228/229/251 227/228/250 250/253/275
f 184/187/209 186/186/208 228/229/251
f 228/229/251 229/230/252 184/187/209
f 237/238/260 233/234/256 219/220/242
f 219/220/242 238/239/261 237/238/260
f 239/240/262 235/236/258 233/234/256
f 233/234/256 237/238/260 239/240/262
f 247/248/270 171/172/194 174/175/197
f 174/175/197 248/249/271 247/248/270
f 248/249/271 174/175/197 235/236/258
f 235/236/258 239/240/262 248/249/271
f 222/223/245 184/187/209 229/230/252
f 229/230/252 249/250/272 222/223/245
f 238/239/261 219/220/242 222/223/245
f 222/223/245 249/250/272 238/239/261
f 188/191/213 190/190/212 251/251/273
f 251/251/273 227/228/250 188/191/213
f 190/190/212 196/197/219 253/254/276
f 253/254/276 251/251/273 190/190/212
f 266/266/292 267/269/299 254/255/298
f 254/255/298 253/254/293 266/266/292
f 247/248/694 246/247/693 580/594/692
f 580/594/692 581/595/695 247/248/694
f 175/176/198 176/177/199 173/174/196
f 173/174/196 172/173/195 175/176/198
f 179/180/202 235/236/258 174/175/197
f 174/175/197 173/174/196 179/180/202
f 188/191/213 186/186/208 183/184/206
f 183/184/206 182/183/205 188/191/213
f 187/188/210 181/181/203 183/184/206
f 183/184/206 185/185/207 187/188/210
f 180/182/204 192/193/215 189/189/211
f 189/189/211 182/183/205 180/182/204
f 192/193/215 194/195/217 195/196/218
f 195/196/218 189/189/211 192/193/215
f 220/221/243 223/226/248 226/225/247
f 226/225/247 221/222/244 220/221/243
f 184/187/209 222/223/245 221/222/244
f 221/222/244 185/185/207 184/187/209
f 234/235/257 232/232/254 223/226/248
f 223/226/248 220/221/243 234/235/257
f 179/180/202 178/179/201 232/232/254
f 232/232/254 234/235/257 179/180/202
f 264/265/290 265/267/295 196/197/294
f 196/197/294 195/196/291 264/265/290
f 172/173/684 171/172/697 582/596/696
f 582/596/696 576/590/685 172/173/684
f 205/205/227 1670/1240/1350 3080/1241/1351
f 3080/1241/1351 206/206/228 205/205/227
f 256/257/279 3081/1242/1352 3082/1243/1353
f 3082/1243/1353 257/258/280 256/257/279
f 914/1244/1354 216/216/238 218/219/241
f 218/219/241 271/272/1355 914/1244/1354
f 911/1237/1347 259/260/282 916/1245/1356
f 916/1245/1356 915/1246/1357 911/1237/1347
f 213/217/239 216/216/238 914/1244/1354
f 914/1244/1354 256/257/279 213/217/239
f 259/260/282 258/259/281 257/258/280
f 257/258/280 916/1245/1356 259/260/282
f 912/1238/1348 911/1237/1347 915/1246/1357
f 915/1246/1357 917/1247/1358 912/1238/1348
f 918/1248/1359 913/1239/1349 912/1238/1348
f 912/1238/1348 917/1247/1358 918/1248/1359
f 204/207/229 913/1239/1349 918/1248/1359
f 918/1248/1359 205/205/227 204/207/229
f 583/597/1360 197/198/220 200/201/223
f 200/201/223 206/206/228 583/597/1360
f 270/271/301 1660/1249/1361 3088/1250/1362
f 3088/1250/1362 271/272/302 270/271/301
f 583/597/699 3089/1251/1363 3090/1252/1364
f 3090/1252/1364 584/598/700 583/597/699
f 919/1253/1365 501/509/550 500/508/549
f 500/508/549 920/1254/1366 919/1253/1365
f 919/1253/1367 920/1254/1368 921/1255/1369
f 921/1255/1369 922/1256/1367 919/1253/1367
f 515/524/565 528/539/1370 530/1257/1371
f 530/1257/1371 516/525/566 515/524/565
f 483/491/532 511/520/561 510/519/560
f 510/519/560 484/492/533 483/491/532
f 515/524/1372 514/523/1373 513/522/563
f 513/522/563 495/503/544 515/524/1372
f 484/492/533 510/519/560 509/518/559
f 509/518/559 506/514/555 484/492/533
f 496/504/545 512/521/562 511/520/561
f 511/520/561 483/491/532 496/504/545
f 506/514/555 509/518/559 502/510/551
f 502/510/551 501/509/550 506/514/555
f 500/508/1374 499/511/582 527/536/585
f 527/536/585 923/1258/1375 500/508/1374
f 924/1259/1376 925/1260/1377 926/1261/1378
f 926/1261/1378 927/1262/1379 924/1259/1376
f 503/513/554 924/1259/1380 928/1263/1381
f 928/1263/1381 508/517/558 503/513/554
f 508/517/583 928/1263/1382 929/1264/1383
f 929/1264/1383 526/535/584 508/517/583
f 494/502/543 528/539/1384 515/524/1372
f 515/524/1372 495/503/544 494/502/543
f 518/527/1385 538/548/1386 498/507/548
f 498/507/548 497/506/547 518/527/1385
f 514/523/1373 518/527/1385 497/506/547
f 497/506/547 513/522/563 514/523/1373
f 498/507/592 538/548/1387 539/1265/1388
f 539/1265/1388 531/540/593 498/507/592
f 493/505/602 537/546/603 529/537/587
f 529/537/587 494/502/586 493/505/602
f 512/521/562 496/504/545 495/503/544
f 495/503/544 513/522/563 512/521/562
f 13/15/15 15/14/14 18/17/17
f 18/17/17 17/16/16 13/15/15
f 23/23/23 24/566/1389 19/18/18
f 19/18/18 18/17/17 23/23/23
f 17/16/638 16/19/630 551/562/633
f 551/562/633 554/565/639 17/16/638
f 23/23/641 22/22/636 553/564/637
f 553/564/637 555/567/642 23/23/641
f 132/131/131 158/158/1390 138/137/137
f 138/137/137 123/122/122 124/123/123
f 132/131/131 138/137/137 124/123/123
f 158/158/1390 136/135/135 138/137/137
f 142/140/1391 118/117/117 137/136/136
f 141/139/1392 115/114/114 118/117/117
f 118/117/117 142/140/1391 141/139/1392
f 140/1266/1393 143/142/144 115/114/147
f 115/114/147 141/139/1394 140/1266/1393
f 121/120/120 119/118/118 120/119/119
f 120/119/119 147/146/1395 121/120/120
f 931/1267/1396 932/1268/1396 933/1269/1397
f 933/1269/1397 930/1270/1397 931/1267/1396
f 935/1271/1398 930/1270/1397 933/1269/1397
f 933/1269/1397 934/1272/1398 935/1271/1398
f 936/1273/1399 937/1274/1399 935/1271/1398
f 935/1271/1398 934/1272/1398 936/1273/1399
f 939/1275/1400 891/1173/1281 890/1172/1280
f 890/1172/1280 938/1276/1401 939/1275/1400
f 932/1277/1396 931/1278/1396 939/1275/1400
f 939/1275/1400 938/1276/1401 932/1277/1396
f 941/1279/1402 942/1280/1403 943/1281/1403
f 943/1281/1403 940/1282/1402 941/1279/1402
f 942/1280/1403 944/1283/1404 945/1284/1404
f 945/1284/1404 943/1281/1403 942/1280/1403
f 946/1285/1405 947/1286/1405 945/1284/1404
f 945/1284/1404 944/1283/1404 946/1285/1405
f 948/1287/1406 949/1288/1407 900/1184/1286
f 900/1184/1286 903/1187/1289 948/1287/1406
f 941/1289/1402 940/1290/1402 949/1288/1407
f 949/1288/1407 948/1287/1406 941/1289/1402
f 930/1291/1408 942/1292/1409 941/1293/1268
f 941/1293/1268 931/1294/1268 930/1291/1408
f 933/1295/1410 932/1296/1270 940/1297/1270
f 940/1297/1270 943/1298/1411 933/1295/1410
f 935/1299/1412 944/1300/1413 942/1292/1409
f 942/1292/1409 930/1291/1408 935/1299/1412
f 934/1301/1414 933/1295/1410 943/1298/1411
f 943/1298/1411 945/1302/1415 934/1301/1414
f 937/1303/1416 936/1304/1416 947/1305/1416
f 947/1305/1416 946/1306/1416 937/1303/1416
f 937/1307/1417 946/1308/1418 944/1300/1413
f 944/1300/1413 935/1299/1412 937/1307/1417
f 936/1309/1419 934/1301/1414 945/1302/1415
f 945/1302/1415 947/1310/1420 936/1309/1419
f 891/1214/1307 939/1311/1421 948/1312/1422
f 948/1312/1422 903/1215/1308 891/1214/1307
f 890/1210/1303 900/1213/1306 949/1313/1423
f 949/1313/1423 938/1314/1424 890/1210/1303
f 939/1311/1421 931/1294/1268 941/1293/1268
f 941/1293/1268 948/1312/1422 939/1311/1421
f 938/1314/1424 949/1313/1423 940/1297/1270
f 940/1297/1270 932/1296/1270 938/1314/1424
f 456/465/499 462/471/1425 560/574/1426
f 560/574/1426 457/466/500 456/465/499
f 455/464/508 464/474/511 463/472/507
f 463/472/507 456/465/506 455/464/508
f 471/479/516 470/482/519 469/478/515
f 469/478/515 468/477/514 471/479/516
f 464/474/511 476/486/523 475/484/521
f 475/484/521 463/472/507 464/474/511
f 476/486/526 471/479/516 468/477/514
f 468/477/514 475/484/525 476/486/526
f 457/466/500 560/574/1426 562/576/1427
f 562/576/1427 564/578/659 457/466/500
f 469/478/1428 470/482/1429 479/488/529
f 478/487/528 466/475/1430 469/478/1428
f 469/478/1428 479/488/529 478/487/528
f 470/482/1429 473/481/1431 480/489/530
f 480/489/530 479/488/529 470/482/1429
f 473/481/1432 574/588/1433 570/584/669
f 570/584/669 480/489/668 473/481/1432
f 451/459/645 557/571/648 575/589/682
f 575/589/682 478/487/681 451/459/645
f 952/1315/1434 953/1316/1435 950/1317/1436
f 950/1317/1436 951/1318/1437 952/1315/1434
f 953/1316/1435 952/1315/1434 954/1319/1438
f 954/1319/1438 955/1320/1439 953/1316/1435
f 958/1321/1440 959/1322/1441 956/1323/1442
f 956/1323/1442 957/1324/1443 958/1321/1440
f 959/1322/1441 958/1321/1440 955/1320/1439
f 955/1320/1439 954/1319/1438 959/1322/1441
f 960/1325/1444 961/1326/1445 957/1324/1443
f 957/1324/1443 956/1323/1442 960/1325/1444
f 964/1327/1446 965/1328/1447 962/1329/1448
f 962/1329/1448 963/1330/1449 964/1327/1446
f 950/1317/1436 964/1327/1446 963/1330/1449
f 963/1330/1449 951/1318/1437 950/1317/1436
f 966/1331/1450 967/1332/1451 968/1333/1452
f 968/1333/1453 969/1334/1454 966/1331/1455
f 970/1335/1456 971/1336/1457 972/1337/1458
f 972/1337/1458 973/1338/1459 970/1335/1456
f 965/1328/1447 975/1339/1460 974/1340/1461
f 974/1340/1461 962/1329/1448 965/1328/1447
f 976/1341/1462 977/1342/1463 952/1315/1464
f 952/1315/1464 951/1318/1465 976/1341/1462
f 977/1342/1463 978/1343/1466 954/1319/1467
f 954/1319/1467 952/1315/1464 977/1342/1463
f 978/1343/1466 979/1344/1468 959/1322/1469
f 959/1322/1469 954/1319/1467 978/1343/1466
f 979/1344/1468 980/1345/1470 956/1323/1471
f 956/1323/1471 959/1322/1469 979/1344/1468
f 980/1345/1470 981/1346/1472 960/1325/1473
f 960/1325/1473 956/1323/1471 980/1345/1470
f 3154/1347/1474 3155/1348/1475 960/1325/1473
f 960/1325/1473 981/1346/1472 3154/1347/1474
f 983/1349/1476 967/1332/1477 966/1331/1478
f 966/1331/1478 982/1350/1479 983/1349/1476
f 984/1351/1480 985/1352/1481 971/1336/1482
f 971/1336/1482 970/1335/1483 984/1351/1480
f 986/1353/1484 987/1354/1485 962/1329/1486
f 962/1329/1486 974/1340/1487 986/1353/1484
f 987/1354/1485 988/1355/1488 963/1330/1489
f 963/1330/1489 962/1329/1486 987/1354/1485
f 988/1355/1488 976/1341/1462 951/1318/1465
f 951/1318/1465 963/1330/1489 988/1355/1488
f 989/1356/1490 990/1357/1491 950/1317/1492
f 950/1317/1492 953/1316/1493 989/1356/1490
f 990/1357/1491 991/1358/1494 964/1327/1495
f 964/1327/1495 950/1317/1492 990/1357/1491
f 991/1358/1494 992/1359/1496 965/1328/1497
f 965/1328/1497 964/1327/1495 991/1358/1494
f 992/1359/1496 993/1360/1498 975/1339/1499
f 975/1339/1499 965/1328/1497 992/1359/1496
f 994/1361/1500 972/1337/1501 975/1339/1499
f 975/1339/1499 993/1360/1498 994/1361/1500
f 995/1362/1502 996/1363/1503 968/1333/1504
f 968/1333/1504 973/1338/1505 995/1362/1502
f 997/1364/1506 998/1365/1507 957/1324/1508
f 957/1324/1508 961/1326/1509 997/1364/1506
f 998/1365/1507 999/1366/1510 958/1321/1511
f 958/1321/1511 957/1324/1508 998/1365/1507
f 999/1366/1510 1000/1367/1512 955/1320/1513
f 955/1320/1513 958/1321/1511 999/1366/1510
f 1000/1367/1512 989/1356/1490 953/1316/1493
f 953/1316/1493 955/1320/1513 1000/1367/1512
f 1003/1368/1514 1004/1369/1515 1001/1370/1516
f 1001/1370/1516 1002/1371/1517 1003/1368/1514
f 1005/1372/1518 1006/1373/1519 1004/1369/1515
f 1004/1369/1515 1003/1368/1514 1005/1372/1518
f 1007/1374/1520 1008/1375/1521 1009/1376/1522
f 1009/1376/1522 1010/1377/1523 1007/1374/1520
f 1012/1378/1524 1013/1379/1525 1014/1380/1526
f 1014/1380/1526 1011/1381/1527 1012/1378/1524
f 1017/1382/1528 1018/1383/1529 1015/1384/1530
f 1015/1384/1530 1016/1385/1531 1017/1382/1528
f 1014/1380/1526 1020/1386/1532 1019/1387/1533
f 1019/1387/1533 1011/1381/1527 1014/1380/1526
f 1022/1388/1534 1023/1389/1535 1024/1390/1536
f 1024/1390/1536 1021/1391/1537 1022/1388/1534
f 1026/1392/1538 1027/1393/1539 1028/1394/1540
f 1028/1394/1540 1025/1395/1541 1026/1392/1538
f 1029/1396/1542 1030/1397/1543 1031/1398/1544
f 1032/1399/1545 1033/1400/1546 1034/1401/1547
f 1036/1402/1548 1033/1400/1546 1032/1399/1545
f 1032/1399/1545 1035/1403/1549 1036/1402/1548
f 1037/1404/1550 1033/1400/1546 1038/1405/1551
f 1038/1405/1551 1039/1406/1552 1037/1404/1550
f 1036/1402/1548 1040/1407/1553 1038/1405/1551
f 1038/1405/1551 1033/1400/1546 1036/1402/1548
f 1043/1408/1554 1044/1409/1555 1041/1410/1556
f 1041/1410/1556 1042/1411/1557 1043/1408/1554
f 1046/1412/1558 1043/1408/1554 1042/1411/1557
f 1042/1411/1557 1045/1413/1559 1046/1412/1558
f 1043/1408/1554 1047/1414/1560 1048/1415/1561
f 1048/1415/1561 1044/1409/1555 1043/1408/1554
f 1046/1412/1558 1049/1416/1562 1047/1414/1560
f 1047/1414/1560 1043/1408/1554 1046/1412/1558
f 1037/1404/1550 1034/1401/1547 1033/1400/1546
f 1051/1417/1563 1001/1418/1564 1004/1419/1565
f 1004/1419/1565 1050/1420/1566 1051/1417/1563
f 1050/1420/1566 1004/1419/1565 1006/1421/1567
f 1006/1421/1567 1052/1422/1568 1050/1420/1566
f 1053/1423/1569 1054/1424/1570 1008/1425/1571
f 1008/1425/1571 1007/1426/1572 1053/1423/1569
f 1056/1427/1573 1015/1428/1574 1018/1429/1575
f 1018/1429/1575 1055/1430/1576 1056/1427/1573
f 1056/1427/1573 1057/1431/1577 1024/1432/1578
f 1024/1432/1578 1015/1428/1574 1056/1427/1573
f 1053/1423/1569 1007/1426/1572 1001/1418/1564
f 1001/1418/1564 1051/1417/1563 1053/1423/1569
f 1060/1433/1579 1061/1434/1580 1058/1435/1581
f 1058/1435/1581 1059/1436/1582 1060/1433/1579
f 1059/1436/1582 1058/1435/1581 1062/1437/1583
f 1062/1437/1583 1063/1438/1584 1059/1436/1582
f 1065/1439/1585 1066/1440/1586 1067/1441/1587
f 1067/1441/1587 1064/1442/1588 1065/1439/1585
f 1070/1443/1589 1071/1444/1590 1068/1445/1591
f 1068/1445/1591 1069/1446/1592 1070/1443/1589
f 1072/1447/1593 1073/1448/1594 1071/1444/1590
f 1071/1444/1590 1070/1443/1589 1072/1447/1593
f 1065/1439/1585 1064/1442/1588 1061/1434/1580
f 1061/1434/1580 1060/1433/1579 1065/1439/1585
f 1060/1433/1595 1059/1436/1596 1074/1449/1597
f 1074/1449/1597 1075/1450/1598 1060/1433/1595
f 1059/1436/1596 1063/1438/1599 1076/1451/1600
f 1076/1451/1600 1074/1449/1597 1059/1436/1596
f 1078/1452/1601 1066/1440/1602 1065/1439/1603
f 1065/1439/1603 1077/1453/1604 1078/1452/1601
f 1070/1443/1605 1069/1446/1606 1079/1454/1607
f 1079/1454/1607 1080/1455/1608 1070/1443/1605
f 1081/1456/1609 1072/1447/1610 1070/1443/1605
f 1070/1443/1605 1080/1455/1608 1081/1456/1609
f 1065/1439/1603 1060/1433/1595 1075/1450/1598
f 1075/1450/1598 1077/1453/1604 1065/1439/1603
f 1061/1434/1611 1051/1417/1563 1050/1420/1566
f 1050/1420/1566 1058/1435/1612 1061/1434/1611
f 1058/1435/1612 1050/1420/1566 1052/1422/1568
f 1052/1422/1568 1062/1437/1613 1058/1435/1612
f 1064/1442/1614 1067/1441/1615 1054/1424/1570
f 1054/1424/1570 1053/1423/1569 1064/1442/1614
f 1071/1444/1616 1056/1427/1573 1055/1430/1576
f 1055/1430/1576 1068/1445/1617 1071/1444/1616
f 1071/1444/1616 1073/1448/1618 1057/1431/1577
f 1057/1431/1577 1056/1427/1573 1071/1444/1616
f 1064/1442/1614 1053/1423/1569 1051/1417/1563
f 1051/1417/1563 1061/1434/1611 1064/1442/1614
f 1075/1450/1598 1074/1449/1597 1032/1457/1619
f 1032/1457/1619 1034/1458/1620 1075/1450/1598
f 1074/1449/1597 1076/1451/1600 1035/1459/1621
f 1035/1459/1621 1032/1457/1619 1074/1449/1597
f 1039/1460/1622 1078/1452/1601 1077/1453/1604
f 1077/1453/1604 1037/1461/1623 1039/1460/1622
f 1080/1455/1608 1079/1454/1607 1041/1462/1624
f 1041/1462/1624 1044/1463/1625 1080/1455/1608
f 1048/1464/1626 1081/1456/1609 1080/1455/1608
f 1080/1455/1608 1044/1463/1625 1048/1464/1626
f 1077/1453/1604 1075/1450/1598 1034/1458/1620
f 1034/1458/1620 1037/1461/1623 1077/1453/1604
f 1030/1397/1543 1029/1396/1542 1082/1465/1627
f 1083/1466/1628 1084/1467/1629 1082/1465/1627
f 1082/1465/1627 1029/1396/1542 1083/1466/1628
f 1014/1380/1526 1013/1379/1525 1085/1468/1630
f 1085/1468/1630 1086/1469/1631 1014/1380/1526
f 1086/1469/1631 1087/1470/1632 1020/1386/1532
f 1020/1386/1532 1014/1380/1526 1086/1469/1631
f 1027/1393/1539 1088/1471/1633 1089/1472/1634
f 1089/1472/1634 1028/1394/1540 1027/1393/1539
f 1031/1398/1635 1030/1397/1636 1002/1371/1637
f 1002/1371/1637 1010/1377/1638 1031/1398/1635
f 1082/1465/1639 1003/1368/1514 1002/1371/1517
f 1002/1371/1517 1030/1397/1640 1082/1465/1639
f 1084/1467/1641 1005/1372/1518 1003/1368/1514
f 1003/1368/1514 1082/1465/1639 1084/1467/1641
f 1086/1469/1642 1085/1468/1643 1009/1376/1522
f 1009/1376/1522 1017/1382/1644 1086/1469/1642
f 1017/1382/1528 1016/1385/1531 1087/1470/1645
f 1087/1470/1645 1086/1469/1646 1017/1382/1528
f 1088/1471/1647 1023/1389/1535 1022/1388/1534
f 1022/1388/1534 1089/1472/1648 1088/1471/1647
f 1010/1377/1523 1002/1371/1517 1001/1370/1516
f 1001/1370/1516 1007/1374/1520 1010/1377/1523
f 1092/1473/1649 1093/1474/1650 1090/1475/1651
f 1090/1475/1651 1091/1476/1652 1092/1473/1649
f 1005/1372/1518 1092/1473/1649 1091/1476/1652
f 1091/1476/1652 1006/1373/1519 1005/1372/1518
f 1094/1477/1653 1095/1478/1654 1096/1479/1655
f 1096/1479/1655 1097/1480/1656 1094/1477/1653
f 1098/1481/1657 1099/1482/1658 1012/1378/1524
f 1012/1378/1524 1011/1381/1527 1098/1481/1657
f 1102/1483/1659 1103/1484/1660 1100/1485/1661
f 1100/1485/1661 1101/1486/1662 1102/1483/1659
f 1098/1481/1657 1011/1381/1527 1019/1387/1533
f 1019/1387/1533 1104/1487/1663 1098/1481/1657
f 1106/1488/1664 1107/1489/1665 1108/1490/1666
f 1108/1490/1666 1105/1491/1667 1106/1488/1664
f 1109/1492/1668 1110/1493/1669 1026/1392/1538
f 1026/1392/1538 1025/1395/1541 1109/1492/1668
f 1111/1494/1670 1112/1495/1671 1113/1496/1672
f 1114/1497/1673 1115/1498/1674 1116/1499/1675
f 1036/1402/1548 1035/1403/1549 1114/1497/1673
f 1114/1497/1673 1116/1499/1675 1036/1402/1548
f 1117/1500/1676 1118/1501/1677 1119/1502/1678
f 1119/1502/1678 1116/1499/1675 1117/1500/1676
f 1119/1502/1678 1040/1407/1553 1036/1402/1548
f 1036/1402/1548 1116/1499/1675 1119/1502/1678
f 1122/1503/1679 1123/1504/1680 1120/1505/1681
f 1120/1505/1681 1121/1506/1682 1122/1503/1679
f 1046/1412/1558 1045/1413/1559 1123/1504/1680
f 1123/1504/1680 1122/1503/1679 1046/1412/1558
f 1124/1507/1683 1125/1508/1684 1122/1503/1679
f 1122/1503/1679 1121/1506/1682 1124/1507/1683
f 1125/1508/1684 1049/1416/1562 1046/1412/1558
f 1046/1412/1558 1122/1503/1679 1125/1508/1684
f 1117/1500/1676 1116/1499/1675 1115/1498/1674
f 1126/1509/1685 1127/1510/1686 1091/1511/1687
f 1091/1511/1687 1090/1512/1688 1126/1509/1685
f 1127/1510/1686 1052/1422/1568 1006/1421/1567
f 1006/1421/1567 1091/1511/1687 1127/1510/1686
f 1097/1513/1689 1128/1514/1690 1129/1515/1691
f 1129/1515/1691 1094/1516/1692 1097/1513/1689
f 1130/1517/1693 1131/1518/1694 1101/1519/1695
f 1101/1519/1695 1100/1520/1696 1130/1517/1693
f 1106/1521/1697 1132/1522/1698 1130/1517/1693
f 1130/1517/1693 1100/1520/1696 1106/1521/1697
f 1129/1515/1691 1126/1509/1685 1090/1512/1688
f 1090/1512/1688 1094/1516/1692 1129/1515/1691
f 1135/1523/1699 1136/1524/1700 1133/1525/1701
f 1133/1525/1701 1134/1526/1702 1135/1523/1699
f 1136/1524/1700 1063/1438/1584 1062/1437/1583
f 1062/1437/1583 1133/1525/1701 1136/1524/1700
f 1138/1527/1703 1139/1528/1704 1140/1529/1705
f 1140/1529/1705 1137/1530/1706 1138/1527/1703
f 1143/1531/1707 1144/1532/1708 1141/1533/1709
f 1141/1533/1709 1142/1534/1710 1143/1531/1707
f 1142/1534/1710 1145/1535/1711 1146/1536/1712
f 1146/1536/1712 1143/1531/1707 1142/1534/1710
f 1140/1529/1705 1135/1523/1699 1134/1526/1702
f 1134/1526/1702 1137/1530/1706 1140/1529/1705
f 1135/1523/1713 1148/1537/1714 1147/1538/1715
f 1147/1538/1715 1136/1524/1716 1135/1523/1713
f 1136/1524/1716 1147/1538/1715 1076/1451/1600
f 1076/1451/1600 1063/1438/1599 1136/1524/1716
f 1140/1529/1717 1139/1528/1718 1150/1539/1719
f 1150/1539/1719 1149/1540/1720 1140/1529/1717
f 1143/1531/1721 1152/1541/1722 1151/1542/1723
f 1151/1542/1723 1144/1532/1724 1143/1531/1721
f 1143/1531/1721 1146/1536/1725 1153/1543/1726
f 1153/1543/1726 1152/1541/1722 1143/1531/1721
f 1140/1529/1717 1149/1540/1720 1148/1537/1714
f 1148/1537/1714 1135/1523/1713 1140/1529/1717
f 1134/1526/1727 1133/1525/1728 1127/1510/1686
f 1127/1510/1686 1126/1509/1685 1134/1526/1727
f 1133/1525/1728 1062/1437/1613 1052/1422/1568
f 1052/1422/1568 1127/1510/1686 1133/1525/1728
f 1128/1514/1690 1138/1527/1729 1137/1530/1730
f 1137/1530/1730 1129/1515/1691 1128/1514/1690
f 1142/1534/1731 1141/1533/1732 1131/1518/1694
f 1131/1518/1694 1130/1517/1693 1142/1534/1731
f 1132/1522/1698 1145/1535/1733 1142/1534/1731
f 1142/1534/1731 1130/1517/1693 1132/1522/1698
f 1137/1530/1730 1134/1526/1727 1126/1509/1685
f 1126/1509/1685 1129/1515/1691 1137/1530/1730
f 1148/1537/1714 1115/1544/1734 1114/1545/1735
f 1114/1545/1735 1147/1538/1715 1148/1537/1714
f 1147/1538/1715 1114/1545/1735 1035/1459/1621
f 1035/1459/1621 1076/1451/1600 1147/1538/1715
f 1149/1540/1720 1150/1539/1719 1118/1546/1736
f 1118/1546/1736 1117/1547/1737 1149/1540/1720
f 1152/1541/1722 1121/1548/1738 1120/1549/1739
f 1120/1549/1739 1151/1542/1723 1152/1541/1722
f 1152/1541/1722 1153/1543/1726 1124/1550/1740
f 1124/1550/1740 1121/1548/1738 1152/1541/1722
f 1149/1540/1720 1117/1547/1737 1115/1544/1734
f 1115/1544/1734 1148/1537/1714 1149/1540/1720
f 1113/1496/1672 1154/1551/1741 1111/1494/1670
f 1083/1466/1628 1111/1494/1670 1154/1551/1741
f 1154/1551/1741 1084/1467/1629 1083/1466/1628
f 1098/1481/1657 1155/1552/1742 1156/1553/1743
f 1156/1553/1743 1099/1482/1658 1098/1481/1657
f 1155/1552/1742 1098/1481/1657 1104/1487/1663
f 1104/1487/1663 1157/1554/1744 1155/1552/1742
f 1158/1555/1745 1159/1556/1746 1110/1493/1669
f 1110/1493/1669 1109/1492/1668 1158/1555/1747
f 1112/1495/1748 1095/1478/1749 1093/1474/1750
f 1093/1474/1750 1113/1496/1751 1112/1495/1748
f 1154/1551/1752 1113/1496/1753 1093/1474/1650
f 1093/1474/1650 1092/1473/1649 1154/1551/1752
f 1084/1467/1641 1154/1551/1752 1092/1473/1649
f 1092/1473/1649 1005/1372/1518 1084/1467/1641
f 1155/1552/1754 1102/1483/1755 1096/1479/1655
f 1096/1479/1655 1156/1553/1756 1155/1552/1754
f 1102/1483/1659 1155/1552/1757 1157/1554/1758
f 1157/1554/1758 1103/1484/1660 1102/1483/1659
f 1108/1490/1666 1107/1489/1665 1159/1556/1759
f 1159/1556/1759 1158/1555/1760 1108/1490/1666
f 1095/1478/1654 1094/1477/1653 1090/1475/1651
f 1090/1475/1651 1093/1474/1650 1095/1478/1654
f 1160/1557/1761 1161/1558/1762 1162/1559/1763
f 1164/1560/1764 1162/1559/1763 1161/1558/1762
f 1161/1558/1762 1163/1561/1765 1164/1560/1764
f 1166/1562/1766 1167/1563/1767 1165/1564/1768
f 1165/1564/1768 1162/1559/1763 1166/1562/1766
f 1168/1565/1769 1166/1562/1766 1162/1559/1763
f 1162/1559/1763 1164/1560/1764 1168/1565/1769
f 1169/1566/1770 1170/1567/1771 1167/1563/1767
f 1167/1563/1767 1166/1562/1766 1169/1566/1770
f 1171/1568/1772 1169/1566/1770 1166/1562/1766
f 1166/1562/1766 1168/1565/1769 1171/1568/1772
f 1174/1569/1773 1175/1570/1774 1172/1571/1775
f 1172/1571/1775 1173/1572/1776 1174/1569/1773
f 1177/1573/1777 1174/1569/1773 1173/1572/1776
f 1173/1572/1776 1176/1574/1778 1177/1573/1777
f 1162/1559/1763 1165/1564/1768 1160/1557/1761
f 1178/1575/1779 1179/1576/1780 1180/1577/1781
f 1164/1560/1764 1163/1561/1765 1180/1577/1781
f 1180/1577/1781 1179/1576/1780 1164/1560/1764
f 1183/1578/1782 1179/1576/1780 1181/1579/1783
f 1181/1579/1783 1182/1580/1784 1183/1578/1782
f 1168/1565/1769 1164/1560/1764 1179/1576/1780
f 1179/1576/1780 1183/1578/1782 1168/1565/1769
f 1185/1581/1785 1183/1578/1782 1182/1580/1784
f 1182/1580/1784 1184/1582/1786 1185/1581/1785
f 1171/1568/1772 1168/1565/1769 1183/1578/1782
f 1183/1578/1782 1185/1581/1785 1171/1568/1772
f 1188/1583/1787 1189/1584/1788 1186/1585/1789
f 1186/1585/1789 1187/1586/1790 1188/1583/1787
f 1187/1586/1790 1186/1585/1789 1177/1573/1777
f 1177/1573/1777 1176/1574/1778 1187/1586/1790
f 1179/1576/1780 1178/1575/1779 1181/1579/1783
f 1192/1587/1791 1193/1588/1792 1190/1589/1793
f 1190/1589/1793 1191/1590/1794 1192/1587/1791
f 1191/1590/1794 1190/1589/1793 1194/1591/1795
f 1194/1591/1795 1195/1592/1796 1191/1590/1794
f 1198/1593/1797 1199/1594/1798 1196/1595/1799
f 1196/1595/1799 1197/1596/1800 1198/1593/1797
f 1195/1592/1796 1194/1591/1795 1199/1594/1798
f 1199/1594/1798 1198/1593/1797 1195/1592/1796
f 1174/1569/1773 1190/1589/1793 1193/1588/1792
f 1193/1588/1792 1175/1570/1774 1174/1569/1773
f 1177/1573/1777 1194/1591/1795 1190/1589/1793
f 1190/1589/1793 1174/1569/1773 1177/1573/1777
f 1186/1585/1789 1199/1594/1798 1194/1591/1795
f 1194/1591/1795 1177/1573/1777 1186/1585/1789
f 1189/1584/1788 1196/1595/1799 1199/1594/1798
f 1199/1594/1798 1186/1585/1789 1189/1584/1788
f 1201/1597/1801 1202/1598/1802 1203/1599/1803
f 1203/1599/1803 1200/1600/1804 1201/1597/1801
f 1200/1600/1804 1203/1599/1803 1205/1601/1805
f 1205/1601/1805 1204/1602/1806 1200/1600/1804
f 1207/1603/1807 1208/1604/1808 1209/1605/1809
f 1209/1605/1809 1206/1606/1810 1207/1603/1807
f 1204/1602/1806 1205/1601/1805 1208/1604/1808
f 1208/1604/1808 1207/1603/1807 1204/1602/1806
f 1173/1572/1776 1172/1571/1775 1170/1567/1771
f 1170/1567/1771 1169/1566/1770 1173/1572/1776
f 1176/1574/1778 1173/1572/1776 1169/1566/1770
f 1169/1566/1770 1171/1568/1772 1176/1574/1778
f 1188/1583/1787 1187/1586/1790 1185/1581/1785
f 1185/1581/1785 1184/1582/1786 1188/1583/1787
f 1187/1586/1790 1176/1574/1778 1171/1568/1772
f 1171/1568/1772 1185/1581/1785 1187/1586/1790
f 1210/1607/1811 1211/1608/1812 1161/1558/1813
f 1161/1558/1813 1160/1557/1814 1210/1607/1811
f 1211/1608/1812 1212/1609/1815 1163/1561/1816
f 1163/1561/1816 1161/1558/1813 1211/1608/1812
f 1213/1610/1817 1214/1611/1818 1165/1564/1819
f 1165/1564/1819 1167/1563/1820 1213/1610/1817
f 1215/1612/1821 1213/1610/1817 1167/1563/1820
f 1167/1563/1820 1170/1567/1822 1215/1612/1821
f 1216/1613/1823 1217/1614/1824 1172/1571/1825
f 1172/1571/1825 1175/1570/1826 1216/1613/1823
f 1214/1611/1818 1210/1607/1811 1160/1557/1814
f 1160/1557/1814 1165/1564/1819 1214/1611/1818
f 1218/1615/1827 1219/1616/1828 1178/1575/1829
f 1178/1575/1829 1180/1577/1830 1218/1615/1827
f 1212/1609/1815 1218/1615/1827 1180/1577/1830
f 1180/1577/1830 1163/1561/1816 1212/1609/1815
f 1220/1617/1831 1221/1618/1832 1182/1580/1833
f 1182/1580/1833 1181/1579/1834 1220/1617/1831
f 1221/1618/1832 1222/1619/1835 1184/1582/1836
f 1184/1582/1836 1182/1580/1833 1221/1618/1832
f 1223/1620/1837 1224/1621/1838 1189/1584/1839
f 1189/1584/1839 1188/1583/1840 1223/1620/1837
f 1219/1616/1828 1220/1617/1831 1181/1579/1834
f 1181/1579/1834 1178/1575/1829 1219/1616/1828
f 1225/1622/1841 1226/1623/1842 1193/1588/1843
f 1193/1588/1843 1192/1587/1844 1225/1622/1841
f 1227/1624/1845 1228/1625/1846 1197/1596/1847
f 1197/1596/1847 1196/1595/1848 1227/1624/1845
f 1226/1623/1842 1216/1613/1823 1175/1570/1826
f 1175/1570/1826 1193/1588/1843 1226/1623/1842
f 1224/1621/1838 1227/1624/1845 1196/1595/1848
f 1196/1595/1848 1189/1584/1839 1224/1621/1838
f 1229/1626/1849 1230/1627/1850 1201/1597/1851
f 1201/1597/1851 1200/1600/1852 1229/1626/1849
f 1202/1598/1853 1231/1628/1854 1225/1622/1841
f 1225/1622/1841 1192/1587/1844 1202/1598/1853
f 1232/1629/1855 1229/1626/1849 1200/1600/1852
f 1200/1600/1852 1204/1602/1856 1232/1629/1855
f 1233/1630/1857 1234/1631/1858 1207/1603/1859
f 1207/1603/1859 1206/1606/1860 1233/1630/1857
f 1206/1606/1861 1209/1605/1862 1235/1632/1863
f 1235/1632/1863 1233/1633/1864 1206/1606/1861
f 1234/1631/1858 1232/1629/1855 1204/1602/1856
f 1204/1602/1856 1207/1603/1859 1234/1631/1858
f 1217/1614/1824 1215/1612/1821 1170/1567/1822
f 1170/1567/1822 1172/1571/1825 1217/1614/1824
f 1222/1619/1835 1223/1620/1837 1188/1583/1840
f 1188/1583/1840 1184/1582/1836 1222/1619/1835
f 1192/1587/1791 1191/1590/1794 1203/1599/1803
f 1203/1599/1803 1202/1598/1802 1192/1587/1791
f 1191/1590/1794 1195/1592/1796 1205/1601/1805
f 1205/1601/1805 1203/1599/1803 1191/1590/1794
f 1198/1593/1797 1197/1596/1800 1209/1605/1809
f 1209/1605/1809 1208/1604/1808 1198/1593/1797
f 1195/1592/1796 1198/1593/1797 1208/1604/1808
f 1208/1604/1808 1205/1601/1805 1195/1592/1796
f 1201/1597/1865 1230/1634/1866 1231/1628/1854
f 1231/1628/1854 1202/1598/1853 1201/1597/1865
f 1209/1605/1862 1197/1596/1847 1228/1625/1846
f 1228/1625/1846 1235/1632/1863 1209/1605/1862
f 1016/1385/1531 1015/1384/1530 1024/1390/1536
f 1024/1390/1536 1023/1389/1535 1016/1385/1531
f 1019/1387/1533 1020/1386/1532 1027/1393/1539
f 1027/1393/1539 1026/1392/1538 1019/1387/1533
f 1236/1635/1867 1237/1636/1868 1048/1415/1561
f 1048/1415/1561 1047/1414/1560 1236/1635/1867
f 1238/1637/1869 1236/1635/1867 1047/1414/1560
f 1047/1414/1560 1049/1416/1562 1238/1637/1869
f 1239/1638/1870 1021/1639/1871 1024/1432/1578
f 1024/1432/1578 1057/1431/1577 1239/1638/1870
f 1240/1640/1872 1241/1641/1873 1073/1448/1594
f 1073/1448/1594 1072/1447/1593 1240/1640/1872
f 1242/1642/1874 1240/1640/1875 1072/1447/1610
f 1072/1447/1610 1081/1456/1609 1242/1642/1874
f 1241/1641/1876 1239/1638/1870 1057/1431/1577
f 1057/1431/1577 1073/1448/1618 1241/1641/1876
f 1237/1643/1877 1242/1642/1874 1081/1456/1609
f 1081/1456/1609 1048/1464/1626 1237/1643/1877
f 1020/1386/1532 1087/1470/1632 1088/1471/1633
f 1088/1471/1633 1027/1393/1539 1020/1386/1532
f 1087/1470/1645 1016/1385/1531 1023/1389/1535
f 1023/1389/1535 1088/1471/1647 1087/1470/1645
f 1100/1485/1661 1103/1484/1660 1107/1489/1665
f 1107/1489/1665 1106/1488/1664 1100/1485/1661
f 1104/1487/1663 1019/1387/1533 1026/1392/1538
f 1026/1392/1538 1110/1493/1669 1104/1487/1663
f 1243/1644/1878 1244/1645/1879 1125/1508/1684
f 1125/1508/1684 1124/1507/1683 1243/1644/1878
f 1244/1645/1879 1238/1637/1869 1049/1416/1562
f 1049/1416/1562 1125/1508/1684 1244/1645/1879
f 1105/1646/1880 1245/1647/1881 1132/1522/1698
f 1132/1522/1698 1106/1521/1697 1105/1646/1880
f 1246/1648/1882 1247/1649/1883 1146/1536/1712
f 1146/1536/1712 1145/1535/1711 1246/1648/1882
f 1247/1649/1884 1248/1650/1885 1153/1543/1726
f 1153/1543/1726 1146/1536/1725 1247/1649/1884
f 1245/1647/1881 1246/1648/1886 1145/1535/1733
f 1145/1535/1733 1132/1522/1698 1245/1647/1881
f 1248/1650/1885 1243/1651/1887 1124/1550/1740
f 1124/1550/1740 1153/1543/1726 1248/1650/1885
f 1157/1554/1744 1104/1487/1663 1110/1493/1669
f 1110/1493/1669 1159/1556/1746 1157/1554/1744
f 1103/1484/1660 1157/1554/1758 1159/1556/1759
f 1159/1556/1759 1107/1489/1665 1103/1484/1660
f 1008/1375/1521 1018/1383/1529 1017/1382/1528
f 1017/1382/1528 1009/1376/1522 1008/1375/1521
f 1083/1466/1628 1029/1396/1542 1013/1379/1525
f 1013/1379/1525 1012/1378/1524 1083/1466/1628
f 1042/1411/1557 1041/1410/1556 1039/1406/1552
f 1039/1406/1552 1038/1405/1551 1042/1411/1557
f 1045/1413/1559 1042/1411/1557 1038/1405/1551
f 1038/1405/1551 1040/1407/1553 1045/1413/1559
f 1055/1430/1576 1018/1429/1575 1008/1425/1571
f 1008/1425/1571 1054/1424/1570 1055/1430/1576
f 1069/1446/1592 1068/1445/1591 1067/1441/1587
f 1067/1441/1587 1066/1440/1586 1069/1446/1592
f 1078/1452/1601 1079/1454/1607 1069/1446/1606
f 1069/1446/1606 1066/1440/1602 1078/1452/1601
f 1068/1445/1617 1055/1430/1576 1054/1424/1570
f 1054/1424/1570 1067/1441/1615 1068/1445/1617
f 1041/1462/1624 1079/1454/1607 1078/1452/1601
f 1078/1452/1601 1039/1460/1622 1041/1462/1624
f 1013/1379/1525 1029/1396/1542 1031/1398/1544
f 1031/1398/1544 1085/1468/1630 1013/1379/1525
f 1085/1468/1643 1031/1398/1888 1010/1377/1523
f 1010/1377/1523 1009/1376/1522 1085/1468/1643
f 1102/1483/1659 1101/1486/1662 1097/1480/1656
f 1097/1480/1656 1096/1479/1655 1102/1483/1659
f 1111/1494/1670 1083/1466/1628 1012/1378/1524
f 1012/1378/1524 1099/1482/1658 1111/1494/1670
f 1118/1501/1677 1120/1505/1681 1123/1504/1680
f 1123/1504/1680 1119/1502/1678 1118/1501/1677
f 1123/1504/1680 1045/1413/1559 1040/1407/1553
f 1040/1407/1553 1119/1502/1678 1123/1504/1680
f 1101/1519/1695 1131/1518/1694 1128/1514/1690
f 1128/1514/1690 1097/1513/1689 1101/1519/1695
f 1141/1533/1709 1144/1532/1708 1139/1528/1704
f 1139/1528/1704 1138/1527/1703 1141/1533/1709
f 1144/1532/1724 1151/1542/1723 1150/1539/1719
f 1150/1539/1719 1139/1528/1718 1144/1532/1724
f 1128/1514/1690 1131/1518/1694 1141/1533/1732
f 1141/1533/1732 1138/1527/1729 1128/1514/1690
f 1151/1542/1723 1120/1549/1739 1118/1546/1736
f 1118/1546/1736 1150/1539/1719 1151/1542/1723
f 1112/1495/1671 1111/1494/1670 1099/1482/1658
f 1099/1482/1658 1156/1553/1743 1112/1495/1671
f 1095/1478/1654 1112/1495/1889 1156/1553/1756
f 1156/1553/1756 1096/1479/1655 1095/1478/1654
f 1249/1652/1890 1250/1653/1891 1251/1654/1892
f 1250/1653/1891 1252/1655/1893 1253/1656/1894
f 1253/1656/1894 1251/1654/1892 1250/1653/1891
f 1254/1657/1895 1251/1654/1892 1253/1656/1894
f 1253/1656/1894 1255/1658/1896 1254/1657/1895
f 1249/1652/1890 1251/1654/1892 1254/1657/1895
f 1254/1657/1895 1256/1659/1897 1249/1652/1890
f 1259/1660/1898 1260/1661/1899 1257/1662/1900
f 1257/1662/1900 1258/1663/1901 1259/1660/1898
f 1262/1664/1902 1259/1660/1898 1258/1663/1901
f 1258/1663/1901 1261/1665/1903 1262/1664/1902
f 1259/1660/1898 1262/1664/1902 1263/1666/1904
f 1263/1666/1904 1264/1667/1905 1259/1660/1898
f 1260/1661/1899 1259/1660/1898 1264/1667/1905
f 1264/1667/1905 1265/1668/1906 1260/1661/1899
f 1267/1669/1907 1268/1670/1908 1269/1671/1909
f 1269/1671/1909 1266/1672/1910 1267/1669/1907
f 1267/1669/1907 1254/1657/1895 1255/1658/1896
f 1255/1658/1896 1268/1670/1908 1267/1669/1907
f 1268/1670/1908 1255/1658/1896 1270/1673/1911
f 1270/1673/1911 1271/1674/1912 1268/1670/1908
f 1269/1671/1909 1268/1670/1908 1271/1674/1912
f 1271/1674/1912 1272/1675/1913 1269/1671/1909
f 1274/1676/1914 1260/1661/1899 1265/1668/1906
f 1265/1668/1906 1273/1677/1915 1274/1676/1914
f 1276/1678/1916 1274/1676/1914 1273/1677/1915
f 1273/1677/1915 1275/1679/1917 1276/1678/1916
f 1274/1676/1914 1276/1678/1916 1277/1680/1918
f 1277/1680/1918 1278/1681/1919 1274/1676/1914
f 1260/1661/1899 1274/1676/1914 1278/1681/1919
f 1278/1681/1919 1257/1662/1900 1260/1661/1899
f 1279/1682/1920 1280/1683/1921 1275/1679/1917
f 1275/1679/1917 1273/1677/1915 1279/1682/1920
f 1281/1684/1922 1279/1682/1920 1273/1677/1915
f 1273/1677/1915 1265/1668/1906 1281/1684/1922
f 1279/1682/1920 1281/1684/1922 1283/1685/1923
f 1283/1685/1923 1282/1686/1924 1279/1682/1920
f 1284/1687/1925 1280/1683/1921 1279/1682/1920
f 1279/1682/1920 1282/1686/1924 1284/1687/1925
f 1285/1688/1926 1286/1689/1927 1287/1690/1928
f 1287/1690/1928 1288/1691/1929 1285/1688/1926
f 1288/1691/1929 1287/1690/1928 1289/1692/1930
f 1289/1692/1930 1290/1693/1931 1288/1691/1929
f 3465/1694/1932 1671/1695/1933 1288/1691/1929
f 1288/1691/1929 1290/1693/1931 3465/1694/1932
f 1293/1696/1934 1294/1697/1935 1291/1698/1936
f 1291/1698/1936 1292/1699/1937 1293/1696/1934
f 1296/1700/1938 1293/1696/1934 1292/1699/1937
f 1292/1699/1937 1295/1701/1939 1296/1700/1938
f 1299/1702/1940 1300/1703/1941 1297/1704/1942
f 1297/1704/1942 1298/1705/1943 1299/1702/1940
f 1300/1703/1941 1299/1702/1940 1302/1706/1944
f 1302/1706/1944 1301/1707/1945 1300/1703/1941
f 1305/1708/1946 1306/1709/1947 1303/1710/1948
f 1303/1710/1948 1304/1711/1949 1305/1708/1946
f 1308/1712/1950 1305/1708/1946 1304/1711/1949
f 1304/1711/1949 1307/1713/1951 1308/1712/1950
f 1305/1708/1946 1308/1712/1950 1257/1662/1900
f 1257/1662/1900 1278/1681/1919 1305/1708/1946
f 1306/1709/1947 1305/1708/1946 1278/1681/1919
f 1278/1681/1919 1277/1680/1918 1306/1709/1947
f 1309/1714/1952 1276/1678/1916 1275/1679/1917
f 1275/1679/1917 1298/1705/1943 1309/1714/1952
f 1276/1678/1916 1309/1714/1952 1295/1701/1939
f 1295/1701/1939 1277/1680/1918 1276/1678/1916
f 1311/1715/1953 1271/1674/1912 1270/1673/1911
f 1270/1673/1911 1310/1716/1954 1311/1715/1953
f 1304/1711/1949 1311/1715/1953 1310/1716/1954
f 1310/1716/1954 1307/1713/1951 1304/1711/1949
f 1311/1715/1953 1304/1711/1949 1303/1710/1948
f 1303/1710/1948 1312/1717/1955 1311/1715/1953
f 1271/1674/1912 1311/1715/1953 1312/1717/1955
f 1312/1717/1955 1272/1675/1913 1271/1674/1912
f 1312/1717/1955 1303/1710/1948 1291/1698/1936
f 1291/1698/1936 1313/1718/1956 1312/1717/1955
f 1272/1675/1913 1312/1717/1955 1313/1718/1956
f 1313/1718/1956 1289/1692/1930 1272/1675/1913
f 1253/1656/1894 1314/1719/1957 1270/1673/1911
f 1270/1673/1911 1255/1658/1896 1253/1656/1894
f 1314/1719/1957 1253/1656/1894 1252/1655/1893
f 1252/1655/1893 1315/1720/1958 1314/1719/1957
f 1318/1721/1959 1319/1722/1960 1316/1723/1961
f 1316/1723/1961 1317/1724/1962 1318/1721/1959
f 1310/1716/1954 1318/1721/1959 1317/1724/1962
f 1317/1724/1962 1307/1713/1951 1310/1716/1954
f 1318/1721/1959 1310/1716/1954 1270/1673/1911
f 1270/1673/1911 1314/1719/1957 1318/1721/1959
f 1319/1722/1960 1318/1721/1959 1314/1719/1957
f 1314/1719/1957 1315/1720/1958 1319/1722/1960
f 1321/1725/1963 1322/1726/1964 1323/1727/1965
f 1323/1727/1965 1320/1728/1966 1321/1725/1963
f 1281/1684/1922 1321/1725/1963 1320/1728/1966
f 1320/1728/1966 1283/1685/1923 1281/1684/1922
f 1321/1725/1963 1281/1684/1922 1265/1668/1906
f 1265/1668/1906 1264/1667/1905 1321/1725/1963
f 1322/1726/1964 1321/1725/1963 1264/1667/1905
f 1264/1667/1905 1263/1666/1904 1322/1726/1964
f 1324/1729/1967 1325/1730/1968 1261/1665/1903
f 1261/1665/1903 1258/1663/1901 1324/1729/1967
f 1308/1712/1950 1324/1729/1967 1258/1663/1901
f 1258/1663/1901 1257/1662/1900 1308/1712/1950
f 1324/1729/1967 1308/1712/1950 1307/1713/1951
f 1307/1713/1951 1317/1724/1962 1324/1729/1967
f 1325/1730/1968 1324/1729/1967 1317/1724/1962
f 1317/1724/1962 1316/1723/1961 1325/1730/1968
f 1267/1669/1907 1326/1731/1969 1256/1659/1897
f 1256/1659/1897 1254/1657/1895 1267/1669/1907
f 1326/1731/1969 1267/1669/1907 1266/1672/1910
f 1266/1672/1910 1327/1732/1970 1326/1731/1969
f 1286/1689/1927 1266/1672/1910 1269/1671/1909
f 1269/1671/1909 1287/1690/1928 1286/1689/1927
f 1327/1732/1970 1266/1672/1910 1286/1689/1927
f 1286/1689/1927 1328/1733/1971 1327/1732/1970
f 1269/1671/1909 1272/1675/1913 1289/1692/1930
f 1289/1692/1930 1287/1690/1928 1269/1671/1909
f 1306/1709/1947 1277/1680/1918 1295/1701/1939
f 1295/1701/1939 1292/1699/1937 1306/1709/1947
f 1303/1710/1948 1306/1709/1947 1292/1699/1937
f 1292/1699/1937 1291/1698/1936 1303/1710/1948
f 1280/1683/1921 1299/1702/1940 1298/1705/1943
f 1298/1705/1943 1275/1679/1917 1280/1683/1921
f 1299/1702/1940 1280/1683/1921 1284/1687/1925
f 1284/1687/1925 1302/1706/1944 1299/1702/1940
f 1329/1734/1972 1309/1714/1952 1298/1705/1943
f 1298/1705/1943 1297/1704/1942 1329/1734/1972
f 1661/1735/1973 1672/1736/1974 1329/1734/1972
f 1329/1734/1972 1297/1704/1942 1661/1735/1973
f 1309/1714/1952 1329/1734/1972 1296/1700/1938
f 1296/1700/1938 1295/1701/1939 1309/1714/1952
f 1330/1737/1975 1290/1693/1931 1289/1692/1930
f 1289/1692/1930 1313/1718/1956 1330/1737/1975
f 1294/1697/1935 1330/1737/1975 1313/1718/1956
f 1313/1718/1956 1291/1698/1936 1294/1697/1935
f 1331/1738/1976 1332/1739/1977 1301/1707/1945
f 1301/1707/1945 1302/1706/1944 1331/1738/1976
f 1301/1707/1945 1332/1739/1977 3508/1740/1978
f 3508/1740/1978 1662/1741/1979 1301/1707/1945
f 1323/1727/1965 1333/1742/1980 1320/1728/1966
f 1333/1742/1980 1334/1743/1981 1283/1685/1923
f 1283/1685/1923 1320/1728/1966 1333/1742/1980
f 1334/1743/1981 1335/1744/1982 1282/1686/1924
f 1282/1686/1924 1283/1685/1923 1334/1743/1981
f 1335/1744/1982 1336/1745/1983 1284/1687/1925
f 1284/1687/1925 1282/1686/1924 1335/1744/1982
f 1336/1745/1983 1331/1738/1976 1302/1706/1944
f 1302/1706/1944 1284/1687/1925 1336/1745/1983
f 1285/1688/1926 1337/1746/1984 1328/1733/1971
f 1328/1733/1971 1286/1689/1927 1285/1688/1926
f 1338/1747/1985 1339/1748/1986 1328/1733/1987
f 1328/1733/1987 1337/1746/1988 1338/1747/1985
f 1340/1749/1989 1327/1732/1990 1328/1733/1987
f 1328/1733/1987 1339/1748/1986 1340/1749/1989
f 1341/1750/1991 1326/1731/1992 1327/1732/1990
f 1327/1732/1990 1340/1749/1989 1341/1750/1991
f 1342/1751/1993 1256/1659/1994 1326/1731/1992
f 1326/1731/1992 1341/1750/1991 1342/1751/1993
f 1343/1752/1995 1249/1652/1996 1256/1659/1994
f 1256/1659/1994 1342/1751/1993 1343/1752/1995
f 1343/1752/1995 1344/1753/1997 1250/1653/1998
f 1250/1653/1998 1249/1652/1996 1343/1752/1995
f 1344/1754/1999 1345/1755/2000 1252/1655/2001
f 1252/1655/2001 1250/1653/2002 1344/1754/1999
f 1346/1756/2003 1315/1720/2004 1252/1655/2001
f 1252/1655/2001 1345/1755/2000 1346/1756/2003
f 1347/1757/2005 1319/1722/2006 1315/1720/2004
f 1315/1720/2004 1346/1756/2003 1347/1757/2005
f 1348/1758/2007 1316/1723/2008 1319/1722/2006
f 1319/1722/2006 1347/1757/2005 1348/1758/2007
f 1349/1759/2009 1325/1730/2010 1316/1723/2008
f 1316/1723/2008 1348/1758/2007 1349/1759/2009
f 1350/1760/2011 1261/1665/2012 1325/1730/2010
f 1325/1730/2010 1349/1759/2009 1350/1760/2011
f 1351/1761/2013 1262/1664/2014 1261/1665/2012
f 1261/1665/2012 1350/1760/2011 1351/1761/2013
f 1352/1762/2015 1263/1666/2016 1262/1664/2014
f 1262/1664/2014 1351/1761/2013 1352/1762/2015
f 1352/1762/2015 1353/1763/2017 1322/1726/2018
f 1322/1726/2018 1263/1666/2016 1352/1762/2015
f 1353/1763/2017 1354/1764/2019 1323/1727/2020
f 1323/1727/2020 1322/1726/2018 1353/1763/2017
f 1355/1765/2021 1333/1742/2022 1323/1727/2023
f 1323/1727/2023 1354/1766/2024 1355/1765/2021
f 1356/1767/2025 1334/1743/2026 1333/1742/2022
f 1333/1742/2022 1355/1765/2021 1356/1767/2025
f 1357/1768/2027 1335/1744/2028 1334/1743/2026
f 1334/1743/2026 1356/1767/2025 1357/1768/2027
f 1358/1769/2029 1336/1745/2030 1335/1744/2028
f 1335/1744/2028 1357/1768/2027 1358/1769/2029
f 1359/1770/2031 1331/1738/2032 1336/1745/2030
f 1336/1745/2030 1358/1769/2029 1359/1770/2031
f 1359/1770/2031 1360/1771/2033 1332/1739/2034
f 1332/1739/2034 1331/1738/2032 1359/1770/2031
f 1360/1771/2033 1673/1772/2035 3508/1740/2036
f 3508/1740/2036 1332/1739/2034 1360/1771/2033
f 1363/1773/2037 1364/1774/2038 1361/1775/2039
f 1361/1775/2039 1362/1776/2040 1363/1773/2037
f 1367/1777/2041 1368/1778/2042 1365/1779/2043
f 1365/1779/2043 1366/1780/2044 1367/1777/2041
f 1367/1777/2041 1366/1780/2044 1369/1781/2045
f 1369/1781/2045 1370/1782/2046 1367/1777/2041
f 1361/1775/2039 1370/1783/2047 1369/1784/2048
f 1369/1784/2048 1362/1776/2040 1361/1775/2039
f 1371/1785/2049 1361/1775/2039 1364/1774/2038
f 1364/1774/2038 1372/1786/2050 1371/1785/2049
f 1374/1787/2051 1368/1778/2042 1367/1777/2041
f 1367/1777/2041 1373/1788/2052 1374/1787/2051
f 1373/1788/2052 1367/1777/2041 1370/1782/2046
f 1370/1782/2046 1375/1789/2053 1373/1788/2052
f 1375/1790/2054 1370/1783/2047 1361/1775/2039
f 1361/1775/2039 1371/1785/2049 1375/1790/2054
f 1372/1786/2055 1377/1791/2056 1376/1792/2057
f 1376/1792/2057 1371/1785/2058 1372/1786/2055
f 1378/1793/2059 1379/1794/2060 1374/1787/2061
f 1374/1787/2061 1373/1788/2062 1378/1793/2059
f 1378/1793/2059 1373/1788/2062 1375/1789/2063
f 1375/1789/2063 1380/1795/2064 1378/1793/2059
f 1380/1796/2065 1375/1790/2066 1371/1785/2058
f 1371/1785/2058 1376/1792/2057 1380/1796/2065
f 1382/1797/2067 1364/1774/2038 1363/1773/2037
f 1363/1773/2037 1381/1798/2068 1382/1797/2067
f 1365/1779/2043 1368/1778/2042 1383/1799/2069
f 1383/1799/2069 1384/1800/2070 1365/1779/2043
f 1386/1801/2071 1384/1800/2070 1383/1799/2069
f 1383/1799/2069 1385/1802/2072 1386/1801/2071
f 1386/1803/2073 1385/1804/2074 1382/1797/2067
f 1382/1797/2067 1381/1798/2068 1386/1803/2073
f 1364/1774/2038 1382/1797/2067 1387/1805/2075
f 1387/1805/2075 1372/1786/2050 1364/1774/2038
f 1383/1799/2069 1368/1778/2042 1374/1787/2051
f 1374/1787/2051 1388/1806/2076 1383/1799/2069
f 1385/1802/2072 1383/1799/2069 1388/1806/2076
f 1388/1806/2076 1389/1807/2077 1385/1802/2072
f 1382/1797/2067 1385/1804/2074 1389/1808/2078
f 1389/1808/2078 1387/1805/2075 1382/1797/2067
f 1390/1809/2079 1377/1791/2056 1372/1786/2055
f 1372/1786/2055 1387/1805/2080 1390/1809/2079
f 1374/1787/2061 1379/1794/2060 1391/1810/2081
f 1391/1810/2081 1388/1806/2082 1374/1787/2061
f 1389/1807/2083 1388/1806/2082 1391/1810/2081
f 1391/1810/2081 1392/1811/2084 1389/1807/2083
f 1387/1805/2080 1389/1808/2085 1392/1812/2086
f 1392/1812/2086 1390/1809/2079 1387/1805/2080
f 1386/1801/2087 1393/1813/2088 1365/1779/2089
f 1365/1779/2089 1384/1800/2090 1386/1801/2087
f 1363/1773/2091 1393/1814/2092 1386/1803/2093
f 1386/1803/2093 1381/1798/2094 1363/1773/2091
f 1365/1779/2089 1393/1813/2088 1369/1781/2095
f 1369/1781/2095 1366/1780/2096 1365/1779/2089
f 1363/1773/2091 1362/1776/2097 1369/1784/2098
f 1369/1784/2098 1393/1814/2092 1363/1773/2091
f 1390/1809/2079 1392/1812/2086 1394/1815/2099
f 1394/1815/2099 1395/1816/2100 1390/1809/2079
f 1392/1811/2084 1391/1810/2081 1396/1817/2101
f 1396/1817/2101 1394/1818/2102 1392/1811/2084
f 1391/1810/2081 1379/1794/2060 1397/1819/2103
f 1397/1819/2103 1396/1817/2101 1391/1810/2081
f 1379/1794/2060 1378/1793/2059 1398/1820/2104
f 1398/1820/2104 1397/1819/2103 1379/1794/2060
f 1378/1793/2059 1380/1795/2064 1399/1821/2105
f 1399/1821/2105 1398/1820/2104 1378/1793/2059
f 1380/1796/2065 1376/1792/2057 1400/1822/2106
f 1400/1822/2106 1399/1823/2107 1380/1796/2065
f 1376/1792/2057 1377/1791/2056 1401/1824/2108
f 1401/1824/2108 1400/1822/2106 1376/1792/2057
f 1377/1791/2056 1390/1809/2079 1395/1816/2100
f 1395/1816/2100 1401/1824/2108 1377/1791/2056
f 1404/1825/2109 1405/1826/2110 1402/1827/2111
f 1402/1827/2111 1403/1828/2112 1404/1825/2109
f 1406/1829/2113 1407/1830/2114 1404/1831/2115
f 1404/1831/2115 1403/1832/2116 1406/1829/2113
f 1409/1833/2117 1407/1834/2118 1406/1835/2119
f 1406/1835/2119 1408/1836/2120 1409/1833/2117
f 1411/1837/2121 1409/1833/2117 1408/1836/2120
f 1408/1836/2120 1410/1838/2122 1411/1837/2121
f 1412/1839/2123 1413/1840/2124 1411/1841/2125
f 1411/1841/2125 1410/1842/2126 1412/1839/2123
f 1405/1826/2127 1413/1843/2128 1412/1844/2129
f 1412/1844/2129 1402/1827/2130 1405/1826/2127
f 1403/1845/2131 1402/1846/2132 1414/1847/2133
f 1414/1847/2133 1415/1848/2134 1403/1845/2131
f 1415/1849/2135 1416/1850/2136 1406/1829/2113
f 1406/1829/2113 1403/1832/2116 1415/1849/2135
f 1408/1836/2137 1406/1835/2138 1416/1851/2139
f 1416/1851/2139 1417/1852/2140 1408/1836/2137
f 1410/1838/2141 1408/1836/2137 1417/1852/2140
f 1417/1852/2140 1418/1853/2142 1410/1838/2141
f 1418/1854/2143 1419/1855/2144 1412/1839/2123
f 1412/1839/2123 1410/1842/2126 1418/1854/2143
f 1402/1846/2132 1412/1856/2145 1419/1857/2146
f 1419/1857/2146 1414/1847/2133 1402/1846/2132
f 1414/1847/2133 1421/1858/2147 1420/1859/2148
f 1420/1859/2148 1415/1848/2134 1414/1847/2133
f 1422/1860/2149 1416/1850/2136 1415/1849/2135
f 1415/1849/2135 1420/1861/2150 1422/1860/2149
f 1416/1862/2139 1422/1863/2151 1423/1864/2152
f 1423/1864/2152 1417/1865/2140 1416/1862/2139
f 1423/1864/2152 1424/1866/2153 1418/1867/2142
f 1418/1867/2142 1417/1865/2140 1423/1864/2152
f 1424/1868/2154 1425/1869/2155 1419/1855/2144
f 1419/1855/2144 1418/1854/2143 1424/1868/2154
f 1425/1870/2156 1421/1858/2147 1414/1847/2133
f 1414/1847/2133 1419/1857/2146 1425/1870/2156
f 1428/1871/2157 1429/1872/2158 1426/1873/2159
f 1426/1873/2159 1427/1874/2160 1428/1871/2157
f 1429/1875/2161 1428/1876/2162 1430/1877/2163
f 1430/1877/2163 1431/1878/2164 1429/1875/2161
f 1432/1879/2165 1433/1880/2166 1431/1881/2167
f 1431/1881/2167 1430/1882/2168 1432/1879/2165
f 1434/1883/2169 1435/1884/2170 1436/1885/2171
f 1436/1885/2171 1437/1886/2172 1434/1883/2169
f 1427/1874/2160 1426/1873/2159 1438/1887/2173
f 1438/1887/2173 1439/1888/2174 1427/1874/2160
f 1442/1889/2175 1443/1890/2176 1440/1891/2177
f 1440/1891/2177 1441/1892/2178 1442/1889/2175
f 1442/1893/2179 1444/1894/2180 1445/1895/2181
f 1445/1895/2181 1443/1896/2182 1442/1893/2179
f 1446/1897/2183 1447/1898/2184 1445/1899/2185
f 1445/1899/2185 1444/1900/2186 1446/1897/2183
f 1449/1901/2187 1450/1902/2188 1451/1903/2189
f 1451/1903/2189 1448/1904/2190 1449/1901/2187
f 1453/1905/2191 1441/1892/2178 1440/1891/2177
f 1440/1891/2177 1452/1906/2192 1453/1905/2191
f 1453/1905/2191 1450/1907/2193 1437/1908/2194
f 1437/1908/2194 1438/1887/2173 1453/1905/2191
f 1451/1903/2189 1452/1909/2195 1454/1910/2196
f 1454/1910/2196 1448/1904/2190 1451/1903/2189
f 1455/1911/2197 1456/1912/2198 1457/1913/2199
f 1457/1913/2199 1458/1914/2200 1455/1911/2197
f 1436/1915/2201 1458/1916/2202 1457/1917/2203
f 1457/1917/2203 1439/1888/2174 1436/1915/2201
f 1443/1890/2176 1460/1918/2204 1459/1919/2205
f 1459/1919/2205 1440/1891/2177 1443/1890/2176
f 1460/1920/2206 1443/1896/2182 1445/1895/2181
f 1445/1895/2181 1461/1921/2207 1460/1920/2206
f 1445/1899/2185 1447/1898/2184 1462/1922/2208
f 1462/1922/2208 1461/1923/2209 1445/1899/2185
f 1447/1898/2184 1454/1924/2210 1463/1925/2211
f 1463/1925/2211 1462/1922/2208 1447/1898/2184
f 1454/1910/2212 1452/1909/2213 1464/1926/2214
f 1464/1926/2214 1463/1927/2215 1454/1910/2212
f 1440/1891/2177 1459/1919/2205 1464/1928/2216
f 1464/1928/2216 1452/1906/2192 1440/1891/2177
f 1467/1929/2217 1468/1930/2218 1465/1931/2219
f 1465/1931/2219 1466/1932/2220 1467/1929/2217
f 1468/1933/2221 1469/1934/2222 1470/1935/2223
f 1470/1935/2223 1465/1936/2224 1468/1933/2221
f 1470/1937/2225 1469/1938/2226 1471/1939/2227
f 1471/1939/2227 1472/1940/2228 1470/1937/2225
f 1473/1941/2229 1474/1942/2230 1475/1943/2231
f 1475/1943/2231 1476/1944/2232 1473/1941/2229
f 1474/1945/2233 1473/1946/2234 1467/1929/2234
f 1467/1929/2234 1466/1932/2233 1474/1945/2233
f 1477/1947/2235 1478/1948/2236 1428/1871/2157
f 1428/1871/2157 1427/1874/2160 1477/1947/2235
f 1478/1949/2237 1479/1950/2238 1430/1877/2163
f 1430/1877/2163 1428/1876/2162 1478/1949/2237
f 1479/1951/2239 1480/1952/2240 1432/1879/2165
f 1432/1879/2165 1430/1882/2168 1479/1951/2239
f 1455/1911/2197 1458/1914/2200 1436/1953/2241
f 1436/1953/2241 1435/1954/2242 1455/1911/2197
f 1477/1947/2235 1427/1874/2160 1439/1888/2174
f 1439/1888/2174 1457/1917/2203 1477/1947/2235
f 1437/1908/2194 1436/1915/2201 1439/1888/2174
f 1439/1888/2174 1438/1887/2173 1437/1908/2194
f 1429/1872/2158 1442/1889/2175 1441/1892/2178
f 1441/1892/2178 1426/1873/2159 1429/1872/2158
f 1442/1893/2179 1429/1875/2161 1431/1878/2164
f 1431/1878/2164 1444/1894/2180 1442/1893/2179
f 1433/1880/2166 1446/1897/2183 1444/1900/2186
f 1444/1900/2186 1431/1881/2167 1433/1880/2166
f 1434/1883/2169 1437/1886/2172 1450/1902/2188
f 1450/1902/2188 1449/1901/2187 1434/1883/2169
f 1438/1887/2173 1426/1873/2159 1441/1892/2178
f 1441/1892/2178 1453/1905/2191 1438/1887/2173
f 1452/1906/2192 1451/1955/2243 1450/1907/2193
f 1450/1907/2193 1453/1905/2191 1452/1906/2192
f 1481/1956/2244 1454/1924/2210 1447/1898/2184
f 1447/1898/2184 1446/1897/2183 1481/1956/2244
f 1435/1957/2245 1482/1958/2246 1456/1959/2247
f 1456/1959/2247 1455/1960/2248 1435/1957/2245
f 1480/1952/2240 1456/1959/2247 1482/1958/2246
f 1482/1958/2246 1432/1879/2165 1480/1952/2240
f 1449/1961/2249 1448/1962/2250 1454/1924/2251
f 1454/1924/2210 1481/1956/2244 1449/1961/2252
f 1457/1913/2199 1456/1912/2198 1480/1963/2253
f 1480/1963/2253 1477/1964/2254 1457/1913/2199
f 1477/1964/2254 1480/1963/2253 1479/1950/2238
f 1479/1950/2238 1478/1949/2237 1477/1964/2254
f 1484/1965/2255 1459/1919/2205 1460/1918/2204
f 1460/1918/2204 1483/1966/2256 1484/1965/2255
f 1485/1967/2257 1483/1968/2258 1460/1920/2206
f 1460/1920/2206 1461/1921/2207 1485/1967/2257
f 1485/1969/2259 1461/1923/2209 1462/1922/2208
f 1462/1922/2208 1486/1970/2260 1485/1969/2259
f 1487/1971/2261 1486/1970/2260 1462/1922/2208
f 1462/1922/2208 1463/1925/2211 1487/1971/2261
f 1463/1927/2215 1464/1926/2214 1488/1972/2262
f 1488/1972/2262 1487/1973/2263 1463/1927/2215
f 1484/1965/2255 1488/1974/2264 1464/1928/2216
f 1464/1928/2216 1459/1919/2205 1484/1965/2255
f 1421/1858/2147 1484/1965/2255 1483/1966/2256
f 1483/1966/2256 1420/1859/2148 1421/1858/2147
f 1485/1967/2257 1422/1860/2149 1420/1861/2150
f 1420/1861/2150 1483/1968/2258 1485/1967/2257
f 1422/1863/2151 1485/1969/2259 1486/1970/2260
f 1486/1970/2260 1423/1864/2152 1422/1863/2151
f 1424/1866/2153 1423/1864/2152 1486/1970/2260
f 1486/1970/2260 1487/1971/2261 1424/1866/2153
f 1487/1973/2263 1488/1972/2262 1425/1869/2155
f 1425/1869/2155 1424/1868/2154 1487/1973/2263
f 1421/1858/2147 1425/1870/2156 1488/1974/2264
f 1488/1974/2264 1484/1965/2255 1421/1858/2147
f 1475/1975/2265 1472/1940/2228 1471/1939/2227
f 1471/1939/2227 1476/1976/2266 1475/1975/2265
f 1468/1930/2218 1467/1929/2217 1405/1826/2110
f 1405/1826/2110 1404/1825/2109 1468/1930/2218
f 1404/1831/2115 1407/1830/2114 1469/1934/2222
f 1469/1934/2222 1468/1933/2221 1404/1831/2115
f 1471/1939/2227 1469/1938/2226 1407/1834/2118
f 1407/1834/2118 1409/1833/2117 1471/1939/2227
f 1413/1840/2124 1473/1941/2229 1476/1944/2232
f 1476/1944/2232 1411/1841/2125 1413/1840/2124
f 1473/1946/2234 1413/1843/2128 1405/1826/2127
f 1405/1826/2127 1467/1929/2234 1473/1946/2234
f 1476/1976/2266 1471/1939/2227 1409/1833/2117
f 1409/1833/2117 1411/1837/2121 1476/1976/2266
f 1491/1977/2267 1492/1978/2268 1489/1979/2269
f 1489/1979/2269 1490/1980/2270 1491/1977/2267
f 1493/1981/2271 1494/1982/2272 1490/1983/2273
f 1490/1983/2273 1489/1984/2274 1493/1981/2271
f 1494/1985/2275 1493/1986/2276 1495/1987/2277
f 1495/1987/2277 1496/1988/2278 1494/1985/2275
f 1496/1988/2278 1495/1987/2277 1497/1989/2279
f 1497/1989/2279 1498/1990/2280 1496/1988/2278
f 1499/1991/2281 1500/1992/2282 1498/1993/2283
f 1498/1993/2283 1497/1994/2284 1499/1991/2281
f 1500/1995/2285 1499/1996/2286 1492/1978/2287
f 1492/1978/2287 1491/1977/2288 1500/1995/2285
f 1502/1997/2289 1491/1998/2290 1490/1999/2291
f 1490/1999/2291 1501/2000/2292 1502/1997/2289
f 1494/1982/2272 1503/2001/2293 1501/2002/2294
f 1501/2002/2294 1490/1983/2273 1494/1982/2272
f 1503/2003/2295 1494/1985/2296 1496/1988/2297
f 1496/1988/2297 1504/2004/2298 1503/2003/2295
f 1504/2004/2298 1496/1988/2297 1498/1990/2299
f 1498/1990/2299 1505/2005/2300 1504/2004/2298
f 1500/1992/2282 1506/2006/2301 1505/2007/2302
f 1505/2007/2302 1498/1993/2283 1500/1992/2282
f 1506/2008/2303 1500/2009/2304 1491/1998/2290
f 1491/1998/2290 1502/1997/2289 1506/2008/2303
f 1507/2010/2305 1508/2011/2306 1502/1997/2289
f 1502/1997/2289 1501/2000/2292 1507/2010/2305
f 1501/2002/2294 1503/2001/2293 1509/2012/2307
f 1509/2012/2307 1507/2013/2308 1501/2002/2294
f 1510/2014/2174 1509/2015/2309 1503/2016/2295
f 1503/2016/2295 1504/2017/2298 1510/2014/2174
f 1505/2018/2300 1511/2019/2310 1510/2014/2174
f 1510/2014/2174 1504/2017/2298 1505/2018/2300
f 1511/2020/2311 1505/2007/2302 1506/2006/2301
f 1506/2006/2301 1512/2021/2312 1511/2020/2311
f 1502/1997/2289 1508/2011/2306 1512/2022/2313
f 1512/2022/2313 1506/2008/2303 1502/1997/2289
f 1515/2023/2314 1516/2024/2315 1513/2025/2316
f 1513/2025/2316 1514/2026/2317 1515/2023/2314
f 1516/2027/2318 1517/2028/2319 1518/2029/2320
f 1518/2029/2320 1513/2030/2321 1516/2027/2318
f 1517/2031/2322 1520/2032/2323 1519/2033/2324
f 1519/2033/2324 1518/2034/2325 1517/2031/2322
f 1522/2035/2326 1523/2036/2327 1524/2037/2328
f 1524/2037/2328 1521/2038/2329 1522/2035/2326
f 1527/2039/2330 1528/2040/2331 1525/2041/2330
f 1525/2041/2330 1526/2042/2332 1527/2039/2330
f 1528/2043/2333 1529/2044/2334 1530/2045/2335
f 1530/2045/2335 1525/2046/2336 1528/2043/2333
f 1529/2047/2337 1532/2048/2337 1531/2049/2338
f 1531/2049/2338 1530/2050/2339 1529/2047/2337
f 1534/2051/2340 1535/2052/2341 1536/2053/2342
f 1536/2053/2342 1533/2054/2343 1534/2051/2340
f 1537/2055/2344 1527/2039/2330 1526/2042/2332
f 1523/2056/2345 1536/2057/2346 1526/2042/2332
f 1526/2042/2332 1515/2023/2314 1523/2056/2345
f 1537/2058/2347 1535/2052/2341 1534/2051/2340
f 1534/2051/2340 1538/2059/2348 1537/2058/2347
f 1540/2060/2349 1541/2061/2350 1542/2062/2351
f 1542/2062/2351 1539/2063/2352 1540/2060/2349
f 1542/2064/2244 1541/2065/2353 1524/2066/2245
f 1524/2066/2245 1514/2026/2317 1542/2064/2244
f 1543/2067/2354 1544/2068/2355 1528/2040/2331
f 1528/2040/2331 1527/2039/2330 1543/2067/2354
f 1544/2069/2356 1545/2070/2357 1529/2044/2334
f 1529/2044/2334 1528/2043/2333 1544/2069/2356
f 1546/2071/2358 1532/2048/2337 1529/2047/2337
f 1529/2047/2337 1545/2072/2359 1546/2071/2358
f 1547/2073/2360 1538/2074/2361 1532/2048/2337
f 1532/2048/2337 1546/2071/2358 1547/2073/2360
f 1538/2059/2362 1547/2075/2363 1548/2076/2364
f 1548/2076/2364 1537/2058/2365 1538/2059/2362
f 1548/2077/2366 1543/2067/2354 1527/2039/2330
f 1527/2039/2330 1537/2055/2344 1548/2077/2366
f 1465/1931/2219 1550/2078/2367 1549/2079/2368
f 1549/2079/2368 1466/1932/2220 1465/1931/2219
f 1550/2080/2369 1465/1936/2224 1470/1935/2223
f 1470/1935/2223 1551/2081/2370 1550/2080/2369
f 1552/2082/2371 1551/2083/2372 1470/1937/2225
f 1470/1937/2225 1472/1940/2228 1552/2082/2371
f 1475/1943/2231 1474/1942/2230 1553/2084/2373
f 1553/2084/2373 1554/2085/2374 1475/1943/2231
f 1549/2079/2375 1553/2086/2375 1474/1945/2233
f 1474/1945/2233 1466/1932/2233 1549/2079/2375
f 1513/2025/2316 1556/2087/2376 1555/2088/2377
f 1555/2088/2377 1514/2026/2317 1513/2025/2316
f 1556/2089/2378 1513/2030/2321 1518/2029/2320
f 1518/2029/2320 1557/2090/2379 1556/2089/2378
f 1519/2033/2324 1558/2091/2380 1557/2092/2381
f 1557/2092/2381 1518/2034/2325 1519/2033/2324
f 1540/2060/2349 1521/2093/2329 1524/2094/2328
f 1524/2094/2328 1541/2061/2350 1540/2060/2349
f 1555/2088/2377 1542/2064/2244 1514/2026/2317
f 1514/2026/2317 1524/2066/2245 1523/2056/2345
f 1523/2056/2345 1515/2023/2314 1514/2026/2317
f 1526/2042/2332 1525/2041/2330 1516/2024/2315
f 1516/2024/2315 1515/2023/2314 1526/2042/2332
f 1525/2046/2336 1530/2045/2335 1517/2028/2319
f 1517/2028/2319 1516/2027/2318 1525/2046/2336
f 1530/2050/2339 1531/2049/2338 1520/2032/2323
f 1520/2032/2323 1517/2031/2322 1530/2050/2339
f 1522/2035/2326 1533/2054/2382 1536/2053/2383
f 1536/2053/2383 1523/2036/2327 1522/2035/2326
f 1536/2057/2346 1535/2095/2384 1537/2055/2344
f 1537/2055/2344 1526/2042/2332 1536/2057/2346
f 1532/2048/2337 1538/2074/2361 1559/2096/2201
f 1559/2096/2201 1531/2049/2338 1532/2048/2337
f 1539/2097/2385 1560/2098/2386 1521/2099/2387
f 1521/2099/2388 1540/2100/2388 1539/2097/2389
f 1560/2098/2386 1539/2097/2385 1558/2091/2380
f 1558/2091/2380 1519/2033/2324 1560/2098/2386
f 1538/2074/2361 1534/2101/2390 1533/2102/2391
f 1533/2102/2391 1559/2096/2201 1538/2074/2361
f 1542/2062/2351 1555/2103/2392 1558/2104/2393
f 1558/2104/2393 1539/2063/2352 1542/2062/2351
f 1556/2089/2378 1557/2090/2379 1558/2104/2393
f 1558/2104/2393 1555/2103/2392 1556/2089/2378
f 1544/2068/2355 1543/2067/2354 1561/2105/2394
f 1561/2105/2394 1562/2106/2395 1544/2068/2355
f 1562/2107/2396 1563/2108/2397 1545/2070/2357
f 1545/2070/2357 1544/2069/2356 1562/2107/2396
f 1546/2071/2358 1545/2072/2359 1563/2109/2398
f 1563/2109/2398 1564/2110/2399 1546/2071/2358
f 1546/2071/2358 1564/2110/2399 1565/2111/2400
f 1565/2111/2400 1547/2073/2360 1546/2071/2358
f 1548/2076/2364 1547/2075/2363 1565/2112/2401
f 1565/2112/2401 1566/2113/2402 1548/2076/2364
f 1548/2077/2366 1566/2114/2403 1561/2105/2394
f 1561/2105/2394 1543/2067/2354 1548/2077/2366
f 1562/2106/2395 1561/2105/2394 1508/2011/2306
f 1508/2011/2306 1507/2010/2305 1562/2106/2395
f 1507/2013/2308 1509/2012/2307 1563/2108/2397
f 1563/2108/2397 1562/2107/2396 1507/2013/2308
f 1564/2110/2399 1563/2109/2398 1509/2015/2309
f 1509/2015/2309 1510/2014/2174 1564/2110/2399
f 1564/2110/2399 1510/2014/2174 1511/2019/2310
f 1511/2019/2310 1565/2111/2400 1564/2110/2399
f 1512/2021/2312 1566/2113/2402 1565/2112/2401
f 1565/2112/2401 1511/2020/2311 1512/2021/2312
f 1566/2114/2403 1512/2022/2313 1508/2011/2306
f 1508/2011/2306 1561/2105/2394 1566/2114/2403
f 1552/2082/2371 1472/1940/2228 1475/1975/2265
f 1475/1975/2265 1554/2115/2404 1552/2082/2371
f 1492/1978/2268 1549/2079/2368 1550/2078/2367
f 1550/2078/2367 1489/1979/2269 1492/1978/2268
f 1493/1981/2271 1489/1984/2274 1550/2080/2369
f 1550/2080/2369 1551/2081/2370 1493/1981/2271
f 1493/1986/2276 1551/2083/2372 1552/2082/2371
f 1552/2082/2371 1495/1987/2277 1493/1986/2276
f 1554/2085/2374 1553/2084/2373 1499/1991/2281
f 1499/1991/2281 1497/1994/2284 1554/2085/2374
f 1492/1978/2287 1499/1996/2286 1553/2086/2375
f 1553/2086/2375 1549/2079/2375 1492/1978/2287
f 1495/1987/2277 1552/2082/2371 1554/2115/2404
f 1554/2115/2404 1497/1989/2279 1495/1987/2277
f 1567/2116/2405 1568/2117/2406 1569/2118/2407
f 1569/2118/2407 1570/2119/2408 1567/2116/2405
f 1569/2118/2407 1571/2120/2409 1572/2121/2410
f 1572/2121/2410 1570/2119/2408 1569/2118/2407
f 1571/2120/2409 1573/2122/2411 1574/2123/2412
f 1574/2123/2412 1572/2121/2410 1571/2120/2409
f 1572/2121/2410 1574/2123/2412 1575/2124/2413
f 1575/2124/2413 1576/2125/2414 1572/2121/2410
f 1567/2116/2405 1570/2119/2408 1577/2126/2415
f 1577/2126/2415 1578/2127/2416 1567/2116/2405
f 1570/2119/2408 1572/2121/2410 1576/2125/2414
f 1576/2125/2414 1577/2126/2415 1570/2119/2408
f 1579/2128/2417 1580/2129/2418 1576/2125/2419
f 1576/2125/2419 1575/2124/2420 1579/2128/2417
f 1576/2125/2419 1580/2129/2418 1581/2130/2421
f 1581/2130/2421 1577/2126/2422 1576/2125/2419
f 1577/2126/2422 1581/2130/2421 1582/2131/2423
f 1582/2131/2423 1578/2127/2424 1577/2126/2422
f 1583/2132/2425 1584/2133/2426 1569/2118/2427
f 1569/2118/2427 1568/2117/2428 1583/2132/2425
f 1584/2133/2426 1585/2134/2429 1571/2120/2430
f 1571/2120/2430 1569/2118/2427 1584/2133/2426
f 1571/2120/2430 1585/2134/2429 1586/2135/2431
f 1586/2135/2431 1573/2122/2432 1571/2120/2430
f 1587/2136/2433 1568/2117/2406 1567/2116/2405
f 1567/2116/2405 1588/2137/2434 1587/2136/2433
f 1588/2137/2434 1589/2138/2435 1590/2139/2436
f 1590/2139/2436 1587/2136/2433 1588/2137/2434
f 1588/2137/2434 1567/2116/2405 1578/2127/2416
f 1578/2127/2416 1591/2140/2437 1588/2137/2434
f 1588/2137/2434 1591/2140/2437 1592/2141/2438
f 1592/2141/2438 1589/2138/2435 1588/2137/2434
f 1593/2142/2439 1589/2138/2435 1592/2141/2438
f 1592/2141/2438 1594/2143/2440 1593/2142/2439
f 1595/2144/2441 1590/2139/2436 1589/2138/2435
f 1589/2138/2435 1593/2142/2439 1595/2144/2441
f 1596/2145/2442 1597/2146/2443 1590/2139/2444
f 1590/2139/2444 1595/2144/2445 1596/2145/2442
f 1590/2139/2444 1597/2146/2443 1598/2147/2446
f 1598/2147/2446 1587/2136/2447 1590/2139/2444
f 1587/2136/2447 1598/2147/2446 1583/2132/2425
f 1583/2132/2425 1568/2117/2428 1587/2136/2447
f 1582/2131/2423 1599/2148/2448 1591/2140/2449
f 1591/2140/2449 1578/2127/2424 1582/2131/2423
f 1599/2148/2448 1600/2149/2450 1592/2141/2451
f 1592/2141/2451 1591/2140/2449 1599/2148/2448
f 1600/2149/2450 1601/2150/2452 1594/2143/2453
f 1594/2143/2453 1592/2141/2451 1600/2149/2450
f 1595/2144/2441 1593/2142/2439 1603/2151/2454
f 1603/2151/2454 1602/2152/2455 1595/2144/2441
f 1603/2151/2454 1593/2142/2439 1594/2143/2440
f 1594/2143/2440 1604/2153/2456 1603/2151/2454
f 1605/2154/2457 1603/2151/2454 1604/2153/2456
f 1604/2153/2456 1606/2155/2458 1605/2154/2457
f 1607/2156/2459 1602/2152/2455 1603/2151/2454
f 1603/2151/2454 1605/2154/2457 1607/2156/2459
f 1608/2157/2460 1596/2145/2442 1595/2144/2445
f 1595/2144/2445 1602/2152/2461 1608/2157/2460
f 1601/2150/2452 1609/2158/2462 1604/2153/2463
f 1604/2153/2463 1594/2143/2453 1601/2150/2452
f 1604/2153/2463 1609/2158/2462 1610/2159/2464
f 1610/2159/2464 1606/2155/2465 1604/2153/2463
f 1605/2154/2457 1611/2160/2466 1612/2161/2467
f 1612/2161/2467 1607/2156/2459 1605/2154/2457
f 1605/2154/2457 1606/2155/2458 1613/2162/2468
f 1613/2162/2468 1611/2160/2466 1605/2154/2457
f 1614/2163/2469 1612/2161/2467 1611/2160/2466
f 1611/2160/2466 1615/2164/2470 1614/2163/2469
f 1615/2164/2470 1611/2160/2466 1613/2162/2468
f 1613/2162/2468 1616/2165/2471 1615/2164/2470
f 1614/2163/2472 1617/2166/2473 1618/2167/2474
f 1618/2167/2474 1612/2161/2475 1614/2163/2472
f 1618/2167/2474 1619/2168/2476 1607/2156/2477
f 1607/2156/2477 1612/2161/2475 1618/2167/2474
f 1619/2168/2476 1608/2157/2460 1602/2152/2461
f 1602/2152/2461 1607/2156/2477 1619/2168/2476
f 1620/2169/2478 1621/2170/2479 1615/2164/2480
f 1615/2164/2480 1616/2165/2481 1620/2169/2478
f 1610/2159/2464 1622/2171/2482 1613/2162/2483
f 1613/2162/2483 1606/2155/2465 1610/2159/2464
f 1613/2162/2483 1622/2171/2482 1620/2169/2478
f 1620/2169/2478 1616/2165/2481 1613/2162/2483
f 1617/2166/2473 1614/2163/2472 1615/2164/2480
f 1615/2164/2480 1621/2172/2479 1617/2166/2473
f 1573/2122/2411 1623/2173/2484 1624/2174/2485
f 1624/2174/2485 1574/2123/2412 1573/2122/2411
f 1574/2123/2412 1624/2174/2485 1625/2175/2486
f 1625/2175/2486 1575/2124/2413 1574/2123/2412
f 1586/2135/2431 1626/2176/2487 1623/2173/2488
f 1623/2173/2488 1573/2122/2432 1586/2135/2431
f 1575/2124/2420 1625/2175/2489 1627/2177/2490
f 1627/2177/2490 1579/2128/2417 1575/2124/2420
f 1628/2178/2491 1629/2179/2492 1630/2180/2493
f 1630/2180/2493 1631/2181/2494 1628/2178/2491
f 1631/2181/2494 1630/2180/2493 1632/2182/2495
f 1632/2182/2495 1633/2183/2496 1631/2181/2494
f 1634/2184/2497 1635/2185/2498 1629/2179/2499
f 1629/2179/2499 1628/2178/2500 1634/2184/2497
f 1633/2183/2501 1632/2182/2502 1636/2186/2503
f 1636/2186/2503 1637/2187/2504 1633/2183/2501
f 1623/2173/2484 1638/2188/2505 1639/2189/2506
f 1639/2189/2506 1624/2174/2485 1623/2173/2484
f 1639/2189/2506 1640/2190/2507 1625/2175/2486
f 1625/2175/2486 1624/2174/2485 1639/2189/2506
f 1626/2176/2487 1641/2191/2508 1638/2188/2509
f 1638/2188/2509 1623/2173/2488 1626/2176/2487
f 1625/2175/2489 1640/2190/2510 1642/2192/2511
f 1642/2192/2511 1627/2177/2490 1625/2175/2489
f 1643/2193/2512 1644/2194/2513 1645/2195/2514
f 1645/2195/2514 1646/2196/2515 1643/2193/2512
f 1645/2195/2514 1647/2197/2516 1648/2198/2517
f 1648/2198/2517 1646/2196/2515 1645/2195/2514
f 1649/2199/2518 1650/2200/2519 1644/2194/2520
f 1644/2194/2521 1643/2193/2522 1649/2199/2523
f 1647/2197/2524 1651/2201/2525 1652/2202/2526
f 1652/2202/2526 1648/2198/2527 1647/2197/2524
f 1653/2203/2528 1643/2193/2512 1646/2196/2515
f 1646/2196/2515 1654/2204/2529 1653/2203/2528
f 1646/2196/2515 1648/2198/2517 1655/2205/2530
f 1655/2205/2530 1654/2204/2529 1646/2196/2515
f 1656/2206/2531 1649/2199/2523 1643/2193/2522
f 1643/2193/2522 1653/2203/2532 1656/2206/2531
f 1648/2198/2527 1652/2202/2526 1657/2207/2533
f 1657/2207/2533 1655/2205/2534 1648/2198/2527
f 1629/2179/2492 1653/2203/2528 1654/2204/2529
f 1654/2204/2529 1630/2180/2493 1629/2179/2492
f 1630/2180/2493 1654/2204/2529 1655/2205/2530
f 1655/2205/2530 1632/2182/2495 1630/2180/2493
f 1635/2185/2498 1656/2206/2531 1653/2203/2532
f 1653/2203/2532 1629/2179/2499 1635/2185/2498
f 1655/2205/2534 1657/2207/2533 1636/2186/2503
f 1636/2186/2503 1632/2182/2502 1655/2205/2534
f 1628/2178/2491 1631/2181/2494 1639/2189/2506
f 1639/2189/2506 1638/2188/2505 1628/2178/2491
f 1631/2181/2494 1633/2183/2496 1640/2190/2507
f 1640/2190/2507 1639/2189/2506 1631/2181/2494
f 1641/2191/2508 1634/2184/2497 1628/2178/2500
f 1628/2178/2500 1638/2188/2509 1641/2191/2508
f 1633/2183/2501 1637/2187/2504 1642/2192/2511
f 1642/2192/2511 1640/2190/2510 1633/2183/2501
f 967/1332/1451 970/1335/1456 973/1338/1459
f 973/1338/1459 968/1333/1452 967/1332/1451
f 984/1351/1480 970/1335/1483 967/1332/1477
f 967/1332/1477 983/1349/1476 984/1351/1480
f 996/1363/2535 1658/2208/2536 969/1334/2537
f 969/1334/2538 968/1333/1504 996/1363/1503
f 971/1336/1457 974/1340/1461 975/1339/1460
f 975/1339/1460 972/1337/1458 971/1336/1457
f 985/1352/1481 986/1353/1484 974/1340/1487
f 974/1340/1487 971/1336/1482 985/1352/1481
f 995/1362/1502 973/1338/1505 972/1337/1501
f 972/1337/1501 994/1361/1500 995/1362/1502
f 919/1253/2539 922/2209/2539 533/542/595
f 533/542/595 532/541/594 919/1253/2539
f 920/1254/1368 500/508/1374 923/1258/1375
f 923/1258/1375 921/1255/1369 920/1254/1368
f 919/1253/1365 532/541/2540 507/516/557
f 507/516/557 501/509/550 919/1253/1365
f 928/1263/1382 924/1259/1376 927/2210/1379
f 927/2210/1379 929/1264/1383 928/1263/1382
f 925/1260/1377 504/512/598 535/544/599
f 535/544/599 926/1261/1378 925/1260/1377
f 503/513/554 504/512/553 925/1260/2541
f 925/1260/2541 924/1259/1380 503/513/554
f 16/19/19 19/18/18 3835/2211/2542
f 3835/2211/2542 2714/560/2543 16/19/19
f 3835/2211/2542 19/18/18 24/566/1389
f 24/566/1389 1674/2212/2544 3835/2211/2542
f 1674/2212/2545 24/566/640 1669/569/644
f 914/1244/1354 271/272/1355 3088/1250/2546
f 3088/1250/2546 3836/2213/2547 914/1244/1354
f 915/1246/1357 916/1245/1356 1664/2214/2548
f 1664/2214/2548 1663/2215/2549 915/1246/1357
f 3081/1242/1352 256/257/279 914/1244/1354
f 914/1244/1354 3836/2213/2547 3081/1242/1352
f 916/1245/1356 257/258/280 3082/1243/1353
f 3082/1243/1353 1664/2214/2548 916/1245/1356
f 917/1247/1358 915/1246/1357 1663/2215/2549
f 1663/2215/2549 3837/2216/2550 917/1247/1358
f 918/1248/1359 917/1247/1358 3837/2216/2550
f 3837/2216/2550 1665/2217/2551 918/1248/1359
f 205/205/227 918/1248/1359 1665/2217/2551
f 1665/2217/2551 1670/1240/1350 205/205/227
f 3089/1251/2552 583/597/1360 206/206/228
f 206/206/228 3080/1241/1351 3089/1251/2552
f 1675/2218/2553 961/1326/1445 960/1325/1444
f 960/1325/1444 3155/1348/2554 1675/2218/2553
f 3838/2219/2555 997/1364/1506 961/1326/1509
f 961/1326/1509 1675/2218/2556 3838/2219/2555
f 1300/1703/1941 1301/1707/1945 1662/1741/1979
f 1662/1741/1979 3839/2220/2557 1300/1703/1941
f 1293/1696/1934 1296/1700/1938 1667/2221/2558
f 1667/2221/2558 1666/2222/2559 1293/1696/1934
f 1297/1704/1942 1300/1703/1941 3839/2220/2557
f 3839/2220/2557 1661/1735/1973 1297/1704/1942
f 1296/1700/1938 1329/1734/1972 1672/1736/1974
f 1672/1736/1974 1667/2221/2558 1296/1700/1938
f 1294/1697/1935 1293/1696/1934 1666/2222/2559
f 1666/2222/2559 1676/2223/2560 1294/1697/1935
f 1330/1737/1975 1294/1697/1935 1676/2223/2560
f 1676/2223/2560 1677/2224/2561 1330/1737/1975
f 1290/1693/1931 1330/1737/1975 1677/2224/2561
f 1677/2224/2561 3465/1694/1932 1290/1693/1931
f 1337/1746/1984 1285/1688/1926 1679/2225/2562
f 1679/2225/2562 1678/2226/2563 1337/1746/1984
f 1679/2225/2562 1285/1688/1926 1288/1691/1929
f 1288/1691/1929 1671/1695/1933 1679/2225/2562
f 1668/2227/2564 1338/1747/1985 1337/1746/1988
f 1337/1746/1988 1678/2226/2565 1668/2227/2564
f 1681/283/2566 1682/284/2567 1683/285/2568
f 1683/285/2568 1680/286/2569 1681/283/2566
f 1681/283/2566 1684/287/2570 1685/288/2571
f 1685/288/2571 1682/284/2567 1681/283/2566
f 1684/287/2570 1686/289/2572 1687/290/2573
f 1687/290/2573 1685/288/2571 1684/287/2570
f 1686/289/2572 1688/291/2574 1689/292/2575
f 1689/292/2575 1687/290/2573 1686/289/2572
f 1688/291/2574 1690/293/2576 1691/294/2577
f 1691/294/2577 1689/292/2575 1688/291/2574
f 1692/295/2578 1693/296/2579 1691/294/2577
f 1691/294/2577 1690/293/2576 1692/295/2578
f 1682/284/2567 1694/297/2580 1695/298/2581
f 1695/298/2581 1683/285/2568 1682/284/2567
f 1682/284/2567 1685/288/2571 1696/299/2582
f 1696/299/2582 1694/297/2580 1682/284/2567
f 1685/288/2571 1687/290/2573 1697/300/2583
f 1697/300/2583 1696/299/2582 1685/288/2571
f 1687/290/2573 1689/292/2575 1698/301/2584
f 1698/301/2584 1697/300/2583 1687/290/2573
f 1689/292/2575 1691/294/2577 1699/302/2585
f 1699/302/2585 1698/301/2584 1689/292/2575
f 1693/296/2579 1700/303/2586 1699/302/2585
f 1699/302/2585 1691/294/2577 1693/296/2579
f 1694/297/2580 1701/304/2587 1702/305/2588
f 1702/305/2588 1695/298/2581 1694/297/2580
f 1694/297/2580 1696/299/2582 1703/306/2589
f 1703/306/2589 1701/304/2587 1694/297/2580
f 1696/299/2582 1697/300/2583 1704/307/2590
f 1704/307/2590 1703/306/2589 1696/299/2582
f 1697/300/2583 1698/301/2584 1705/308/2591
f 1705/308/2591 1704/307/2590 1697/300/2583
f 1698/301/2584 1699/302/2585 1706/309/2592
f 1706/309/2592 1705/308/2591 1698/301/2584
f 1700/303/2586 1707/310/2593 1706/309/2592
f 1706/309/2592 1699/302/2585 1700/303/2586
f 1701/304/2587 1708/311/2594 1709/312/2595
f 1709/312/2595 1702/305/2588 1701/304/2587
f 1701/304/2587 1703/306/2589 1710/313/2596
f 1710/313/2596 1708/311/2594 1701/304/2587
f 1703/306/2589 1704/307/2590 1711/314/2597
f 1711/314/2597 1710/313/2596 1703/306/2589
f 1704/307/2590 1705/308/2591 1712/315/2598
f 1712/315/2598 1711/314/2597 1704/307/2590
f 1705/308/2591 1706/309/2592 1713/316/2599
f 1713/316/2599 1712/315/2598 1705/308/2591
f 1707/310/2593 1714/317/2600 1713/316/2599
f 1713/316/2599 1706/309/2592 1707/310/2593
f 1708/311/2594 1715/318/2601 1716/319/2602
f 1716/319/2602 1709/312/2595 1708/311/2594
f 1708/311/2594 1710/313/2596 1717/320/2603
f 1717/320/2603 1715/318/2601 1708/311/2594
f 1710/313/2596 1711/314/2597 1718/321/2604
f 1718/321/2604 1717/320/2603 1710/313/2596
f 1711/314/2597 1712/315/2598 1719/322/2605
f 1719/322/2605 1718/321/2604 1711/314/2597
f 1712/315/2598 1713/316/2599 1720/323/2606
f 1720/323/2606 1719/322/2605 1712/315/2598
f 1714/317/2600 1721/324/2607 1720/323/2606
f 1720/323/2606 1713/316/2599 1714/317/2600
f 1715/318/2601 1722/325/2608 1723/326/2609
f 1723/326/2609 1716/319/2602 1715/318/2601
f 1715/318/2601 1717/320/2603 1724/327/2610
f 1724/327/2610 1722/325/2608 1715/318/2601
f 1717/320/2603 1718/321/2604 1725/328/2611
f 1725/328/2611 1724/327/2610 1717/320/2603
f 1718/321/2604 1719/322/2605 1726/329/2612
f 1726/329/2612 1725/328/2611 1718/321/2604
f 1719/322/2605 1720/323/2606 1727/330/2613
f 1727/330/2613 1726/329/2612 1719/322/2605
f 1721/324/2607 1728/331/2614 1727/330/2613
f 1727/330/2613 1720/323/2606 1721/324/2607
f 1722/325/2608 1729/332/2615 1730/333/2616
f 1730/333/2616 1723/326/2609 1722/325/2608
f 1722/325/2608 1724/327/2610 1731/334/2617
f 1731/334/2617 1729/332/2615 1722/325/2608
f 1724/327/2610 1725/328/2611 1732/335/2618
f 1732/335/2618 1731/334/2617 1724/327/2610
f 1725/328/2611 1726/329/2612 1733/336/2619
f 1733/336/2619 1732/335/2618 1725/328/2611
f 1726/329/2612 1727/330/2613 1734/337/2620
f 1734/337/2620 1733/336/2619 1726/329/2612
f 1728/331/2614 1735/338/2621 1734/337/2620
f 1734/337/2620 1727/330/2613 1728/331/2614
f 1729/332/2615 1736/339/2622 1737/340/2623
f 1737/340/2623 1730/333/2616 1729/332/2615
f 1729/332/2615 1731/334/2617 1738/341/2624
f 1738/341/2624 1736/339/2622 1729/332/2615
f 1731/334/2617 1732/335/2618 1739/342/2625
f 1739/342/2625 1738/341/2624 1731/334/2617
f 1732/335/2618 1733/336/2619 1740/343/2626
f 1740/343/2626 1739/342/2625 1732/335/2618
f 1733/336/2619 1734/337/2620 1741/344/2627
f 1741/344/2627 1740/343/2626 1733/336/2619
f 1735/338/2621 1742/345/2628 1741/344/2627
f 1741/344/2627 1734/337/2620 1735/338/2621
f 1736/339/2622 1743/346/2629 1744/347/2630
f 1744/347/2630 1737/340/2623 1736/339/2622
f 1736/339/2622 1738/341/2624 1745/348/2631
f 1745/348/2631 1743/346/2629 1736/339/2622
f 1738/341/2624 1739/342/2625 1746/349/2632
f 1746/349/2632 1745/348/2631 1738/341/2624
f 1739/342/2625 1740/343/2626 1747/350/2633
f 1747/350/2633 1746/349/2632 1739/342/2625
f 1740/343/2626 1741/344/2627 1748/351/2634
f 1748/351/2634 1747/350/2633 1740/343/2626
f 1742/345/2628 1749/352/2635 1748/351/2634
f 1748/351/2634 1741/344/2627 1742/345/2628
f 1743/346/2629 1750/353/2636 1751/354/2637
f 1751/354/2637 1744/347/2630 1743/346/2629
f 1743/346/2629 1745/348/2631 1752/355/2638
f 1752/355/2638 1750/353/2636 1743/346/2629
f 1745/348/2631 1746/349/2632 1753/356/2639
f 1753/356/2639 1752/355/2638 1745/348/2631
f 1746/349/2632 1747/350/2633 1754/357/2640
f 1754/357/2640 1753/356/2639 1746/349/2632
f 1747/350/2633 1748/351/2634 1755/358/2641
f 1755/358/2641 1754/357/2640 1747/350/2633
f 1749/352/2635 1756/359/2642 1755/358/2641
f 1755/358/2641 1748/351/2634 1749/352/2635
f 1750/353/2636 1757/360/2643 1758/361/2644
f 1758/361/2644 1751/354/2637 1750/353/2636
f 1750/353/2636 1752/355/2638 1759/362/2645
f 1759/362/2645 1757/360/2643 1750/353/2636
f 1752/355/2638 1753/356/2639 1760/363/2646
f 1760/363/2646 1759/362/2645 1752/355/2638
f 1753/356/2639 1754/357/2640 1761/364/2647
f 1761/364/2647 1760/363/2646 1753/356/2639
f 1754/357/2640 1755/358/2641 1762/365/2648
f 1762/365/2648 1761/364/2647 1754/357/2640
f 1756/359/2642 1763/366/2649 1762/365/2648
f 1762/365/2648 1755/358/2641 1756/359/2642
f 1757/360/2643 1764/367/2650 1765/368/2651
f 1765/368/2651 1758/361/2644 1757/360/2643
f 1757/360/2643 1759/362/2645 1766/369/2652
f 1766/369/2652 1764/367/2650 1757/360/2643
f 1759/362/2645 1760/363/2646 1767/370/2653
f 1767/370/2653 1766/369/2652 1759/362/2645
f 1760/363/2646 1761/364/2647 1768/371/2654
f 1768/371/2654 1767/370/2653 1760/363/2646
f 1761/364/2647 1762/365/2648 1769/372/2655
f 1769/372/2655 1768/371/2654 1761/364/2647
f 1763/366/2649 1770/373/2656 1769/372/2655
f 1769/372/2655 1762/365/2648 1763/366/2649
f 1764/367/2650 1771/374/2657 1772/375/2658
f 1772/375/2658 1765/368/2651 1764/367/2650
f 1764/367/2650 1766/369/2652 1773/376/2659
f 1773/376/2659 1771/374/2657 1764/367/2650
f 1766/369/2652 1767/370/2653 1774/377/2660
f 1774/377/2660 1773/376/2659 1766/369/2652
f 1767/370/2653 1768/371/2654 1775/378/2661
f 1775/378/2661 1774/377/2660 1767/370/2653
f 1768/371/2654 1769/372/2655 1776/379/2662
f 1776/379/2662 1775/378/2661 1768/371/2654
f 1770/373/2656 1777/380/2663 1776/379/2662
f 1776/379/2662 1769/372/2655 1770/373/2656
f 1771/374/2657 1778/381/2664 1779/382/2665
f 1779/382/2665 1772/375/2658 1771/374/2657
f 1771/374/2657 1773/376/2659 1780/383/2666
f 1780/383/2666 1778/381/2664 1771/374/2657
f 1773/376/2659 1774/377/2660 1781/384/2667
f 1781/384/2667 1780/383/2666 1773/376/2659
f 1774/377/2660 1775/378/2661 1782/385/2668
f 1782/385/2668 1781/384/2667 1774/377/2660
f 1775/378/2661 1776/379/2662 1783/386/2669
f 1783/386/2669 1782/385/2668 1775/378/2661
f 1777/380/2663 1784/387/2670 1783/386/2669
f 1783/386/2669 1776/379/2662 1777/380/2663
f 1778/381/2664 1785/388/2671 1786/389/2672
f 1786/389/2672 1779/382/2665 1778/381/2664
f 1778/381/2664 1780/383/2666 1787/390/2673
f 1787/390/2673 1785/388/2671 1778/381/2664
f 1780/383/2666 1781/384/2667 1788/391/2674
f 1788/391/2674 1787/390/2673 1780/383/2666
f 1781/384/2667 1782/385/2668 1789/392/2675
f 1789/392/2675 1788/391/2674 1781/384/2667
f 1782/385/2668 1783/386/2669 1790/393/2676
f 1790/393/2676 1789/392/2675 1782/385/2668
f 1784/387/2670 1791/394/2677 1790/393/2676
f 1790/393/2676 1783/386/2669 1784/387/2670
f 1785/388/2671 1792/395/2678 1793/396/2679
f 1793/396/2679 1786/389/2672 1785/388/2671
f 1785/388/2671 1787/390/2673 1794/397/2680
f 1794/397/2680 1792/395/2678 1785/388/2671
f 1787/390/2673 1788/391/2674 1795/398/2681
f 1795/398/2681 1794/397/2680 1787/390/2673
f 1788/391/2674 1789/392/2675 1796/399/2682
f 1796/399/2682 1795/398/2681 1788/391/2674
f 1789/392/2675 1790/393/2676 1797/400/2683
f 1797/400/2683 1796/399/2682 1789/392/2675
f 1791/394/2677 1798/401/2684 1797/400/2683
f 1797/400/2683 1790/393/2676 1791/394/2677
f 1792/395/2678 1799/402/2685 1800/403/2686
f 1800/403/2686 1793/396/2679 1792/395/2678
f 1792/395/2678 1794/397/2680 1801/404/2687
f 1801/404/2687 1799/402/2685 1792/395/2678
f 1794/397/2680 1795/398/2681 1802/405/2688
f 1802/405/2688 1801/404/2687 1794/397/2680
f 1795/398/2681 1796/399/2682 1803/406/2689
f 1803/406/2689 1802/405/2688 1795/398/2681
f 1796/399/2682 1797/400/2683 1804/407/2690
f 1804/407/2690 1803/406/2689 1796/399/2682
f 1798/401/2684 1805/408/2691 1804/407/2690
f 1804/407/2690 1797/400/2683 1798/401/2684
f 1799/402/2685 1806/409/2692 1807/410/2693
f 1807/410/2693 1800/403/2686 1799/402/2685
f 1799/402/2685 1801/404/2687 1808/411/2694
f 1808/411/2694 1806/409/2692 1799/402/2685
f 1801/404/2687 1802/405/2688 1809/412/2695
f 1809/412/2695 1808/411/2694 1801/404/2687
f 1802/405/2688 1803/406/2689 1810/413/2696
f 1810/413/2696 1809/412/2695 1802/405/2688
f 1803/406/2689 1804/407/2690 1811/414/2697
f 1811/414/2697 1810/413/2696 1803/406/2689
f 1805/408/2691 1812/415/2698 1811/414/2697
f 1811/414/2697 1804/407/2690 1805/408/2691
f 1806/416/2692 1813/417/2699 1814/418/2700
f 1814/418/2700 1807/419/2693 1806/416/2692
f 1806/416/2692 1808/420/2694 1815/421/2701
f 1815/421/2701 1813/417/2699 1806/416/2692
f 1808/420/2694 1809/422/2695 1816/423/2702
f 1816/423/2702 1815/421/2701 1808/420/2694
f 1809/422/2695 1810/424/2696 1817/425/2703
f 1817/425/2703 1816/423/2702 1809/422/2695
f 1810/424/2696 1811/426/2697 1818/427/2704
f 1818/427/2704 1817/425/2703 1810/424/2696
f 1812/428/2698 1819/429/2705 1818/427/2704
f 1818/427/2704 1811/426/2697 1812/428/2698
f 1813/417/2699 1820/430/2706 1821/431/2707
f 1821/431/2707 1814/418/2700 1813/417/2699
f 1813/417/2699 1815/421/2701 1822/432/2708
f 1822/432/2708 1820/430/2706 1813/417/2699
f 1815/421/2701 1816/423/2702 1823/433/2709
f 1823/433/2709 1822/432/2708 1815/421/2701
f 1816/423/2702 1817/425/2703 1824/434/2710
f 1824/434/2710 1823/433/2709 1816/423/2702
f 1817/425/2703 1818/427/2704 1825/435/2711
f 1825/435/2711 1824/434/2710 1817/425/2703
f 1819/429/2705 1826/436/2712 1825/435/2711
f 1825/435/2711 1818/427/2704 1819/429/2705
f 1820/430/2706 1827/437/2713 1828/438/2714
f 1828/438/2714 1821/431/2707 1820/430/2706
f 1820/430/2706 1822/432/2708 1829/439/2715
f 1829/439/2715 1827/437/2713 1820/430/2706
f 1822/432/2708 1823/433/2709 1830/440/2716
f 1830/440/2716 1829/439/2715 1822/432/2708
f 1823/433/2709 1824/434/2710 1831/441/2717
f 1831/441/2717 1830/440/2716 1823/433/2709
f 1824/434/2710 1825/435/2711 1832/442/2718
f 1832/442/2718 1831/441/2717 1824/434/2710
f 1826/436/2712 1833/443/2719 1832/442/2718
f 1832/442/2718 1825/435/2711 1826/436/2712
f 1827/437/2713 1834/444/2720 1835/445/2721
f 1835/445/2721 1828/438/2714 1827/437/2713
f 1827/437/2713 1829/439/2715 1836/446/2722
f 1836/446/2722 1834/444/2720 1827/437/2713
f 1829/439/2715 1830/440/2716 1837/447/2723
f 1837/447/2723 1836/446/2722 1829/439/2715
f 1830/440/2716 1831/441/2717 1838/448/2724
f 1838/448/2724 1837/447/2723 1830/440/2716
f 1831/441/2717 1832/442/2718 1839/449/2725
f 1839/449/2725 1838/448/2724 1831/441/2717
f 1833/443/2719 1840/450/2726 1839/449/2725
f 1839/449/2725 1832/442/2718 1833/443/2719
f 1834/444/2720 1841/451/2727 1842/452/2728
f 1842/452/2728 1835/445/2721 1834/444/2720
f 1834/444/2720 1836/446/2722 1843/453/2729
f 1843/453/2729 1841/451/2727 1834/444/2720
f 1836/446/2722 1837/447/2723 1844/454/2730
f 1844/454/2730 1843/453/2729 1836/446/2722
f 1837/447/2723 1838/448/2724 1845/455/2731
f 1845/455/2731 1844/454/2730 1837/447/2723
f 1838/448/2724 1839/449/2725 1846/456/2732
f 1846/456/2732 1845/455/2731 1838/448/2724
f 1840/450/2726 1847/457/2733 1846/456/2732
f 1846/456/2732 1839/449/2725 1840/450/2726
f 1841/451/2727 1681/283/2566 1680/286/2569
f 1680/286/2569 1842/452/2728 1841/451/2727
f 1841/451/2727 1843/453/2729 1684/287/2570
f 1684/287/2570 1681/283/2566 1841/451/2727
f 1843/453/2729 1844/454/2730 1686/289/2572
f 1686/289/2572 1684/287/2570 1843/453/2729
f 1844/454/2730 1845/455/2731 1688/291/2574
f 1688/291/2574 1686/289/2572 1844/454/2730
f 1845/455/2731 1846/456/2732 1690/293/2576
f 1690/293/2576 1688/291/2574 1845/455/2731
f 1847/457/2733 1692/295/2578 1690/293/2576
f 1690/293/2576 1846/456/2732 1847/457/2733
f 1849/809/2734 1680/810/2735 1683/811/2736
f 1683/811/2736 1848/812/2737 1849/809/2734
f 1848/812/2738 1693/813/2738 1692/814/2738
f 1692/814/2738 1849/809/2738 1848/812/2738
f 1848/812/2737 1683/811/2736 1695/815/2739
f 1695/815/2739 1850/816/2740 1848/812/2737
f 1850/816/2741 1700/817/2741 1693/813/2741
f 1693/813/2741 1848/812/2741 1850/816/2741
f 1850/816/2740 1695/815/2739 1702/818/2742
f 1702/818/2742 1851/819/2743 1850/816/2740
f 1851/819/2744 1707/820/2744 1700/817/2744
f 1700/817/2744 1850/816/2744 1851/819/2744
f 1851/819/2743 1702/818/2742 1709/821/2745
f 1709/821/2745 1852/822/2746 1851/819/2743
f 1852/822/2747 1714/823/2747 1707/820/2748
f 1707/820/2748 1851/819/2748 1852/822/2747
f 1852/822/2746 1709/821/2745 1716/824/2749
f 1716/824/2749 1853/825/2750 1852/822/2746
f 1853/825/2751 1721/826/2751 1714/823/2751
f 1714/823/2751 1852/822/2752 1853/825/2751
f 1853/825/2750 1716/824/2749 1723/827/2753
f 1723/827/2753 1854/828/2754 1853/825/2750
f 1854/828/2755 1728/829/2755 1721/826/2755
f 1721/826/2755 1853/825/2755 1854/828/2755
f 1854/828/2754 1723/827/2753 1730/830/2756
f 1730/830/2756 1855/831/2757 1854/828/2754
f 1855/831/2758 1735/832/2759 1728/829/2758
f 1728/829/2758 1854/828/2760 1855/831/2758
f 1855/831/2757 1730/830/2756 1737/833/2761
f 1737/833/2761 1856/834/2762 1855/831/2757
f 1856/834/2763 1742/835/2764 1735/832/2763
f 1735/832/2763 1855/831/2763 1856/834/2763
f 1856/834/2762 1737/833/2761 1744/836/2765
f 1744/836/2765 1857/837/2766 1856/834/2762
f 1857/837/2767 1749/838/2767 1742/835/2768
f 1742/835/2768 1856/834/2768 1857/837/2767
f 1857/837/2766 1744/836/2765 1751/839/2769
f 1751/839/2769 1858/840/2770 1857/837/2766
f 1858/840/2771 1756/841/2771 1749/838/2771
f 1749/838/2771 1857/837/2771 1858/840/2771
f 1858/840/2770 1751/839/2769 1758/842/2772
f 1758/842/2772 1859/843/2773 1858/840/2770
f 1859/843/2774 1763/844/2774 1756/841/2774
f 1756/841/2774 1858/840/2774 1859/843/2774
f 1859/843/2773 1758/842/2772 1765/845/2775
f 1765/845/2775 1860/846/2776 1859/843/2773
f 1860/846/2777 1770/847/2777 1763/844/2777
f 1763/844/2777 1859/843/2777 1860/846/2777
f 1860/846/2776 1765/845/2775 1772/848/2778
f 1772/848/2778 1861/849/2779 1860/846/2776
f 1861/849/2780 1777/850/2781 1770/847/2782
f 1770/847/2782 1860/846/2782 1861/849/2780
f 1861/849/2779 1772/848/2778 1779/851/2783
f 1779/851/2783 1862/852/2784 1861/849/2779
f 1862/852/2785 1784/853/2785 1777/850/2786
f 1777/850/2786 1861/849/2786 1862/852/2785
f 1862/852/2784 1779/851/2783 1786/854/2787
f 1786/854/2787 1863/855/2788 1862/852/2784
f 1863/855/2789 1791/856/2789 1784/853/2789
f 1784/853/2789 1862/852/2789 1863/855/2789
f 1863/855/2788 1786/854/2787 1793/857/2790
f 1793/857/2790 1864/858/2791 1863/855/2788
f 1864/858/2792 1798/859/2792 1791/856/2793
f 1791/856/2793 1863/855/2793 1864/858/2792
f 1864/858/2791 1793/857/2790 1800/860/2794
f 1800/860/2794 1865/861/2795 1864/858/2791
f 1865/861/2796 1805/862/2796 1798/859/2797
f 1798/859/2797 1864/858/2797 1865/861/2796
f 1865/861/2795 1800/860/2794 1807/863/2798
f 1807/863/2798 1866/864/2799 1865/861/2795
f 1866/864/2800 1812/865/2800 1805/862/2801
f 1805/862/2801 1865/861/2801 1866/864/2800
f 1866/866/2799 1807/867/2798 1814/868/2802
f 1814/868/2802 1867/869/2803 1866/866/2799
f 1867/869/2804 1819/870/2804 1812/871/2804
f 1812/871/2804 1866/866/2805 1867/869/2804
f 1867/869/2803 1814/868/2802 1821/872/2806
f 1821/872/2806 1868/873/2807 1867/869/2803
f 1868/873/2808 1826/874/2808 1819/870/2809
f 1819/870/2809 1867/869/2810 1868/873/2808
f 1868/873/2807 1821/872/2806 1828/875/2811
f 1828/875/2811 1869/876/2812 1868/873/2807
f 1869/876/2813 1833/877/2813 1826/874/2813
f 1826/874/2813 1868/873/2813 1869/876/2813
f 1869/876/2812 1828/875/2811 1835/878/2814
f 1835/878/2814 1870/879/2815 1869/876/2812
f 1870/879/2816 1840/880/2816 1833/877/2816
f 1833/877/2816 1869/876/2816 1870/879/2816
f 1870/879/2815 1835/878/2814 1842/881/2817
f 1842/881/2817 1871/882/2818 1870/879/2815
f 1871/882/2819 1847/883/2819 1840/880/2819
f 1840/880/2819 1870/879/2819 1871/882/2819
f 1871/882/2818 1842/881/2817 1680/810/2735
f 1680/810/2735 1849/809/2734 1871/882/2818
f 1849/809/2820 1692/814/2820 1847/883/2820
f 1847/883/2820 1871/882/2820 1849/809/2820
f 1873/458/2821 1874/459/2822 1875/460/2823
f 1875/460/2823 1872/461/2824 1873/458/2825
f 1876/462/2826 1872/461/2824 1875/460/2823
f 1875/460/2823 1877/463/2827 1876/462/2826
f 1878/464/2828 1879/465/2829 1880/466/2830
f 1880/466/2830 1881/467/2831 1878/464/2828
f 1882/468/2832 1878/464/2828 1881/467/2831
f 1881/467/2831 1883/469/2833 1882/468/2832
f 1884/470/2834 1885/471/2835 1879/465/2836
f 1879/465/2836 1886/472/2837 1884/470/2834
f 1878/464/2838 1882/468/2839 1888/473/2840
f 1888/473/2840 1887/474/2841 1878/464/2838
f 1889/475/2842 1890/476/2843 1891/477/2844
f 1891/477/2844 1892/478/2845 1889/475/2842
f 1894/479/2846 1895/480/2847 1896/481/2848
f 1896/481/2848 1893/482/2849 1894/479/2846
f 1897/483/2850 1884/470/2834 1886/472/2837
f 1886/472/2837 1898/484/2851 1897/483/2850
f 1887/474/2841 1888/473/2840 1900/485/2852
f 1900/485/2852 1899/486/2853 1887/474/2841
f 1890/476/2843 1897/483/2854 1898/484/2855
f 1898/484/2855 1891/477/2844 1890/476/2843
f 1899/486/2856 1900/485/2857 1895/480/2847
f 1895/480/2847 1894/479/2846 1899/486/2856
f 1901/487/2858 1902/488/2859 1875/460/2823
f 1875/460/2823 1874/459/2822 1901/487/2858
f 1902/488/2859 1903/489/2860 1877/463/2827
f 1877/463/2827 1875/460/2823 1902/488/2859
f 1874/459/2861 1873/458/2862 1904/570/2863
f 1904/570/2863 1905/571/2864 1874/459/2861
f 1888/473/2865 1882/468/2866 1906/572/2867
f 1906/572/2867 1907/573/2868 1888/473/2865
f 1908/574/2869 1885/471/2870 1909/575/2871
f 1909/575/2871 1910/576/2872 1908/574/2869
f 1882/468/2866 1883/469/2873 1911/577/2874
f 1911/577/2874 1906/572/2867 1882/468/2866
f 1881/467/2831 1880/466/2830 1912/578/2875
f 1912/578/2875 1913/579/2876 1881/467/2831
f 1883/469/2833 1881/467/2831 1913/579/2876
f 1913/579/2876 1911/577/2877 1883/469/2833
f 1885/471/2870 1884/470/2878 1914/580/2879
f 1914/580/2879 1909/575/2871 1885/471/2870
f 1900/485/2880 1888/473/2865 1907/573/2868
f 1907/573/2868 1915/581/2881 1900/485/2880
f 1890/476/2843 1889/475/2842 1916/582/2882
f 1916/582/2882 1917/583/2883 1890/476/2843
f 1903/489/2884 1918/584/2885 1919/585/2886
f 1919/585/2886 1877/463/2887 1903/489/2884
f 1884/470/2878 1897/483/2888 1920/586/2889
f 1920/586/2889 1914/580/2879 1884/470/2878
f 1895/480/2890 1900/485/2891 1915/581/2892
f 1915/581/2892 1921/587/2893 1895/480/2890
f 1897/483/2854 1890/476/2843 1917/583/2883
f 1917/583/2883 1920/586/2894 1897/483/2854
f 1896/481/2893 1895/480/2890 1921/587/2893
f 1921/587/2893 1922/588/2893 1896/481/2893
f 1889/475/2895 1901/487/2896 1923/589/2897
f 1923/589/2897 1916/582/2898 1889/475/2895
f 1876/462/2899 1877/463/2887 1919/585/2886
f 1919/585/2900 1924/558/2901 1876/462/2902
f 1879/465/2829 1885/471/2903 1908/574/2904
f 1908/574/2904 1880/466/2830 1879/465/2829
f 1878/464/2838 1887/474/2841 1886/472/2837
f 1886/472/2837 1879/465/2836 1878/464/2838
f 1894/479/2846 1893/482/2849 1892/478/2845
f 1892/478/2845 1891/477/2844 1894/479/2846
f 1887/474/2841 1899/486/2853 1898/484/2851
f 1898/484/2851 1886/472/2837 1887/474/2841
f 1899/486/2856 1894/479/2846 1891/477/2844
f 1891/477/2844 1898/484/2855 1899/486/2856
f 1880/466/2830 1908/574/2904 1910/576/2905
f 1910/576/2905 1912/578/2875 1880/466/2830
f 1892/478/2906 1893/482/2907 1902/488/2859
f 1901/487/2858 1889/475/2908 1892/478/2906
f 1892/478/2906 1902/488/2859 1901/487/2858
f 1893/482/2907 1896/481/2909 1903/489/2860
f 1903/489/2860 1902/488/2859 1893/482/2907
f 1896/481/2910 1922/588/2911 1918/584/2885
f 1918/584/2885 1903/489/2884 1896/481/2910
f 1874/459/2861 1905/571/2864 1923/589/2897
f 1923/589/2897 1901/487/2896 1874/459/2861
f 1928/464/2912 1929/465/2913 1930/466/2914
f 1930/466/2914 1931/467/2915 1928/464/2912
f 1932/468/2916 1928/464/2912 1931/467/2915
f 1931/467/2915 1933/469/2917 1932/468/2916
f 1934/470/2918 1935/471/2919 1929/465/2920
f 1929/465/2920 1936/472/2921 1934/470/2918
f 1928/464/2922 1932/468/2923 1938/473/2924
f 1938/473/2924 1937/474/2925 1928/464/2922
f 1939/475/2926 1940/476/2927 1941/477/2928
f 1941/477/2928 1942/478/2929 1939/475/2926
f 1944/479/2930 1945/480/2931 1946/481/2932
f 1946/481/2932 1943/482/2933 1944/479/2930
f 1947/483/2934 1934/470/2918 1936/472/2921
f 1936/472/2921 1948/484/2935 1947/483/2934
f 1937/474/2925 1938/473/2924 1950/485/2936
f 1950/485/2936 1949/486/2937 1937/474/2925
f 1940/476/2927 1947/483/2938 1948/484/2939
f 1948/484/2939 1941/477/2928 1940/476/2927
f 1949/486/2940 1950/485/2941 1945/480/2931
f 1945/480/2931 1944/479/2930 1949/486/2940
f 1951/487/2942 1952/488/2943 1926/460/2944
f 1926/460/2944 1925/459/2945 1951/487/2942
f 1952/488/2943 1953/489/2946 1927/463/2947
f 1927/463/2947 1926/460/2944 1952/488/2943
f 1938/473/2948 1932/468/2949 1955/572/2950
f 1955/572/2950 1956/573/2951 1938/473/2948
f 1957/574/2952 1935/471/2953 1958/575/2954
f 1958/575/2954 1959/576/2955 1957/574/2952
f 1932/468/2949 1933/469/2956 1960/577/2957
f 1960/577/2957 1955/572/2950 1932/468/2949
f 1931/467/2915 1930/466/2914 1961/578/2958
f 1961/578/2958 1962/579/2959 1931/467/2915
f 1933/469/2917 1931/467/2915 1962/579/2959
f 1962/579/2959 1960/577/2960 1933/469/2917
f 1958/575/2954 1935/471/2953 1934/470/2961
f 1934/470/2961 1963/580/2962 1958/575/2954
f 1950/485/2963 1938/473/2948 1956/573/2951
f 1956/573/2951 1964/581/2964 1950/485/2963
f 1940/476/2927 1939/475/2926 1965/582/2965
f 1965/582/2965 1966/583/2966 1940/476/2927
f 1953/489/2967 1967/584/2968 1968/585/2969
f 1968/585/2969 1927/463/2970 1953/489/2967
f 1934/470/2961 1947/483/2971 1969/586/2972
f 1969/586/2972 1963/580/2962 1934/470/2961
f 1945/480/2973 1950/485/2974 1964/581/2975
f 1964/581/2975 1970/587/2976 1945/480/2973
f 1947/483/2938 1940/476/2927 1966/583/2966
f 1966/583/2966 1969/586/2977 1947/483/2938
f 1970/587/2976 1971/588/2978 1946/481/2979
f 1946/481/2979 1945/480/2973 1970/587/2976
f 1939/475/2980 1951/487/2981 1972/589/2982
f 1972/589/2982 1965/582/2983 1939/475/2980
f 1929/465/2913 1935/471/2984 1957/574/2985
f 1957/574/2985 1930/466/2914 1929/465/2913
f 1928/464/2922 1937/474/2925 1936/472/2921
f 1936/472/2921 1929/465/2920 1928/464/2922
f 1941/477/2928 1944/479/2930 1943/482/2933
f 1943/482/2933 1942/478/2929 1941/477/2928
f 1937/474/2925 1949/486/2937 1948/484/2935
f 1948/484/2935 1936/472/2921 1937/474/2925
f 1949/486/2940 1944/479/2930 1941/477/2928
f 1941/477/2928 1948/484/2939 1949/486/2940
f 1930/466/2914 1957/574/2985 1959/576/2986
f 1959/576/2986 1961/578/2958 1930/466/2914
f 1942/478/2987 1943/482/2988 1952/488/2943
f 1951/487/2942 1939/475/2989 1942/478/2987
f 1942/478/2987 1952/488/2943 1951/487/2942
f 1943/482/2988 1946/481/2990 1953/489/2946
f 1953/489/2946 1952/488/2943 1943/482/2988
f 1946/481/2991 1971/588/2992 1967/584/2968
f 1967/584/2968 1953/489/2967 1946/481/2991
f 1925/459/2993 1954/571/2994 1972/589/2982
f 1972/589/2982 1951/487/2981 1925/459/2993
f 2019/2228/2995 2018/2229/2996 1974/2230/2997
f 1974/2230/2997 1973/2231/2998 2019/2228/2995
f 1996/2232/2999 2017/2233/3000 2018/2229/2996
f 2018/2229/2996 1994/2234/3001 1996/2232/2999
f 1976/2235/3002 2020/2236/3003 2019/2228/2995
f 2019/2228/2995 1973/2231/2998 1976/2235/3002
f 1974/2230/2997 1978/2237/3004 1977/2238/3005
f 1977/2238/3005 1973/2231/2998 1974/2230/2997
f 1980/2239/3006 1977/2238/3005 1978/2237/3004
f 1978/2237/3004 1979/2240/3007 1980/2239/3006
f 1981/2241/3008 1982/2242/3009 1977/2238/3005
f 1977/2238/3005 1980/2239/3006 1981/2241/3008
f 1977/2238/3005 1982/2242/3009 1976/2235/3002
f 1976/2235/3002 1973/2231/2998 1977/2238/3005
f 1975/2243/3010 1983/2244/3011 1978/2237/3004
f 1978/2237/3004 1974/2230/2997 1975/2243/3010
f 1983/2244/3011 1984/2245/3012 1979/2240/3007
f 1979/2240/3007 1978/2237/3004 1983/2244/3011
f 1979/2240/3007 1985/2246/3013 1986/2247/3014
f 1986/2247/3014 1980/2239/3006 1979/2240/3007
f 1986/2247/3014 1991/2248/3015 1981/2241/3008
f 1981/2241/3008 1980/2239/3006 1986/2247/3014
f 1984/2245/3012 1987/2249/3016 1985/2246/3013
f 1985/2246/3013 1979/2240/3007 1984/2245/3012
f 1989/2250/3017 1988/2251/3018 1986/2247/3014
f 1986/2247/3014 1985/2246/3013 1989/2250/3017
f 1988/2251/3018 1990/2252/3019 1991/2248/3015
f 1991/2248/3015 1986/2247/3014 1988/2251/3018
f 1992/2253/3020 1990/2254/3019 1988/2255/3018
f 1988/2255/3018 1989/2250/3021 1992/2253/3020
f 1987/2249/3016 1992/2253/3022 1989/2250/3017
f 1989/2250/3017 1985/2246/3013 1987/2249/3016
f 1997/2256/3023 1998/2257/3024 1999/2258/3025
f 1999/2258/3025 2000/2259/3026 1997/2256/3023
f 2001/2260/3027 2002/2261/3028 1998/2257/3024
f 1998/2257/3024 1997/2256/3023 2001/2260/3027
f 2000/2259/3026 1999/2258/3025 2003/2262/3029
f 2003/2262/3029 2004/2263/3030 2000/2259/3026
f 1993/2264/3031 1997/2256/3023 2000/2259/3026
f 2000/2259/3026 1994/2234/3001 1993/2264/3031
f 1995/2265/3032 2001/2260/3027 1997/2256/3023
f 1997/2256/3023 1993/2264/3031 1995/2265/3032
f 2000/2259/3026 2004/2263/3030 1996/2232/2999
f 1996/2232/2999 1994/2234/3001 2000/2259/3026
f 2005/2266/3033 2006/2267/3034 2007/2268/3035
f 2007/2268/3035 2008/2269/3036 2005/2266/3033
f 2009/2270/3037 2010/2271/3038 2006/2267/3034
f 2006/2267/3034 2005/2266/3033 2009/2270/3037
f 2007/2268/3035 2011/2272/3039 2012/2273/3040
f 2012/2273/3040 2008/2269/3036 2007/2268/3035
f 2013/2274/3041 2005/2266/3033 2008/2269/3036
f 2008/2269/3036 2014/2275/3042 2013/2274/3041
f 2015/2276/3043 2009/2270/3037 2005/2266/3033
f 2005/2266/3033 2013/2274/3041 2015/2276/3043
f 2008/2269/3036 2012/2273/3040 2016/2277/3044
f 2016/2277/3044 2014/2275/3042 2008/2269/3036
f 1998/2257/3024 2013/2274/3041 2014/2275/3042
f 2014/2275/3042 1999/2258/3025 1998/2257/3024
f 2002/2261/3028 2015/2276/3043 2013/2274/3041
f 2013/2274/3041 1998/2257/3024 2002/2261/3028
f 2014/2275/3042 2016/2277/3044 2003/2262/3029
f 2003/2262/3029 1999/2258/3025 2014/2275/3042
f 2019/2228/2995 1993/2264/3031 1994/2234/3001
f 1994/2234/3001 2018/2229/2996 2019/2228/2995
f 2017/2233/3000 1975/2243/3010 1974/2230/2997
f 1974/2230/2997 2018/2229/2996 2017/2233/3000
f 1995/2265/3032 1993/2264/3031 2019/2228/2995
f 2019/2228/2995 2020/2236/3003 1995/2265/3032
f 2022/2228/3045 2023/2229/3046 2024/2230/3047
f 2024/2230/3047 2021/2231/3048 2022/2228/3045
f 2026/2232/3049 2027/2233/3050 2023/2229/3046
f 2023/2229/3046 2025/2234/3051 2026/2232/3049
f 2028/2235/3052 2029/2236/3053 2022/2228/3045
f 2022/2228/3045 2021/2231/3048 2028/2235/3052
f 2024/2230/3047 2030/2237/3054 2031/2238/3055
f 2031/2238/3055 2021/2231/3048 2024/2230/3047
f 2032/2239/3056 2031/2238/3055 2030/2237/3054
f 2030/2237/3054 2033/2240/3057 2032/2239/3056
f 2034/2241/3058 2035/2242/3059 2031/2238/3055
f 2031/2238/3055 2032/2239/3056 2034/2241/3058
f 2031/2238/3055 2035/2242/3059 2028/2235/3052
f 2028/2235/3052 2021/2231/3048 2031/2238/3055
f 2036/2243/3060 2037/2244/3061 2030/2237/3054
f 2030/2237/3054 2024/2230/3047 2036/2243/3060
f 2037/2244/3061 2038/2245/3062 2033/2240/3057
f 2033/2240/3057 2030/2237/3054 2037/2244/3061
f 2033/2240/3057 2039/2246/3063 2040/2247/3064
f 2040/2247/3064 2032/2239/3056 2033/2240/3057
f 2040/2247/3064 2041/2248/3065 2034/2241/3058
f 2034/2241/3058 2032/2239/3056 2040/2247/3064
f 2038/2245/3062 2042/2249/3066 2039/2246/3063
f 2039/2246/3063 2033/2240/3057 2038/2245/3062
f 2043/2250/3067 2044/2251/3068 2040/2247/3064
f 2040/2247/3064 2039/2246/3063 2043/2250/3067
f 2044/2251/3068 2045/2252/3069 2041/2248/3065
f 2041/2248/3065 2040/2247/3064 2044/2251/3068
f 2046/2253/3070 2045/2254/3069 2044/2255/3068
f 2044/2255/3068 2043/2250/3071 2046/2253/3070
f 2042/2249/3066 2046/2253/3072 2043/2250/3067
f 2043/2250/3067 2039/2246/3063 2042/2249/3066
f 2047/2256/3073 2048/2257/3074 2049/2258/3075
f 2049/2258/3075 2050/2259/3076 2047/2256/3073
f 2051/2260/3077 2052/2261/3078 2048/2257/3074
f 2048/2257/3074 2047/2256/3073 2051/2260/3077
f 2050/2259/3076 2049/2258/3075 2053/2262/3079
f 2053/2262/3079 2054/2263/3080 2050/2259/3076
f 2055/2264/3081 2047/2256/3073 2050/2259/3076
f 2050/2259/3076 2025/2234/3051 2055/2264/3081
f 2056/2265/3082 2051/2260/3077 2047/2256/3073
f 2047/2256/3073 2055/2264/3081 2056/2265/3082
f 2050/2259/3076 2054/2263/3080 2026/2232/3049
f 2026/2232/3049 2025/2234/3051 2050/2259/3076
f 2057/2266/3083 2058/2267/3084 2059/2268/3085
f 2059/2268/3085 2060/2269/3086 2057/2266/3083
f 2061/2270/3087 2062/2271/3088 2058/2267/3084
f 2058/2267/3084 2057/2266/3083 2061/2270/3087
f 2059/2268/3085 2063/2272/3089 2064/2273/3090
f 2064/2273/3090 2060/2269/3086 2059/2268/3085
f 2065/2274/3091 2057/2266/3083 2060/2269/3086
f 2060/2269/3086 2066/2275/3092 2065/2274/3091
f 2067/2276/3093 2061/2270/3087 2057/2266/3083
f 2057/2266/3083 2065/2274/3091 2067/2276/3093
f 2060/2269/3086 2064/2273/3090 2068/2277/3094
f 2068/2277/3094 2066/2275/3092 2060/2269/3086
f 2048/2257/3074 2065/2274/3091 2066/2275/3092
f 2066/2275/3092 2049/2258/3075 2048/2257/3074
f 2052/2261/3078 2067/2276/3093 2065/2274/3091
f 2065/2274/3091 2048/2257/3074 2052/2261/3078
f 2066/2275/3092 2068/2277/3094 2053/2262/3079
f 2053/2262/3079 2049/2258/3075 2066/2275/3092
f 2022/2228/3045 2055/2264/3081 2025/2234/3051
f 2025/2234/3051 2023/2229/3046 2022/2228/3045
f 2027/2233/3050 2036/2243/3060 2024/2230/3047
f 2024/2230/3047 2023/2229/3046 2027/2233/3050
f 2056/2265/3082 2055/2264/3081 2022/2228/3045
f 2022/2228/3045 2029/2236/3053 2056/2265/3082
f 2070/2228/3095 2071/2229/3096 2072/2230/3097
f 2072/2230/3097 2069/2231/3098 2070/2228/3095
f 2074/2232/3099 2075/2233/3100 2071/2229/3096
f 2071/2229/3096 2073/2234/3101 2074/2232/3099
f 2076/2235/3102 2077/2236/3103 2070/2228/3095
f 2070/2228/3095 2069/2231/3098 2076/2235/3102
f 2072/2230/3097 2078/2237/3104 2079/2238/3105
f 2079/2238/3105 2069/2231/3098 2072/2230/3097
f 2080/2239/3106 2079/2238/3105 2078/2237/3104
f 2078/2237/3104 2081/2240/3107 2080/2239/3106
f 2082/2241/3108 2083/2242/3109 2079/2238/3105
f 2079/2238/3105 2080/2239/3106 2082/2241/3108
f 2079/2238/3105 2083/2242/3109 2076/2235/3102
f 2076/2235/3102 2069/2231/3098 2079/2238/3105
f 2084/2243/3110 2085/2244/3111 2078/2237/3104
f 2078/2237/3104 2072/2230/3097 2084/2243/3110
f 2085/2244/3111 2086/2245/3112 2081/2240/3107
f 2081/2240/3107 2078/2237/3104 2085/2244/3111
f 2081/2240/3107 2087/2246/3113 2088/2247/3114
f 2088/2247/3114 2080/2239/3106 2081/2240/3107
f 2088/2247/3114 2089/2248/3115 2082/2241/3108
f 2082/2241/3108 2080/2239/3106 2088/2247/3114
f 2086/2245/3112 2090/2249/3116 2087/2246/3113
f 2087/2246/3113 2081/2240/3107 2086/2245/3112
f 2091/2250/3117 2092/2251/3118 2088/2247/3114
f 2088/2247/3114 2087/2246/3113 2091/2250/3117
f 2092/2251/3118 2093/2252/3119 2089/2248/3115
f 2089/2248/3115 2088/2247/3114 2092/2251/3118
f 2094/2253/3120 2093/2254/3119 2092/2255/3118
f 2092/2255/3118 2091/2250/3121 2094/2253/3120
f 2090/2249/3116 2094/2253/3122 2091/2250/3117
f 2091/2250/3117 2087/2246/3113 2090/2249/3116
f 2095/2256/3123 2096/2257/3124 2097/2258/3125
f 2097/2258/3125 2098/2259/3126 2095/2256/3123
f 2099/2260/3127 2100/2261/3128 2096/2257/3124
f 2096/2257/3124 2095/2256/3123 2099/2260/3127
f 2098/2259/3126 2097/2258/3125 2101/2262/3129
f 2101/2262/3129 2102/2263/3130 2098/2259/3126
f 2103/2264/3131 2095/2256/3123 2098/2259/3126
f 2098/2259/3126 2073/2234/3101 2103/2264/3131
f 2104/2265/3132 2099/2260/3127 2095/2256/3123
f 2095/2256/3123 2103/2264/3131 2104/2265/3132
f 2098/2259/3126 2102/2263/3130 2074/2232/3099
f 2074/2232/3099 2073/2234/3101 2098/2259/3126
f 2105/2266/3133 2106/2267/3134 2107/2268/3135
f 2107/2268/3135 2108/2269/3136 2105/2266/3133
f 2109/2270/3137 2110/2271/3138 2106/2267/3134
f 2106/2267/3134 2105/2266/3133 2109/2270/3137
f 2107/2268/3135 2111/2272/3139 2112/2273/3140
f 2112/2273/3140 2108/2269/3136 2107/2268/3135
f 2113/2274/3141 2105/2266/3133 2108/2269/3136
f 2108/2269/3136 2114/2275/3142 2113/2274/3141
f 2115/2276/3143 2109/2270/3137 2105/2266/3133
f 2105/2266/3133 2113/2274/3141 2115/2276/3143
f 2108/2269/3136 2112/2273/3140 2116/2277/3144
f 2116/2277/3144 2114/2275/3142 2108/2269/3136
f 2096/2257/3124 2113/2274/3141 2114/2275/3142
f 2114/2275/3142 2097/2258/3125 2096/2257/3124
f 2100/2261/3128 2115/2276/3143 2113/2274/3141
f 2113/2274/3141 2096/2257/3124 2100/2261/3128
f 2114/2275/3142 2116/2277/3144 2101/2262/3129
f 2101/2262/3129 2097/2258/3125 2114/2275/3142
f 2070/2228/3095 2103/2264/3131 2073/2234/3101
f 2073/2234/3101 2071/2229/3096 2070/2228/3095
f 2075/2233/3100 2084/2243/3110 2072/2230/3097
f 2072/2230/3097 2071/2229/3096 2075/2233/3100
f 2104/2265/3132 2103/2264/3131 2070/2228/3095
f 2070/2228/3095 2077/2236/3103 2104/2265/3132
f 2118/2228/3145 2119/2229/3146 2120/2230/3147
f 2120/2230/3147 2117/2231/3148 2118/2228/3145
f 2122/2232/3149 2123/2233/3150 2119/2229/3146
f 2119/2229/3146 2121/2234/3151 2122/2232/3149
f 2124/2235/3152 2125/2236/3153 2118/2228/3145
f 2118/2228/3145 2117/2231/3148 2124/2235/3152
f 2120/2230/3147 2126/2237/3154 2127/2238/3155
f 2127/2238/3155 2117/2231/3148 2120/2230/3147
f 2128/2239/3156 2127/2238/3155 2126/2237/3154
f 2126/2237/3154 2129/2240/3157 2128/2239/3156
f 2130/2241/3158 2131/2242/3159 2127/2238/3155
f 2127/2238/3155 2128/2239/3156 2130/2241/3158
f 2127/2238/3155 2131/2242/3159 2124/2235/3152
f 2124/2235/3152 2117/2231/3148 2127/2238/3155
f 2132/2243/3160 2133/2244/3161 2126/2237/3154
f 2126/2237/3154 2120/2230/3147 2132/2243/3160
f 2133/2244/3161 2134/2245/3162 2129/2240/3157
f 2129/2240/3157 2126/2237/3154 2133/2244/3161
f 2129/2240/3157 2135/2246/3163 2136/2247/3164
f 2136/2247/3164 2128/2239/3156 2129/2240/3157
f 2136/2247/3164 2137/2248/3165 2130/2241/3158
f 2130/2241/3158 2128/2239/3156 2136/2247/3164
f 2134/2245/3162 2138/2249/3166 2135/2246/3163
f 2135/2246/3163 2129/2240/3157 2134/2245/3162
f 2139/2250/3167 2140/2251/3168 2136/2247/3164
f 2136/2247/3164 2135/2246/3163 2139/2250/3167
f 2140/2251/3168 2141/2252/3169 2137/2248/3165
f 2137/2248/3165 2136/2247/3164 2140/2251/3168
f 2142/2253/3170 2141/2254/3169 2140/2255/3168
f 2140/2255/3168 2139/2250/3171 2142/2253/3170
f 2138/2249/3166 2142/2253/3172 2139/2250/3167
f 2139/2250/3167 2135/2246/3163 2138/2249/3166
f 2143/2256/3173 2144/2257/3174 2145/2258/3175
f 2145/2258/3175 2146/2259/3176 2143/2256/3173
f 2147/2260/3177 2148/2261/3178 2144/2257/3174
f 2144/2257/3174 2143/2256/3173 2147/2260/3177
f 2146/2259/3176 2145/2258/3175 2149/2262/3179
f 2149/2262/3179 2150/2263/3180 2146/2259/3176
f 2151/2264/3181 2143/2256/3173 2146/2259/3176
f 2146/2259/3176 2121/2234/3151 2151/2264/3181
f 2152/2265/3182 2147/2260/3177 2143/2256/3173
f 2143/2256/3173 2151/2264/3181 2152/2265/3182
f 2146/2259/3176 2150/2263/3180 2122/2232/3149
f 2122/2232/3149 2121/2234/3151 2146/2259/3176
f 2153/2266/3183 2154/2267/3184 2155/2268/3185
f 2155/2268/3185 2156/2269/3186 2153/2266/3183
f 2157/2270/3187 2158/2271/3188 2154/2267/3184
f 2154/2267/3184 2153/2266/3183 2157/2270/3187
f 2155/2268/3185 2159/2272/3189 2160/2273/3190
f 2160/2273/3190 2156/2269/3186 2155/2268/3185
f 2161/2274/3191 2153/2266/3183 2156/2269/3186
f 2156/2269/3186 2162/2275/3192 2161/2274/3191
f 2163/2276/3193 2157/2270/3187 2153/2266/3183
f 2153/2266/3183 2161/2274/3191 2163/2276/3193
f 2156/2269/3186 2160/2273/3190 2164/2277/3194
f 2164/2277/3194 2162/2275/3192 2156/2269/3186
f 2144/2257/3174 2161/2274/3191 2162/2275/3192
f 2162/2275/3192 2145/2258/3175 2144/2257/3174
f 2148/2261/3178 2163/2276/3193 2161/2274/3191
f 2161/2274/3191 2144/2257/3174 2148/2261/3178
f 2162/2275/3192 2164/2277/3194 2149/2262/3179
f 2149/2262/3179 2145/2258/3175 2162/2275/3192
f 2118/2228/3145 2151/2264/3181 2121/2234/3151
f 2121/2234/3151 2119/2229/3146 2118/2228/3145
f 2123/2233/3150 2132/2243/3160 2120/2230/3147
f 2120/2230/3147 2119/2229/3146 2123/2233/3150
f 2152/2265/3182 2151/2264/3181 2118/2228/3145
f 2118/2228/3145 2125/2236/3153 2152/2265/3182
f 2166/1/3195 2165/4/3196 2168/3/3197
f 2168/3/3197 2167/2/3198 2166/1/3195
f 2169/5/3199 2172/8/3200 2171/7/3201
f 2171/7/3201 2170/6/3202 2169/5/3199
f 2173/9/3203 2175/11/3204 2174/10/3205
f 2174/10/3205 2167/2/3198 2173/9/3203
f 2172/8/3200 2176/12/3206 2168/3/3197
f 2168/3/3197 2171/7/3201 2172/8/3200
f 2178/13/3207 2177/15/3208 2179/14/3209
f 2179/14/3209 2170/6/3202 2178/13/3207
f 2181/16/3210 2180/19/3211 2183/18/3212
f 2183/18/3212 2182/17/3213 2181/16/3210
f 2167/2/3198 2168/3/3197 2176/12/3206
f 2176/12/3206 2173/9/3203 2167/2/3198
f 2170/6/3202 2171/7/3201 2184/20/3214
f 2184/20/3214 2178/13/3207 2170/6/3202
f 2167/2/3198 2174/10/3205 2185/21/3215
f 2185/21/3215 2166/1/3195 2167/2/3198
f 2171/7/3201 2168/3/3197 2165/4/3196
f 2165/4/3196 2184/20/3214 2171/7/3201
f 2170/6/3202 2179/14/3209 2186/22/3216
f 2186/22/3216 2169/5/3199 2170/6/3202
f 2179/14/3209 2182/17/3213 2187/23/3217
f 2187/23/3217 2186/22/3216 2179/14/3209
f 2188/24/3218 2191/27/3219 2190/26/3220
f 2190/26/3220 2189/25/3221 2188/24/3218
f 2192/28/3222 2195/31/3223 2194/30/3224
f 2194/30/3224 2193/29/3225 2192/28/3222
f 2196/32/3226 2197/33/3227 2195/31/3223
f 2195/31/3223 2192/28/3222 2196/32/3226
f 2198/34/3228 2199/35/3229 2197/33/3227
f 2197/33/3227 2196/32/3226 2198/34/3228
f 2200/36/3230 2201/37/3231 2199/35/3229
f 2199/35/3229 2198/34/3228 2200/36/3230
f 2202/38/3232 2188/24/3218 2189/25/3221
f 2189/25/3221 2203/39/3233 2202/38/3232
f 2204/40/3234 2207/43/3235 2206/42/3236
f 2206/42/3236 2205/41/3237 2204/40/3234
f 2208/44/3238 2204/40/3234 2205/41/3237
f 2205/41/3237 2209/45/3239 2208/44/3238
f 2211/46/3240 2210/47/3241 2208/44/3238
f 2208/44/3238 2209/45/3239 2211/46/3240
f 2213/48/3242 2212/49/3243 2210/47/3241
f 2210/47/3241 2211/46/3240 2213/48/3242
f 2214/50/3244 2215/51/3245 2207/43/3235
f 2215/51/3245 2216/52/3246 2206/42/3236
f 2206/42/3236 2207/43/3235 2215/51/3245
f 2217/53/3247 2216/52/3246 2218/54/3248
f 2219/55/3249 2215/51/3245 2214/50/3244
f 2220/56/3250 2218/54/3248 2216/52/3246
f 2216/52/3246 2190/26/3220 2220/56/3250
f 2219/55/3249 2203/39/3233 2189/25/3221
f 2189/25/3221 2215/51/3245 2219/55/3249
f 2189/25/3221 2190/26/3220 2216/52/3246
f 2216/52/3246 2215/51/3245 2189/25/3221
f 2221/57/3251 2220/56/3250 2190/26/3220
f 2190/26/3220 2222/58/3252 2221/57/3251
f 2223/59/3253 2201/37/3231 2200/36/3230
f 2199/35/3229 2201/37/3231 2225/61/3254
f 2225/61/3254 2224/60/3255 2199/35/3229
f 2197/33/3227 2199/35/3229 2224/60/3255
f 2224/60/3255 2226/62/3256 2197/33/3227
f 2195/31/3223 2197/33/3227 2226/62/3256
f 2226/62/3256 2227/63/3257 2195/31/3223
f 2228/64/3258 2194/30/3224 2195/31/3223
f 2195/31/3223 2227/63/3257 2228/64/3258
f 2230/65/3259 2229/66/3260 2225/61/3254
f 2225/61/3254 2201/37/3231 2230/65/3259
f 2204/40/3234 2224/60/3255 2225/61/3254
f 2225/61/3254 2207/43/3235 2204/40/3234
f 2208/44/3238 2226/62/3256 2224/60/3255
f 2224/60/3255 2204/40/3234 2208/44/3238
f 2227/63/3257 2226/62/3256 2208/44/3238
f 2208/44/3238 2210/47/3241 2227/63/3257
f 2212/49/3243 2228/64/3258 2227/63/3257
f 2227/63/3257 2210/47/3241 2212/49/3243
f 2222/58/3252 2190/26/3220 2191/27/3219
f 2206/42/3236 2216/52/3246 2217/53/3247
f 2217/53/3247 2231/67/3261 2206/42/3236
f 2205/41/3237 2206/42/3236 2231/67/3261
f 2231/67/3261 2232/68/3262 2205/41/3237
f 2209/45/3239 2205/41/3237 2232/68/3262
f 2232/68/3262 2233/69/3263 2209/45/3239
f 2234/70/3264 2211/46/3240 2209/45/3239
f 2209/45/3239 2233/69/3263 2234/70/3264
f 2235/71/3265 2213/48/3242 2211/46/3240
f 2211/46/3240 2234/70/3264 2235/71/3265
f 2201/37/3231 2223/59/3253 2230/65/3259
f 2214/50/3244 2207/43/3235 2225/61/3254
f 2225/61/3254 2229/66/3260 2214/50/3244
f 2236/72/3266 2239/75/3267 2238/74/3268
f 2238/74/3268 2237/73/3269 2236/72/3266
f 2240/76/3270 2193/29/3225 2194/30/3224
f 2194/30/3224 2241/77/3271 2240/76/3270
f 2242/78/3272 2240/76/3270 2241/77/3271
f 2241/77/3271 2243/79/3273 2242/78/3272
f 2244/80/3274 2242/78/3272 2243/79/3273
f 2243/79/3273 2245/81/3275 2244/80/3274
f 2246/82/3276 2244/80/3274 2245/81/3275
f 2245/81/3275 2247/83/3277 2246/82/3276
f 2249/84/3278 2248/85/3279 2239/75/3267
f 2239/75/3267 2236/72/3266 2249/84/3278
f 2250/86/3280 2253/89/3281 2252/88/3282
f 2252/88/3282 2251/87/3283 2250/86/3280
f 2254/90/3284 2255/91/3285 2253/89/3281
f 2253/89/3281 2250/86/3280 2254/90/3284
f 2257/92/3286 2255/91/3285 2254/90/3284
f 2254/90/3284 2256/93/3287 2257/92/3286
f 2213/48/3242 2257/92/3286 2256/93/3287
f 2256/93/3287 2212/49/3243 2213/48/3242
f 2258/94/3288 2251/87/3283 2259/95/3289
f 2259/95/3289 2251/87/3283 2252/88/3282
f 2252/88/3282 2260/96/3290 2259/95/3289
f 2261/97/3291 2262/98/3292 2260/96/3290
f 2263/99/3293 2258/94/3288 2259/95/3289
f 2264/100/3294 2238/74/3268 2260/96/3290
f 2260/96/3290 2262/98/3292 2264/100/3294
f 2263/99/3293 2259/95/3289 2239/75/3267
f 2239/75/3267 2248/85/3279 2263/99/3293
f 2239/75/3267 2259/95/3289 2260/96/3290
f 2260/96/3290 2238/74/3268 2239/75/3267
f 2266/101/3295 2265/102/3296 2238/74/3268
f 2238/74/3268 2264/100/3294 2266/101/3295
f 2267/103/3297 2246/82/3276 2247/83/3277
f 2245/81/3275 2269/105/3298 2268/104/3299
f 2268/104/3299 2247/83/3277 2245/81/3275
f 2243/79/3273 2270/106/3300 2269/105/3298
f 2269/105/3298 2245/81/3275 2243/79/3273
f 2241/77/3271 2271/107/3301 2270/106/3300
f 2270/106/3300 2243/79/3273 2241/77/3271
f 2228/64/3258 2271/107/3301 2241/77/3271
f 2241/77/3271 2194/30/3224 2228/64/3258
f 2273/108/3302 2247/83/3277 2268/104/3299
f 2268/104/3299 2272/109/3303 2273/108/3302
f 2250/86/3280 2251/87/3283 2268/104/3299
f 2268/104/3299 2269/105/3298 2250/86/3280
f 2254/90/3284 2250/86/3280 2269/105/3298
f 2269/105/3298 2270/106/3300 2254/90/3284
f 2271/107/3301 2256/93/3287 2254/90/3284
f 2254/90/3284 2270/106/3300 2271/107/3301
f 2212/49/3243 2256/93/3287 2271/107/3301
f 2271/107/3301 2228/64/3258 2212/49/3243
f 2265/102/3296 2237/73/3269 2238/74/3268
f 2252/88/3282 2274/110/3304 2261/97/3291
f 2261/97/3291 2260/96/3290 2252/88/3282
f 2253/89/3281 2275/111/3305 2274/110/3304
f 2274/110/3304 2252/88/3282 2253/89/3281
f 2255/91/3285 2276/112/3306 2275/111/3305
f 2275/111/3305 2253/89/3281 2255/91/3285
f 2277/113/3307 2276/112/3306 2255/91/3285
f 2255/91/3285 2257/92/3286 2277/113/3307
f 2235/71/3265 2277/113/3307 2257/92/3286
f 2257/92/3286 2213/48/3242 2235/71/3265
f 2247/83/3277 2273/108/3302 2267/103/3297
f 2258/94/3288 2272/109/3303 2268/104/3299
f 2268/104/3299 2251/87/3283 2258/94/3288
f 2278/114/3308 2281/117/3309 2280/116/3310
f 2280/116/3310 2279/115/3311 2278/114/3308
f 2282/118/3312 2283/119/3313 2279/115/3311
f 2279/115/3311 2280/116/3310 2282/118/3312
f 2284/120/3314 2282/118/3312 2286/122/3315
f 2286/122/3315 2285/121/3316 2284/120/3314
f 2287/123/3317 2290/126/3318 2289/125/3319
f 2289/125/3319 2288/124/3320 2287/123/3317
f 2292/127/3321 2291/130/3322 2294/129/3323
f 2294/129/3323 2293/128/3324 2292/127/3321
f 2295/131/3325 2296/132/3326 2290/126/3318
f 2290/126/3318 2287/123/3317 2295/131/3325
f 2291/130/3322 2297/134/3327 2298/133/3328
f 2298/133/3328 2294/129/3323 2291/130/3322
f 2299/135/3329 2301/137/3330 2280/116/3310
f 2299/135/3329 2280/116/3310 2281/117/3309
f 2299/135/3329 2281/117/3309 2300/136/3331
f 2303/138/3332 2302/141/3333 2305/140/3334
f 2305/140/3334 2304/139/3335 2303/138/3332
f 2306/142/3336 2278/114/3337 2279/115/3338
f 2279/115/3338 2307/143/3339 2306/142/3336
f 2307/143/3339 2279/115/3338 2283/119/3340
f 2283/119/3340 2308/144/3341 2307/143/3339
f 2309/145/3342 2308/144/3341 2283/119/3340
f 2283/119/3340 2310/146/3343 2309/145/3342
f 2309/147/3344 2310/146/3344 2284/120/3345
f 2284/120/3346 2311/148/3347 2309/147/3348
f 2312/149/3349 2311/148/3347 2284/120/3346
f 2284/120/3346 2285/121/3350 2312/149/3349
f 2314/150/3351 2313/151/3352 2288/124/3353
f 2288/124/3353 2289/125/3354 2314/150/3351
f 2315/152/3355 2292/127/3356 2293/128/3357
f 2293/128/3357 2316/153/3358 2315/152/3355
f 2317/154/3359 2297/134/3360 2296/132/3361
f 2296/132/3361 2318/155/3362 2317/154/3359
f 2319/156/3363 2295/131/3364 2321/158/3365
f 2321/158/3365 2320/157/3366 2319/156/3363
f 2322/159/3367 2320/157/3366 2321/158/3365
f 2321/158/3365 2299/135/3368 2322/159/3367
f 2322/159/3367 2299/135/3368 2300/136/3369
f 2300/136/3369 2323/160/3370 2322/159/3367
f 2302/161/3371 2323/160/3370 2300/136/3369
f 2300/136/3369 2305/140/3372 2302/161/3371
f 2324/162/3373 2327/165/3374 2326/164/3375
f 2326/164/3375 2325/163/3376 2324/162/3373
f 2328/166/3377 2331/169/3378 2330/168/3379
f 2330/168/3379 2329/167/3380 2328/166/3377
f 2333/170/3381 2332/171/3382 2330/168/3379
f 2330/168/3379 2331/169/3378 2333/170/3381
f 2334/172/3383 2337/175/3384 2336/174/3385
f 2336/174/3385 2335/173/3386 2334/172/3383
f 2338/176/3387 2339/177/3388 2326/164/3375
f 2326/164/3375 2327/165/3374 2338/176/3387
f 2339/177/3388 2341/179/3389 2340/178/3390
f 2340/178/3390 2326/164/3375 2339/177/3388
f 2341/179/3389 2339/177/3388 2336/174/3385
f 2336/174/3385 2342/180/3391 2341/179/3389
f 2344/181/3392 2343/182/3393 2333/170/3381
f 2333/170/3381 2331/169/3378 2344/181/3392
f 2345/183/3394 2343/182/3393 2344/181/3392
f 2344/181/3392 2346/184/3395 2345/183/3394
f 2348/185/3396 2347/187/3397 2349/186/3398
f 2349/186/3398 2346/184/3395 2348/185/3396
f 2331/169/3378 2328/166/3377 2350/188/3399
f 2350/188/3399 2344/181/3392 2331/169/3378
f 2345/183/3394 2351/191/3400 2353/190/3401
f 2353/190/3401 2352/189/3402 2345/183/3394
f 2354/192/3403 2333/170/3381 2343/182/3393
f 2343/182/3393 2355/193/3404 2354/192/3403
f 2354/192/3403 2355/193/3404 2357/195/3405
f 2357/195/3405 2356/194/3406 2354/192/3403
f 2352/189/3402 2353/190/3401 2359/197/3407
f 2359/197/3407 2358/196/3408 2352/189/3402
f 2360/198/3409 2363/201/3410 2362/200/3411
f 2362/200/3411 2361/199/3412 2360/198/3409
f 2365/202/3413 2364/204/3414 2366/203/3415
f 2366/203/3415 2362/200/3411 2365/202/3413
f 2368/205/3416 2367/207/3417 2363/201/3410
f 2363/201/3410 2369/206/3418 2368/205/3416
f 2371/208/3419 2370/211/3420 2373/210/3421
f 2373/210/3421 2372/209/3422 2371/208/3419
f 2371/208/3419 2372/209/3422 2375/213/3423
f 2375/213/3423 2374/212/3424 2371/208/3419
f 2377/214/3425 2376/217/3426 2379/216/3427
f 2379/216/3427 2378/215/3428 2377/214/3425
f 2378/215/3428 2379/216/3427 2381/219/3429
f 2381/219/3429 2380/218/3430 2378/215/3428
f 2382/220/3431 2385/223/3432 2384/222/3433
f 2384/222/3433 2383/221/3434 2382/220/3431
f 2388/224/3435 2387/227/3436 2386/226/3437
f 2386/226/3437 2389/225/3438 2388/224/3435
f 2389/225/3438 2350/188/3399 2328/166/3377
f 2328/166/3377 2388/224/3435 2389/225/3438
f 2348/185/3396 2350/188/3399 2389/225/3438
f 2389/225/3438 2384/222/3433 2348/185/3396
f 2390/228/3439 2351/191/3400 2349/186/3398
f 2349/186/3398 2391/229/3440 2390/228/3439
f 2392/230/3441 2374/212/3424 2393/231/3442
f 2393/231/3442 2391/229/3440 2392/230/3441
f 2395/232/3443 2394/233/3444 2340/178/3390
f 2340/178/3390 2341/179/3389 2395/232/3443
f 2386/226/3437 2387/227/3436 2394/233/3444
f 2394/233/3444 2395/232/3443 2386/226/3437
f 2396/234/3445 2382/220/3431 2383/221/3434
f 2383/221/3434 2397/235/3446 2396/234/3445
f 2398/236/3447 2396/234/3445 2397/235/3446
f 2397/235/3446 2342/180/3391 2398/236/3447
f 2399/237/3448 2370/211/3420 2401/239/3449
f 2401/239/3449 2400/238/3450 2399/237/3448
f 2364/204/3414 2399/237/3448 2400/238/3450
f 2400/238/3450 2402/240/3451 2364/204/3414
f 2326/164/3375 2340/178/3390 2403/241/3452
f 2403/241/3452 2325/163/3376 2326/164/3375
f 2404/242/3453 2405/243/3454 2394/233/3444
f 2394/233/3444 2387/227/3436 2404/242/3453
f 2340/178/3390 2394/233/3444 2405/243/3454
f 2405/243/3454 2403/241/3452 2340/178/3390
f 2354/192/3403 2356/194/3406 2407/245/3455
f 2407/245/3455 2406/244/3456 2354/192/3403
f 2333/170/3381 2354/192/3403 2406/244/3456
f 2406/244/3456 2332/171/3382 2333/170/3381
f 2329/167/3380 2408/246/3457 2388/224/3435
f 2388/224/3435 2328/166/3377 2329/167/3380
f 2404/242/3453 2387/227/3436 2388/224/3435
f 2388/224/3435 2408/246/3457 2404/242/3453
f 2409/247/3458 2366/203/3415 2411/249/3459
f 2411/249/3459 2410/248/3460 2409/247/3458
f 2366/203/3415 2364/204/3414 2402/240/3451
f 2402/240/3451 2411/249/3459 2366/203/3415
f 2374/212/3424 2392/230/3441 2412/250/3461
f 2412/250/3461 2371/208/3419 2374/212/3424
f 2370/211/3420 2371/208/3419 2412/250/3461
f 2412/250/3461 2401/239/3449 2370/211/3420
f 2390/228/3439 2413/253/3462 2415/252/3463
f 2415/252/3463 2414/251/3464 2390/228/3439
f 2414/251/3464 2415/252/3463 2417/255/3465
f 2417/255/3465 2416/254/3466 2414/251/3464
f 2377/214/3425 2413/253/3462 2393/231/3442
f 2393/231/3442 2418/256/3467 2377/214/3425
f 2419/257/3468 2376/217/3426 2421/259/3469
f 2421/259/3469 2420/258/3470 2419/257/3468
f 2375/213/3423 2422/260/3471 2421/259/3469
f 2421/259/3469 2418/256/3467 2375/213/3423
f 2399/237/3448 2364/204/3414 2365/202/3413
f 2365/202/3413 2423/261/3472 2399/237/3448
f 2370/211/3420 2399/237/3448 2423/261/3472
f 2423/261/3472 2373/210/3421 2370/211/3420
f 2424/262/3473 2407/245/3474 2356/194/3475
f 2356/194/3476 2425/263/3477 2424/262/3478
f 2426/264/3479 2425/263/3477 2356/194/3476
f 2356/194/3476 2357/195/3480 2426/264/3479
f 2427/265/3481 2426/264/3479 2357/195/3480
f 2357/195/3480 2358/196/3482 2427/265/3481
f 2429/266/3483 2428/267/3484 2359/197/3485
f 2359/197/3485 2416/254/3486 2429/266/3483
f 2431/268/3487 2430/269/3488 2417/255/3489
f 2417/255/3489 2380/218/3490 2431/268/3487
f 2432/270/3491 2381/219/3492 2434/272/3493
f 2434/272/3493 2433/271/3494 2432/270/3491
f 2329/167/3495 2330/168/3496 2436/274/3497
f 2436/274/3497 2435/273/3498 2329/167/3495
f 2330/168/3496 2332/171/3499 2437/275/3500
f 2437/275/3500 2436/274/3497 2330/168/3496
f 2403/241/3501 2439/277/3502 2438/276/3503
f 2438/276/3503 2325/163/3504 2403/241/3501
f 2404/242/3505 2441/279/3506 2440/278/3507
f 2440/278/3507 2405/243/3508 2404/242/3505
f 2405/243/3508 2440/278/3507 2439/277/3502
f 2439/277/3502 2403/241/3501 2405/243/3508
f 2332/171/3499 2406/244/3509 2442/280/3510
f 2442/280/3510 2437/275/3500 2332/171/3499
f 2408/246/3511 2329/167/3495 2435/273/3498
f 2435/273/3498 2443/281/3512 2408/246/3511
f 2404/242/3505 2408/246/3511 2443/281/3512
f 2443/281/3512 2441/279/3506 2404/242/3505
f 2407/245/3513 2424/282/3514 2442/280/3510
f 2442/280/3510 2406/244/3509 2407/245/3513
f 2445/283/3515 2444/286/3516 2447/285/3517
f 2447/285/3517 2446/284/3518 2445/283/3515
f 2445/283/3515 2446/284/3518 2449/288/3519
f 2449/288/3519 2448/287/3520 2445/283/3515
f 2448/287/3520 2449/288/3519 2451/290/3521
f 2451/290/3521 2450/289/3522 2448/287/3520
f 2450/289/3522 2451/290/3521 2453/292/3523
f 2453/292/3523 2452/291/3524 2450/289/3522
f 2452/291/3524 2453/292/3523 2455/294/3525
f 2455/294/3525 2454/293/3526 2452/291/3524
f 2456/295/3527 2454/293/3526 2455/294/3525
f 2455/294/3525 2457/296/3528 2456/295/3527
f 2446/284/3518 2447/285/3517 2459/298/3529
f 2459/298/3529 2458/297/3530 2446/284/3518
f 2446/284/3518 2458/297/3530 2460/299/3531
f 2460/299/3531 2449/288/3519 2446/284/3518
f 2449/288/3519 2460/299/3531 2461/300/3532
f 2461/300/3532 2451/290/3521 2449/288/3519
f 2451/290/3521 2461/300/3532 2462/301/3533
f 2462/301/3533 2453/292/3523 2451/290/3521
f 2453/292/3523 2462/301/3533 2463/302/3534
f 2463/302/3534 2455/294/3525 2453/292/3523
f 2457/296/3528 2455/294/3525 2463/302/3534
f 2463/302/3534 2464/303/3535 2457/296/3528
f 2458/297/3530 2459/298/3529 2466/305/3536
f 2466/305/3536 2465/304/3537 2458/297/3530
f 2458/297/3530 2465/304/3537 2467/306/3538
f 2467/306/3538 2460/299/3531 2458/297/3530
f 2460/299/3531 2467/306/3538 2468/307/3539
f 2468/307/3539 2461/300/3532 2460/299/3531
f 2461/300/3532 2468/307/3539 2469/308/3540
f 2469/308/3540 2462/301/3533 2461/300/3532
f 2462/301/3533 2469/308/3540 2470/309/3541
f 2470/309/3541 2463/302/3534 2462/301/3533
f 2464/303/3535 2463/302/3534 2470/309/3541
f 2470/309/3541 2471/310/3542 2464/303/3535
f 2465/304/3537 2466/305/3536 2473/312/3543
f 2473/312/3543 2472/311/3544 2465/304/3537
f 2465/304/3537 2472/311/3544 2474/313/3545
f 2474/313/3545 2467/306/3538 2465/304/3537
f 2467/306/3538 2474/313/3545 2475/314/3546
f 2475/314/3546 2468/307/3539 2467/306/3538
f 2468/307/3539 2475/314/3546 2476/315/3547
f 2476/315/3547 2469/308/3540 2468/307/3539
f 2469/308/3540 2476/315/3547 2477/316/3548
f 2477/316/3548 2470/309/3541 2469/308/3540
f 2471/310/3542 2470/309/3541 2477/316/3548
f 2477/316/3548 2478/317/3549 2471/310/3542
f 2472/311/3544 2473/312/3543 2480/319/3550
f 2480/319/3550 2479/318/3551 2472/311/3544
f 2472/311/3544 2479/318/3551 2481/320/3552
f 2481/320/3552 2474/313/3545 2472/311/3544
f 2474/313/3545 2481/320/3552 2482/321/3553
f 2482/321/3553 2475/314/3546 2474/313/3545
f 2475/314/3546 2482/321/3553 2483/322/3554
f 2483/322/3554 2476/315/3547 2475/314/3546
f 2476/315/3547 2483/322/3554 2484/323/3555
f 2484/323/3555 2477/316/3548 2476/315/3547
f 2478/317/3549 2477/316/3548 2484/323/3555
f 2484/323/3555 2485/324/3556 2478/317/3549
f 2479/318/3551 2480/319/3550 2487/326/3557
f 2487/326/3557 2486/325/3558 2479/318/3551
f 2479/318/3551 2486/325/3558 2488/327/3559
f 2488/327/3559 2481/320/3552 2479/318/3551
f 2481/320/3552 2488/327/3559 2489/328/3560
f 2489/328/3560 2482/321/3553 2481/320/3552
f 2482/321/3553 2489/328/3560 2490/329/3561
f 2490/329/3561 2483/322/3554 2482/321/3553
f 2483/322/3554 2490/329/3561 2491/330/3562
f 2491/330/3562 2484/323/3555 2483/322/3554
f 2485/324/3556 2484/323/3555 2491/330/3562
f 2491/330/3562 2492/331/3563 2485/324/3556
f 2486/325/3558 2487/326/3557 2494/333/3564
f 2494/333/3564 2493/332/3565 2486/325/3558
f 2486/325/3558 2493/332/3565 2495/334/3566
f 2495/334/3566 2488/327/3559 2486/325/3558
f 2488/327/3559 2495/334/3566 2496/335/3567
f 2496/335/3567 2489/328/3560 2488/327/3559
f 2489/328/3560 2496/335/3567 2497/336/3568
f 2497/336/3568 2490/329/3561 2489/328/3560
f 2490/329/3561 2497/336/3568 2498/337/3569
f 2498/337/3569 2491/330/3562 2490/329/3561
f 2492/331/3563 2491/330/3562 2498/337/3569
f 2498/337/3569 2499/338/3570 2492/331/3563
f 2493/332/3565 2494/333/3564 2501/340/3571
f 2501/340/3571 2500/339/3572 2493/332/3565
f 2493/332/3565 2500/339/3572 2502/341/3573
f 2502/341/3573 2495/334/3566 2493/332/3565
f 2495/334/3566 2502/341/3573 2503/342/3574
f 2503/342/3574 2496/335/3567 2495/334/3566
f 2496/335/3567 2503/342/3574 2504/343/3575
f 2504/343/3575 2497/336/3568 2496/335/3567
f 2497/336/3568 2504/343/3575 2505/344/3576
f 2505/344/3576 2498/337/3569 2497/336/3568
f 2499/338/3570 2498/337/3569 2505/344/3576
f 2505/344/3576 2506/345/3577 2499/338/3570
f 2500/339/3572 2501/340/3571 2508/347/3578
f 2508/347/3578 2507/346/3579 2500/339/3572
f 2500/339/3572 2507/346/3579 2509/348/3580
f 2509/348/3580 2502/341/3573 2500/339/3572
f 2502/341/3573 2509/348/3580 2510/349/3581
f 2510/349/3581 2503/342/3574 2502/341/3573
f 2503/342/3574 2510/349/3581 2511/350/3582
f 2511/350/3582 2504/343/3575 2503/342/3574
f 2504/343/3575 2511/350/3582 2512/351/3583
f 2512/351/3583 2505/344/3576 2504/343/3575
f 2506/345/3577 2505/344/3576 2512/351/3583
f 2512/351/3583 2513/352/3584 2506/345/3577
f 2507/346/3579 2508/347/3578 2515/354/3585
f 2515/354/3585 2514/353/3586 2507/346/3579
f 2507/346/3579 2514/353/3586 2516/355/3587
f 2516/355/3587 2509/348/3580 2507/346/3579
f 2509/348/3580 2516/355/3587 2517/356/3588
f 2517/356/3588 2510/349/3581 2509/348/3580
f 2510/349/3581 2517/356/3588 2518/357/3589
f 2518/357/3589 2511/350/3582 2510/349/3581
f 2511/350/3582 2518/357/3589 2519/358/3590
f 2519/358/3590 2512/351/3583 2511/350/3582
f 2513/352/3584 2512/351/3583 2519/358/3590
f 2519/358/3590 2520/359/3591 2513/352/3584
f 2514/353/3586 2515/354/3585 2522/361/3592
f 2522/361/3592 2521/360/3593 2514/353/3586
f 2514/353/3586 2521/360/3593 2523/362/3594
f 2523/362/3594 2516/355/3587 2514/353/3586
f 2516/355/3587 2523/362/3594 2524/363/3595
f 2524/363/3595 2517/356/3588 2516/355/3587
f 2517/356/3588 2524/363/3595 2525/364/3596
f 2525/364/3596 2518/357/3589 2517/356/3588
f 2518/357/3589 2525/364/3596 2526/365/3597
f 2526/365/3597 2519/358/3590 2518/357/3589
f 2520/359/3591 2519/358/3590 2526/365/3597
f 2526/365/3597 2527/366/3598 2520/359/3591
f 2521/360/3593 2522/361/3592 2529/368/3599
f 2529/368/3599 2528/367/3600 2521/360/3593
f 2521/360/3593 2528/367/3600 2530/369/3601
f 2530/369/3601 2523/362/3594 2521/360/3593
f 2523/362/3594 2530/369/3601 2531/370/3602
f 2531/370/3602 2524/363/3595 2523/362/3594
f 2524/363/3595 2531/370/3602 2532/371/3603
f 2532/371/3603 2525/364/3596 2524/363/3595
f 2525/364/3596 2532/371/3603 2533/372/3604
f 2533/372/3604 2526/365/3597 2525/364/3596
f 2527/366/3598 2526/365/3597 2533/372/3604
f 2533/372/3604 2534/373/3605 2527/366/3598
f 2528/367/3600 2529/368/3599 2536/375/3606
f 2536/375/3606 2535/374/3607 2528/367/3600
f 2528/367/3600 2535/374/3607 2537/376/3608
f 2537/376/3608 2530/369/3601 2528/367/3600
f 2530/369/3601 2537/376/3608 2538/377/3609
f 2538/377/3609 2531/370/3602 2530/369/3601
f 2531/370/3602 2538/377/3609 2539/378/3610
f 2539/378/3610 2532/371/3603 2531/370/3602
f 2532/371/3603 2539/378/3610 2540/379/3611
f 2540/379/3611 2533/372/3604 2532/371/3603
f 2534/373/3605 2533/372/3604 2540/379/3611
f 2540/379/3611 2541/380/3612 2534/373/3605
f 2535/374/3607 2536/375/3606 2543/382/3613
f 2543/382/3613 2542/381/3614 2535/374/3607
f 2535/374/3607 2542/381/3614 2544/383/3615
f 2544/383/3615 2537/376/3608 2535/374/3607
f 2537/376/3608 2544/383/3615 2545/384/3616
f 2545/384/3616 2538/377/3609 2537/376/3608
f 2538/377/3609 2545/384/3616 2546/385/3617
f 2546/385/3617 2539/378/3610 2538/377/3609
f 2539/378/3610 2546/385/3617 2547/386/3618
f 2547/386/3618 2540/379/3611 2539/378/3610
f 2541/380/3612 2540/379/3611 2547/386/3618
f 2547/386/3618 2548/387/3619 2541/380/3612
f 2542/381/3614 2543/382/3613 2550/389/3620
f 2550/389/3620 2549/388/3621 2542/381/3614
f 2542/381/3614 2549/388/3621 2551/390/3622
f 2551/390/3622 2544/383/3615 2542/381/3614
f 2544/383/3615 2551/390/3622 2552/391/3623
f 2552/391/3623 2545/384/3616 2544/383/3615
f 2545/384/3616 2552/391/3623 2553/392/3624
f 2553/392/3624 2546/385/3617 2545/384/3616
f 2546/385/3617 2553/392/3624 2554/393/3625
f 2554/393/3625 2547/386/3618 2546/385/3617
f 2548/387/3619 2547/386/3618 2554/393/3625
f 2554/393/3625 2555/394/3626 2548/387/3619
f 2549/388/3621 2550/389/3620 2557/396/3627
f 2557/396/3627 2556/395/3628 2549/388/3621
f 2549/388/3621 2556/395/3628 2558/397/3629
f 2558/397/3629 2551/390/3622 2549/388/3621
f 2551/390/3622 2558/397/3629 2559/398/3630
f 2559/398/3630 2552/391/3623 2551/390/3622
f 2552/391/3623 2559/398/3630 2560/399/3631
f 2560/399/3631 2553/392/3624 2552/391/3623
f 2553/392/3624 2560/399/3631 2561/400/3632
f 2561/400/3632 2554/393/3625 2553/392/3624
f 2555/394/3626 2554/393/3625 2561/400/3632
f 2561/400/3632 2562/401/3633 2555/394/3626
f 2556/395/3628 2557/396/3627 2564/403/3634
f 2564/403/3634 2563/402/3635 2556/395/3628
f 2556/395/3628 2563/402/3635 2565/404/3636
f 2565/404/3636 2558/397/3629 2556/395/3628
f 2558/397/3629 2565/404/3636 2566/405/3637
f 2566/405/3637 2559/398/3630 2558/397/3629
f 2559/398/3630 2566/405/3637 2567/406/3638
f 2567/406/3638 2560/399/3631 2559/398/3630
f 2560/399/3631 2567/406/3638 2568/407/3639
f 2568/407/3639 2561/400/3632 2560/399/3631
f 2562/401/3633 2561/400/3632 2568/407/3639
f 2568/407/3639 2569/408/3640 2562/401/3633
f 2563/402/3635 2564/403/3634 2571/410/3641
f 2571/410/3641 2570/409/3642 2563/402/3635
f 2563/402/3635 2570/409/3642 2572/411/3643
f 2572/411/3643 2565/404/3636 2563/402/3635
f 2565/404/3636 2572/411/3643 2573/412/3644
f 2573/412/3644 2566/405/3637 2565/404/3636
f 2566/405/3637 2573/412/3644 2574/413/3645
f 2574/413/3645 2567/406/3638 2566/405/3637
f 2567/406/3638 2574/413/3645 2575/414/3646
f 2575/414/3646 2568/407/3639 2567/406/3638
f 2569/408/3640 2568/407/3639 2575/414/3646
f 2575/414/3646 2576/415/3647 2569/408/3640
f 2570/416/3642 2571/419/3641 2578/418/3648
f 2578/418/3648 2577/417/3649 2570/416/3642
f 2570/416/3642 2577/417/3649 2579/421/3650
f 2579/421/3650 2572/420/3643 2570/416/3642
f 2572/420/3643 2579/421/3650 2580/423/3651
f 2580/423/3651 2573/422/3644 2572/420/3643
f 2573/422/3644 2580/423/3651 2581/425/3652
f 2581/425/3652 2574/424/3645 2573/422/3644
f 2574/424/3645 2581/425/3652 2582/427/3653
f 2582/427/3653 2575/426/3646 2574/424/3645
f 2576/428/3647 2575/426/3646 2582/427/3653
f 2582/427/3653 2583/429/3654 2576/428/3647
f 2577/417/3649 2578/418/3648 2585/431/3655
f 2585/431/3655 2584/430/3656 2577/417/3649
f 2577/417/3649 2584/430/3656 2586/432/3657
f 2586/432/3657 2579/421/3650 2577/417/3649
f 2579/421/3650 2586/432/3657 2587/433/3658
f 2587/433/3658 2580/423/3651 2579/421/3650
f 2580/423/3651 2587/433/3658 2588/434/3659
f 2588/434/3659 2581/425/3652 2580/423/3651
f 2581/425/3652 2588/434/3659 2589/435/3660
f 2589/435/3660 2582/427/3653 2581/425/3652
f 2583/429/3654 2582/427/3653 2589/435/3660
f 2589/435/3660 2590/436/3661 2583/429/3654
f 2584/430/3656 2585/431/3655 2592/438/3662
f 2592/438/3662 2591/437/3663 2584/430/3656
f 2584/430/3656 2591/437/3663 2593/439/3664
f 2593/439/3664 2586/432/3657 2584/430/3656
f 2586/432/3657 2593/439/3664 2594/440/3665
f 2594/440/3665 2587/433/3658 2586/432/3657
f 2587/433/3658 2594/440/3665 2595/441/3666
f 2595/441/3666 2588/434/3659 2587/433/3658
f 2588/434/3659 2595/441/3666 2596/442/3667
f 2596/442/3667 2589/435/3660 2588/434/3659
f 2590/436/3661 2589/435/3660 2596/442/3667
f 2596/442/3667 2597/443/3668 2590/436/3661
f 2591/437/3663 2592/438/3662 2599/445/3669
f 2599/445/3669 2598/444/3670 2591/437/3663
f 2591/437/3663 2598/444/3670 2600/446/3671
f 2600/446/3671 2593/439/3664 2591/437/3663
f 2593/439/3664 2600/446/3671 2601/447/3672
f 2601/447/3672 2594/440/3665 2593/439/3664
f 2594/440/3665 2601/447/3672 2602/448/3673
f 2602/448/3673 2595/441/3666 2594/440/3665
f 2595/441/3666 2602/448/3673 2603/449/3674
f 2603/449/3674 2596/442/3667 2595/441/3666
f 2597/443/3668 2596/442/3667 2603/449/3674
f 2603/449/3674 2604/450/3675 2597/443/3668
f 2598/444/3670 2599/445/3669 2606/452/3676
f 2606/452/3676 2605/451/3677 2598/444/3670
f 2598/444/3670 2605/451/3677 2607/453/3678
f 2607/453/3678 2600/446/3671 2598/444/3670
f 2600/446/3671 2607/453/3678 2608/454/3679
f 2608/454/3679 2601/447/3672 2600/446/3671
f 2601/447/3672 2608/454/3679 2609/455/3680
f 2609/455/3680 2602/448/3673 2601/447/3672
f 2602/448/3673 2609/455/3680 2610/456/3681
f 2610/456/3681 2603/449/3674 2602/448/3673
f 2604/450/3675 2603/449/3674 2610/456/3681
f 2610/456/3681 2611/457/3682 2604/450/3675
f 2605/451/3677 2606/452/3676 2444/286/3516
f 2444/286/3516 2445/283/3515 2605/451/3677
f 2605/451/3677 2445/283/3515 2448/287/3520
f 2448/287/3520 2607/453/3678 2605/451/3677
f 2607/453/3678 2448/287/3520 2450/289/3522
f 2450/289/3522 2608/454/3679 2607/453/3678
f 2608/454/3679 2450/289/3522 2452/291/3524
f 2452/291/3524 2609/455/3680 2608/454/3679
f 2609/455/3680 2452/291/3524 2454/293/3526
f 2454/293/3526 2610/456/3681 2609/455/3680
f 2611/457/3682 2610/456/3681 2454/293/3526
f 2454/293/3526 2456/295/3527 2611/457/3682
f 2613/458/3683 2612/461/3684 2615/460/3685
f 2615/460/3685 2614/459/3686 2613/458/3683
f 2616/462/3687 2617/463/3688 2615/460/3685
f 2615/460/3685 2612/461/3684 2616/462/3687
f 2618/464/3689 2621/467/3690 2620/466/3691
f 2620/466/3691 2619/465/3692 2618/464/3689
f 2622/468/3693 2623/469/3694 2621/467/3690
f 2621/467/3690 2618/464/3689 2622/468/3693
f 2624/470/3695 2626/472/3696 2619/465/3697
f 2619/465/3697 2625/471/3698 2624/470/3695
f 2618/464/3699 2627/474/3700 2628/473/3701
f 2628/473/3701 2622/468/3702 2618/464/3699
f 2629/475/3703 2632/478/3704 2631/477/3705
f 2631/477/3705 2630/476/3706 2629/475/3703
f 2634/479/3707 2633/482/3708 2636/481/3709
f 2636/481/3709 2635/480/3710 2634/479/3707
f 2637/483/3711 2638/484/3712 2626/472/3696
f 2626/472/3696 2624/470/3695 2637/483/3711
f 2627/474/3700 2639/486/3713 2640/485/3714
f 2640/485/3714 2628/473/3701 2627/474/3700
f 2630/476/3706 2631/477/3705 2638/484/3715
f 2638/484/3715 2637/483/3716 2630/476/3706
f 2639/486/3717 2634/479/3707 2635/480/3710
f 2635/480/3710 2640/485/3718 2639/486/3717
f 2641/487/3719 2614/459/3686 2615/460/3685
f 2615/460/3685 2642/488/3720 2641/487/3719
f 2642/488/3720 2615/460/3685 2617/463/3688
f 2617/463/3688 2643/489/3721 2642/488/3720
f 2612/461/3684 2174/10/3205 2175/11/3204
f 2175/11/3204 2616/462/3687 2612/461/3684
f 2185/21/3215 2174/10/3205 2612/461/3684
f 2612/461/3684 2613/458/3683 2185/21/3215
f 2645/490/3722 2644/493/3723 2647/492/3724
f 2647/492/3724 2646/491/3725 2645/490/3722
f 2649/494/3726 2648/497/3727 2651/496/3728
f 2651/496/3728 2650/495/3729 2649/494/3726
f 2653/498/3730 2652/501/3731 2655/500/3732
f 2655/500/3732 2654/499/3733 2653/498/3730
f 2657/502/3734 2656/505/3735 2659/504/3736
f 2659/504/3736 2658/503/3737 2657/502/3734
f 2648/497/3727 2661/507/3738 2660/506/3739
f 2660/506/3739 2651/496/3728 2648/497/3727
f 2663/508/3740 2662/511/3741 2665/510/3742
f 2665/510/3742 2664/509/3743 2663/508/3740
f 2654/499/3733 2666/513/3744 2667/512/3745
f 2667/512/3745 2653/498/3730 2654/499/3733
f 2644/493/3723 2668/515/3746 2669/514/3747
f 2669/514/3747 2647/492/3724 2644/493/3723
f 2656/505/3735 2645/490/3722 2646/491/3725
f 2646/491/3725 2659/504/3736 2656/505/3735
f 2652/501/3731 2649/494/3726 2650/495/3729
f 2650/495/3729 2655/500/3732 2652/501/3731
f 2668/515/3746 2670/516/3748 2664/509/3743
f 2664/509/3743 2669/514/3747 2668/515/3746
f 2671/517/3749 2666/513/3744 2665/510/3742
f 2665/510/3742 2662/511/3741 2671/517/3749
f 2672/518/3750 2665/510/3742 2666/513/3744
f 2666/513/3744 2654/499/3733 2672/518/3750
f 2654/499/3733 2655/500/3732 2673/519/3751
f 2673/519/3751 2672/518/3750 2654/499/3733
f 2655/500/3732 2650/495/3729 2674/520/3752
f 2674/520/3752 2673/519/3751 2655/500/3732
f 2650/495/3729 2651/496/3728 2675/521/3753
f 2675/521/3753 2674/520/3752 2650/495/3729
f 2651/496/3728 2660/506/3739 2676/522/3754
f 2676/522/3754 2675/521/3753 2651/496/3728
f 2677/523/3755 2680/526/3756 2679/525/3757
f 2679/525/3757 2678/524/3758 2677/523/3755
f 2681/527/3759 2682/528/3760 2680/526/3756
f 2680/526/3756 2677/523/3755 2681/527/3759
f 2645/490/3761 2684/530/3762 2683/529/3763
f 2683/529/3763 2644/493/3764 2645/490/3761
f 2649/494/3765 2686/532/3766 2685/531/3767
f 2685/531/3767 2648/497/3768 2649/494/3765
f 2653/498/3769 2688/534/3770 2687/533/3771
f 2687/533/3771 2652/501/3772 2653/498/3769
f 2662/511/3773 2690/536/3774 2689/535/3775
f 2689/535/3775 2671/517/3776 2662/511/3773
f 2657/502/3777 2691/539/3778 2693/538/3779
f 2693/538/3779 2692/537/3780 2657/502/3777
f 2648/497/3768 2685/531/3767 2694/540/3781
f 2694/540/3781 2661/507/3782 2648/497/3768
f 2695/541/3783 2670/516/3784 2697/543/3785
f 2697/543/3785 2696/542/3786 2695/541/3783
f 2667/512/3787 2698/544/3788 2688/534/3770
f 2688/534/3770 2653/498/3769 2667/512/3787
f 2644/493/3764 2683/529/3763 2699/545/3789
f 2699/545/3789 2668/515/3790 2644/493/3764
f 2656/505/3791 2700/546/3792 2684/530/3762
f 2684/530/3762 2645/490/3761 2656/505/3791
f 2652/501/3772 2687/533/3771 2686/532/3766
f 2686/532/3766 2649/494/3765 2652/501/3772
f 2668/515/3790 2699/545/3789 2697/543/3785
f 2697/543/3785 2670/516/3784 2668/515/3790
f 2681/527/3759 2701/548/3793 2702/547/3794
f 2702/547/3794 2682/528/3760 2681/527/3759
f 2166/1/3795 2704/550/3796 2703/549/3797
f 2703/549/3797 2165/4/3798 2166/1/3795
f 2176/12/3799 2706/552/3800 2705/551/3801
f 2705/551/3801 2173/9/3802 2176/12/3799
f 2184/20/3803 2708/554/3804 2707/553/3805
f 2707/553/3805 2178/13/3806 2184/20/3803
f 2169/5/3807 2710/556/3808 2709/555/3809
f 2709/555/3809 2172/8/3810 2169/5/3807
f 2185/21/3811 2711/557/3812 2704/550/3796
f 2704/550/3796 2166/1/3795 2185/21/3811
f 2175/11/3813 2713/559/3814 2712/558/3815
f 2712/558/3815 2616/462/3816 2175/11/3813
f 2180/19/3817 2715/562/3818 1659/561/632
f 1659/561/632 2714/560/631 2180/19/3817
f 2165/4/3798 2703/549/3797 2708/554/3804
f 2708/554/3804 2184/20/3803 2165/4/3798
f 2172/8/3810 2709/555/3809 2706/552/3800
f 2706/552/3800 2176/12/3799 2172/8/3810
f 2178/13/3806 2707/553/3805 2716/563/3819
f 2716/563/3819 2177/15/3820 2178/13/3806
f 2186/22/3821 2717/564/3822 2710/556/3808
f 2710/556/3808 2169/5/3807 2186/22/3821
f 2181/16/3823 2177/15/3820 2716/563/3819
f 2716/563/3819 2718/565/3824 2181/16/3823
f 1669/569/644 2721/568/643 2720/567/3825
f 2719/566/3826 1669/569/644 2720/567/3825
f 2719/566/3826 2720/567/3825 2187/23/3827
f 2614/459/3828 2723/571/3829 2722/570/3830
f 2722/570/3830 2613/458/3831 2614/459/3828
f 2628/473/3832 2725/573/3833 2724/572/3834
f 2724/572/3834 2622/468/3835 2628/473/3832
f 2726/574/3836 2728/576/3837 2727/575/3838
f 2727/575/3838 2625/471/3839 2726/574/3836
f 2622/468/3835 2724/572/3834 2729/577/3840
f 2729/577/3841 2623/469/3842 2622/468/3843
f 2621/467/3690 2731/579/3844 2730/578/3845
f 2730/578/3845 2620/466/3691 2621/467/3690
f 2623/469/3694 2729/577/3846 2731/579/3844
f 2731/579/3844 2621/467/3690 2623/469/3694
f 2625/471/3839 2727/575/3838 2732/580/3847
f 2732/580/3847 2624/470/3848 2625/471/3839
f 2640/485/3849 2733/581/3850 2725/573/3833
f 2725/573/3833 2628/473/3832 2640/485/3849
f 2630/476/3706 2735/583/3851 2734/582/3852
f 2734/582/3853 2629/475/3703 2630/476/3706
f 2643/489/3854 2617/463/3855 2737/585/3856
f 2737/585/3856 2736/584/3857 2643/489/3854
f 2624/470/3848 2732/580/3847 2738/586/3858
f 2738/586/3859 2637/483/3860 2624/470/3861
f 2635/480/3862 2739/587/3863 2733/581/3864
f 2733/581/3865 2640/485/3866 2635/480/3867
f 2637/483/3716 2738/586/3868 2735/583/3851
f 2735/583/3851 2630/476/3706 2637/483/3716
f 2636/481/3869 2740/588/3863 2739/587/3863
f 2739/587/3863 2635/480/3862 2636/481/3869
f 2629/475/3870 2734/582/3871 2741/589/3872
f 2741/589/3872 2641/487/3873 2629/475/3870
f 2616/462/3816 2712/558/3815 2737/585/3856
f 2737/585/3856 2617/463/3855 2616/462/3816
f 2613/458/3831 2722/570/3830 2711/557/3812
f 2711/557/3812 2185/21/3811 2613/458/3831
f 2173/9/3802 2705/551/3801 2713/559/3814
f 2713/559/3814 2175/11/3813 2173/9/3802
f 2335/173/3874 2338/176/3875 2743/591/3876
f 2743/591/3876 2742/590/3877 2335/173/3874
f 2338/176/3875 2327/165/3878 2744/592/3879
f 2744/592/3879 2743/591/3876 2338/176/3875
f 2361/199/3880 2409/247/3881 2746/594/3882
f 2746/594/3882 2745/593/3883 2361/199/3880
f 2410/248/3884 2334/172/3885 2748/596/3886
f 2748/596/3886 2747/595/3887 2410/248/3884
f 2360/198/3888 2751/599/3889 2750/598/3890
f 2750/598/3890 2749/597/3891 2360/198/3888
f 2193/600/3892 2753/603/3893 2752/602/3894
f 2752/602/3894 2192/601/3895 2193/600/3892
f 2192/601/3895 2752/602/3894 2754/605/3896
f 2754/605/3896 2196/604/3897 2192/601/3895
f 2196/604/3897 2754/605/3896 2755/607/3898
f 2755/607/3898 2198/606/3899 2196/604/3897
f 2198/606/3899 2755/607/3898 2756/609/3900
f 2756/609/3900 2200/608/3901 2198/606/3899
f 2223/610/3902 2758/613/3903 2757/612/3904
f 2757/612/3904 2230/611/3905 2223/610/3902
f 2230/611/3905 2757/612/3904 2759/615/3906
f 2759/615/3906 2229/614/3907 2230/611/3905
f 2202/616/3908 2761/619/3909 2760/618/3910
f 2760/618/3910 2188/617/3911 2202/616/3908
f 2203/620/3912 2762/621/3913 2761/619/3909
f 2761/619/3909 2202/616/3908 2203/620/3912
f 2219/622/3914 2763/623/3915 2762/621/3913
f 2762/621/3913 2203/620/3912 2219/622/3914
f 2188/617/3911 2760/618/3910 2764/625/3916
f 2764/625/3916 2191/624/3917 2188/617/3911
f 2191/624/3917 2764/625/3916 2765/627/3918
f 2765/627/3918 2222/626/3919 2191/624/3917
f 2222/626/3919 2765/627/3918 2766/629/3920
f 2766/629/3920 2221/628/3921 2222/626/3919
f 2214/630/3922 2767/631/3922 2763/623/3915
f 2763/623/3915 2219/622/3914 2214/630/3922
f 2229/614/3907 2759/615/3906 2767/633/3923
f 2767/633/3924 2214/632/3924 2229/614/3925
f 2234/634/3926 2769/637/3927 2768/636/3928
f 2768/636/3928 2235/635/3929 2234/634/3926
f 2233/638/3930 2770/639/3931 2769/637/3927
f 2769/637/3927 2234/634/3926 2233/638/3930
f 2232/640/3932 2771/641/3933 2770/639/3931
f 2770/639/3931 2233/638/3930 2232/640/3932
f 2231/642/3934 2772/643/3935 2771/641/3933
f 2771/641/3933 2232/640/3932 2231/642/3934
f 2217/644/3936 2773/645/3937 2772/643/3935
f 2772/643/3935 2231/642/3934 2217/644/3936
f 2218/646/3938 2774/647/3939 2773/645/3937
f 2773/645/3937 2217/644/3936 2218/646/3938
f 2220/648/3940 2775/649/3941 2774/647/3939
f 2774/647/3939 2218/646/3938 2220/648/3940
f 2221/628/3921 2766/629/3920 2775/649/3941
f 2775/649/3941 2220/648/3940 2221/628/3921
f 2200/608/3901 2756/609/3900 2758/613/3903
f 2758/613/3903 2223/610/3902 2200/608/3901
f 2237/650/3942 2777/653/3943 2776/652/3944
f 2776/652/3944 2236/651/3945 2237/650/3942
f 2240/654/3946 2778/655/3947 2753/603/3893
f 2753/603/3893 2193/600/3892 2240/654/3946
f 2242/656/3948 2779/657/3949 2778/655/3947
f 2778/655/3947 2240/654/3946 2242/656/3948
f 2244/658/3950 2780/659/3951 2779/657/3949
f 2779/657/3949 2242/656/3948 2244/658/3950
f 2246/660/3952 2781/661/3953 2780/659/3951
f 2780/659/3951 2244/658/3950 2246/660/3952
f 2236/651/3945 2776/652/3944 2782/663/3954
f 2782/663/3954 2249/662/3955 2236/651/3945
f 2249/662/3955 2782/663/3954 2783/665/3956
f 2783/665/3956 2248/664/3957 2249/662/3955
f 2261/666/3958 2785/669/3959 2784/668/3960
f 2784/668/3960 2262/667/3961 2261/666/3958
f 2263/670/3962 2787/673/3963 2786/672/3964
f 2786/672/3965 2258/671/3966 2263/670/3967
f 2262/667/3961 2784/668/3960 2788/675/3968
f 2788/675/3968 2264/674/3969 2262/667/3961
f 2248/664/3957 2783/665/3956 2787/673/3963
f 2787/673/3963 2263/670/3962 2248/664/3957
f 2264/674/3969 2788/675/3968 2789/677/3970
f 2789/677/3970 2266/676/3971 2264/674/3969
f 2266/676/3971 2789/677/3970 2790/679/3972
f 2790/679/3972 2265/678/3973 2266/676/3971
f 2267/680/3974 2791/681/3975 2781/661/3953
f 2781/661/3953 2246/660/3952 2267/680/3974
f 2272/682/3976 2793/685/3977 2792/684/3978
f 2792/684/3978 2273/683/3979 2272/682/3976
f 2265/678/3973 2790/679/3972 2777/653/3943
f 2777/653/3943 2237/650/3942 2265/678/3973
f 2274/686/3980 2794/687/3981 2785/669/3959
f 2785/669/3959 2261/666/3958 2274/686/3980
f 2275/688/3982 2795/689/3983 2794/687/3981
f 2794/687/3981 2274/686/3980 2275/688/3982
f 2276/690/3984 2796/691/3985 2795/689/3983
f 2795/689/3983 2275/688/3982 2276/690/3984
f 2277/692/3986 2797/693/3987 2796/691/3985
f 2796/691/3985 2276/690/3984 2277/692/3986
f 2235/635/3929 2768/636/3928 2797/693/3987
f 2797/693/3987 2277/692/3986 2235/635/3929
f 2273/683/3979 2792/684/3978 2791/681/3975
f 2791/681/3975 2267/680/3974 2273/683/3979
f 2258/694/3988 2786/695/3989 2793/685/3977
f 2793/685/3977 2272/682/3976 2258/694/3988
f 2799/696/3990 2798/699/3991 2801/698/3992
f 2801/698/3992 2800/697/3993 2799/696/3990
f 2800/697/3993 2801/698/3992 2803/701/3994
f 2803/701/3994 2802/700/3995 2800/697/3993
f 2803/701/3994 2805/703/3996 2804/702/3997
f 2804/702/3997 2802/700/3995 2803/701/3994
f 2805/703/3996 2807/705/3998 2806/704/3999
f 2806/704/3999 2804/702/3997 2805/703/3996
f 2798/699/3991 2808/707/4000 2809/706/4001
f 2809/706/4001 2801/698/3992 2798/699/3991
f 2801/698/3992 2809/706/4001 2810/708/4002
f 2810/708/4002 2803/701/3994 2801/698/3992
f 2803/701/3994 2810/708/4002 2811/709/4003
f 2811/709/4003 2805/703/3996 2803/701/3994
f 2811/709/4003 2812/710/4004 2807/705/3998
f 2807/705/3998 2805/703/3996 2811/709/4003
f 2813/711/4005 2816/714/4006 2815/713/4007
f 2815/713/4007 2814/712/4008 2813/711/4005
f 2816/714/4006 2818/716/4009 2817/715/4010
f 2817/715/4010 2815/713/4007 2816/714/4006
f 2817/715/4010 2818/716/4009 2820/718/4011
f 2820/718/4011 2819/717/4012 2817/715/4010
f 2819/717/4012 2820/718/4011 2822/720/4013
f 2822/720/4013 2821/719/4014 2819/717/4012
f 2823/721/4015 2826/724/4016 2825/723/4017
f 2825/723/4017 2824/722/4018 2823/721/4015
f 2826/724/4016 2828/726/4019 2827/725/4020
f 2827/725/4020 2825/723/4017 2826/724/4016
f 2827/725/4020 2828/726/4019 2830/728/4021
f 2830/728/4021 2829/727/4022 2827/725/4020
f 2830/728/4021 2832/730/4023 2831/729/4024
f 2831/729/4024 2829/727/4022 2830/728/4021
f 2814/712/4008 2815/713/4007 2809/706/4001
f 2809/706/4001 2808/707/4000 2814/712/4008
f 2815/713/4007 2817/715/4010 2810/708/4002
f 2810/708/4002 2809/706/4001 2815/713/4007
f 2810/708/4002 2817/715/4010 2819/717/4012
f 2819/717/4012 2811/709/4003 2810/708/4002
f 2811/709/4003 2819/717/4012 2821/719/4014
f 2821/719/4014 2812/710/4004 2811/709/4003
f 2833/731/4025 2324/162/4026 2325/163/4027
f 2325/163/3504 2438/276/3503 2833/731/4028
f 2833/732/4029 2744/592/3879 2327/165/3878
f 2327/165/3878 2324/162/4030 2833/732/4029
f 2813/711/4005 2824/722/4018 2825/723/4017
f 2825/723/4017 2816/714/4006 2813/711/4005
f 2825/723/4017 2827/725/4020 2818/716/4009
f 2818/716/4009 2816/714/4006 2825/723/4017
f 2818/716/4009 2827/725/4020 2829/727/4022
f 2829/727/4022 2820/718/4011 2818/716/4009
f 2820/718/4011 2829/727/4022 2831/729/4024
f 2831/729/4024 2822/720/4013 2820/718/4011
f 2835/733/4031 2834/736/4032 2837/735/4033
f 2837/735/4033 2836/734/4034 2835/733/4031
f 2839/737/4035 2838/740/4036 2841/739/4037
f 2841/739/4037 2840/738/4038 2839/737/4035
f 2839/737/4035 2840/738/4038 2843/742/4039
f 2843/742/4039 2842/741/4040 2839/737/4035
f 2842/741/4040 2843/742/4039 2845/744/4041
f 2845/744/4041 2844/743/4042 2842/741/4040
f 2847/745/4043 2846/746/4044 2834/736/4032
f 2834/736/4032 2835/733/4031 2847/745/4043
f 2838/740/4036 2839/737/4035 2849/748/4045
f 2849/748/4045 2848/747/4046 2838/740/4036
f 2839/737/4035 2842/741/4040 2850/749/4047
f 2850/749/4047 2849/748/4045 2839/737/4035
f 2850/749/4047 2842/741/4040 2844/743/4042
f 2844/743/4042 2851/750/4048 2850/749/4047
f 2852/751/4049 2855/754/4050 2854/753/4051
f 2854/753/4051 2853/752/4052 2852/751/4049
f 2856/755/4053 2859/758/4054 2858/757/4055
f 2858/757/4055 2857/756/4056 2856/755/4053
f 2858/757/4055 2861/760/4057 2860/759/4058
f 2860/759/4058 2857/756/4056 2858/757/4055
f 2862/761/4059 2860/759/4058 2861/760/4057
f 2861/760/4057 2863/762/4060 2862/761/4059
f 2865/763/4061 2864/766/4062 2867/765/4063
f 2867/765/4063 2866/764/4064 2865/763/4061
f 2868/767/4065 2871/770/4066 2870/769/4067
f 2870/769/4067 2869/768/4068 2868/767/4065
f 2870/769/4067 2873/772/4069 2872/771/4070
f 2872/771/4070 2869/768/4068 2870/769/4067
f 2874/773/4071 2872/771/4070 2873/772/4069
f 2873/772/4069 2875/774/4072 2874/773/4071
f 2855/754/4050 2846/746/4044 2847/745/4043
f 2847/745/4043 2854/753/4051 2855/754/4050
f 2859/758/4054 2848/747/4046 2849/748/4045
f 2849/748/4045 2858/757/4055 2859/758/4054
f 2849/748/4045 2850/749/4047 2861/760/4057
f 2861/760/4057 2858/757/4055 2849/748/4045
f 2863/762/4060 2861/760/4057 2850/749/4047
f 2850/749/4047 2851/750/4048 2863/762/4060
f 2866/764/4064 2867/765/4063 2852/751/4049
f 2852/751/4049 2853/752/4052 2866/764/4064
f 2871/770/4066 2856/755/4053 2857/756/4056
f 2857/756/4056 2870/769/4067 2871/770/4066
f 2857/756/4056 2860/759/4058 2873/772/4069
f 2873/772/4069 2870/769/4067 2857/756/4056
f 2875/774/4072 2873/772/4069 2860/759/4058
f 2860/759/4058 2862/761/4059 2875/774/4072
f 2802/775/4073 2877/778/4073 2876/777/4074
f 2876/777/4074 2800/776/4075 2802/775/4073
f 2800/776/4075 2876/777/4074 2837/780/4076
f 2837/780/4076 2799/779/4077 2800/776/4075
f 2798/781/4078 2834/784/4079 2846/783/4080
f 2846/783/4080 2808/782/4081 2798/781/4078
f 2808/782/4081 2846/783/4080 2855/786/4082
f 2855/786/4082 2814/785/4083 2808/782/4081
f 2814/785/4083 2855/786/4082 2852/788/4084
f 2852/788/4084 2813/787/4085 2814/785/4083
f 2813/787/4085 2852/788/4084 2867/790/4086
f 2867/790/4086 2824/789/4087 2813/787/4085
f 2824/789/4087 2867/790/4086 2864/792/4088
f 2864/792/4088 2823/791/4089 2824/789/4087
f 2832/793/4090 2879/796/4091 2878/795/4092
f 2878/795/4092 2831/794/4093 2832/793/4090
f 2831/794/4093 2878/795/4092 2880/798/4094
f 2880/798/4094 2822/797/4095 2831/794/4093
f 2822/797/4095 2880/798/4094 2881/800/4096
f 2881/800/4096 2821/799/4097 2822/797/4095
f 2821/799/4097 2881/800/4096 2882/802/4098
f 2882/802/4098 2812/801/4099 2821/799/4097
f 2812/801/4099 2882/802/4098 2883/804/4100
f 2883/804/4100 2807/803/4101 2812/801/4099
f 2806/805/4102 2807/803/4101 2883/804/4100
f 2883/804/4100 2884/806/4103 2806/805/4102
f 2804/807/4104 2885/808/4105 2877/778/4073
f 2877/778/4073 2802/775/4073 2804/807/4104
f 2887/809/4106 2886/812/4107 2447/811/4108
f 2447/811/4108 2444/810/4109 2887/809/4106
f 2886/812/4110 2887/809/4111 2456/814/4111
f 2456/814/4111 2457/813/4110 2886/812/4110
f 2886/812/4107 2888/816/4112 2459/815/4113
f 2459/815/4113 2447/811/4108 2886/812/4107
f 2888/816/4114 2886/812/4115 2457/813/4115
f 2457/813/4115 2464/817/4114 2888/816/4114
f 2888/816/4112 2889/819/4116 2466/818/4117
f 2466/818/4117 2459/815/4113 2888/816/4112
f 2889/819/4118 2888/816/4118 2464/817/4118
f 2464/817/4118 2471/820/4118 2889/819/4118
f 2889/819/4116 2890/822/4119 2473/821/4120
f 2473/821/4120 2466/818/4117 2889/819/4116
f 2890/822/4121 2889/819/4122 2471/820/4122
f 2471/820/4122 2478/823/4121 2890/822/4121
f 2890/822/4119 2891/825/4123 2480/824/4124
f 2480/824/4124 2473/821/4120 2890/822/4119
f 2891/825/4125 2890/822/4126 2478/823/4126
f 2478/823/4126 2485/826/4127 2891/825/4125
f 2891/825/4123 2892/828/4128 2487/827/4129
f 2487/827/4129 2480/824/4124 2891/825/4123
f 2892/828/4130 2891/825/4130 2485/826/4130
f 2485/826/4130 2492/829/4131 2892/828/4130
f 2892/828/4128 2893/831/4132 2494/830/4133
f 2494/830/4133 2487/827/4129 2892/828/4128
f 2893/831/4134 2892/828/4134 2492/829/4134
f 2492/829/4134 2499/832/4134 2893/831/4134
f 2893/831/4132 2894/834/4135 2501/833/4136
f 2501/833/4136 2494/830/4133 2893/831/4132
f 2894/834/4137 2893/831/4138 2499/832/4138
f 2499/832/4138 2506/835/4137 2894/834/4137
f 2894/834/4135 2895/837/4139 2508/836/4140
f 2508/836/4140 2501/833/4136 2894/834/4135
f 2895/837/4141 2894/834/4142 2506/835/4143
f 2506/835/4143 2513/838/4144 2895/837/4141
f 2895/837/4139 2896/840/4145 2515/839/4146
f 2515/839/4146 2508/836/4140 2895/837/4139
f 2896/840/4147 2895/837/4147 2513/838/4147
f 2513/838/4147 2520/841/4147 2896/840/4147
f 2896/840/4145 2897/843/4148 2522/842/4149
f 2522/842/4149 2515/839/4146 2896/840/4145
f 2897/843/4150 2896/840/4151 2520/841/4151
f 2520/841/4151 2527/844/4150 2897/843/4150
f 2897/843/4148 2898/846/4152 2529/845/4153
f 2529/845/4153 2522/842/4149 2897/843/4148
f 2898/846/4154 2897/843/4155 2527/844/4156
f 2527/844/4156 2534/847/4154 2898/846/4154
f 2898/846/4152 2899/849/4157 2536/848/4158
f 2536/848/4158 2529/845/4153 2898/846/4152
f 2899/849/4159 2898/846/4160 2534/847/4160
f 2534/847/4160 2541/850/4159 2899/849/4159
f 2899/849/4157 2900/852/4161 2543/851/4162
f 2543/851/4162 2536/848/4158 2899/849/4157
f 2900/852/4163 2899/849/4164 2541/850/4164
f 2541/850/4164 2548/853/4163 2900/852/4163
f 2900/852/4161 2901/855/4165 2550/854/4166
f 2550/854/4166 2543/851/4162 2900/852/4161
f 2901/855/4167 2900/852/4168 2548/853/4168
f 2548/853/4168 2555/856/4167 2901/855/4167
f 2901/855/4165 2902/858/4169 2557/857/4170
f 2557/857/4170 2550/854/4166 2901/855/4165
f 2902/858/4171 2901/855/4171 2555/856/4171
f 2555/856/4171 2562/859/4171 2902/858/4171
f 2902/858/4169 2903/861/4172 2564/860/4173
f 2564/860/4173 2557/857/4170 2902/858/4169
f 2903/861/4174 2902/858/4175 2562/859/4174
f 2562/859/4174 2569/862/4176 2903/861/4174
f 2903/861/4172 2904/864/4177 2571/863/4178
f 2571/863/4178 2564/860/4173 2903/861/4172
f 2904/864/4179 2903/861/4180 2569/862/4180
f 2569/862/4180 2576/865/4179 2904/864/4179
f 2904/866/4177 2905/869/4181 2578/868/4182
f 2578/868/4182 2571/867/4178 2904/866/4177
f 2905/869/4183 2904/866/4183 2576/871/4183
f 2576/871/4183 2583/870/4183 2905/869/4183
f 2905/869/4181 2906/873/4184 2585/872/4185
f 2585/872/4185 2578/868/4182 2905/869/4181
f 2906/873/4186 2905/869/4186 2583/870/4186
f 2583/870/4186 2590/874/4186 2906/873/4186
f 2906/873/4184 2907/876/4187 2592/875/4188
f 2592/875/4188 2585/872/4185 2906/873/4184
f 2907/876/4189 2906/873/4189 2590/874/4189
f 2590/874/4189 2597/877/4190 2907/876/4189
f 2907/876/4187 2908/879/4191 2599/878/4192
f 2599/878/4192 2592/875/4188 2907/876/4187
f 2908/879/4193 2907/876/4193 2597/877/4193
f 2597/877/4193 2604/880/4193 2908/879/4193
f 2908/879/4191 2909/882/4194 2606/881/4195
f 2606/881/4195 2599/878/4192 2908/879/4191
f 2909/882/4196 2908/879/4197 2604/880/4197
f 2604/880/4197 2611/883/4196 2909/882/4196
f 2909/882/4194 2887/809/4106 2444/810/4109
f 2444/810/4109 2606/881/4195 2909/882/4194
f 2887/809/4198 2909/882/4198 2611/883/4198
f 2611/883/4198 2456/814/4198 2887/809/4198
f 2910/884/4199 2913/887/4200 2912/886/4201
f 2912/886/4201 2911/885/4202 2910/884/4199
f 2914/888/4203 2917/891/4204 2916/890/4205
f 2916/890/4205 2915/889/4206 2914/888/4203
f 2917/891/4204 2919/893/4207 2918/892/4208
f 2918/892/4208 2916/890/4205 2917/891/4204
f 2919/893/4207 2921/895/4209 2920/894/4210
f 2920/894/4210 2918/892/4208 2919/893/4207
f 2921/895/4209 2923/897/4211 2922/896/4212
f 2922/896/4212 2920/894/4210 2921/895/4209
f 2923/897/4211 2925/899/4213 2924/898/4214
f 2924/898/4214 2922/896/4212 2923/897/4211
f 2925/899/4213 2927/901/4215 2926/900/4216
f 2926/900/4216 2924/898/4214 2925/899/4213
f 2926/900/4216 2927/901/4215 2929/903/4217
f 2929/903/4217 2928/902/4218 2926/900/4216
f 2928/902/4218 2929/903/4217 2931/905/4219
f 2931/905/4219 2930/904/4220 2928/902/4218
f 2931/905/4219 2933/907/4221 2932/906/4222
f 2932/906/4222 2930/904/4220 2931/905/4219
f 2933/907/4221 2935/909/4223 2934/908/4224
f 2934/908/4224 2932/906/4222 2933/907/4221
f 2935/909/4223 2937/911/4225 2936/910/4226
f 2936/910/4226 2934/908/4224 2935/909/4223
f 2937/911/4225 2939/913/4227 2938/912/4228
f 2938/912/4228 2936/910/4226 2937/911/4225
f 2939/913/4227 2941/915/4229 2940/914/4230
f 2940/914/4230 2938/912/4228 2939/913/4227
f 2941/915/4229 2943/917/4231 2942/916/4232
f 2942/916/4232 2940/914/4230 2941/915/4229
f 2943/917/4231 2945/919/4233 2944/918/4234
f 2944/918/4234 2942/916/4232 2943/917/4231
f 2945/919/4235 2947/921/4236 2946/920/4237
f 2946/920/4238 2944/918/4234 2945/919/4233
f 2948/922/4239 2911/925/4240 2912/924/4241
f 2912/924/4241 2949/923/4242 2948/922/4239
f 2950/926/4243 2915/929/4244 2916/928/4245
f 2916/928/4245 2951/927/4246 2950/926/4243
f 2951/927/4246 2916/928/4245 2918/931/4247
f 2918/931/4247 2952/930/4248 2951/927/4246
f 2952/930/4248 2918/931/4247 2920/933/4249
f 2920/933/4249 2953/932/4250 2952/930/4248
f 2920/933/4249 2922/935/4251 2954/934/4252
f 2954/934/4252 2953/932/4250 2920/933/4249
f 2922/935/4251 2924/937/4253 2955/936/4254
f 2955/936/4254 2954/934/4252 2922/935/4251
f 2924/937/4253 2926/939/4255 2956/938/4256
f 2956/938/4256 2955/936/4254 2924/937/4253
f 2926/939/4255 2928/941/4257 2957/940/4258
f 2957/940/4258 2956/938/4256 2926/939/4255
f 2928/941/4257 2930/943/4259 2958/942/4260
f 2958/942/4260 2957/940/4258 2928/941/4257
f 2930/943/4259 2932/945/4261 2959/944/4262
f 2959/944/4262 2958/942/4260 2930/943/4259
f 2932/945/4261 2934/947/4263 2960/946/4264
f 2960/946/4264 2959/944/4262 2932/945/4261
f 2934/947/4263 2936/949/4265 2961/948/4266
f 2961/948/4266 2960/946/4264 2934/947/4263
f 2961/948/4266 2936/949/4265 2938/951/4267
f 2938/951/4267 2962/950/4268 2961/948/4266
f 2938/951/4267 2940/953/4269 2963/952/4270
f 2963/952/4270 2962/950/4268 2938/951/4267
f 2940/953/4269 2942/955/4271 2964/954/4272
f 2964/954/4272 2963/952/4270 2940/953/4269
f 2942/955/4271 2944/957/4273 2965/956/4274
f 2965/956/4274 2964/954/4272 2942/955/4271
f 2965/956/4274 2944/957/4273 2946/959/4275
f 2946/959/4275 2966/958/4276 2965/956/4274
f 2967/960/4277 2948/963/4278 2949/962/4279
f 2949/962/4279 2968/961/4280 2967/960/4277
f 2950/964/4281 2951/967/4282 2970/966/4283
f 2970/966/4283 2969/965/4284 2950/964/4281
f 2951/967/4282 2952/969/4285 2971/968/4286
f 2971/968/4286 2970/966/4283 2951/967/4282
f 2952/969/4285 2953/971/4287 2972/970/4288
f 2972/970/4288 2971/968/4286 2952/969/4285
f 2953/971/4287 2954/973/4289 2973/972/4290
f 2973/972/4290 2972/970/4288 2953/971/4287
f 2954/973/4289 2955/975/4291 2974/974/4292
f 2974/974/4292 2973/972/4290 2954/973/4289
f 2955/975/4291 2956/977/4293 2975/976/4294
f 2975/976/4294 2974/974/4292 2955/975/4291
f 2956/977/4293 2957/979/4295 2976/978/4296
f 2976/978/4296 2975/976/4294 2956/977/4293
f 2957/979/4295 2958/981/4297 2977/980/4298
f 2977/980/4298 2976/978/4296 2957/979/4295
f 2958/981/4297 2959/983/4299 2978/982/4300
f 2978/982/4300 2977/980/4298 2958/981/4297
f 2959/983/4299 2960/985/4301 2979/984/4302
f 2979/984/4302 2978/982/4300 2959/983/4299
f 2960/985/4301 2961/987/4303 2980/986/4304
f 2980/986/4304 2979/984/4302 2960/985/4301
f 2961/987/4303 2962/989/4305 2981/988/4306
f 2981/988/4306 2980/986/4304 2961/987/4303
f 2981/988/4306 2962/989/4305 2963/991/4307
f 2963/991/4307 2982/990/4308 2981/988/4306
f 2982/990/4308 2963/991/4307 2964/993/4309
f 2964/993/4309 2983/992/4310 2982/990/4308
f 2983/992/4310 2964/993/4309 2965/995/4311
f 2965/995/4311 2984/994/4312 2983/992/4310
f 2984/994/4312 2965/995/4311 2966/997/4313
f 2966/997/4313 2985/996/4314 2984/994/4312
f 2967/998/4315 2968/1001/4316 2913/1000/4317
f 2913/1000/4317 2910/999/4318 2967/998/4315
f 2969/1002/4319 2970/1005/4320 2917/1004/4321
f 2917/1004/4321 2914/1003/4322 2969/1002/4319
f 2970/1005/4320 2971/1007/4323 2919/1006/4324
f 2919/1006/4324 2917/1004/4321 2970/1005/4320
f 2971/1007/4323 2972/1009/4325 2921/1008/4326
f 2921/1008/4326 2919/1006/4324 2971/1007/4323
f 2921/1008/4326 2972/1009/4325 2973/1011/4327
f 2973/1011/4327 2923/1010/4328 2921/1008/4326
f 2923/1010/4328 2973/1011/4327 2974/1013/4329
f 2974/1013/4329 2925/1012/4330 2923/1010/4328
f 2925/1012/4330 2974/1013/4329 2975/1015/4331
f 2975/1015/4331 2927/1014/4332 2925/1012/4330
f 2927/1014/4332 2975/1015/4331 2976/1017/4333
f 2976/1017/4333 2929/1016/4334 2927/1014/4332
f 2929/1016/4334 2976/1017/4333 2977/1019/4335
f 2977/1019/4335 2931/1018/4336 2929/1016/4334
f 2931/1018/4336 2977/1019/4335 2978/1021/4337
f 2978/1021/4337 2933/1020/4338 2931/1018/4336
f 2978/1021/4337 2979/1023/4339 2935/1022/4340
f 2935/1022/4340 2933/1020/4338 2978/1021/4337
f 2979/1023/4339 2980/1025/4341 2937/1024/4342
f 2937/1024/4342 2935/1022/4340 2979/1023/4339
f 2980/1025/4341 2981/1027/4343 2939/1026/4344
f 2939/1026/4344 2937/1024/4342 2980/1025/4341
f 2939/1026/4344 2981/1027/4343 2982/1029/4345
f 2982/1029/4345 2941/1028/4346 2939/1026/4344
f 2941/1028/4346 2982/1029/4345 2983/1031/4347
f 2983/1031/4347 2943/1030/4348 2941/1028/4346
f 2943/1030/4348 2983/1031/4347 2984/1033/4349
f 2984/1033/4349 2945/1032/4350 2943/1030/4348
f 2945/1032/4350 2984/1033/4349 2985/1035/4351
f 2985/1035/4351 2947/1034/4352 2945/1032/4350
f 2986/1036/4353 2989/1039/4354 2988/1038/4355
f 2988/1038/4355 2987/1037/4356 2986/1036/4353
f 2989/1039/4354 2991/1041/4357 2990/1040/4358
f 2990/1040/4358 2988/1038/4355 2989/1039/4354
f 2991/1041/4357 2993/1043/4359 2992/1042/4360
f 2992/1042/4360 2990/1040/4358 2991/1041/4357
f 2993/1043/4359 2995/1045/4361 2994/1044/4362
f 2994/1044/4362 2992/1042/4360 2993/1043/4359
f 2987/1046/4363 2988/1049/4364 2997/1048/4365
f 2997/1048/4365 2996/1047/4366 2987/1046/4363
f 2997/1048/4365 2988/1049/4364 2990/1051/4367
f 2990/1051/4367 2998/1050/4368 2997/1048/4365
f 2998/1050/4368 2990/1051/4367 2992/1053/4369
f 2992/1053/4369 2999/1052/4370 2998/1050/4368
f 2992/1053/4369 2994/1055/4371 3000/1054/4372
f 3000/1054/4372 2999/1052/4370 2992/1053/4369
f 3001/1056/4373 2996/1059/4374 2997/1058/4375
f 2997/1058/4375 3002/1057/4376 3001/1056/4373
f 3002/1057/4376 2997/1058/4375 2998/1061/4377
f 2998/1061/4377 3003/1060/4378 3002/1057/4376
f 2998/1061/4377 2999/1063/4379 3004/1062/4380
f 3004/1062/4380 3003/1060/4378 2998/1061/4377
f 2999/1063/4379 3000/1065/4381 3005/1064/4382
f 3005/1064/4382 3004/1062/4380 2999/1063/4379
f 2986/1066/4383 3001/1069/4384 3002/1068/4385
f 3002/1068/4385 2989/1067/4386 2986/1066/4383
f 3002/1068/4385 3003/1071/4387 2991/1070/4388
f 2991/1070/4388 2989/1067/4386 3002/1068/4385
f 3003/1071/4387 3004/1073/4389 2993/1072/4390
f 2993/1072/4390 2991/1070/4388 3003/1071/4387
f 2993/1072/4390 3004/1073/4389 3005/1075/4391
f 3005/1075/4391 2995/1074/4392 2993/1072/4390
f 3000/1076/4393 2994/1079/4394 2995/1078/4395
f 2995/1078/4395 3005/1077/4396 3000/1076/4393
f 2967/998/4315 2910/999/4318 3007/1081/4397
f 3007/1081/4397 3006/1080/4398 2967/998/4315
f 2948/963/4278 2967/960/4277 3006/1083/4399
f 3006/1083/4399 3008/1082/4400 2948/963/4278
f 2948/922/4239 3008/1085/4401 3009/1084/4402
f 3009/1084/4402 2911/925/4240 2948/922/4239
f 2910/884/4199 2911/885/4202 3009/1087/4403
f 3009/1087/4403 3007/1086/4404 2910/884/4199
f 3001/1069/4405 2986/1066/4406 3011/1089/4407
f 3011/1089/4407 3010/1088/4408 3001/1069/4405
f 2996/1059/4374 3001/1056/4373 3010/1091/4409
f 3010/1091/4409 3012/1090/4410 2996/1059/4374
f 2996/1047/4411 3012/1093/4412 3013/1092/4413
f 3013/1092/4413 2987/1046/4414 2996/1047/4411
f 2987/1037/4356 3013/1095/4415 3011/1094/4416
f 3011/1094/4416 2986/1036/4353 2987/1037/4356
f 3006/1080/4398 3007/1081/4397 3015/1097/4417
f 3015/1097/4417 3014/1096/4418 3006/1080/4398
f 3006/1083/4399 3014/1099/4419 3016/1098/4420
f 3016/1098/4420 3008/1082/4400 3006/1083/4399
f 3008/1085/4401 3016/1101/4421 3017/1100/4422
f 3017/1100/4422 3009/1084/4402 3008/1085/4401
f 3007/1086/4404 3009/1087/4403 3017/1103/4423
f 3017/1103/4423 3015/1102/4424 3007/1086/4404
f 3019/1104/4425 3018/1107/4426 3021/1106/4427
f 3021/1106/4427 3020/1105/4428 3019/1104/4425
f 3022/1108/4429 3019/1111/4430 3020/1110/4431
f 3020/1110/4431 3023/1109/4432 3022/1108/4429
f 3022/1112/4433 3023/1115/4434 3025/1114/4435
f 3025/1114/4435 3024/1113/4436 3022/1112/4433
f 3024/1116/4437 3025/1119/4438 3021/1118/4439
f 3021/1118/4439 3018/1117/4440 3024/1116/4437
f 3027/1120/4441 3026/1123/4442 3029/1122/4443
f 3029/1122/4443 3028/1121/4444 3027/1120/4441
f 3030/1124/4445 3027/1127/4446 3028/1126/4447
f 3028/1126/4447 3031/1125/4448 3030/1124/4445
f 3030/1128/4449 3031/1131/4450 3033/1130/4451
f 3033/1130/4451 3032/1129/4452 3030/1128/4449
f 3026/1132/4453 3032/1135/4454 3033/1134/4455
f 3033/1134/4455 3029/1133/4456 3026/1132/4453
f 3039/1140/1273 3038/1139/1273 3037/1138/1273
f 3037/1138/1273 3036/1137/1273 3035/1136/1273
f 3039/1140/1273 3037/1138/1273 3035/1136/1273
f 3034/1141/1273 3039/1140/1273 3035/1136/1273
f 3038/1142/1267 3039/1145/1268 3041/1144/1268
f 3041/1144/1268 3040/1143/1267 3038/1142/1267
f 3037/1146/1269 3038/1142/1267 3040/1143/1267
f 3040/1143/1267 3042/1147/1269 3037/1146/1269
f 3036/1148/1270 3037/1146/1269 3042/1147/1269
f 3042/1147/1269 3043/1149/1270 3036/1148/1270
f 3035/1150/1271 3036/1148/1270 3043/1149/1270
f 3043/1149/1270 3044/1151/1271 3035/1150/1271
f 3034/1152/1272 3035/1150/1271 3044/1151/1271
f 3044/1151/1271 3045/1153/1272 3034/1152/1272
f 3039/1154/1268 3034/1152/1272 3045/1153/1272
f 3045/1153/1272 3041/1155/1268 3039/1154/1268
f 3044/1160/1266 3043/1159/1266 3042/1158/1266
f 3042/1158/1266 3040/1157/1266 3041/1156/1266
f 3044/1160/1266 3042/1158/1266 3041/1156/1266
f 3045/1161/1266 3044/1160/1266 3041/1156/1266
f 3047/1162/1396 3046/1165/1397 3049/1164/1397
f 3049/1164/1397 3048/1163/1396 3047/1162/1396
f 3051/1166/1398 3050/1167/1398 3049/1164/1397
f 3049/1164/1397 3046/1165/1397 3051/1166/1398
f 3053/1168/1399 3052/1169/1399 3050/1167/1398
f 3050/1167/1398 3051/1166/1398 3053/1168/1399
f 3054/1170/1401 3057/1173/1280 3056/1172/1281
f 3056/1172/1281 3055/1171/1400 3054/1170/1401
f 3047/1174/1396 3048/1175/1396 3054/1170/1401
f 3054/1170/1401 3055/1171/1400 3047/1174/1396
f 3059/1176/1402 3058/1179/1402 3061/1178/1403
f 3061/1178/1403 3060/1177/1403 3059/1176/1402
f 3062/1180/1404 3060/1177/1403 3061/1178/1403
f 3061/1178/1403 3063/1181/1404 3062/1180/1404
f 3064/1182/1405 3062/1180/1404 3063/1181/1404
f 3063/1181/1404 3065/1183/1405 3064/1182/1405
f 3066/1184/1289 3069/1187/1286 3068/1186/1407
f 3068/1186/1407 3067/1185/1406 3066/1184/1289
f 3059/1188/1402 3067/1185/1406 3068/1186/1407
f 3068/1186/1407 3058/1189/1402 3059/1188/1402
f 3046/1190/1410 3047/1193/1270 3059/1192/1270
f 3059/1192/1270 3060/1191/1411 3046/1190/1410
f 3049/1194/1408 3061/1197/1409 3058/1196/1268
f 3058/1196/1268 3048/1195/1268 3049/1194/1408
f 3051/1198/4457 3046/1190/1410 3060/1191/1411
f 3060/1191/1411 3062/1199/4458 3051/1198/4457
f 3050/1200/4459 3063/1201/4460 3061/1197/1409
f 3061/1197/1409 3049/1194/1408 3050/1200/4459
f 3052/1202/1416 3053/1205/1416 3064/1204/1416
f 3064/1204/1416 3065/1203/1416 3052/1202/1416
f 3051/1198/4457 3062/1199/4458 3064/1207/4461
f 3064/1207/4461 3053/1206/4462 3051/1198/4457
f 3050/1200/4459 3052/1209/4463 3065/1208/4464
f 3065/1208/4464 3063/1201/4460 3050/1200/4459
f 3056/1210/4465 3066/1213/4466 3067/1212/4467
f 3067/1212/4467 3055/1211/4468 3056/1210/4465
f 3057/1214/4469 3054/1217/4470 3068/1216/4471
f 3068/1216/4471 3069/1215/4472 3057/1214/4469
f 3055/1211/4468 3067/1212/4467 3059/1192/1270
f 3059/1192/1270 3047/1193/1270 3055/1211/4468
f 3054/1217/4470 3048/1195/1268 3058/1196/1268
f 3058/1196/1268 3068/1216/4471 3054/1217/4470
f 3028/1126/4473 3020/1105/4428 3021/1106/4427
f 3021/1106/4427 3031/1125/4474 3028/1126/4473
f 3029/1122/4443 3023/1109/4432 3020/1110/4431
f 3020/1110/4431 3028/1121/4444 3029/1122/4443
f 3025/1114/4435 3023/1115/4434 3029/1133/4456
f 3029/1133/4456 3033/1134/4455 3025/1114/4435
f 3021/1118/4439 3025/1119/4438 3033/1130/4451
f 3033/1130/4451 3031/1131/4450 3021/1118/4439
f 3026/1132/4453 3014/1096/4418 3015/1097/4417
f 3015/1097/4417 3032/1135/4454 3026/1132/4453
f 3016/1098/4420 3014/1099/4419 3026/1123/4442
f 3026/1123/4442 3027/1120/4441 3016/1098/4420
f 3017/1100/4422 3016/1101/4421 3027/1127/4475
f 3027/1127/4475 3030/1124/4476 3017/1100/4422
f 3032/1129/4452 3015/1102/4424 3017/1103/4423
f 3017/1103/4423 3030/1128/4449 3032/1129/4452
f 2912/886/4201 2913/887/4200 2914/888/4203
f 2914/888/4203 2915/889/4206 2912/886/4201
f 2950/926/4243 2949/923/4477 2912/924/4478
f 2912/924/4478 2915/929/4244 2950/926/4243
f 2969/965/4284 2968/961/4280 2949/962/4279
f 2949/962/4279 2950/964/4281 2969/965/4284
f 2913/1000/4479 2968/1001/4480 2969/1002/4319
f 2969/1002/4319 2914/1003/4322 2913/1000/4479
f 3019/1104/4425 3010/1088/4408 3011/1089/4407
f 3011/1089/4407 3018/1107/4426 3019/1104/4425
f 3022/1108/4429 3012/1090/4410 3010/1091/4409
f 3010/1091/4409 3019/1111/4430 3022/1108/4429
f 3013/1092/4413 3012/1093/4412 3022/1112/4433
f 3022/1112/4433 3024/1113/4436 3013/1092/4413
f 3011/1094/4416 3013/1095/4415 3024/1116/4437
f 3024/1116/4437 3018/1117/4440 3011/1094/4416
f 2844/743/4042 2845/744/4041 2884/1219/4481
f 2884/1219/4481 2883/1218/4482 2844/743/4042
f 2851/750/4048 2844/743/4042 2883/1218/4482
f 2883/1218/4482 2882/1220/4483 2851/750/4048
f 2880/1221/4484 2862/761/4059 2863/762/4060
f 2863/762/4060 2881/1222/4485 2880/1221/4484
f 2879/1223/4486 2874/773/4071 2875/774/4072
f 2875/774/4072 2878/1224/4487 2879/1223/4486
f 2881/1222/4485 2863/762/4060 2851/750/4048
f 2851/750/4048 2882/1220/4483 2881/1222/4485
f 2878/1224/4487 2875/774/4072 2862/761/4059
f 2862/761/4059 2880/1221/4484 2878/1224/4487
f 2804/807/4104 2806/805/4102 2884/806/4103
f 2884/806/4103 2885/808/4105 2804/807/4104
f 2841/739/4037 2836/734/4034 2837/735/4033
f 2837/735/4033 2876/1225/4488 2841/739/4037
f 2840/738/4038 2841/739/4037 2876/1225/4488
f 2876/1225/4488 2877/1226/4489 2840/738/4038
f 2885/1227/4490 2843/742/4039 2840/738/4038
f 2840/738/4038 2877/1226/4489 2885/1227/4490
f 2884/1219/4481 2845/744/4041 2843/742/4039
f 2843/742/4039 2885/1227/4490 2884/1219/4481
f 2799/779/4077 2837/780/4076 2834/784/4079
f 2834/784/4079 2798/781/4078 2799/779/4077
f 2838/740/4036 2835/733/4031 2836/734/4034
f 2836/734/4034 2841/739/4037 2838/740/4036
f 2848/747/4046 2847/745/4043 2835/733/4031
f 2835/733/4031 2838/740/4036 2848/747/4046
f 2853/752/4052 2854/753/4051 2859/758/4054
f 2859/758/4054 2856/755/4053 2853/752/4052
f 2868/767/4065 2865/763/4061 2866/764/4064
f 2866/764/4064 2871/770/4066 2868/767/4065
f 2854/753/4051 2847/745/4043 2848/747/4046
f 2848/747/4046 2859/758/4054 2854/753/4051
f 2871/770/4066 2866/764/4064 2853/752/4052
f 2853/752/4052 2856/755/4053 2871/770/4066
f 3071/1228/4491 3070/1230/4492 3072/1229/4493
f 3072/1229/4493 2298/133/4494 3071/1228/4491
f 3073/1231/4495 3076/1234/4496 3075/1233/4497
f 3075/1233/4497 3074/1232/4498 3073/1231/4495
f 3072/1229/4499 3070/1235/4500 3075/1233/4497
f 3075/1233/4497 3076/1234/4496 3072/1229/4499
f 3073/1231/4501 2293/128/3324 2294/129/3323
f 2294/129/3323 3076/1234/4502 3073/1231/4501
f 2298/133/3328 3072/1229/4503 3076/1234/4502
f 3076/1234/4502 2294/129/3323 2298/133/3328
f 3074/1236/4504 2316/153/3358 2293/128/3357
f 2293/128/3357 3073/1231/4505 3074/1236/4504
f 3071/1228/4491 2298/133/4494 2297/134/3360
f 2297/134/3360 2317/154/3359 3071/1228/4491
f 2292/127/3321 2289/125/3319 2290/126/3318
f 2290/126/3318 2291/130/3322 2292/127/3321
f 2297/134/3327 2291/130/3322 2290/126/3318
f 2290/126/3318 2296/132/3326 2297/134/3327
f 2314/150/3351 2289/125/3354 2292/127/3356
f 2292/127/3356 2315/152/3355 2314/150/3351
f 2318/155/3362 2296/132/3361 2295/131/3364
f 2295/131/3364 2319/156/3363 2318/155/3362
f 2280/116/3310 2301/137/3330 2286/122/3315
f 2286/122/3315 2282/118/3312 2280/116/3310
f 2288/124/3320 2285/121/3316 2286/122/3315
f 2286/122/3315 2287/123/3317 2288/124/3320
f 2313/151/3352 2312/149/3349 2285/121/3350
f 2285/121/3350 2288/124/3353 2313/151/3352
f 2409/247/3458 2361/199/3412 2362/200/3411
f 2362/200/3411 2366/203/3415 2409/247/3458
f 2365/202/3413 2362/200/3411 2363/201/3410
f 2363/201/3410 2367/207/3417 2365/202/3413
f 2372/209/3422 2373/210/3421 3078/1238/4506
f 3078/1238/4506 3077/1237/4507 2372/209/3422
f 2422/260/3471 2375/213/3423 2372/209/3422
f 2372/209/3422 3077/1237/4507 2422/260/3471
f 2413/253/3462 2377/214/3425 2378/215/3428
f 2378/215/3428 2415/252/3463 2413/253/3462
f 2415/252/3463 2378/215/3428 2380/218/3430
f 2380/218/3430 2417/255/3465 2415/252/3463
f 2376/217/3426 2377/214/3425 2418/256/3467
f 2418/256/3467 2421/259/3469 2376/217/3426
f 2374/212/3424 2375/213/3423 2418/256/3467
f 2418/256/3467 2393/231/3442 2374/212/3424
f 2423/261/3472 2365/202/3413 2367/207/3417
f 2367/207/3417 3079/1239/4508 2423/261/3472
f 2373/210/3421 2423/261/3472 3079/1239/4508
f 3079/1239/4508 3078/1238/4506 2373/210/3421
f 2431/268/3487 2380/218/3490 2381/219/3492
f 2381/219/3492 2432/270/3491 2431/268/3487
f 2361/199/3880 2745/593/3883 2751/599/3889
f 2751/599/3889 2360/198/3888 2361/199/3880
f 2413/253/3462 2390/228/3439 2391/229/3440
f 2391/229/3440 2393/231/3442 2413/253/3462
f 2347/187/3397 2392/230/3441 2391/229/3440
f 2391/229/3440 2349/186/3398 2347/187/3397
f 2400/238/3450 2401/239/3449 2382/220/3431
f 2382/220/3431 2396/234/3445 2400/238/3450
f 2402/240/3451 2400/238/3450 2396/234/3445
f 2396/234/3445 2398/236/3447 2402/240/3451
f 2410/248/3460 2411/249/3459 2337/175/3384
f 2337/175/3384 2334/172/3383 2410/248/3460
f 2411/249/3459 2402/240/3451 2398/236/3447
f 2398/236/3447 2337/175/3384 2411/249/3459
f 2385/223/3432 2412/250/3461 2392/230/3441
f 2392/230/3441 2347/187/3397 2385/223/3432
f 2401/239/3449 2412/250/3461 2385/223/3432
f 2385/223/3432 2382/220/3431 2401/239/3449
f 2351/191/3400 2390/228/3439 2414/251/3464
f 2414/251/3464 2353/190/3401 2351/191/3400
f 2353/190/3401 2414/251/3464 2416/254/3466
f 2416/254/3466 2359/197/3407 2353/190/3401
f 2429/266/3483 2416/254/3486 2417/255/3489
f 2417/255/3489 2430/269/3488 2429/266/3483
f 2410/248/3884 2747/595/3887 2746/594/3882
f 2746/594/3882 2409/247/3881 2410/248/3884
f 2338/176/3387 2335/173/3386 2336/174/3385
f 2336/174/3385 2339/177/3388 2338/176/3387
f 2342/180/3391 2336/174/3385 2337/175/3384
f 2337/175/3384 2398/236/3447 2342/180/3391
f 2351/191/3400 2345/183/3394 2346/184/3395
f 2346/184/3395 2349/186/3398 2351/191/3400
f 2350/188/3399 2348/185/3396 2346/184/3395
f 2346/184/3395 2344/181/3392 2350/188/3399
f 2343/182/3393 2345/183/3394 2352/189/3402
f 2352/189/3402 2355/193/3404 2343/182/3393
f 2355/193/3404 2352/189/3402 2358/196/3408
f 2358/196/3408 2357/195/3405 2355/193/3404
f 2383/221/3434 2384/222/3433 2389/225/3438
f 2389/225/3438 2386/226/3437 2383/221/3434
f 2347/187/3397 2348/185/3396 2384/222/3433
f 2384/222/3433 2385/223/3432 2347/187/3397
f 2397/235/3446 2383/221/3434 2386/226/3437
f 2386/226/3437 2395/232/3443 2397/235/3446
f 2342/180/3391 2397/235/3446 2395/232/3443
f 2395/232/3443 2341/179/3389 2342/180/3391
f 2427/265/3481 2358/196/3482 2359/197/3485
f 2359/197/3485 2428/267/3484 2427/265/3481
f 2335/173/3874 2742/590/3877 2748/596/3886
f 2748/596/3886 2334/172/3885 2335/173/3874
f 2368/205/3416 2369/206/3418 3080/1241/1351
f 3080/1241/1351 1670/1240/1350 2368/205/3416
f 2419/257/3468 2420/258/3470 3082/1243/1353
f 3082/1243/1353 3081/1242/1352 2419/257/3468
f 3083/1244/4509 2434/272/4510 2381/219/3429
f 2381/219/3429 2379/216/3427 3083/1244/4509
f 3077/1237/4507 3084/1246/4511 3085/1245/4512
f 3085/1245/4512 2422/260/3471 3077/1237/4507
f 2376/217/3426 2419/257/3468 3083/1244/4509
f 3083/1244/4509 2379/216/3427 2376/217/3426
f 2422/260/3471 3085/1245/4512 2420/258/3470
f 2420/258/3470 2421/259/3469 2422/260/3471
f 3078/1238/4506 3086/1247/4513 3084/1246/4511
f 3084/1246/4511 3077/1237/4507 3078/1238/4506
f 3087/1248/4514 3086/1247/4513 3078/1238/4506
f 3078/1238/4506 3079/1239/4508 3087/1248/4514
f 2367/207/3417 2368/205/3416 3087/1248/4514
f 3087/1248/4514 3079/1239/4508 2367/207/3417
f 2749/597/4515 2369/206/3418 2363/201/3410
f 2363/201/3410 2360/198/3409 2749/597/4515
f 2433/271/3494 2434/272/3493 3088/1250/1362
f 3088/1250/1362 1660/1249/1361 2433/271/3494
f 2749/597/3891 2750/598/3890 3090/1252/1364
f 3090/1252/1364 3089/1251/1363 2749/597/3891
f 3091/1253/4516 3092/1254/4517 2663/508/3740
f 2663/508/3740 2664/509/3743 3091/1253/4516
f 3091/1253/4518 3094/1256/4518 3093/1255/4519
f 3093/1255/4519 3092/1254/4520 3091/1253/4518
f 2678/524/3758 2679/525/3757 2693/1257/4521
f 2693/1257/4522 2691/539/4523 2678/524/4524
f 2646/491/3725 2647/492/3724 2673/519/3751
f 2673/519/3751 2674/520/3752 2646/491/3725
f 2678/524/4525 2658/503/3737 2676/522/3754
f 2676/522/3754 2677/523/4526 2678/524/4525
f 2647/492/3724 2669/514/3747 2672/518/3750
f 2672/518/3750 2673/519/3751 2647/492/3724
f 2659/504/3736 2646/491/3725 2674/520/3752
f 2674/520/3752 2675/521/3753 2659/504/3736
f 2669/514/3747 2664/509/3743 2665/510/3742
f 2665/510/3742 2672/518/3750 2669/514/3747
f 2663/508/4527 3095/1258/4528 2690/536/3774
f 2690/536/3774 2662/511/3773 2663/508/4527
f 3096/1259/4529 3099/1262/4530 3098/1261/4531
f 3098/1261/4531 3097/1260/4532 3096/1259/4529
f 2666/513/3744 2671/517/3749 3100/1263/4533
f 3100/1263/4533 3096/1259/4534 2666/513/3744
f 2671/517/3776 2689/535/3775 3101/1264/4535
f 3101/1264/4535 3100/1263/4536 2671/517/3776
f 2657/502/3734 2658/503/3737 2678/524/4525
f 2678/524/4525 2691/539/4537 2657/502/3734
f 2681/527/4538 2660/506/3739 2661/507/3738
f 2661/507/3738 2701/548/4539 2681/527/4538
f 2677/523/4526 2676/522/3754 2660/506/3739
f 2660/506/3739 2681/527/4538 2677/523/4526
f 2661/507/3782 2694/540/3781 2702/1265/4540
f 2702/1265/4541 2701/548/4542 2661/507/4543
f 2656/505/3791 2657/502/3777 2692/537/3780
f 2692/537/3780 2700/546/3792 2656/505/3791
f 2675/521/3753 2676/522/3754 2658/503/3737
f 2658/503/3737 2659/504/3736 2675/521/3753
f 2177/15/3208 2181/16/3210 2182/17/3213
f 2182/17/3213 2179/14/3209 2177/15/3208
f 2187/23/3217 2182/17/3213 2183/18/3212
f 2183/18/3212 2719/566/4544 2187/23/3217
f 2181/16/3823 2718/565/3824 2715/562/3818
f 2715/562/3818 2180/19/3817 2181/16/3823
f 2187/23/3827 2720/567/3825 2717/564/3822
f 2717/564/3822 2186/22/3821 2187/23/3827
f 2287/123/3317 2286/122/3315 2301/137/3330
f 2295/131/3325 2287/123/3317 2301/137/3330
f 2295/131/3325 2301/137/3330 2321/158/4545
f 2321/158/4545 2301/137/3330 2299/135/3329
f 2305/140/4546 2300/136/3331 2281/117/3309
f 2304/139/4547 2305/140/4546 2281/117/3309
f 2281/117/3309 2278/114/3308 2304/139/4547
f 2303/1266/4548 2304/139/4549 2278/114/4550
f 2278/114/3337 2306/142/3336 2303/1266/4551
f 2284/120/3314 2310/146/4552 2283/119/3313
f 2283/119/3313 2282/118/3312 2284/120/3314
f 3103/1267/1274 3102/1270/1275 3105/1269/1275
f 3105/1269/1275 3104/1268/1274 3103/1267/1274
f 3107/1271/1276 3106/1272/1276 3105/1269/1275
f 3105/1269/1275 3102/1270/1275 3107/1271/1276
f 3108/1273/1277 3106/1272/1276 3107/1271/1276
f 3107/1271/1276 3109/1274/1277 3108/1273/1277
f 3111/1275/1279 3110/1276/1278 3056/1172/1281
f 3056/1172/1281 3057/1173/1280 3111/1275/1279
f 3104/1277/1274 3110/1276/1278 3111/1275/1279
f 3111/1275/1279 3103/1278/1274 3104/1277/1274
f 3113/1279/1282 3112/1282/1282 3115/1281/1283
f 3115/1281/1283 3114/1280/1283 3113/1279/1282
f 3114/1280/1283 3115/1281/1283 3117/1284/1284
f 3117/1284/1284 3116/1283/1284 3114/1280/1283
f 3118/1285/1285 3116/1283/1284 3117/1284/1284
f 3117/1284/1284 3119/1286/1285 3118/1285/1285
f 3120/1287/1287 3069/1187/1286 3066/1184/1289
f 3066/1184/1289 3121/1288/1288 3120/1287/1287
f 3113/1289/1282 3120/1287/1287 3121/1288/1288
f 3121/1288/1288 3112/1290/1282 3113/1289/1282
f 3102/1291/1292 3103/1294/1268 3113/1293/1268
f 3113/1293/1268 3114/1292/1293 3102/1291/1292
f 3105/1295/1290 3115/1298/1291 3112/1297/1270
f 3112/1297/1270 3104/1296/1270 3105/1295/1290
f 3107/1299/4553 3102/1291/1292 3114/1292/1293
f 3114/1292/1293 3116/1300/4554 3107/1299/4553
f 3106/1301/4555 3117/1302/4556 3115/1298/1291
f 3115/1298/1291 3105/1295/1290 3106/1301/4555
f 3109/1303/1298 3118/1306/1298 3119/1305/1298
f 3119/1305/1298 3108/1304/1298 3109/1303/1298
f 3109/1307/4557 3107/1299/4553 3116/1300/4554
f 3116/1300/4554 3118/1308/4558 3109/1307/4557
f 3108/1309/4559 3119/1310/4560 3117/1302/4556
f 3117/1302/4556 3106/1301/4555 3108/1309/4559
f 3057/1214/4469 3069/1215/4472 3120/1312/4561
f 3120/1312/4561 3111/1311/4562 3057/1214/4469
f 3056/1210/4465 3110/1314/4563 3121/1313/4564
f 3121/1313/4564 3066/1213/4466 3056/1210/4465
f 3111/1311/4562 3120/1312/4561 3113/1293/1268
f 3113/1293/1268 3103/1294/1268 3111/1311/4562
f 3110/1314/4563 3104/1296/1270 3112/1297/1270
f 3112/1297/1270 3121/1313/4564 3110/1314/4563
f 2619/465/3692 2620/466/3691 2726/574/4565
f 2726/574/4565 2625/471/4566 2619/465/3692
f 2618/464/3699 2619/465/3697 2626/472/3696
f 2626/472/3696 2627/474/3700 2618/464/3699
f 2634/479/3707 2631/477/3705 2632/478/3704
f 2632/478/3704 2633/482/3708 2634/479/3707
f 2627/474/3700 2626/472/3696 2638/484/3712
f 2638/484/3712 2639/486/3713 2627/474/3700
f 2639/486/3717 2638/484/3715 2631/477/3705
f 2631/477/3705 2634/479/3707 2639/486/3717
f 2620/466/3691 2730/578/3845 2728/576/4567
f 2728/576/4568 2726/574/4565 2620/466/3691
f 2632/478/4569 2642/488/3720 2633/482/4570
f 2641/487/3719 2642/488/3720 2632/478/4569
f 2632/478/4569 2629/475/4571 2641/487/3719
f 2633/482/4570 2642/488/3720 2643/489/3721
f 2643/489/3721 2636/481/4572 2633/482/4570
f 2636/481/4573 2643/489/3854 2736/584/3857
f 2736/584/3857 2740/588/4574 2636/481/4573
f 2614/459/3828 2641/487/3873 2741/589/3872
f 2741/589/3872 2723/571/3829 2614/459/3828
f 3124/1315/4575 3123/1318/4576 3122/1317/4577
f 3122/1317/4577 3125/1316/4578 3124/1315/4575
f 3125/1316/4578 3127/1320/4579 3126/1319/4580
f 3126/1319/4580 3124/1315/4575 3125/1316/4578
f 3130/1321/4581 3129/1324/4582 3128/1323/4583
f 3128/1323/4583 3131/1322/4584 3130/1321/4581
f 3131/1322/4584 3126/1319/4580 3127/1320/4579
f 3127/1320/4579 3130/1321/4581 3131/1322/4584
f 3132/1325/4585 3128/1323/4583 3129/1324/4582
f 3129/1324/4582 3133/1326/4586 3132/1325/4585
f 3136/1327/4587 3135/1330/4588 3134/1329/4589
f 3134/1329/4589 3137/1328/4590 3136/1327/4587
f 3122/1317/4577 3123/1318/4576 3135/1330/4588
f 3135/1330/4588 3136/1327/4587 3122/1317/4577
f 3138/1331/4591 3141/1334/4592 3140/1333/4593
f 3140/1333/4593 3139/1332/4594 3138/1331/4591
f 3142/1335/4595 3145/1338/4596 3144/1337/4597
f 3144/1337/4597 3143/1336/4598 3142/1335/4595
f 3137/1328/4590 3134/1329/4589 3146/1340/4599
f 3146/1340/4599 3147/1339/4600 3137/1328/4590
f 3148/1341/4601 3123/1318/4602 3124/1315/4603
f 3124/1315/4603 3149/1342/4604 3148/1341/4601
f 3149/1342/4604 3124/1315/4603 3126/1319/4605
f 3126/1319/4605 3150/1343/4606 3149/1342/4604
f 3150/1343/4606 3126/1319/4605 3131/1322/4607
f 3131/1322/4607 3151/1344/4608 3150/1343/4606
f 3151/1344/4608 3131/1322/4607 3128/1323/4609
f 3128/1323/4609 3152/1345/4610 3151/1344/4608
f 3152/1345/4610 3128/1323/4609 3132/1325/4611
f 3132/1325/4611 3153/1346/4612 3152/1345/4610
f 3154/1347/1474 3153/1346/4612 3132/1325/4611
f 3132/1325/4611 3155/1348/1475 3154/1347/1474
f 3157/1349/4613 3156/1350/4614 3138/1331/4615
f 3138/1331/4616 3139/1332/4617 3157/1349/4618
f 3158/1351/4619 3142/1335/4620 3143/1336/4621
f 3143/1336/4621 3159/1352/4622 3158/1351/4619
f 3160/1353/4623 3146/1340/4624 3134/1329/4625
f 3134/1329/4625 3161/1354/4626 3160/1353/4623
f 3161/1354/4626 3134/1329/4625 3135/1330/4627
f 3135/1330/4627 3162/1355/4628 3161/1354/4626
f 3162/1355/4628 3135/1330/4627 3123/1318/4602
f 3123/1318/4602 3148/1341/4601 3162/1355/4628
f 3163/1356/4629 3125/1316/4630 3122/1317/4631
f 3122/1317/4631 3164/1357/4632 3163/1356/4629
f 3164/1357/4632 3122/1317/4631 3136/1327/4633
f 3136/1327/4633 3165/1358/4634 3164/1357/4632
f 3165/1358/4634 3136/1327/4633 3137/1328/4635
f 3137/1328/4635 3166/1359/4636 3165/1358/4634
f 3166/1359/4636 3137/1328/4635 3147/1339/4637
f 3147/1339/4637 3167/1360/4638 3166/1359/4636
f 3168/1361/4639 3167/1360/4638 3147/1339/4637
f 3147/1339/4637 3144/1337/4640 3168/1361/4639
f 3169/1362/4641 3145/1338/4642 3140/1333/4643
f 3140/1333/4643 3170/1363/4644 3169/1362/4641
f 3171/1364/4645 3133/1326/4646 3129/1324/4647
f 3129/1324/4647 3172/1365/4648 3171/1364/4645
f 3172/1365/4648 3129/1324/4647 3130/1321/4649
f 3130/1321/4649 3173/1366/4650 3172/1365/4648
f 3173/1366/4650 3130/1321/4649 3127/1320/4651
f 3127/1320/4651 3174/1367/4652 3173/1366/4650
f 3174/1367/4652 3127/1320/4651 3125/1316/4630
f 3125/1316/4630 3163/1356/4629 3174/1367/4652
f 3177/1368/4653 3176/1371/4654 3175/1370/4655
f 3175/1370/4655 3178/1369/4656 3177/1368/4653
f 3179/1372/4657 3177/1368/4653 3178/1369/4656
f 3178/1369/4656 3180/1373/4658 3179/1372/4657
f 3181/1374/4659 3184/1377/4660 3183/1376/4661
f 3183/1376/4661 3182/1375/4662 3181/1374/4659
f 3186/1378/4663 3185/1381/4664 3188/1380/4665
f 3188/1380/4665 3187/1379/4666 3186/1378/4663
f 3191/1382/4667 3190/1385/4668 3189/1384/4669
f 3189/1384/4669 3192/1383/4670 3191/1382/4667
f 3188/1380/4665 3185/1381/4664 3193/1387/4671
f 3193/1387/4671 3194/1386/4672 3188/1380/4665
f 3196/1388/4673 3195/1391/4674 3198/1390/4675
f 3198/1390/4675 3197/1389/4676 3196/1388/4673
f 3200/1392/4677 3199/1395/4678 3202/1394/4679
f 3202/1394/4679 3201/1393/4680 3200/1392/4677
f 3203/1396/4681 3205/1398/4682 3204/1397/4683
f 3206/1399/4684 3208/1401/4685 3207/1400/4686
f 3210/1402/4687 3209/1403/4688 3206/1399/4684
f 3206/1399/4684 3207/1400/4686 3210/1402/4687
f 3211/1404/4689 3213/1406/4690 3212/1405/4691
f 3212/1405/4691 3207/1400/4686 3211/1404/4689
f 3210/1402/4687 3207/1400/4686 3212/1405/4691
f 3212/1405/4691 3214/1407/4692 3210/1402/4687
f 3217/1408/4693 3216/1411/4694 3215/1410/4695
f 3215/1410/4695 3218/1409/4696 3217/1408/4693
f 3220/1412/4697 3219/1413/4698 3216/1411/4694
f 3216/1411/4694 3217/1408/4693 3220/1412/4697
f 3217/1408/4693 3218/1409/4696 3222/1415/4699
f 3222/1415/4699 3221/1414/4700 3217/1408/4693
f 3220/1412/4697 3217/1408/4693 3221/1414/4700
f 3221/1414/4700 3223/1416/4701 3220/1412/4697
f 3211/1404/4689 3207/1400/4686 3208/1401/4685
f 3225/1417/4702 3224/1420/4703 3178/1419/4704
f 3178/1419/4704 3175/1418/4705 3225/1417/4702
f 3224/1420/4703 3226/1422/4706 3180/1421/4707
f 3180/1421/4707 3178/1419/4704 3224/1420/4703
f 3227/1423/4708 3181/1426/4709 3182/1425/4710
f 3182/1425/4710 3228/1424/4711 3227/1423/4708
f 3230/1427/4712 3229/1430/4713 3192/1429/4714
f 3192/1429/4714 3189/1428/4715 3230/1427/4712
f 3230/1427/4712 3189/1428/4715 3198/1432/4716
f 3198/1432/4716 3231/1431/4717 3230/1427/4712
f 3227/1423/4708 3225/1417/4702 3175/1418/4705
f 3175/1418/4705 3181/1426/4709 3227/1423/4708
f 3234/1433/4718 3233/1436/4719 3232/1435/4720
f 3232/1435/4720 3235/1434/4721 3234/1433/4718
f 3233/1436/4719 3237/1438/4722 3236/1437/4723
f 3236/1437/4723 3232/1435/4720 3233/1436/4719
f 3239/1439/4724 3238/1442/4725 3241/1441/4726
f 3241/1441/4726 3240/1440/4727 3239/1439/4724
f 3244/1443/4728 3243/1446/4729 3242/1445/4730
f 3242/1445/4730 3245/1444/4731 3244/1443/4728
f 3246/1447/4732 3244/1443/4728 3245/1444/4731
f 3245/1444/4731 3247/1448/4733 3246/1447/4732
f 3239/1439/4724 3234/1433/4718 3235/1434/4721
f 3235/1434/4721 3238/1442/4725 3239/1439/4724
f 3234/1433/4734 3249/1450/4735 3248/1449/4736
f 3248/1449/4736 3233/1436/4737 3234/1433/4734
f 3233/1436/4737 3248/1449/4736 3250/1451/4738
f 3250/1451/4738 3237/1438/4739 3233/1436/4737
f 3252/1452/4740 3251/1453/4741 3239/1439/4742
f 3239/1439/4742 3240/1440/4743 3252/1452/4740
f 3244/1443/4744 3254/1455/4745 3253/1454/4746
f 3253/1454/4746 3243/1446/4747 3244/1443/4744
f 3255/1456/4748 3254/1455/4745 3244/1443/4744
f 3244/1443/4744 3246/1447/4749 3255/1456/4748
f 3239/1439/4742 3251/1453/4741 3249/1450/4735
f 3249/1450/4735 3234/1433/4734 3239/1439/4742
f 3235/1434/4750 3232/1435/4751 3224/1420/4703
f 3224/1420/4703 3225/1417/4702 3235/1434/4750
f 3232/1435/4751 3236/1437/4752 3226/1422/4706
f 3226/1422/4706 3224/1420/4703 3232/1435/4751
f 3238/1442/4753 3227/1423/4708 3228/1424/4711
f 3228/1424/4711 3241/1441/4754 3238/1442/4753
f 3245/1444/4755 3242/1445/4756 3229/1430/4713
f 3229/1430/4713 3230/1427/4712 3245/1444/4755
f 3245/1444/4755 3230/1427/4712 3231/1431/4717
f 3231/1431/4717 3247/1448/4757 3245/1444/4755
f 3238/1442/4753 3235/1434/4750 3225/1417/4702
f 3225/1417/4702 3227/1423/4708 3238/1442/4753
f 3249/1450/4735 3208/1458/4758 3206/1457/4759
f 3206/1457/4759 3248/1449/4736 3249/1450/4735
f 3248/1449/4736 3206/1457/4759 3209/1459/4760
f 3209/1459/4760 3250/1451/4738 3248/1449/4736
f 3213/1460/4761 3211/1461/4762 3251/1453/4741
f 3251/1453/4741 3252/1452/4740 3213/1460/4761
f 3254/1455/4745 3218/1463/4763 3215/1462/4764
f 3215/1462/4764 3253/1454/4746 3254/1455/4745
f 3222/1464/4765 3218/1463/4763 3254/1455/4745
f 3254/1455/4745 3255/1456/4748 3222/1464/4765
f 3251/1453/4741 3211/1461/4762 3208/1458/4758
f 3208/1458/4758 3249/1450/4735 3251/1453/4741
f 3204/1397/4683 3256/1465/4766 3203/1396/4681
f 3257/1466/4767 3203/1396/4681 3256/1465/4766
f 3256/1465/4766 3258/1467/4768 3257/1466/4767
f 3188/1380/4665 3260/1469/4769 3259/1468/4770
f 3259/1468/4770 3187/1379/4666 3188/1380/4665
f 3260/1469/4769 3188/1380/4665 3194/1386/4672
f 3194/1386/4672 3261/1470/4771 3260/1469/4769
f 3201/1393/4680 3202/1394/4679 3263/1472/4772
f 3263/1472/4773 3262/1471/4774 3201/1393/4680
f 3205/1398/4775 3184/1377/4776 3176/1371/4777
f 3176/1371/4777 3204/1397/4778 3205/1398/4775
f 3256/1465/4779 3204/1397/4780 3176/1371/4654
f 3176/1371/4654 3177/1368/4653 3256/1465/4779
f 3258/1467/4781 3256/1465/4779 3177/1368/4653
f 3177/1368/4653 3179/1372/4657 3258/1467/4781
f 3260/1469/4782 3191/1382/4783 3183/1376/4661
f 3183/1376/4661 3259/1468/4784 3260/1469/4782
f 3191/1382/4667 3260/1469/4785 3261/1470/4786
f 3261/1470/4786 3190/1385/4668 3191/1382/4667
f 3262/1471/4787 3263/1472/4788 3196/1388/4673
f 3196/1388/4673 3197/1389/4676 3262/1471/4787
f 3184/1377/4660 3181/1374/4659 3175/1370/4655
f 3175/1370/4655 3176/1371/4654 3184/1377/4660
f 3266/1473/4789 3265/1476/4790 3264/1475/4791
f 3264/1475/4791 3267/1474/4792 3266/1473/4789
f 3179/1372/4657 3180/1373/4658 3265/1476/4790
f 3265/1476/4790 3266/1473/4789 3179/1372/4657
f 3268/1477/4793 3271/1480/4794 3270/1479/4795
f 3270/1479/4795 3269/1478/4796 3268/1477/4793
f 3272/1481/4797 3185/1381/4664 3186/1378/4663
f 3186/1378/4663 3273/1482/4798 3272/1481/4797
f 3276/1483/4799 3275/1486/4800 3274/1485/4801
f 3274/1485/4801 3277/1484/4802 3276/1483/4799
f 3272/1481/4797 3278/1487/4803 3193/1387/4671
f 3193/1387/4671 3185/1381/4664 3272/1481/4797
f 3280/1488/4804 3279/1491/4805 3282/1490/4806
f 3282/1490/4806 3281/1489/4807 3280/1488/4804
f 3283/1492/4808 3199/1395/4678 3200/1392/4677
f 3200/1392/4677 3284/1493/4809 3283/1492/4808
f 3285/1494/4810 3287/1496/4811 3286/1495/4812
f 3288/1497/4813 3290/1499/4814 3289/1498/4815
f 3210/1402/4687 3290/1499/4814 3288/1497/4813
f 3288/1497/4813 3209/1403/4688 3210/1402/4687
f 3291/1500/4816 3290/1499/4814 3293/1502/4817
f 3293/1502/4817 3292/1501/4818 3291/1500/4816
f 3293/1502/4817 3290/1499/4814 3210/1402/4687
f 3210/1402/4687 3214/1407/4692 3293/1502/4817
f 3296/1503/4819 3295/1506/4820 3294/1505/4821
f 3294/1505/4821 3297/1504/4822 3296/1503/4819
f 3220/1412/4697 3296/1503/4819 3297/1504/4822
f 3297/1504/4822 3219/1413/4698 3220/1412/4697
f 3298/1507/4823 3295/1506/4820 3296/1503/4819
f 3296/1503/4819 3299/1508/4824 3298/1507/4823
f 3299/1508/4824 3296/1503/4819 3220/1412/4697
f 3220/1412/4697 3223/1416/4701 3299/1508/4824
f 3291/1500/4816 3289/1498/4815 3290/1499/4814
f 3300/1509/4825 3264/1512/4826 3265/1511/4827
f 3265/1511/4827 3301/1510/4828 3300/1509/4825
f 3301/1510/4828 3265/1511/4827 3180/1421/4707
f 3180/1421/4707 3226/1422/4706 3301/1510/4828
f 3271/1513/4829 3268/1516/4830 3303/1515/4831
f 3303/1515/4831 3302/1514/4832 3271/1513/4829
f 3304/1517/4833 3274/1520/4834 3275/1519/4835
f 3275/1519/4835 3305/1518/4836 3304/1517/4833
f 3280/1521/4837 3274/1520/4834 3304/1517/4833
f 3304/1517/4833 3306/1522/4838 3280/1521/4837
f 3303/1515/4831 3268/1516/4830 3264/1512/4826
f 3264/1512/4826 3300/1509/4825 3303/1515/4831
f 3309/1523/4839 3308/1526/4840 3307/1525/4841
f 3307/1525/4841 3310/1524/4842 3309/1523/4839
f 3310/1524/4842 3307/1525/4841 3236/1437/4723
f 3236/1437/4723 3237/1438/4722 3310/1524/4842
f 3312/1527/4843 3311/1530/4844 3314/1529/4845
f 3314/1529/4845 3313/1528/4846 3312/1527/4843
f 3317/1531/4847 3316/1534/4848 3315/1533/4849
f 3315/1533/4849 3318/1532/4850 3317/1531/4847
f 3316/1534/4848 3317/1531/4847 3320/1536/4851
f 3320/1536/4851 3319/1535/4852 3316/1534/4848
f 3314/1529/4845 3311/1530/4844 3308/1526/4840
f 3308/1526/4840 3309/1523/4839 3314/1529/4845
f 3309/1523/4853 3310/1524/4854 3321/1538/4855
f 3321/1538/4855 3322/1537/4856 3309/1523/4853
f 3310/1524/4854 3237/1438/4739 3250/1451/4738
f 3250/1451/4738 3321/1538/4855 3310/1524/4854
f 3314/1529/4857 3323/1540/4858 3324/1539/4859
f 3324/1539/4859 3313/1528/4860 3314/1529/4857
f 3317/1531/4861 3318/1532/4862 3325/1542/4863
f 3325/1542/4863 3326/1541/4864 3317/1531/4861
f 3317/1531/4861 3326/1541/4864 3327/1543/4865
f 3327/1543/4865 3320/1536/4866 3317/1531/4861
f 3314/1529/4857 3309/1523/4853 3322/1537/4856
f 3322/1537/4856 3323/1540/4858 3314/1529/4857
f 3308/1526/4867 3300/1509/4825 3301/1510/4828
f 3301/1510/4828 3307/1525/4868 3308/1526/4867
f 3307/1525/4868 3301/1510/4828 3226/1422/4706
f 3226/1422/4706 3236/1437/4752 3307/1525/4868
f 3302/1514/4832 3303/1515/4831 3311/1530/4869
f 3311/1530/4869 3312/1527/4870 3302/1514/4832
f 3316/1534/4871 3304/1517/4833 3305/1518/4836
f 3305/1518/4836 3315/1533/4872 3316/1534/4871
f 3306/1522/4838 3304/1517/4833 3316/1534/4871
f 3316/1534/4871 3319/1535/4873 3306/1522/4838
f 3311/1530/4869 3303/1515/4831 3300/1509/4825
f 3300/1509/4825 3308/1526/4867 3311/1530/4869
f 3322/1537/4856 3321/1538/4855 3288/1545/4874
f 3288/1545/4874 3289/1544/4875 3322/1537/4856
f 3321/1538/4855 3250/1451/4738 3209/1459/4760
f 3209/1459/4760 3288/1545/4874 3321/1538/4855
f 3323/1540/4858 3291/1547/4876 3292/1546/4877
f 3292/1546/4877 3324/1539/4859 3323/1540/4858
f 3326/1541/4864 3325/1542/4863 3294/1549/4878
f 3294/1549/4878 3295/1548/4879 3326/1541/4864
f 3326/1541/4864 3295/1548/4879 3298/1550/4880
f 3298/1550/4880 3327/1543/4865 3326/1541/4864
f 3323/1540/4858 3322/1537/4856 3289/1544/4875
f 3289/1544/4875 3291/1547/4876 3323/1540/4858
f 3287/1496/4811 3285/1494/4810 3328/1551/4881
f 3257/1466/4767 3258/1467/4768 3328/1551/4881
f 3328/1551/4881 3285/1494/4810 3257/1466/4767
f 3272/1481/4797 3273/1482/4798 3330/1553/4882
f 3330/1553/4882 3329/1552/4883 3272/1481/4797
f 3329/1552/4883 3331/1554/4884 3278/1487/4803
f 3278/1487/4803 3272/1481/4797 3329/1552/4883
f 3332/1555/4885 3283/1492/4808 3284/1493/4809
f 3284/1493/4809 3333/1556/4886 3332/1555/4885
f 3286/1495/4887 3287/1496/4888 3267/1474/4889
f 3267/1474/4889 3269/1478/4890 3286/1495/4887
f 3328/1551/4891 3266/1473/4789 3267/1474/4792
f 3267/1474/4792 3287/1496/4892 3328/1551/4891
f 3258/1467/4781 3179/1372/4657 3266/1473/4789
f 3266/1473/4789 3328/1551/4891 3258/1467/4781
f 3329/1552/4893 3330/1553/4894 3270/1479/4795
f 3270/1479/4795 3276/1483/4895 3329/1552/4893
f 3276/1483/4799 3277/1484/4802 3331/1554/4896
f 3331/1554/4896 3329/1552/4897 3276/1483/4799
f 3282/1490/4806 3332/1555/4898 3333/1556/4899
f 3333/1556/4899 3281/1489/4807 3282/1490/4806
f 3269/1478/4796 3267/1474/4792 3264/1475/4791
f 3264/1475/4791 3268/1477/4793 3269/1478/4796
f 3334/1557/4900 3336/1559/4901 3335/1558/4902
f 3338/1560/4903 3337/1561/4904 3335/1558/4902
f 3335/1558/4902 3336/1559/4901 3338/1560/4903
f 3340/1562/4905 3336/1559/4901 3339/1564/4906
f 3339/1564/4906 3341/1563/4907 3340/1562/4905
f 3342/1565/4908 3338/1560/4903 3336/1559/4901
f 3336/1559/4901 3340/1562/4905 3342/1565/4908
f 3343/1566/4909 3340/1562/4905 3341/1563/4907
f 3341/1563/4907 3344/1567/4910 3343/1566/4909
f 3345/1568/4911 3342/1565/4908 3340/1562/4905
f 3340/1562/4905 3343/1566/4909 3345/1568/4911
f 3348/1569/4912 3347/1572/4913 3346/1571/4914
f 3346/1571/4914 3349/1570/4915 3348/1569/4912
f 3351/1573/4916 3350/1574/4917 3347/1572/4913
f 3347/1572/4913 3348/1569/4912 3351/1573/4916
f 3336/1559/4901 3334/1557/4900 3339/1564/4906
f 3352/1575/4918 3354/1577/4919 3353/1576/4920
f 3338/1560/4903 3353/1576/4920 3354/1577/4919
f 3354/1577/4919 3337/1561/4904 3338/1560/4903
f 3357/1578/4921 3356/1580/4922 3355/1579/4923
f 3355/1579/4923 3353/1576/4920 3357/1578/4921
f 3342/1565/4908 3357/1578/4921 3353/1576/4920
f 3353/1576/4920 3338/1560/4903 3342/1565/4908
f 3359/1581/4924 3358/1582/4925 3356/1580/4922
f 3356/1580/4922 3357/1578/4921 3359/1581/4924
f 3345/1568/4911 3359/1581/4924 3357/1578/4921
f 3357/1578/4921 3342/1565/4908 3345/1568/4911
f 3362/1583/4926 3361/1586/4927 3360/1585/4928
f 3360/1585/4928 3363/1584/4929 3362/1583/4926
f 3361/1586/4927 3350/1574/4917 3351/1573/4916
f 3351/1573/4916 3360/1585/4928 3361/1586/4927
f 3353/1576/4920 3355/1579/4923 3352/1575/4918
f 3366/1587/4930 3365/1590/4931 3364/1589/4932
f 3364/1589/4932 3367/1588/4933 3366/1587/4930
f 3365/1590/4931 3369/1592/4934 3368/1591/4935
f 3368/1591/4935 3364/1589/4932 3365/1590/4931
f 3372/1593/4936 3371/1596/4937 3370/1595/4938
f 3370/1595/4938 3373/1594/4939 3372/1593/4936
f 3369/1592/4934 3372/1593/4936 3373/1594/4939
f 3373/1594/4939 3368/1591/4935 3369/1592/4934
f 3348/1569/4912 3349/1570/4915 3367/1588/4933
f 3367/1588/4933 3364/1589/4932 3348/1569/4912
f 3351/1573/4916 3348/1569/4912 3364/1589/4932
f 3364/1589/4932 3368/1591/4935 3351/1573/4916
f 3360/1585/4928 3351/1573/4916 3368/1591/4935
f 3368/1591/4935 3373/1594/4939 3360/1585/4928
f 3363/1584/4929 3360/1585/4928 3373/1594/4939
f 3373/1594/4939 3370/1595/4938 3363/1584/4929
f 3375/1597/4940 3374/1600/4941 3377/1599/4942
f 3377/1599/4942 3376/1598/4943 3375/1597/4940
f 3374/1600/4941 3378/1602/4944 3379/1601/4945
f 3379/1601/4945 3377/1599/4942 3374/1600/4941
f 3381/1603/4946 3380/1606/4947 3383/1605/4948
f 3383/1605/4948 3382/1604/4949 3381/1603/4946
f 3378/1602/4944 3381/1603/4946 3382/1604/4949
f 3382/1604/4949 3379/1601/4945 3378/1602/4944
f 3347/1572/4913 3343/1566/4909 3344/1567/4910
f 3344/1567/4910 3346/1571/4914 3347/1572/4913
f 3350/1574/4917 3345/1568/4911 3343/1566/4909
f 3343/1566/4909 3347/1572/4913 3350/1574/4917
f 3362/1583/4926 3358/1582/4925 3359/1581/4924
f 3359/1581/4924 3361/1586/4927 3362/1583/4926
f 3361/1586/4927 3359/1581/4924 3345/1568/4911
f 3345/1568/4911 3350/1574/4917 3361/1586/4927
f 3384/1607/4950 3334/1557/4951 3335/1558/4952
f 3335/1558/4952 3385/1608/4953 3384/1607/4950
f 3385/1608/4953 3335/1558/4952 3337/1561/4954
f 3337/1561/4954 3386/1609/4955 3385/1608/4953
f 3387/1610/4956 3341/1563/4957 3339/1564/4958
f 3339/1564/4958 3388/1611/4959 3387/1610/4956
f 3389/1612/4960 3344/1567/4961 3341/1563/4957
f 3341/1563/4957 3387/1610/4956 3389/1612/4960
f 3390/1613/4962 3349/1570/4963 3346/1571/4964
f 3346/1571/4964 3391/1614/4965 3390/1613/4962
f 3388/1611/4959 3339/1564/4958 3334/1557/4951
f 3334/1557/4951 3384/1607/4950 3388/1611/4959
f 3392/1615/4966 3354/1577/4967 3352/1575/4968
f 3352/1575/4968 3393/1616/4969 3392/1615/4966
f 3386/1609/4955 3337/1561/4954 3354/1577/4967
f 3354/1577/4967 3392/1615/4966 3386/1609/4955
f 3394/1617/4970 3355/1579/4971 3356/1580/4972
f 3356/1580/4972 3395/1618/4973 3394/1617/4970
f 3395/1618/4973 3356/1580/4972 3358/1582/4974
f 3358/1582/4974 3396/1619/4975 3395/1618/4973
f 3397/1620/4976 3362/1583/4977 3363/1584/4978
f 3363/1584/4978 3398/1621/4979 3397/1620/4976
f 3393/1616/4969 3352/1575/4968 3355/1579/4971
f 3355/1579/4971 3394/1617/4970 3393/1616/4969
f 3399/1622/4980 3366/1587/4981 3367/1588/4982
f 3367/1588/4982 3400/1623/4983 3399/1622/4980
f 3401/1624/4984 3370/1595/4985 3371/1596/4986
f 3371/1596/4986 3402/1625/4987 3401/1624/4984
f 3400/1623/4983 3367/1588/4982 3349/1570/4963
f 3349/1570/4963 3390/1613/4962 3400/1623/4983
f 3398/1621/4979 3363/1584/4978 3370/1595/4985
f 3370/1595/4985 3401/1624/4984 3398/1621/4979
f 3403/1626/4988 3374/1600/4989 3375/1597/4990
f 3375/1597/4990 3404/1627/4991 3403/1626/4988
f 3376/1598/4992 3366/1587/4981 3399/1622/4980
f 3399/1622/4980 3405/1628/4993 3376/1598/4992
f 3406/1629/4994 3378/1602/4995 3374/1600/4989
f 3374/1600/4989 3403/1626/4988 3406/1629/4994
f 3407/1630/4996 3380/1606/4997 3381/1603/4998
f 3381/1603/4999 3408/1631/5000 3407/1630/5001
f 3380/1606/5002 3407/1633/5003 3409/1632/5004
f 3409/1632/5004 3383/1605/5005 3380/1606/5002
f 3408/1631/5000 3381/1603/4999 3378/1602/4995
f 3378/1602/4995 3406/1629/4994 3408/1631/5000
f 3391/1614/4965 3346/1571/4964 3344/1567/4961
f 3344/1567/4961 3389/1612/4960 3391/1614/4965
f 3396/1619/4975 3358/1582/4974 3362/1583/4977
f 3362/1583/4977 3397/1620/4976 3396/1619/4975
f 3366/1587/4930 3376/1598/4943 3377/1599/4942
f 3377/1599/4942 3365/1590/4931 3366/1587/4930
f 3365/1590/4931 3377/1599/4942 3379/1601/4945
f 3379/1601/4945 3369/1592/4934 3365/1590/4931
f 3372/1593/4936 3382/1604/4949 3383/1605/4948
f 3383/1605/4948 3371/1596/4937 3372/1593/4936
f 3369/1592/4934 3379/1601/4945 3382/1604/4949
f 3382/1604/4949 3372/1593/4936 3369/1592/4934
f 3375/1597/5006 3376/1598/4992 3405/1628/4993
f 3405/1628/4993 3404/1634/5007 3375/1597/5006
f 3383/1605/5005 3409/1632/5004 3402/1625/4987
f 3402/1625/4987 3371/1596/4986 3383/1605/5005
f 3190/1385/4668 3197/1389/4676 3198/1390/4675
f 3198/1390/4675 3189/1384/4669 3190/1385/4668
f 3193/1387/4671 3200/1392/4677 3201/1393/4680
f 3201/1393/4680 3194/1386/4672 3193/1387/4671
f 3410/1635/5008 3221/1414/4700 3222/1415/4699
f 3222/1415/4699 3411/1636/5009 3410/1635/5008
f 3412/1637/5010 3223/1416/4701 3221/1414/4700
f 3221/1414/4700 3410/1635/5008 3412/1637/5010
f 3413/1638/5011 3231/1431/4717 3198/1432/4716
f 3198/1432/4716 3195/1639/5012 3413/1638/5011
f 3414/1640/5013 3246/1447/4732 3247/1448/4733
f 3247/1448/5014 3415/1641/5015 3414/1640/5016
f 3416/1642/5017 3255/1456/4748 3246/1447/4749
f 3246/1447/4749 3414/1640/5018 3416/1642/5017
f 3415/1641/5019 3247/1448/4757 3231/1431/4717
f 3231/1431/4717 3413/1638/5011 3415/1641/5020
f 3411/1643/5021 3222/1464/4765 3255/1456/4748
f 3255/1456/4748 3416/1642/5017 3411/1643/5022
f 3194/1386/4672 3201/1393/4680 3262/1471/4774
f 3262/1471/4774 3261/1470/4771 3194/1386/4672
f 3261/1470/4786 3262/1471/4787 3197/1389/4676
f 3197/1389/4676 3190/1385/4668 3261/1470/4786
f 3274/1485/4801 3280/1488/4804 3281/1489/4807
f 3281/1489/4807 3277/1484/4802 3274/1485/4801
f 3278/1487/4803 3284/1493/4809 3200/1392/4677
f 3200/1392/4677 3193/1387/4671 3278/1487/4803
f 3417/1644/5023 3298/1507/4823 3299/1508/4824
f 3299/1508/4824 3418/1645/5024 3417/1644/5025
f 3418/1645/5024 3299/1508/4824 3223/1416/4701
f 3223/1416/4701 3412/1637/5010 3418/1645/5024
f 3279/1646/5026 3280/1521/4837 3306/1522/4838
f 3306/1522/4838 3419/1647/5027 3279/1646/5028
f 3420/1648/5029 3319/1535/4852 3320/1536/4851
f 3320/1536/5030 3421/1649/5031 3420/1648/5032
f 3421/1649/5033 3320/1536/4866 3327/1543/4865
f 3327/1543/4865 3422/1650/5034 3421/1649/5035
f 3419/1647/5027 3306/1522/4838 3319/1535/4873
f 3319/1535/4873 3420/1648/5036 3419/1647/5027
f 3422/1650/5034 3327/1543/4865 3298/1550/4880
f 3298/1550/4880 3417/1651/5037 3422/1650/5034
f 3331/1554/4884 3333/1556/4886 3284/1493/4809
f 3284/1493/4809 3278/1487/4803 3331/1554/4884
f 3277/1484/4802 3281/1489/4807 3333/1556/4899
f 3333/1556/4899 3331/1554/4896 3277/1484/4802
f 3182/1375/4662 3183/1376/4661 3191/1382/4667
f 3191/1382/4667 3192/1383/4670 3182/1375/4662
f 3257/1466/4767 3186/1378/4663 3187/1379/4666
f 3187/1379/4666 3203/1396/4681 3257/1466/4767
f 3216/1411/4694 3212/1405/4691 3213/1406/4690
f 3213/1406/4690 3215/1410/4695 3216/1411/4694
f 3219/1413/4698 3214/1407/4692 3212/1405/4691
f 3212/1405/4691 3216/1411/4694 3219/1413/4698
f 3229/1430/4713 3228/1424/4711 3182/1425/4710
f 3182/1425/4710 3192/1429/4714 3229/1430/4713
f 3243/1446/4729 3240/1440/4727 3241/1441/4726
f 3241/1441/4726 3242/1445/4730 3243/1446/4729
f 3252/1452/4740 3240/1440/4743 3243/1446/4747
f 3243/1446/4747 3253/1454/4746 3252/1452/4740
f 3242/1445/4756 3241/1441/4754 3228/1424/4711
f 3228/1424/4711 3229/1430/4713 3242/1445/4756
f 3215/1462/4764 3213/1460/4761 3252/1452/4740
f 3252/1452/4740 3253/1454/4746 3215/1462/4764
f 3187/1379/4666 3259/1468/4770 3205/1398/4682
f 3205/1398/4682 3203/1396/4681 3187/1379/4666
f 3259/1468/4784 3183/1376/4661 3184/1377/4660
f 3184/1377/4660 3205/1398/5038 3259/1468/4784
f 3276/1483/4799 3270/1479/4795 3271/1480/4794
f 3271/1480/4794 3275/1486/4800 3276/1483/4799
f 3285/1494/4810 3273/1482/4798 3186/1378/4663
f 3186/1378/4663 3257/1466/4767 3285/1494/4810
f 3292/1501/4818 3293/1502/4817 3297/1504/4822
f 3297/1504/4822 3294/1505/4821 3292/1501/4818
f 3297/1504/4822 3293/1502/4817 3214/1407/4692
f 3214/1407/4692 3219/1413/4698 3297/1504/4822
f 3275/1519/4835 3271/1513/4829 3302/1514/4832
f 3302/1514/4832 3305/1518/4836 3275/1519/4835
f 3315/1533/4849 3312/1527/4843 3313/1528/4846
f 3313/1528/4846 3318/1532/4850 3315/1533/4849
f 3318/1532/4862 3313/1528/4860 3324/1539/4859
f 3324/1539/4859 3325/1542/4863 3318/1532/4862
f 3302/1514/4832 3312/1527/4870 3315/1533/4872
f 3315/1533/4872 3305/1518/4836 3302/1514/4832
f 3325/1542/4863 3324/1539/4859 3292/1546/4877
f 3292/1546/4877 3294/1549/4878 3325/1542/4863
f 3286/1495/4812 3330/1553/4882 3273/1482/4798
f 3273/1482/4798 3285/1494/4810 3286/1495/4812
f 3269/1478/4796 3270/1479/4795 3330/1553/4894
f 3330/1553/4894 3286/1495/5039 3269/1478/4796
f 3423/1652/5040 3425/1654/5041 3424/1653/5042
f 3424/1653/5042 3425/1654/5041 3427/1656/5043
f 3427/1656/5043 3426/1655/5044 3424/1653/5042
f 3428/1657/5045 3429/1658/5046 3427/1656/5043
f 3427/1656/5043 3425/1654/5041 3428/1657/5045
f 3423/1652/5040 3430/1659/5047 3428/1657/5045
f 3428/1657/5045 3425/1654/5041 3423/1652/5040
f 3433/1660/5048 3432/1663/5049 3431/1662/5050
f 3431/1662/5050 3434/1661/5051 3433/1660/5048
f 3436/1664/5052 3435/1665/5053 3432/1663/5049
f 3432/1663/5049 3433/1660/5048 3436/1664/5052
f 3433/1660/5048 3438/1667/5054 3437/1666/5055
f 3437/1666/5055 3436/1664/5052 3433/1660/5048
f 3434/1661/5051 3439/1668/5056 3438/1667/5054
f 3438/1667/5054 3433/1660/5048 3434/1661/5051
f 3441/1669/5057 3440/1672/5058 3443/1671/5059
f 3443/1671/5059 3442/1670/5060 3441/1669/5057
f 3441/1669/5057 3442/1670/5060 3429/1658/5046
f 3429/1658/5046 3428/1657/5045 3441/1669/5057
f 3442/1670/5060 3445/1674/5061 3444/1673/5062
f 3444/1673/5062 3429/1658/5046 3442/1670/5060
f 3443/1671/5059 3446/1675/5063 3445/1674/5061
f 3445/1674/5061 3442/1670/5060 3443/1671/5059
f 3448/1676/5064 3447/1677/5065 3439/1668/5056
f 3439/1668/5056 3434/1661/5051 3448/1676/5064
f 3450/1678/5066 3449/1679/5067 3447/1677/5065
f 3447/1677/5065 3448/1676/5064 3450/1678/5066
f 3448/1676/5064 3452/1681/5068 3451/1680/5069
f 3451/1680/5069 3450/1678/5066 3448/1676/5064
f 3434/1661/5051 3431/1662/5050 3452/1681/5068
f 3452/1681/5068 3448/1676/5064 3434/1661/5051
f 3453/1682/5070 3447/1677/5065 3449/1679/5067
f 3449/1679/5067 3454/1683/5071 3453/1682/5070
f 3455/1684/5072 3439/1668/5056 3447/1677/5065
f 3447/1677/5065 3453/1682/5070 3455/1684/5072
f 3453/1682/5070 3456/1686/5073 3457/1685/5074
f 3457/1685/5074 3455/1684/5072 3453/1682/5070
f 3458/1687/5075 3456/1686/5073 3453/1682/5070
f 3453/1682/5070 3454/1683/5071 3458/1687/5075
f 3459/1688/5076 3462/1691/5077 3461/1690/5078
f 3461/1690/5078 3460/1689/5079 3459/1688/5076
f 3462/1691/5077 3464/1693/5080 3463/1692/5081
f 3463/1692/5081 3461/1690/5078 3462/1691/5077
f 3465/1694/1932 3464/1693/5080 3462/1691/5077
f 3462/1691/5077 1671/1695/1933 3465/1694/1932
f 3468/1696/5082 3467/1699/5083 3466/1698/5084
f 3466/1698/5084 3469/1697/5085 3468/1696/5082
f 3471/1700/5086 3470/1701/5087 3467/1699/5083
f 3467/1699/5083 3468/1696/5082 3471/1700/5086
f 3474/1702/5088 3473/1705/5089 3472/1704/5090
f 3472/1704/5090 3475/1703/5091 3474/1702/5088
f 3475/1703/5091 3476/1707/5092 3477/1706/5093
f 3477/1706/5093 3474/1702/5088 3475/1703/5091
f 3480/1708/5094 3479/1711/5095 3478/1710/5096
f 3478/1710/5096 3481/1709/5097 3480/1708/5094
f 3483/1712/5098 3482/1713/5099 3479/1711/5095
f 3479/1711/5095 3480/1708/5094 3483/1712/5098
f 3480/1708/5094 3452/1681/5068 3431/1662/5050
f 3431/1662/5050 3483/1712/5098 3480/1708/5094
f 3481/1709/5097 3451/1680/5069 3452/1681/5068
f 3452/1681/5068 3480/1708/5094 3481/1709/5097
f 3484/1714/5100 3473/1705/5089 3449/1679/5067
f 3449/1679/5067 3450/1678/5066 3484/1714/5100
f 3450/1678/5066 3451/1680/5069 3470/1701/5087
f 3470/1701/5087 3484/1714/5100 3450/1678/5066
f 3486/1715/5101 3485/1716/5102 3444/1673/5062
f 3444/1673/5062 3445/1674/5061 3486/1715/5101
f 3479/1711/5095 3482/1713/5099 3485/1716/5102
f 3485/1716/5102 3486/1715/5101 3479/1711/5095
f 3486/1715/5101 3487/1717/5103 3478/1710/5096
f 3478/1710/5096 3479/1711/5095 3486/1715/5101
f 3445/1674/5061 3446/1675/5063 3487/1717/5103
f 3487/1717/5103 3486/1715/5101 3445/1674/5061
f 3487/1717/5103 3488/1718/5104 3466/1698/5084
f 3466/1698/5084 3478/1710/5096 3487/1717/5103
f 3446/1675/5063 3463/1692/5081 3488/1718/5104
f 3488/1718/5104 3487/1717/5103 3446/1675/5063
f 3427/1656/5043 3429/1658/5046 3444/1673/5062
f 3444/1673/5062 3489/1719/5105 3427/1656/5043
f 3489/1719/5105 3490/1720/5106 3426/1655/5044
f 3426/1655/5044 3427/1656/5043 3489/1719/5105
f 3493/1721/5107 3492/1724/5108 3491/1723/5109
f 3491/1723/5109 3494/1722/5110 3493/1721/5107
f 3485/1716/5102 3482/1713/5099 3492/1724/5108
f 3492/1724/5108 3493/1721/5107 3485/1716/5102
f 3493/1721/5107 3489/1719/5105 3444/1673/5062
f 3444/1673/5062 3485/1716/5102 3493/1721/5107
f 3494/1722/5110 3490/1720/5106 3489/1719/5105
f 3489/1719/5105 3493/1721/5107 3494/1722/5110
f 3496/1725/5111 3495/1728/5112 3498/1727/5113
f 3498/1727/5113 3497/1726/5114 3496/1725/5111
f 3455/1684/5072 3457/1685/5074 3495/1728/5112
f 3495/1728/5112 3496/1725/5111 3455/1684/5072
f 3496/1725/5111 3438/1667/5054 3439/1668/5056
f 3439/1668/5056 3455/1684/5072 3496/1725/5111
f 3497/1726/5114 3437/1666/5055 3438/1667/5054
f 3438/1667/5054 3496/1725/5111 3497/1726/5114
f 3499/1729/5115 3432/1663/5049 3435/1665/5053
f 3435/1665/5053 3500/1730/5116 3499/1729/5115
f 3483/1712/5098 3431/1662/5050 3432/1663/5049
f 3432/1663/5049 3499/1729/5115 3483/1712/5098
f 3499/1729/5115 3492/1724/5108 3482/1713/5099
f 3482/1713/5099 3483/1712/5098 3499/1729/5115
f 3500/1730/5116 3491/1723/5109 3492/1724/5108
f 3492/1724/5108 3499/1729/5115 3500/1730/5116
f 3441/1669/5057 3428/1657/5045 3430/1659/5047
f 3430/1659/5047 3501/1731/5117 3441/1669/5057
f 3501/1731/5117 3502/1732/5118 3440/1672/5058
f 3440/1672/5058 3441/1669/5057 3501/1731/5117
f 3460/1689/5079 3461/1690/5078 3443/1671/5059
f 3443/1671/5059 3440/1672/5058 3460/1689/5079
f 3502/1732/5118 3503/1733/5119 3460/1689/5079
f 3460/1689/5079 3440/1672/5058 3502/1732/5118
f 3443/1671/5059 3461/1690/5078 3463/1692/5081
f 3463/1692/5081 3446/1675/5063 3443/1671/5059
f 3481/1709/5097 3467/1699/5083 3470/1701/5087
f 3470/1701/5087 3451/1680/5069 3481/1709/5097
f 3478/1710/5096 3466/1698/5084 3467/1699/5083
f 3467/1699/5083 3481/1709/5097 3478/1710/5096
f 3454/1683/5071 3449/1679/5067 3473/1705/5089
f 3473/1705/5089 3474/1702/5088 3454/1683/5071
f 3474/1702/5088 3477/1706/5093 3458/1687/5075
f 3458/1687/5075 3454/1683/5071 3474/1702/5088
f 3504/1734/5120 3472/1704/5090 3473/1705/5089
f 3473/1705/5089 3484/1714/5100 3504/1734/5120
f 1661/1735/1973 3472/1704/5090 3504/1734/5120
f 3504/1734/5120 1672/1736/1974 1661/1735/1973
f 3484/1714/5100 3470/1701/5087 3471/1700/5086
f 3471/1700/5086 3504/1734/5120 3484/1714/5100
f 3505/1737/5121 3488/1718/5104 3463/1692/5081
f 3463/1692/5081 3464/1693/5080 3505/1737/5121
f 3469/1697/5085 3466/1698/5084 3488/1718/5104
f 3488/1718/5104 3505/1737/5121 3469/1697/5085
f 3506/1738/5122 3477/1706/5093 3476/1707/5092
f 3476/1707/5092 3507/1739/5123 3506/1738/5122
f 3476/1707/5092 1662/1741/1979 3508/1740/1978
f 3508/1740/1978 3507/1739/5123 3476/1707/5092
f 3498/1727/5113 3495/1728/5112 3509/1742/5124
f 3509/1742/5124 3495/1728/5112 3457/1685/5074
f 3457/1685/5074 3510/1743/5125 3509/1742/5124
f 3510/1743/5125 3457/1685/5074 3456/1686/5073
f 3456/1686/5073 3511/1744/5126 3510/1743/5125
f 3511/1744/5126 3456/1686/5073 3458/1687/5075
f 3458/1687/5075 3512/1745/5127 3511/1744/5126
f 3512/1745/5127 3458/1687/5075 3477/1706/5093
f 3477/1706/5093 3506/1738/5122 3512/1745/5127
f 3459/1688/5076 3460/1689/5079 3503/1733/5119
f 3503/1733/5119 3513/1746/5128 3459/1688/5076
f 3514/1747/5129 3513/1746/5130 3503/1733/5131
f 3503/1733/5131 3515/1748/5132 3514/1747/5129
f 3516/1749/5133 3515/1748/5132 3503/1733/5131
f 3503/1733/5131 3502/1732/5134 3516/1749/5133
f 3517/1750/5135 3516/1749/5133 3502/1732/5134
f 3502/1732/5134 3501/1731/5136 3517/1750/5135
f 3518/1751/5137 3517/1750/5135 3501/1731/5136
f 3501/1731/5136 3430/1659/5138 3518/1751/5137
f 3519/1752/5139 3518/1751/5137 3430/1659/5138
f 3430/1659/5138 3423/1652/5140 3519/1752/5139
f 3519/1752/5139 3423/1652/5140 3424/1653/5141
f 3424/1653/5141 3520/1753/5142 3519/1752/5139
f 3520/1754/5143 3424/1653/5144 3426/1655/5145
f 3426/1655/5146 3521/1755/5147 3520/1754/5148
f 3522/1756/5149 3521/1755/5147 3426/1655/5146
f 3426/1655/5146 3490/1720/5150 3522/1756/5149
f 3523/1757/5151 3522/1756/5149 3490/1720/5150
f 3490/1720/5150 3494/1722/5152 3523/1757/5151
f 3524/1758/5153 3523/1757/5151 3494/1722/5152
f 3494/1722/5152 3491/1723/5154 3524/1758/5153
f 3525/1759/5155 3524/1758/5153 3491/1723/5154
f 3491/1723/5154 3500/1730/5156 3525/1759/5155
f 3526/1760/5157 3525/1759/5155 3500/1730/5156
f 3500/1730/5156 3435/1665/5158 3526/1760/5157
f 3527/1761/5159 3526/1760/5157 3435/1665/5158
f 3435/1665/5158 3436/1664/5160 3527/1761/5159
f 3528/1762/5161 3527/1761/5159 3436/1664/5160
f 3436/1664/5160 3437/1666/5162 3528/1762/5161
f 3528/1762/5161 3437/1666/5162 3497/1726/5163
f 3497/1726/5163 3529/1763/5164 3528/1762/5161
f 3529/1763/5164 3497/1726/5163 3498/1727/5165
f 3498/1727/5165 3530/1764/5166 3529/1763/5164
f 3531/1765/5167 3530/1766/5168 3498/1727/5169
f 3498/1727/5169 3509/1742/5170 3531/1765/5167
f 3532/1767/5171 3531/1765/5167 3509/1742/5170
f 3509/1742/5170 3510/1743/5172 3532/1767/5171
f 3533/1768/5173 3532/1767/5171 3510/1743/5172
f 3510/1743/5172 3511/1744/5174 3533/1768/5173
f 3534/1769/5175 3533/1768/5173 3511/1744/5174
f 3511/1744/5174 3512/1745/5176 3534/1769/5175
f 3535/1770/5177 3534/1769/5175 3512/1745/5176
f 3512/1745/5176 3506/1738/5178 3535/1770/5177
f 3535/1770/5177 3506/1738/5178 3507/1739/5179
f 3507/1739/5179 3536/1771/5180 3535/1770/5177
f 3536/1771/5180 3507/1739/5179 3508/1740/2036
f 3508/1740/2036 1673/1772/2035 3536/1771/5180
f 3539/1773/5181 3538/1776/5182 3537/1775/5183
f 3537/1775/5183 3540/1774/5184 3539/1773/5181
f 3543/1777/5185 3542/1780/5186 3541/1779/5187
f 3541/1779/5187 3544/1778/5188 3543/1777/5185
f 3543/1777/5185 3546/1782/5189 3545/1781/5190
f 3545/1781/5190 3542/1780/5186 3543/1777/5185
f 3537/1775/5183 3538/1776/5182 3545/1784/5191
f 3545/1784/5191 3546/1783/5192 3537/1775/5183
f 3547/1785/5193 3548/1786/5194 3540/1774/5184
f 3540/1774/5184 3537/1775/5183 3547/1785/5193
f 3550/1787/5195 3549/1788/5196 3543/1777/5185
f 3543/1777/5185 3544/1778/5188 3550/1787/5195
f 3549/1788/5196 3551/1789/5197 3546/1782/5189
f 3546/1782/5189 3543/1777/5185 3549/1788/5196
f 3551/1790/5198 3547/1785/5193 3537/1775/5183
f 3537/1775/5183 3546/1783/5192 3551/1790/5198
f 3548/1786/5199 3547/1785/5200 3552/1792/5201
f 3552/1792/5201 3553/1791/5202 3548/1786/5199
f 3554/1793/5203 3549/1788/5204 3550/1787/5205
f 3550/1787/5205 3555/1794/5206 3554/1793/5203
f 3554/1793/5203 3556/1795/5207 3551/1789/5208
f 3551/1789/5208 3549/1788/5204 3554/1793/5203
f 3556/1796/5209 3552/1792/5201 3547/1785/5200
f 3547/1785/5200 3551/1790/5210 3556/1796/5209
f 3558/1797/5211 3557/1798/5212 3539/1773/5181
f 3539/1773/5181 3540/1774/5184 3558/1797/5211
f 3541/1779/5187 3560/1800/5213 3559/1799/5214
f 3559/1799/5214 3544/1778/5188 3541/1779/5187
f 3562/1801/5215 3561/1802/5216 3559/1799/5214
f 3559/1799/5214 3560/1800/5213 3562/1801/5215
f 3562/1803/5217 3557/1798/5212 3558/1797/5211
f 3558/1797/5211 3561/1804/5218 3562/1803/5217
f 3540/1774/5184 3548/1786/5194 3563/1805/5219
f 3563/1805/5219 3558/1797/5211 3540/1774/5184
f 3559/1799/5214 3564/1806/5220 3550/1787/5195
f 3550/1787/5195 3544/1778/5188 3559/1799/5214
f 3561/1802/5216 3565/1807/5221 3564/1806/5220
f 3564/1806/5220 3559/1799/5214 3561/1802/5216
f 3558/1797/5211 3563/1805/5219 3565/1808/5222
f 3565/1808/5222 3561/1804/5218 3558/1797/5211
f 3566/1809/5223 3563/1805/5224 3548/1786/5199
f 3548/1786/5199 3553/1791/5202 3566/1809/5223
f 3550/1787/5205 3564/1806/5225 3567/1810/5226
f 3567/1810/5226 3555/1794/5206 3550/1787/5205
f 3565/1807/5227 3568/1811/5228 3567/1810/5226
f 3567/1810/5226 3564/1806/5225 3565/1807/5227
f 3563/1805/5224 3566/1809/5223 3568/1812/5229
f 3568/1812/5229 3565/1808/5230 3563/1805/5224
f 3562/1801/5231 3560/1800/5232 3541/1779/5233
f 3541/1779/5233 3569/1813/5234 3562/1801/5231
f 3539/1773/5235 3557/1798/5236 3562/1803/5237
f 3562/1803/5237 3569/1814/5238 3539/1773/5235
f 3541/1779/5233 3542/1780/5239 3545/1781/5240
f 3545/1781/5240 3569/1813/5234 3541/1779/5233
f 3539/1773/5235 3569/1814/5238 3545/1784/5241
f 3545/1784/5241 3538/1776/5242 3539/1773/5235
f 3566/1809/5223 3571/1816/5243 3570/1815/5244
f 3570/1815/5245 3568/1812/5229 3566/1809/5223
f 3568/1811/5228 3570/1818/5246 3572/1817/5247
f 3572/1817/5247 3567/1810/5226 3568/1811/5228
f 3567/1810/5226 3572/1817/5247 3573/1819/5248
f 3573/1819/5248 3555/1794/5206 3567/1810/5226
f 3555/1794/5206 3573/1819/5248 3574/1820/5249
f 3574/1820/5249 3554/1793/5203 3555/1794/5206
f 3554/1793/5203 3574/1820/5249 3575/1821/5250
f 3575/1821/5251 3556/1795/5207 3554/1793/5203
f 3556/1796/5209 3575/1823/5252 3576/1822/5253
f 3576/1822/5253 3552/1792/5201 3556/1796/5209
f 3552/1792/5201 3576/1822/5253 3577/1824/5254
f 3577/1824/5254 3553/1791/5202 3552/1792/5201
f 3553/1791/5202 3577/1824/5254 3571/1816/5243
f 3571/1816/5243 3566/1809/5223 3553/1791/5202
f 3580/1825/5255 3579/1828/5256 3578/1827/5257
f 3578/1827/5257 3581/1826/5258 3580/1825/5255
f 3582/1829/5259 3579/1832/5260 3580/1831/5261
f 3580/1831/5261 3583/1830/5262 3582/1829/5259
f 3585/1833/5263 3584/1836/5264 3582/1835/5265
f 3582/1835/5265 3583/1834/5266 3585/1833/5263
f 3587/1837/5267 3586/1838/5268 3584/1836/5264
f 3584/1836/5264 3585/1833/5263 3587/1837/5267
f 3588/1839/5269 3586/1842/5270 3587/1841/5271
f 3587/1841/5271 3589/1840/5272 3588/1839/5269
f 3581/1826/5273 3578/1827/5274 3588/1844/5275
f 3588/1844/5275 3589/1843/5276 3581/1826/5273
f 3579/1845/5277 3591/1848/5278 3590/1847/5279
f 3590/1847/5279 3578/1846/5280 3579/1845/5277
f 3591/1849/5281 3579/1832/5260 3582/1829/5259
f 3582/1829/5259 3592/1850/5282 3591/1849/5281
f 3584/1836/5283 3593/1852/5284 3592/1851/5285
f 3592/1851/5285 3582/1835/5286 3584/1836/5283
f 3586/1838/5287 3594/1853/5288 3593/1852/5284
f 3593/1852/5284 3584/1836/5283 3586/1838/5287
f 3594/1854/5289 3586/1842/5270 3588/1839/5269
f 3588/1839/5269 3595/1855/5290 3594/1854/5289
f 3578/1846/5280 3590/1847/5279 3595/1857/5291
f 3595/1857/5291 3588/1856/5292 3578/1846/5280
f 3590/1847/5279 3591/1848/5278 3596/1859/5293
f 3596/1859/5293 3597/1858/5294 3590/1847/5279
f 3598/1860/5295 3596/1861/5296 3591/1849/5281
f 3591/1849/5281 3592/1850/5282 3598/1860/5295
f 3592/1862/5285 3593/1865/5284 3599/1864/5297
f 3599/1864/5297 3598/1863/5298 3592/1862/5285
f 3599/1864/5297 3593/1865/5284 3594/1867/5288
f 3594/1867/5288 3600/1866/5299 3599/1864/5297
f 3600/1868/5300 3594/1854/5289 3595/1855/5290
f 3595/1855/5290 3601/1869/5301 3600/1868/5300
f 3601/1870/5302 3595/1857/5291 3590/1847/5279
f 3590/1847/5279 3597/1858/5294 3601/1870/5302
f 3604/1871/5303 3603/1874/5304 3602/1873/5305
f 3602/1873/5305 3605/1872/5306 3604/1871/5303
f 3605/1875/5307 3607/1878/5308 3606/1877/5309
f 3606/1877/5309 3604/1876/5310 3605/1875/5307
f 3608/1879/5311 3606/1882/5312 3607/1881/5313
f 3607/1881/5313 3609/1880/5314 3608/1879/5311
f 3610/1883/5315 3613/1886/5316 3612/1885/5317
f 3612/1885/5317 3611/1884/5318 3610/1883/5315
f 3603/1874/5304 3615/1888/5319 3614/1887/5320
f 3614/1887/5320 3602/1873/5305 3603/1874/5304
f 3618/1889/5321 3617/1892/5322 3616/1891/5323
f 3616/1891/5323 3619/1890/5324 3618/1889/5321
f 3618/1893/5325 3619/1896/5326 3621/1895/5327
f 3621/1895/5327 3620/1894/5328 3618/1893/5325
f 3622/1897/5329 3620/1900/5330 3621/1899/5331
f 3621/1899/5331 3623/1898/5332 3622/1897/5329
f 3625/1901/5333 3624/1904/5334 3627/1903/5335
f 3627/1903/5335 3626/1902/5336 3625/1901/5333
f 3629/1905/5337 3628/1906/5338 3616/1891/5323
f 3616/1891/5323 3617/1892/5322 3629/1905/5337
f 3629/1905/5337 3614/1887/5320 3613/1908/5339
f 3613/1908/5339 3626/1907/5340 3629/1905/5337
f 3627/1903/5335 3624/1904/5334 3630/1910/5341
f 3630/1910/5341 3628/1909/5342 3627/1903/5335
f 3631/1911/5343 3634/1914/5344 3633/1913/5345
f 3633/1913/5345 3632/1912/5346 3631/1911/5343
f 3612/1915/5347 3615/1888/5319 3633/1917/5348
f 3633/1917/5348 3634/1916/5349 3612/1915/5347
f 3619/1890/5324 3616/1891/5323 3635/1919/5350
f 3635/1919/5350 3636/1918/5322 3619/1890/5324
f 3636/1920/5351 3637/1921/5352 3621/1895/5327
f 3621/1895/5327 3619/1896/5326 3636/1920/5351
f 3621/1899/5331 3637/1923/5353 3638/1922/5354
f 3638/1922/5354 3623/1898/5332 3621/1899/5331
f 3623/1898/5332 3638/1922/5354 3639/1925/5355
f 3639/1925/5355 3630/1924/5356 3623/1898/5332
f 3630/1910/5357 3639/1927/5358 3640/1926/5359
f 3640/1926/5359 3628/1909/5360 3630/1910/5357
f 3616/1891/5323 3628/1906/5338 3640/1928/5361
f 3640/1928/5361 3635/1919/5350 3616/1891/5323
f 3643/1929/5362 3642/1932/5363 3641/1931/5364
f 3641/1931/5364 3644/1930/5365 3643/1929/5362
f 3644/1933/5366 3641/1936/5367 3646/1935/5368
f 3646/1935/5368 3645/1934/5369 3644/1933/5366
f 3646/1937/5370 3648/1940/5371 3647/1939/5372
f 3647/1939/5372 3645/1938/5373 3646/1937/5370
f 3649/1941/5374 3652/1944/5375 3651/1943/5376
f 3651/1943/5376 3650/1942/5377 3649/1941/5374
f 3650/1945/5378 3642/1932/5378 3643/1929/5379
f 3643/1929/5379 3649/1946/5379 3650/1945/5378
f 3653/1947/5380 3603/1874/5304 3604/1871/5303
f 3604/1871/5303 3654/1948/5381 3653/1947/5380
f 3654/1949/5382 3604/1876/5310 3606/1877/5309
f 3606/1877/5309 3655/1950/5383 3654/1949/5382
f 3655/1951/5384 3606/1882/5312 3608/1879/5311
f 3608/1879/5311 3656/1952/5385 3655/1951/5384
f 3631/1911/5343 3611/1954/5318 3612/1953/5317
f 3612/1953/5317 3634/1914/5344 3631/1911/5343
f 3653/1947/5380 3633/1917/5348 3615/1888/5319
f 3615/1888/5319 3603/1874/5304 3653/1947/5380
f 3613/1908/5339 3614/1887/5320 3615/1888/5319
f 3615/1888/5319 3612/1915/5347 3613/1908/5339
f 3605/1872/5306 3602/1873/5305 3617/1892/5322
f 3617/1892/5322 3618/1889/5321 3605/1872/5306
f 3618/1893/5325 3620/1894/5328 3607/1878/5308
f 3607/1878/5308 3605/1875/5307 3618/1893/5325
f 3609/1880/5314 3607/1881/5313 3620/1900/5330
f 3620/1900/5330 3622/1897/5329 3609/1880/5314
f 3610/1883/5315 3625/1901/5386 3626/1902/5387
f 3626/1902/5387 3613/1886/5316 3610/1883/5315
f 3614/1887/5320 3629/1905/5337 3617/1892/5322
f 3617/1892/5322 3602/1873/5305 3614/1887/5320
f 3628/1906/5338 3629/1905/5337 3626/1907/5340
f 3626/1907/5340 3627/1955/5388 3628/1906/5338
f 3657/1956/5389 3622/1897/5329 3623/1898/5332
f 3623/1898/5332 3630/1924/5356 3657/1956/5389
f 3611/1957/5390 3631/1960/5391 3632/1959/5392
f 3632/1959/5393 3658/1958/5394 3611/1957/5395
f 3656/1952/5385 3608/1879/5311 3658/1958/5394
f 3658/1958/5394 3632/1959/5393 3656/1952/5385
f 3625/1961/5396 3657/1956/5389 3630/1924/5356
f 3630/1924/5356 3624/1962/5397 3625/1961/5396
f 3633/1913/5345 3653/1964/5398 3656/1963/5399
f 3656/1963/5399 3632/1912/5346 3633/1913/5345
f 3653/1964/5398 3654/1949/5382 3655/1950/5383
f 3655/1950/5383 3656/1963/5399 3653/1964/5398
f 3660/1965/5400 3659/1966/5401 3636/1918/5322
f 3636/1918/5322 3635/1919/5350 3660/1965/5400
f 3661/1967/5402 3637/1921/5352 3636/1920/5351
f 3636/1920/5351 3659/1968/5403 3661/1967/5402
f 3661/1969/5404 3662/1970/5405 3638/1922/5354
f 3638/1922/5354 3637/1923/5353 3661/1969/5404
f 3663/1971/5406 3639/1925/5355 3638/1922/5354
f 3638/1922/5354 3662/1970/5405 3663/1971/5406
f 3639/1927/5358 3663/1973/5407 3664/1972/5408
f 3664/1972/5408 3640/1926/5359 3639/1927/5358
f 3660/1965/5400 3635/1919/5350 3640/1928/5361
f 3640/1928/5361 3664/1974/5409 3660/1965/5400
f 3597/1858/5294 3596/1859/5293 3659/1966/5401
f 3659/1966/5401 3660/1965/5400 3597/1858/5294
f 3661/1967/5402 3659/1968/5403 3596/1861/5296
f 3596/1861/5296 3598/1860/5295 3661/1967/5402
f 3598/1863/5298 3599/1864/5297 3662/1970/5405
f 3662/1970/5405 3661/1969/5404 3598/1863/5298
f 3600/1866/5299 3663/1971/5406 3662/1970/5405
f 3662/1970/5405 3599/1864/5297 3600/1866/5299
f 3663/1973/5407 3600/1868/5300 3601/1869/5301
f 3601/1869/5301 3664/1972/5408 3663/1973/5407
f 3597/1858/5294 3660/1965/5400 3664/1974/5409
f 3664/1974/5409 3601/1870/5302 3597/1858/5294
f 3651/1975/5410 3652/1976/5411 3647/1939/5372
f 3647/1939/5372 3648/1940/5371 3651/1975/5410
f 3644/1930/5365 3580/1825/5255 3581/1826/5258
f 3581/1826/5258 3643/1929/5362 3644/1930/5365
f 3580/1831/5261 3644/1933/5366 3645/1934/5369
f 3645/1934/5369 3583/1830/5262 3580/1831/5261
f 3647/1939/5372 3585/1833/5263 3583/1834/5266
f 3583/1834/5266 3645/1938/5373 3647/1939/5372
f 3589/1840/5272 3587/1841/5271 3652/1944/5375
f 3652/1944/5375 3649/1941/5374 3589/1840/5272
f 3649/1946/5379 3643/1929/5379 3581/1826/5273
f 3581/1826/5273 3589/1843/5276 3649/1946/5379
f 3652/1976/5411 3587/1837/5267 3585/1833/5263
f 3585/1833/5263 3647/1939/5372 3652/1976/5411
f 3667/1977/5412 3666/1980/5413 3665/1979/5414
f 3665/1979/5414 3668/1978/5415 3667/1977/5412
f 3669/1981/5416 3665/1984/5417 3666/1983/5418
f 3666/1983/5418 3670/1982/5419 3669/1981/5416
f 3670/1985/5420 3672/1988/5421 3671/1987/5422
f 3671/1987/5422 3669/1986/5423 3670/1985/5420
f 3672/1988/5421 3674/1990/5424 3673/1989/5425
f 3673/1989/5425 3671/1987/5422 3672/1988/5421
f 3675/1991/5426 3673/1994/5427 3674/1993/5428
f 3674/1993/5428 3676/1992/5429 3675/1991/5426
f 3676/1995/5430 3667/1977/5431 3668/1978/5432
f 3668/1978/5432 3675/1996/5433 3676/1995/5430
f 3678/1997/5434 3677/2000/5435 3666/1999/5436
f 3666/1999/5436 3667/1998/5437 3678/1997/5434
f 3670/1982/5419 3666/1983/5418 3677/2002/5438
f 3677/2002/5438 3679/2001/5439 3670/1982/5419
f 3679/2003/5440 3680/2004/5441 3672/1988/5442
f 3672/1988/5442 3670/1985/5443 3679/2003/5440
f 3680/2004/5441 3681/2005/5444 3674/1990/5445
f 3674/1990/5445 3672/1988/5442 3680/2004/5441
f 3676/1992/5429 3674/1993/5428 3681/2007/5446
f 3681/2007/5446 3682/2006/5447 3676/1992/5429
f 3682/2008/5448 3678/1997/5434 3667/1998/5437
f 3667/1998/5437 3676/2009/5449 3682/2008/5448
f 3683/2010/5450 3677/2000/5435 3678/1997/5434
f 3678/1997/5434 3684/2011/5451 3683/2010/5450
f 3677/2002/5438 3683/2013/5452 3685/2012/5453
f 3685/2012/5453 3679/2001/5439 3677/2002/5438
f 3686/2014/5454 3680/2017/5441 3679/2016/5440
f 3679/2016/5440 3685/2015/5455 3686/2014/5454
f 3681/2018/5444 3680/2017/5441 3686/2014/5454
f 3686/2014/5454 3687/2019/5456 3681/2018/5444
f 3687/2020/5457 3688/2021/5458 3682/2006/5447
f 3682/2006/5447 3681/2007/5446 3687/2020/5457
f 3678/1997/5434 3682/2008/5448 3688/2022/5459
f 3688/2022/5459 3684/2011/5451 3678/1997/5434
f 3691/2023/5460 3690/2026/5461 3689/2025/5462
f 3689/2025/5462 3692/2024/5463 3691/2023/5460
f 3692/2027/5464 3689/2030/5465 3694/2029/5466
f 3694/2029/5466 3693/2028/5467 3692/2027/5464
f 3693/2031/5468 3694/2034/5469 3695/2033/5470
f 3695/2033/5470 3696/2032/5471 3693/2031/5468
f 3698/2035/5472 3697/2038/5473 3700/2037/5474
f 3700/2037/5474 3699/2036/5475 3698/2035/5472
f 3703/2039/5476 3702/2042/5477 3701/2041/5389
f 3701/2041/5389 3704/2040/5478 3703/2039/5476
f 3704/2043/5479 3701/2046/5480 3706/2045/5481
f 3706/2045/5481 3705/2044/5482 3704/2043/5479
f 3705/2047/5483 3706/2050/5484 3707/2049/5303
f 3707/2049/5303 3708/2048/5485 3705/2047/5483
f 3710/2051/5486 3709/2054/5487 3712/2053/5488
f 3712/2053/5488 3711/2052/5489 3710/2051/5486
f 3713/2055/5490 3702/2042/5477 3703/2039/5476
f 3699/2056/5491 3691/2023/5460 3702/2042/5477
f 3702/2042/5477 3712/2057/5492 3699/2056/5491
f 3713/2058/5493 3714/2059/5494 3710/2051/5486
f 3710/2051/5486 3711/2052/5489 3713/2058/5493
f 3716/2060/5495 3715/2063/5496 3718/2062/5497
f 3718/2062/5497 3717/2061/5498 3716/2060/5495
f 3718/2064/5499 3690/2026/5461 3700/2066/5500
f 3700/2066/5500 3717/2065/5501 3718/2064/5499
f 3719/2067/5502 3703/2039/5476 3704/2040/5478
f 3704/2040/5478 3720/2068/5503 3719/2067/5502
f 3720/2069/5504 3704/2043/5479 3705/2044/5482
f 3705/2044/5482 3721/2070/5505 3720/2069/5504
f 3722/2071/5506 3721/2072/5507 3705/2047/5483
f 3705/2047/5483 3708/2048/5485 3722/2071/5506
f 3723/2073/5508 3722/2071/5506 3708/2048/5485
f 3708/2048/5485 3714/2074/5509 3723/2073/5508
f 3714/2059/5510 3713/2058/5511 3724/2076/5512
f 3724/2076/5512 3723/2075/5513 3714/2059/5510
f 3724/2077/5514 3713/2055/5490 3703/2039/5476
f 3703/2039/5476 3719/2067/5502 3724/2077/5514
f 3641/1931/5364 3642/1932/5363 3725/2079/5515
f 3725/2079/5515 3726/2078/5516 3641/1931/5364
f 3726/2080/5517 3727/2081/5518 3646/1935/5368
f 3646/1935/5368 3641/1936/5367 3726/2080/5517
f 3728/2082/5519 3648/1940/5371 3646/1937/5370
f 3646/1937/5370 3727/2083/5520 3728/2082/5519
f 3651/1943/5376 3730/2085/5521 3729/2084/5522
f 3729/2084/5522 3650/1942/5377 3651/1943/5376
f 3725/2079/5523 3642/1932/5378 3650/1945/5378
f 3650/1945/5378 3729/2086/5523 3725/2079/5523
f 3689/2025/5462 3690/2026/5461 3731/2088/5524
f 3731/2088/5524 3732/2087/5385 3689/2025/5462
f 3732/2089/5525 3733/2090/5526 3694/2029/5466
f 3694/2029/5466 3689/2030/5465 3732/2089/5525
f 3695/2033/5470 3694/2034/5469 3733/2092/5527
f 3733/2092/5527 3734/2091/5528 3695/2033/5470
f 3716/2060/5495 3717/2061/5498 3700/2094/5529
f 3700/2094/5529 3697/2093/5530 3716/2060/5495
f 3731/2088/5524 3690/2026/5461 3718/2064/5499
f 3690/2026/5461 3691/2023/5460 3699/2056/5491
f 3699/2056/5491 3700/2066/5500 3690/2026/5461
f 3702/2042/5477 3691/2023/5460 3692/2024/5463
f 3692/2024/5463 3701/2041/5389 3702/2042/5477
f 3701/2046/5480 3692/2027/5464 3693/2028/5467
f 3693/2028/5467 3706/2045/5481 3701/2046/5480
f 3706/2050/5484 3693/2031/5468 3696/2032/5471
f 3696/2032/5471 3707/2049/5303 3706/2050/5484
f 3698/2035/5472 3699/2036/5475 3712/2053/5488
f 3712/2053/5488 3709/2054/5487 3698/2035/5472
f 3712/2057/5492 3702/2042/5477 3713/2055/5490
f 3713/2055/5490 3711/2095/5531 3712/2057/5492
f 3708/2048/5485 3707/2049/5303 3735/2096/5532
f 3735/2096/5532 3714/2074/5509 3708/2048/5485
f 3715/2097/5533 3716/2100/5534 3697/2099/5535
f 3697/2099/5535 3736/2098/5536 3715/2097/5533
f 3736/2098/5536 3695/2033/5470 3734/2091/5528
f 3734/2091/5528 3715/2097/5533 3736/2098/5536
f 3714/2074/5509 3735/2096/5532 3709/2102/5537
f 3709/2102/5538 3710/2101/5539 3714/2074/5540
f 3718/2062/5497 3715/2063/5496 3734/2104/5541
f 3734/2104/5541 3731/2103/5542 3718/2062/5497
f 3732/2089/5525 3731/2103/5542 3734/2104/5541
f 3734/2104/5541 3733/2090/5526 3732/2089/5525
f 3720/2068/5503 3738/2106/5543 3737/2105/5544
f 3737/2105/5544 3719/2067/5502 3720/2068/5503
f 3738/2107/5545 3720/2069/5504 3721/2070/5505
f 3721/2070/5505 3739/2108/5546 3738/2107/5545
f 3722/2071/5506 3740/2110/5547 3739/2109/5548
f 3739/2109/5548 3721/2072/5507 3722/2071/5506
f 3722/2071/5506 3723/2073/5508 3741/2111/5549
f 3741/2111/5549 3740/2110/5547 3722/2071/5506
f 3724/2076/5512 3742/2113/5550 3741/2112/5551
f 3741/2112/5551 3723/2075/5513 3724/2076/5512
f 3724/2077/5514 3719/2067/5502 3737/2105/5544
f 3737/2105/5544 3742/2114/5552 3724/2077/5514
f 3738/2106/5543 3683/2010/5450 3684/2011/5451
f 3684/2011/5451 3737/2105/5544 3738/2106/5543
f 3683/2013/5452 3738/2107/5545 3739/2108/5546
f 3739/2108/5546 3685/2012/5453 3683/2013/5452
f 3740/2110/5547 3686/2014/5454 3685/2015/5455
f 3685/2015/5455 3739/2109/5548 3740/2110/5547
f 3740/2110/5547 3741/2111/5549 3687/2019/5456
f 3687/2019/5456 3686/2014/5454 3740/2110/5547
f 3688/2021/5458 3687/2020/5457 3741/2112/5551
f 3741/2112/5551 3742/2113/5550 3688/2021/5458
f 3742/2114/5552 3737/2105/5544 3684/2011/5451
f 3684/2011/5451 3688/2022/5459 3742/2114/5552
f 3728/2082/5519 3730/2115/5553 3651/1975/5410
f 3651/1975/5410 3648/1940/5371 3728/2082/5519
f 3668/1978/5415 3665/1979/5414 3726/2078/5516
f 3726/2078/5516 3725/2079/5515 3668/1978/5415
f 3669/1981/5416 3727/2081/5518 3726/2080/5517
f 3726/2080/5517 3665/1984/5417 3669/1981/5416
f 3669/1986/5423 3671/1987/5422 3728/2082/5519
f 3728/2082/5519 3727/2083/5520 3669/1986/5423
f 3730/2085/5521 3673/1994/5427 3675/1991/5426
f 3675/1991/5426 3729/2084/5522 3730/2085/5521
f 3668/1978/5432 3725/2079/5523 3729/2086/5523
f 3729/2086/5523 3675/1996/5433 3668/1978/5432
f 3671/1987/5422 3673/1989/5425 3730/2115/5553
f 3730/2115/5553 3728/2082/5519 3671/1987/5422
f 3743/2116/5554 3746/2119/5555 3745/2118/5556
f 3745/2118/5556 3744/2117/5557 3743/2116/5554
f 3745/2118/5556 3746/2119/5555 3748/2121/5558
f 3748/2121/5558 3747/2120/5559 3745/2118/5556
f 3747/2120/5559 3748/2121/5558 3750/2123/5560
f 3750/2123/5560 3749/2122/5561 3747/2120/5559
f 3748/2121/5558 3752/2125/5562 3751/2124/5563
f 3751/2124/5563 3750/2123/5560 3748/2121/5558
f 3743/2116/5554 3754/2127/5564 3753/2126/5565
f 3753/2126/5565 3746/2119/5555 3743/2116/5554
f 3746/2119/5555 3753/2126/5565 3752/2125/5562
f 3752/2125/5562 3748/2121/5558 3746/2119/5555
f 3755/2128/5566 3751/2124/5567 3752/2125/5568
f 3752/2125/5568 3756/2129/5569 3755/2128/5566
f 3752/2125/5568 3753/2126/5570 3757/2130/5571
f 3757/2130/5571 3756/2129/5569 3752/2125/5568
f 3753/2126/5570 3754/2127/5572 3758/2131/5573
f 3758/2131/5573 3757/2130/5571 3753/2126/5570
f 3759/2132/5574 3744/2117/5575 3745/2118/5576
f 3745/2118/5576 3760/2133/5577 3759/2132/5574
f 3760/2133/5577 3745/2118/5576 3747/2120/5578
f 3747/2120/5578 3761/2134/5579 3760/2133/5577
f 3747/2120/5578 3749/2122/5580 3762/2135/5581
f 3762/2135/5581 3761/2134/5579 3747/2120/5578
f 3763/2136/5582 3764/2137/5583 3743/2116/5554
f 3743/2116/5554 3744/2117/5557 3763/2136/5582
f 3764/2137/5583 3763/2136/5582 3766/2139/5584
f 3766/2139/5584 3765/2138/5585 3764/2137/5583
f 3764/2137/5583 3767/2140/5586 3754/2127/5564
f 3754/2127/5564 3743/2116/5554 3764/2137/5583
f 3764/2137/5583 3765/2138/5585 3768/2141/5587
f 3768/2141/5587 3767/2140/5586 3764/2137/5583
f 3769/2142/5588 3770/2143/5589 3768/2141/5587
f 3768/2141/5587 3765/2138/5585 3769/2142/5588
f 3771/2144/5590 3769/2142/5588 3765/2138/5585
f 3765/2138/5585 3766/2139/5584 3771/2144/5590
f 3772/2145/5591 3771/2144/5592 3766/2139/5593
f 3766/2139/5593 3773/2146/5594 3772/2145/5591
f 3766/2139/5593 3763/2136/5595 3774/2147/5596
f 3774/2147/5596 3773/2146/5594 3766/2139/5593
f 3763/2136/5595 3744/2117/5575 3759/2132/5574
f 3759/2132/5574 3774/2147/5596 3763/2136/5595
f 3758/2131/5573 3754/2127/5572 3767/2140/5597
f 3767/2140/5597 3775/2148/5598 3758/2131/5573
f 3775/2148/5598 3767/2140/5597 3768/2141/5599
f 3768/2141/5599 3776/2149/5600 3775/2148/5598
f 3776/2149/5600 3768/2141/5599 3770/2143/5601
f 3770/2143/5601 3777/2150/5602 3776/2149/5600
f 3771/2144/5590 3778/2152/5603 3779/2151/5604
f 3779/2151/5604 3769/2142/5588 3771/2144/5590
f 3779/2151/5604 3780/2153/5605 3770/2143/5589
f 3770/2143/5589 3769/2142/5588 3779/2151/5604
f 3781/2154/5606 3782/2155/5607 3780/2153/5605
f 3780/2153/5605 3779/2151/5604 3781/2154/5606
f 3783/2156/5608 3781/2154/5606 3779/2151/5604
f 3779/2151/5604 3778/2152/5603 3783/2156/5608
f 3784/2157/5609 3778/2152/5610 3771/2144/5592
f 3771/2144/5592 3772/2145/5591 3784/2157/5609
f 3777/2150/5602 3770/2143/5601 3780/2153/5611
f 3780/2153/5611 3785/2158/5612 3777/2150/5602
f 3780/2153/5611 3782/2155/5613 3786/2159/5614
f 3786/2159/5614 3785/2158/5612 3780/2153/5611
f 3781/2154/5606 3783/2156/5608 3788/2161/5615
f 3788/2161/5615 3787/2160/5616 3781/2154/5606
f 3781/2154/5606 3787/2160/5616 3789/2162/5617
f 3789/2162/5617 3782/2155/5607 3781/2154/5606
f 3790/2163/5618 3791/2164/5619 3787/2160/5616
f 3787/2160/5616 3788/2161/5615 3790/2163/5618
f 3791/2164/5619 3792/2165/5620 3789/2162/5617
f 3789/2162/5617 3787/2160/5616 3791/2164/5619
f 3790/2163/5621 3788/2161/5622 3794/2167/5623
f 3794/2167/5623 3793/2166/5624 3790/2163/5621
f 3794/2167/5623 3788/2161/5622 3783/2156/5625
f 3783/2156/5625 3795/2168/5626 3794/2167/5623
f 3795/2168/5626 3783/2156/5625 3778/2152/5610
f 3778/2152/5610 3784/2157/5609 3795/2168/5626
f 3796/2169/5627 3792/2165/5628 3791/2164/5629
f 3791/2164/5629 3797/2170/5630 3796/2169/5627
f 3786/2159/5614 3782/2155/5613 3789/2162/5631
f 3789/2162/5631 3798/2171/5632 3786/2159/5614
f 3789/2162/5631 3792/2165/5628 3796/2169/5627
f 3796/2169/5627 3798/2171/5632 3789/2162/5631
f 3793/2166/5624 3797/2172/5630 3791/2164/5629
f 3791/2164/5629 3790/2163/5621 3793/2166/5624
f 3749/2122/5561 3750/2123/5560 3800/2174/5633
f 3800/2174/5633 3799/2173/5634 3749/2122/5561
f 3750/2123/5560 3751/2124/5563 3801/2175/5635
f 3801/2175/5635 3800/2174/5633 3750/2123/5560
f 3762/2135/5581 3749/2122/5580 3799/2173/5636
f 3799/2173/5636 3802/2176/5637 3762/2135/5581
f 3751/2124/5567 3755/2128/5566 3803/2177/5638
f 3803/2177/5638 3801/2175/5639 3751/2124/5567
f 3804/2178/5640 3807/2181/5641 3806/2180/5642
f 3806/2180/5642 3805/2179/5643 3804/2178/5640
f 3807/2181/5641 3809/2183/5644 3808/2182/5645
f 3808/2182/5645 3806/2180/5642 3807/2181/5641
f 3810/2184/5646 3804/2178/5647 3805/2179/5648
f 3805/2179/5648 3811/2185/5649 3810/2184/5646
f 3809/2183/5650 3813/2187/5651 3812/2186/5652
f 3812/2186/5652 3808/2182/5653 3809/2183/5650
f 3799/2173/5634 3800/2174/5633 3815/2189/5654
f 3815/2189/5654 3814/2188/5655 3799/2173/5634
f 3815/2189/5654 3800/2174/5633 3801/2175/5635
f 3801/2175/5635 3816/2190/5656 3815/2189/5654
f 3802/2176/5637 3799/2173/5636 3814/2188/5657
f 3814/2188/5657 3817/2191/5658 3802/2176/5637
f 3801/2175/5639 3803/2177/5638 3818/2192/5659
f 3818/2192/5659 3816/2190/5660 3801/2175/5639
f 3819/2193/5661 3822/2196/5662 3821/2195/5663
f 3821/2195/5663 3820/2194/5664 3819/2193/5661
f 3821/2195/5663 3822/2196/5662 3824/2198/5665
f 3824/2198/5665 3823/2197/5666 3821/2195/5663
f 3825/2199/5667 3819/2193/5668 3820/2194/5669
f 3820/2194/5669 3826/2200/5670 3825/2199/5667
f 3823/2197/5671 3824/2198/5672 3828/2202/5673
f 3828/2202/5674 3827/2201/5675 3823/2197/5676
f 3829/2203/5677 3830/2204/5678 3822/2196/5662
f 3822/2196/5662 3819/2193/5661 3829/2203/5677
f 3822/2196/5662 3830/2204/5678 3831/2205/5679
f 3831/2205/5679 3824/2198/5665 3822/2196/5662
f 3832/2206/5680 3829/2203/5681 3819/2193/5668
f 3819/2193/5668 3825/2199/5667 3832/2206/5680
f 3824/2198/5672 3831/2205/5682 3833/2207/5683
f 3833/2207/5683 3828/2202/5673 3824/2198/5672
f 3805/2179/5643 3806/2180/5642 3830/2204/5678
f 3830/2204/5678 3829/2203/5677 3805/2179/5643
f 3806/2180/5642 3808/2182/5645 3831/2205/5679
f 3831/2205/5679 3830/2204/5678 3806/2180/5642
f 3811/2185/5649 3805/2179/5648 3829/2203/5681
f 3829/2203/5681 3832/2206/5680 3811/2185/5649
f 3831/2205/5682 3808/2182/5653 3812/2186/5652
f 3812/2186/5652 3833/2207/5683 3831/2205/5682
f 3804/2178/5640 3814/2188/5655 3815/2189/5654
f 3815/2189/5654 3807/2181/5641 3804/2178/5640
f 3807/2181/5641 3815/2189/5654 3816/2190/5656
f 3816/2190/5656 3809/2183/5644 3807/2181/5641
f 3817/2191/5658 3814/2188/5657 3804/2178/5647
f 3804/2178/5647 3810/2184/5646 3817/2191/5658
f 3809/2183/5650 3816/2190/5660 3818/2192/5659
f 3818/2192/5659 3813/2187/5651 3809/2183/5650
f 3139/1332/4594 3140/1333/4593 3145/1338/4596
f 3145/1338/4596 3142/1335/4595 3139/1332/4594
f 3158/1351/4619 3157/1349/4618 3139/1332/4617
f 3139/1332/4617 3142/1335/4620 3158/1351/4619
f 3170/1363/4644 3140/1333/4643 3141/1334/5684
f 3141/1334/5684 3834/2208/5685 3170/1363/4644
f 3143/1336/4598 3144/1337/4597 3147/1339/4600
f 3147/1339/4600 3146/1340/4599 3143/1336/4598
f 3159/1352/4622 3143/1336/4621 3146/1340/4624
f 3146/1340/4624 3160/1353/4623 3159/1352/4622
f 3169/1362/4641 3168/1361/4639 3144/1337/4640
f 3144/1337/4640 3145/1338/4642 3169/1362/4641
f 3091/1253/5686 2695/541/3783 2696/542/3786
f 2696/542/3786 3094/2209/5686 3091/1253/5686
f 3092/1254/4520 3093/1255/4519 3095/1258/4528
f 3095/1258/4528 2663/508/4527 3092/1254/4520
f 3091/1253/4516 2664/509/3743 2670/516/3748
f 2670/516/3748 2695/541/5687 3091/1253/4516
f 3100/1263/4536 3101/1264/4535 3099/2210/4530
f 3099/2210/4530 3096/1259/4529 3100/1263/4536
f 3097/1260/4532 3098/1261/4531 2698/544/3788
f 2698/544/3788 2667/512/3787 3097/1260/4532
f 2666/513/3744 3096/1259/4534 3097/1260/5688
f 3097/1260/5688 2667/512/3745 2666/513/3744
f 2180/19/3211 2714/560/2543 3835/2211/2542
f 3835/2211/2542 2183/18/3212 2180/19/3211
f 3835/2211/2542 1674/2212/2544 2719/566/4544
f 2719/566/4544 2183/18/3212 3835/2211/2542
f 1674/2212/2545 1669/569/644 2719/566/3826
f 3083/1244/4509 3836/2213/2547 3088/1250/2546
f 3088/1250/2546 2434/272/4510 3083/1244/4509
f 3084/1246/4511 1663/2215/2549 1664/2214/2548
f 1664/2214/2548 3085/1245/4512 3084/1246/4511
f 3081/1242/1352 3836/2213/2547 3083/1244/4509
f 3083/1244/4509 2419/257/3468 3081/1242/1352
f 3085/1245/4512 1664/2214/2548 3082/1243/1353
f 3082/1243/1353 2420/258/3470 3085/1245/4512
f 3086/1247/4513 3837/2216/2550 1663/2215/2549
f 1663/2215/2549 3084/1246/4511 3086/1247/4513
f 3087/1248/4514 1665/2217/2551 3837/2216/2550
f 3837/2216/2550 3086/1247/4513 3087/1248/4514
f 2368/205/3416 1670/1240/1350 1665/2217/2551
f 1665/2217/2551 3087/1248/4514 2368/205/3416
f 3089/1251/2552 3080/1241/1351 2369/206/3418
f 2369/206/3418 2749/597/4515 3089/1251/2552
f 1675/2218/2553 3155/1348/2554 3132/1325/4585
f 3132/1325/4585 3133/1326/4586 1675/2218/2553
f 3838/2219/2555 1675/2218/2556 3133/1326/4646
f 3133/1326/4646 3171/1364/4645 3838/2219/2555
f 3475/1703/5091 3839/2220/2557 1662/1741/1979
f 1662/1741/1979 3476/1707/5092 3475/1703/5091
f 3468/1696/5082 1666/2222/2559 1667/2221/2558
f 1667/2221/2558 3471/1700/5086 3468/1696/5082
f 3472/1704/5090 1661/1735/1973 3839/2220/2557
f 3839/2220/2557 3475/1703/5091 3472/1704/5090
f 3471/1700/5086 1667/2221/2558 1672/1736/1974
f 1672/1736/1974 3504/1734/5120 3471/1700/5086
f 3469/1697/5085 1676/2223/2560 1666/2222/2559
f 1666/2222/2559 3468/1696/5082 3469/1697/5085
f 3505/1737/5121 1677/2224/2561 1676/2223/2560
f 1676/2223/2560 3469/1697/5085 3505/1737/5121
f 3464/1693/5080 3465/1694/1932 1677/2224/2561
f 1677/2224/2561 3505/1737/5121 3464/1693/5080
f 3513/1746/5128 1678/2226/2563 1679/2225/2562
f 1679/2225/2562 3459/1688/5076 3513/1746/5128
f 1679/2225/2562 1671/1695/1933 3462/1691/5077
f 3462/1691/5077 3459/1688/5076 1679/2225/2562
f 1668/2227/2564 1678/2226/2565 3513/1746/5130
f 3513/1746/5130 3514/1747/5129 1668/2227/2564
f 3841/283/5689 3840/286/5690 3843/285/5691
f 3843/285/5691 3842/284/5692 3841/283/5689
f 3841/283/5689 3842/284/5692 3845/288/5693
f 3845/288/5693 3844/287/5694 3841/283/5689
f 3844/287/5694 3845/288/5693 3847/290/5695
f 3847/290/5695 3846/289/5696 3844/287/5694
f 3846/289/5696 3847/290/5695 3849/292/5697
f 3849/292/5697 3848/291/5698 3846/289/5696
f 3848/291/5698 3849/292/5697 3851/294/5699
f 3851/294/5699 3850/293/5700 3848/291/5698
f 3852/295/5701 3850/293/5700 3851/294/5699
f 3851/294/5699 3853/296/5702 3852/295/5701
f 3842/284/5692 3843/285/5691 3855/298/5703
f 3855/298/5703 3854/297/5704 3842/284/5692
f 3842/284/5692 3854/297/5704 3856/299/5705
f 3856/299/5705 3845/288/5693 3842/284/5692
f 3845/288/5693 3856/299/5705 3857/300/5706
f 3857/300/5706 3847/290/5695 3845/288/5693
f 3847/290/5695 3857/300/5706 3858/301/5707
f 3858/301/5707 3849/292/5697 3847/290/5695
f 3849/292/5697 3858/301/5707 3859/302/5708
f 3859/302/5708 3851/294/5699 3849/292/5697
f 3853/296/5702 3851/294/5699 3859/302/5708
f 3859/302/5708 3860/303/5709 3853/296/5702
f 3854/297/5704 3855/298/5703 3862/305/5710
f 3862/305/5710 3861/304/5711 3854/297/5704
f 3854/297/5704 3861/304/5711 3863/306/5712
f 3863/306/5712 3856/299/5705 3854/297/5704
f 3856/299/5705 3863/306/5712 3864/307/5713
f 3864/307/5713 3857/300/5706 3856/299/5705
f 3857/300/5706 3864/307/5713 3865/308/5714
f 3865/308/5714 3858/301/5707 3857/300/5706
f 3858/301/5707 3865/308/5714 3866/309/5715
f 3866/309/5715 3859/302/5708 3858/301/5707
f 3860/303/5709 3859/302/5708 3866/309/5715
f 3866/309/5715 3867/310/5716 3860/303/5709
f 3861/304/5711 3862/305/5710 3869/312/5717
f 3869/312/5717 3868/311/5718 3861/304/5711
f 3861/304/5711 3868/311/5718 3870/313/5719
f 3870/313/5719 3863/306/5712 3861/304/5711
f 3863/306/5712 3870/313/5719 3871/314/5720
f 3871/314/5720 3864/307/5713 3863/306/5712
f 3864/307/5713 3871/314/5720 3872/315/5721
f 3872/315/5721 3865/308/5714 3864/307/5713
f 3865/308/5714 3872/315/5721 3873/316/5722
f 3873/316/5722 3866/309/5715 3865/308/5714
f 3867/310/5716 3866/309/5715 3873/316/5722
f 3873/316/5722 3874/317/5723 3867/310/5716
f 3868/311/5718 3869/312/5717 3876/319/5724
f 3876/319/5724 3875/318/5725 3868/311/5718
f 3868/311/5718 3875/318/5725 3877/320/5726
f 3877/320/5726 3870/313/5719 3868/311/5718
f 3870/313/5719 3877/320/5726 3878/321/5727
f 3878/321/5727 3871/314/5720 3870/313/5719
f 3871/314/5720 3878/321/5727 3879/322/5728
f 3879/322/5728 3872/315/5721 3871/314/5720
f 3872/315/5721 3879/322/5728 3880/323/5729
f 3880/323/5729 3873/316/5722 3872/315/5721
f 3874/317/5723 3873/316/5722 3880/323/5729
f 3880/323/5729 3881/324/5730 3874/317/5723
f 3875/318/5725 3876/319/5724 3883/326/5731
f 3883/326/5731 3882/325/5732 3875/318/5725
f 3875/318/5725 3882/325/5732 3884/327/5733
f 3884/327/5733 3877/320/5726 3875/318/5725
f 3877/320/5726 3884/327/5733 3885/328/5734
f 3885/328/5734 3878/321/5727 3877/320/5726
f 3878/321/5727 3885/328/5734 3886/329/5735
f 3886/329/5735 3879/322/5728 3878/321/5727
f 3879/322/5728 3886/329/5735 3887/330/5736
f 3887/330/5736 3880/323/5729 3879/322/5728
f 3881/324/5730 3880/323/5729 3887/330/5736
f 3887/330/5736 3888/331/5737 3881/324/5730
f 3882/325/5732 3883/326/5731 3890/333/5738
f 3890/333/5738 3889/332/5739 3882/325/5732
f 3882/325/5732 3889/332/5739 3891/334/5740
f 3891/334/5740 3884/327/5733 3882/325/5732
f 3884/327/5733 3891/334/5740 3892/335/5741
f 3892/335/5741 3885/328/5734 3884/327/5733
f 3885/328/5734 3892/335/5741 3893/336/5742
f 3893/336/5742 3886/329/5735 3885/328/5734
f 3886/329/5735 3893/336/5742 3894/337/5743
f 3894/337/5743 3887/330/5736 3886/329/5735
f 3888/331/5737 3887/330/5736 3894/337/5743
f 3894/337/5743 3895/338/5744 3888/331/5737
f 3889/332/5739 3890/333/5738 3897/340/5745
f 3897/340/5745 3896/339/5746 3889/332/5739
f 3889/332/5739 3896/339/5746 3898/341/5747
f 3898/341/5747 3891/334/5740 3889/332/5739
f 3891/334/5740 3898/341/5747 3899/342/5748
f 3899/342/5748 3892/335/5741 3891/334/5740
f 3892/335/5741 3899/342/5748 3900/343/5749
f 3900/343/5749 3893/336/5742 3892/335/5741
f 3893/336/5742 3900/343/5749 3901/344/5750
f 3901/344/5750 3894/337/5743 3893/336/5742
f 3895/338/5744 3894/337/5743 3901/344/5750
f 3901/344/5750 3902/345/5751 3895/338/5744
f 3896/339/5746 3897/340/5745 3904/347/5752
f 3904/347/5752 3903/346/5753 3896/339/5746
f 3896/339/5746 3903/346/5753 3905/348/5754
f 3905/348/5754 3898/341/5747 3896/339/5746
f 3898/341/5747 3905/348/5754 3906/349/5755
f 3906/349/5755 3899/342/5748 3898/341/5747
f 3899/342/5748 3906/349/5755 3907/350/5756
f 3907/350/5756 3900/343/5749 3899/342/5748
f 3900/343/5749 3907/350/5756 3908/351/5757
f 3908/351/5757 3901/344/5750 3900/343/5749
f 3902/345/5751 3901/344/5750 3908/351/5757
f 3908/351/5757 3909/352/5758 3902/345/5751
f 3903/346/5753 3904/347/5752 3911/354/5759
f 3911/354/5759 3910/353/5760 3903/346/5753
f 3903/346/5753 3910/353/5760 3912/355/5761
f 3912/355/5761 3905/348/5754 3903/346/5753
f 3905/348/5754 3912/355/5761 3913/356/5762
f 3913/356/5762 3906/349/5755 3905/348/5754
f 3906/349/5755 3913/356/5762 3914/357/5763
f 3914/357/5763 3907/350/5756 3906/349/5755
f 3907/350/5756 3914/357/5763 3915/358/5764
f 3915/358/5764 3908/351/5757 3907/350/5756
f 3909/352/5758 3908/351/5757 3915/358/5764
f 3915/358/5764 3916/359/5765 3909/352/5758
f 3910/353/5760 3911/354/5759 3918/361/5766
f 3918/361/5766 3917/360/5767 3910/353/5760
f 3910/353/5760 3917/360/5767 3919/362/5768
f 3919/362/5768 3912/355/5761 3910/353/5760
f 3912/355/5761 3919/362/5768 3920/363/5769
f 3920/363/5769 3913/356/5762 3912/355/5761
f 3913/356/5762 3920/363/5769 3921/364/5770
f 3921/364/5770 3914/357/5763 3913/356/5762
f 3914/357/5763 3921/364/5770 3922/365/5771
f 3922/365/5771 3915/358/5764 3914/357/5763
f 3916/359/5765 3915/358/5764 3922/365/5771
f 3922/365/5771 3923/366/5772 3916/359/5765
f 3917/360/5767 3918/361/5766 3925/368/5773
f 3925/368/5773 3924/367/5774 3917/360/5767
f 3917/360/5767 3924/367/5774 3926/369/5775
f 3926/369/5775 3919/362/5768 3917/360/5767
f 3919/362/5768 3926/369/5775 3927/370/5776
f 3927/370/5776 3920/363/5769 3919/362/5768
f 3920/363/5769 3927/370/5776 3928/371/5777
f 3928/371/5777 3921/364/5770 3920/363/5769
f 3921/364/5770 3928/371/5777 3929/372/5778
f 3929/372/5778 3922/365/5771 3921/364/5770
f 3923/366/5772 3922/365/5771 3929/372/5778
f 3929/372/5778 3930/373/5779 3923/366/5772
f 3924/367/5774 3925/368/5773 3932/375/5780
f 3932/375/5780 3931/374/5781 3924/367/5774
f 3924/367/5774 3931/374/5781 3933/376/5782
f 3933/376/5782 3926/369/5775 3924/367/5774
f 3926/369/5775 3933/376/5782 3934/377/5783
f 3934/377/5783 3927/370/5776 3926/369/5775
f 3927/370/5776 3934/377/5783 3935/378/5784
f 3935/378/5784 3928/371/5777 3927/370/5776
f 3928/371/5777 3935/378/5784 3936/379/5785
f 3936/379/5785 3929/372/5778 3928/371/5777
f 3930/373/5779 3929/372/5778 3936/379/5785
f 3936/379/5785 3937/380/5786 3930/373/5779
f 3931/374/5781 3932/375/5780 3939/382/5787
f 3939/382/5787 3938/381/5788 3931/374/5781
f 3931/374/5781 3938/381/5788 3940/383/5789
f 3940/383/5789 3933/376/5782 3931/374/5781
f 3933/376/5782 3940/383/5789 3941/384/5790
f 3941/384/5790 3934/377/5783 3933/376/5782
f 3934/377/5783 3941/384/5790 3942/385/5791
f 3942/385/5791 3935/378/5784 3934/377/5783
f 3935/378/5784 3942/385/5791 3943/386/5792
f 3943/386/5792 3936/379/5785 3935/378/5784
f 3937/380/5786 3936/379/5785 3943/386/5792
f 3943/386/5792 3944/387/5793 3937/380/5786
f 3938/381/5788 3939/382/5787 3946/389/5794
f 3946/389/5794 3945/388/5795 3938/381/5788
f 3938/381/5788 3945/388/5795 3947/390/5796
f 3947/390/5796 3940/383/5789 3938/381/5788
f 3940/383/5789 3947/390/5796 3948/391/5797
f 3948/391/5797 3941/384/5790 3940/383/5789
f 3941/384/5790 3948/391/5797 3949/392/5798
f 3949/392/5798 3942/385/5791 3941/384/5790
f 3942/385/5791 3949/392/5798 3950/393/5799
f 3950/393/5799 3943/386/5792 3942/385/5791
f 3944/387/5793 3943/386/5792 3950/393/5799
f 3950/393/5799 3951/394/5800 3944/387/5793
f 3945/388/5795 3946/389/5794 3953/396/5801
f 3953/396/5801 3952/395/5802 3945/388/5795
f 3945/388/5795 3952/395/5802 3954/397/5803
f 3954/397/5803 3947/390/5796 3945/388/5795
f 3947/390/5796 3954/397/5803 3955/398/5804
f 3955/398/5804 3948/391/5797 3947/390/5796
f 3948/391/5797 3955/398/5804 3956/399/5805
f 3956/399/5805 3949/392/5798 3948/391/5797
f 3949/392/5798 3956/399/5805 3957/400/5806
f 3957/400/5806 3950/393/5799 3949/392/5798
f 3951/394/5800 3950/393/5799 3957/400/5806
f 3957/400/5806 3958/401/5807 3951/394/5800
f 3952/395/5802 3953/396/5801 3960/403/5808
f 3960/403/5808 3959/402/5809 3952/395/5802
f 3952/395/5802 3959/402/5809 3961/404/5810
f 3961/404/5810 3954/397/5803 3952/395/5802
f 3954/397/5803 3961/404/5810 3962/405/5811
f 3962/405/5811 3955/398/5804 3954/397/5803
f 3955/398/5804 3962/405/5811 3963/406/5812
f 3963/406/5812 3956/399/5805 3955/398/5804
f 3956/399/5805 3963/406/5812 3964/407/5813
f 3964/407/5813 3957/400/5806 3956/399/5805
f 3958/401/5807 3957/400/5806 3964/407/5813
f 3964/407/5813 3965/408/5814 3958/401/5807
f 3959/402/5809 3960/403/5808 3967/410/5815
f 3967/410/5815 3966/409/5816 3959/402/5809
f 3959/402/5809 3966/409/5816 3968/411/5817
f 3968/411/5817 3961/404/5810 3959/402/5809
f 3961/404/5810 3968/411/5817 3969/412/5818
f 3969/412/5818 3962/405/5811 3961/404/5810
f 3962/405/5811 3969/412/5818 3970/413/5819
f 3970/413/5819 3963/406/5812 3962/405/5811
f 3963/406/5812 3970/413/5819 3971/414/5820
f 3971/414/5820 3964/407/5813 3963/406/5812
f 3965/408/5814 3964/407/5813 3971/414/5820
f 3971/414/5820 3972/415/5821 3965/408/5814
f 3966/416/5816 3967/419/5815 3974/418/5822
f 3974/418/5822 3973/417/5823 3966/416/5816
f 3966/416/5816 3973/417/5823 3975/421/5824
f 3975/421/5824 3968/420/5817 3966/416/5816
f 3968/420/5817 3975/421/5824 3976/423/5825
f 3976/423/5825 3969/422/5818 3968/420/5817
f 3969/422/5818 3976/423/5825 3977/425/5826
f 3977/425/5826 3970/424/5819 3969/422/5818
f 3970/424/5819 3977/425/5826 3978/427/5827
f 3978/427/5827 3971/426/5820 3970/424/5819
f 3972/428/5821 3971/426/5820 3978/427/5827
f 3978/427/5827 3979/429/5828 3972/428/5821
f 3973/417/5823 3974/418/5822 3981/431/5829
f 3981/431/5829 3980/430/5830 3973/417/5823
f 3973/417/5823 3980/430/5830 3982/432/5831
f 3982/432/5831 3975/421/5824 3973/417/5823
f 3975/421/5824 3982/432/5831 3983/433/5832
f 3983/433/5832 3976/423/5825 3975/421/5824
f 3976/423/5825 3983/433/5832 3984/434/5833
f 3984/434/5833 3977/425/5826 3976/423/5825
f 3977/425/5826 3984/434/5833 3985/435/5834
f 3985/435/5834 3978/427/5827 3977/425/5826
f 3979/429/5828 3978/427/5827 3985/435/5834
f 3985/435/5834 3986/436/5835 3979/429/5828
f 3980/430/5830 3981/431/5829 3988/438/5836
f 3988/438/5836 3987/437/5837 3980/430/5830
f 3980/430/5830 3987/437/5837 3989/439/5838
f 3989/439/5838 3982/432/5831 3980/430/5830
f 3982/432/5831 3989/439/5838 3990/440/5839
f 3990/440/5839 3983/433/5832 3982/432/5831
f 3983/433/5832 3990/440/5839 3991/441/5840
f 3991/441/5840 3984/434/5833 3983/433/5832
f 3984/434/5833 3991/441/5840 3992/442/5841
f 3992/442/5841 3985/435/5834 3984/434/5833
f 3986/436/5835 3985/435/5834 3992/442/5841
f 3992/442/5841 3993/443/5842 3986/436/5835
f 3987/437/5837 3988/438/5836 3995/445/5843
f 3995/445/5843 3994/444/5844 3987/437/5837
f 3987/437/5837 3994/444/5844 3996/446/5845
f 3996/446/5845 3989/439/5838 3987/437/5837
f 3989/439/5838 3996/446/5845 3997/447/5846
f 3997/447/5846 3990/440/5839 3989/439/5838
f 3990/440/5839 3997/447/5846 3998/448/5847
f 3998/448/5847 3991/441/5840 3990/440/5839
f 3991/441/5840 3998/448/5847 3999/449/5848
f 3999/449/5848 3992/442/5841 3991/441/5840
f 3993/443/5842 3992/442/5841 3999/449/5848
f 3999/449/5848 4000/450/5849 3993/443/5842
f 3994/444/5844 3995/445/5843 4002/452/5850
f 4002/452/5850 4001/451/5851 3994/444/5844
f 3994/444/5844 4001/451/5851 4003/453/5852
f 4003/453/5852 3996/446/5845 3994/444/5844
f 3996/446/5845 4003/453/5852 4004/454/5853
f 4004/454/5853 3997/447/5846 3996/446/5845
f 3997/447/5846 4004/454/5853 4005/455/5854
f 4005/455/5854 3998/448/5847 3997/447/5846
f 3998/448/5847 4005/455/5854 4006/456/5855
f 4006/456/5855 3999/449/5848 3998/448/5847
f 4000/450/5849 3999/449/5848 4006/456/5855
f 4006/456/5855 4007/457/5856 4000/450/5849
f 4001/451/5851 4002/452/5850 3840/286/5690
f 3840/286/5690 3841/283/5689 4001/451/5851
f 4001/451/5851 3841/283/5689 3844/287/5694
f 3844/287/5694 4003/453/5852 4001/451/5851
f 4003/453/5852 3844/287/5694 3846/289/5696
f 3846/289/5696 4004/454/5853 4003/453/5852
f 4004/454/5853 3846/289/5696 3848/291/5698
f 3848/291/5698 4005/455/5854 4004/454/5853
f 4005/455/5854 3848/291/5698 3850/293/5700
f 3850/293/5700 4006/456/5855 4005/455/5854
f 4007/457/5856 4006/456/5855 3850/293/5700
f 3850/293/5700 3852/295/5701 4007/457/5856
f 4009/809/5857 4008/812/5858 3843/811/5859
f 3843/811/5859 3840/810/5860 4009/809/5857
f 4008/812/5861 4009/809/5861 3852/814/5861
f 3852/814/5861 3853/813/5861 4008/812/5861
f 4008/812/5858 4010/816/5862 3855/815/5863
f 3855/815/5863 3843/811/5859 4008/812/5858
f 4010/816/5864 4008/812/5865 3853/813/5865
f 3853/813/5865 3860/817/5864 4010/816/5864
f 4010/816/5862 4011/819/5866 3862/818/5867
f 3862/818/5867 3855/815/5863 4010/816/5862
f 4011/819/5868 4010/816/5868 3860/817/5868
f 3860/817/5868 3867/820/5868 4011/819/5868
f 4011/819/5866 4012/822/5869 3869/821/5870
f 3869/821/5870 3862/818/5867 4011/819/5866
f 4012/822/5871 4011/819/5871 3867/820/5871
f 3867/820/5871 3874/823/5871 4012/822/5871
f 4012/822/5869 4013/825/5872 3876/824/5873
f 3876/824/5873 3869/821/5870 4012/822/5869
f 4013/825/5874 4012/822/5874 3874/823/5874
f 3874/823/5874 3881/826/5874 4013/825/5874
f 4013/825/5872 4014/828/5875 3883/827/5876
f 3883/827/5876 3876/824/5873 4013/825/5872
f 4014/828/5877 4013/825/5877 3881/826/5877
f 3881/826/5877 3888/829/5877 4014/828/5877
f 4014/828/5875 4015/831/5878 3890/830/5879
f 3890/830/5879 3883/827/5876 4014/828/5875
f 4015/831/5880 4014/828/5880 3888/829/5880
f 3888/829/5880 3895/832/5881 4015/831/5880
f 4015/831/5878 4016/834/5882 3897/833/5883
f 3897/833/5883 3890/830/5879 4015/831/5878
f 4016/834/5884 4015/831/5884 3895/832/5884
f 3895/832/5884 3902/835/5885 4016/834/5884
f 4016/834/5882 4017/837/5886 3904/836/5887
f 3904/836/5887 3897/833/5883 4016/834/5882
f 4017/837/5888 4016/834/5889 3902/835/5889
f 3902/835/5889 3909/838/5888 4017/837/5888
f 4017/837/5886 4018/840/5890 3911/839/5891
f 3911/839/5891 3904/836/5887 4017/837/5886
f 4018/840/5892 4017/837/5892 3909/838/5892
f 3909/838/5892 3916/841/5892 4018/840/5892
f 4018/840/5890 4019/843/5893 3918/842/5894
f 3918/842/5894 3911/839/5891 4018/840/5890
f 4019/843/5895 4018/840/5895 3916/841/5895
f 3916/841/5895 3923/844/5895 4019/843/5895
f 4019/843/5893 4020/846/5896 3925/845/5897
f 3925/845/5897 3918/842/5894 4019/843/5893
f 4020/846/5898 4019/843/5899 3923/844/5899
f 3923/844/5899 3930/847/5898 4020/846/5898
f 4020/846/5896 4021/849/5900 3932/848/5901
f 3932/848/5901 3925/845/5897 4020/846/5896
f 4021/849/5902 4020/846/5903 3930/847/5903
f 3930/847/5903 3937/850/5902 4021/849/5902
f 4021/849/5900 4022/852/5904 3939/851/5905
f 3939/851/5905 3932/848/5901 4021/849/5900
f 4022/852/5906 4021/849/5907 3937/850/5908
f 3937/850/5908 3944/853/5906 4022/852/5906
f 4022/852/5904 4023/855/5909 3946/854/5910
f 3946/854/5910 3939/851/5905 4022/852/5904
f 4023/855/5911 4022/852/5911 3944/853/5911
f 3944/853/5911 3951/856/5911 4023/855/5911
f 4023/855/5909 4024/858/5912 3953/857/5913
f 3953/857/5913 3946/854/5910 4023/855/5909
f 4024/858/5914 4023/855/5914 3951/856/5914
f 3951/856/5914 3958/859/5914 4024/858/5914
f 4024/858/5912 4025/861/5915 3960/860/5916
f 3960/860/5916 3953/857/5913 4024/858/5912
f 4025/861/5917 4024/858/5917 3958/859/5917
f 3958/859/5917 3965/862/5917 4025/861/5917
f 4025/861/5915 4026/864/5918 3967/863/5919
f 3967/863/5919 3960/860/5916 4025/861/5915
f 4026/864/5920 4025/861/5920 3965/862/5920
f 3965/862/5920 3972/865/5920 4026/864/5920
f 4026/866/5918 4027/869/5921 3974/868/5922
f 3974/868/5922 3967/867/5919 4026/866/5918
f 4027/869/5923 4026/866/5924 3972/871/5923
f 3972/871/5923 3979/870/5923 4027/869/5923
f 4027/869/5921 4028/873/5925 3981/872/5926
f 3981/872/5926 3974/868/5922 4027/869/5921
f 4028/873/5927 4027/869/5928 3979/870/5929
f 3979/870/5929 3986/874/5927 4028/873/5927
f 4028/873/5925 4029/876/5930 3988/875/5931
f 3988/875/5931 3981/872/5926 4028/873/5925
f 4029/876/5932 4028/873/5932 3986/874/5932
f 3986/874/5932 3993/877/5932 4029/876/5932
f 4029/876/5930 4030/879/5933 3995/878/5934
f 3995/878/5934 3988/875/5931 4029/876/5930
f 4030/879/5935 4029/876/5935 3993/877/5935
f 3993/877/5935 4000/880/5935 4030/879/5935
f 4030/879/5933 4031/882/5936 4002/881/5937
f 4002/881/5937 3995/878/5934 4030/879/5933
f 4031/882/5938 4030/879/5938 4000/880/5938
f 4000/880/5938 4007/883/5938 4031/882/5938
f 4031/882/5936 4009/809/5857 3840/810/5860
f 3840/810/5860 4002/881/5937 4031/882/5936
f 4009/809/5939 4031/882/5939 4007/883/5939
f 4007/883/5939 3852/814/5939 4009/809/5939
f 4033/458/5940 4032/461/5941 4035/460/5942
f 4035/460/5942 4034/459/5943 4033/458/5940
f 4036/462/5944 4037/463/5945 4035/460/5942
f 4035/460/5942 4032/461/5941 4036/462/5946
f 4038/464/5947 4041/467/5948 4040/466/5949
f 4040/466/5949 4039/465/5950 4038/464/5947
f 4042/468/5951 4043/469/5952 4041/467/5948
f 4041/467/5948 4038/464/5947 4042/468/5951
f 4044/470/5953 4046/472/5954 4039/465/5955
f 4039/465/5955 4045/471/5956 4044/470/5953
f 4038/464/5957 4047/474/5958 4048/473/5959
f 4048/473/5959 4042/468/5960 4038/464/5957
f 4049/475/5961 4052/478/5962 4051/477/5963
f 4051/477/5963 4050/476/5964 4049/475/5961
f 4054/479/5965 4053/482/5966 4056/481/5967
f 4056/481/5967 4055/480/5968 4054/479/5965
f 4057/483/5969 4058/484/5970 4046/472/5954
f 4046/472/5954 4044/470/5953 4057/483/5969
f 4047/474/5958 4059/486/5971 4060/485/5972
f 4060/485/5972 4048/473/5959 4047/474/5958
f 4050/476/5964 4051/477/5963 4058/484/5973
f 4058/484/5973 4057/483/5974 4050/476/5964
f 4059/486/5975 4054/479/5965 4055/480/5968
f 4055/480/5968 4060/485/5976 4059/486/5975
f 4061/487/5977 4034/459/5943 4035/460/5942
f 4035/460/5942 4062/488/5978 4061/487/5977
f 4062/488/5978 4035/460/5942 4037/463/5945
f 4037/463/5945 4063/489/5979 4062/488/5978
f 4034/459/5980 4065/571/5981 4064/570/5982
f 4064/570/5982 4033/458/5983 4034/459/5980
f 4048/473/5984 4067/573/5985 4066/572/5986
f 4066/572/5986 4042/468/5987 4048/473/5984
f 4068/574/5988 4070/576/5989 4069/575/5990
f 4069/575/5990 4045/471/5991 4068/574/5988
f 4042/468/5987 4066/572/5986 4071/577/5992
f 4071/577/5993 4043/469/5994 4042/468/5995
f 4041/467/5948 4073/579/5996 4072/578/5997
f 4072/578/5997 4040/466/5949 4041/467/5948
f 4043/469/5952 4071/577/5998 4073/579/5996
f 4073/579/5996 4041/467/5948 4043/469/5952
f 4045/471/5991 4069/575/5990 4074/580/5999
f 4074/580/5999 4044/470/6000 4045/471/5991
f 4060/485/6001 4075/581/6002 4067/573/5985
f 4067/573/5985 4048/473/5984 4060/485/6001
f 4050/476/5964 4077/583/6003 4076/582/6004
f 4076/582/6005 4049/475/5961 4050/476/5964
f 4063/489/6006 4037/463/6007 4079/585/6008
f 4079/585/6008 4078/584/6009 4063/489/6006
f 4044/470/6000 4074/580/5999 4080/586/6010
f 4080/586/6011 4057/483/6012 4044/470/6013
f 4055/480/6014 4081/587/6015 4075/581/6016
f 4075/581/6017 4060/485/6018 4055/480/6019
f 4057/483/5974 4080/586/6020 4077/583/6003
f 4077/583/6003 4050/476/5964 4057/483/5974
f 4056/481/6015 4082/588/6015 4081/587/6015
f 4081/587/6015 4055/480/6014 4056/481/6015
f 4049/475/6021 4076/582/6022 4083/589/6023
f 4083/589/6023 4061/487/6024 4049/475/6021
f 4036/462/6025 4084/558/6026 4079/585/6008
f 4079/585/6008 4037/463/6007 4036/462/6025
f 4039/465/5950 4040/466/5949 4068/574/6027
f 4068/574/6027 4045/471/6028 4039/465/5950
f 4038/464/5957 4039/465/5955 4046/472/5954
f 4046/472/5954 4047/474/5958 4038/464/5957
f 4054/479/5965 4051/477/5963 4052/478/5962
f 4052/478/5962 4053/482/5966 4054/479/5965
f 4047/474/5958 4046/472/5954 4058/484/5970
f 4058/484/5970 4059/486/5971 4047/474/5958
f 4059/486/5975 4058/484/5973 4051/477/5963
f 4051/477/5963 4054/479/5965 4059/486/5975
f 4040/466/5949 4072/578/5997 4070/576/6029
f 4070/576/6030 4068/574/6027 4040/466/5949
f 4052/478/6031 4062/488/5978 4053/482/6032
f 4061/487/5977 4062/488/5978 4052/478/6031
f 4052/478/6031 4049/475/6033 4061/487/5977
f 4053/482/6032 4062/488/5978 4063/489/5979
f 4063/489/5979 4056/481/6034 4053/482/6032
f 4056/481/6035 4063/489/6006 4078/584/6009
f 4078/584/6009 4082/588/6036 4056/481/6035
f 4034/459/5980 4061/487/6024 4083/589/6023
f 4083/589/6023 4065/571/5981 4034/459/5980
f 4085/464/6037 4088/467/6038 4087/466/6039
f 4087/466/6039 4086/465/6040 4085/464/6037
f 4089/468/6041 4090/469/6042 4088/467/6038
f 4088/467/6038 4085/464/6037 4089/468/6041
f 4091/470/6043 4093/472/6044 4086/465/6045
f 4086/465/6045 4092/471/6046 4091/470/6043
f 4085/464/6047 4094/474/6048 4095/473/6049
f 4095/473/6049 4089/468/6050 4085/464/6047
f 4096/475/6051 4099/478/6052 4098/477/6053
f 4098/477/6053 4097/476/6054 4096/475/6051
f 4101/479/6055 4100/482/6056 4103/481/6057
f 4103/481/6057 4102/480/6058 4101/479/6055
f 4104/483/6059 4105/484/6060 4093/472/6044
f 4093/472/6044 4091/470/6043 4104/483/6059
f 4094/474/6048 4106/486/6061 4107/485/6062
f 4107/485/6062 4095/473/6049 4094/474/6048
f 4097/476/6054 4098/477/6053 4105/484/6063
f 4105/484/6063 4104/483/6064 4097/476/6054
f 4106/486/6065 4101/479/6055 4102/480/6058
f 4102/480/6058 4107/485/6066 4106/486/6065
f 4109/487/6067 4108/459/6068 4111/460/6069
f 4111/460/6069 4110/488/6070 4109/487/6067
f 4110/488/6070 4111/460/6069 4113/463/6071
f 4113/463/6072 4112/489/6073 4110/488/6070
f 4095/473/6074 4115/573/6075 4114/572/6076
f 4114/572/6076 4089/468/6077 4095/473/6074
f 4116/574/6078 4118/576/6079 4117/575/6080
f 4117/575/6080 4092/471/6081 4116/574/6078
f 4089/468/6077 4114/572/6076 4119/577/6082
f 4119/577/6083 4090/469/6084 4089/468/6085
f 4088/467/6038 4121/579/6086 4120/578/6087
f 4120/578/6087 4087/466/6039 4088/467/6038
f 4090/469/6042 4119/577/6088 4121/579/6086
f 4121/579/6086 4088/467/6038 4090/469/6042
f 4117/575/6080 4122/580/6089 4091/470/6090
f 4091/470/6090 4092/471/6081 4117/575/6080
f 4107/485/6091 4123/581/6092 4115/573/6075
f 4115/573/6075 4095/473/6074 4107/485/6091
f 4097/476/6054 4125/583/6093 4124/582/6094
f 4124/582/6095 4096/475/6051 4097/476/6054
f 4112/489/6096 4113/463/6097 4127/585/6098
f 4127/585/6098 4126/584/6099 4112/489/6096
f 4091/470/6090 4122/580/6089 4128/586/6100
f 4128/586/6101 4104/483/6102 4091/470/6103
f 4102/480/6104 4129/587/6105 4123/581/6106
f 4123/581/6107 4107/485/6108 4102/480/6109
f 4104/483/6064 4128/586/6110 4125/583/6093
f 4125/583/6093 4097/476/6054 4104/483/6064
f 4129/587/6105 4102/480/6104 4103/481/6111
f 4103/481/6111 4130/588/6112 4129/587/6105
f 4096/475/6113 4124/582/6114 4131/589/6115
f 4131/589/6115 4109/487/6116 4096/475/6113
f 4086/465/6040 4087/466/6039 4116/574/6117
f 4116/574/6117 4092/471/6118 4086/465/6040
f 4085/464/6047 4086/465/6045 4093/472/6044
f 4093/472/6044 4094/474/6048 4085/464/6047
f 4098/477/6053 4099/478/6052 4100/482/6056
f 4100/482/6056 4101/479/6055 4098/477/6053
f 4094/474/6048 4093/472/6044 4105/484/6060
f 4105/484/6060 4106/486/6061 4094/474/6048
f 4106/486/6065 4105/484/6063 4098/477/6053
f 4098/477/6053 4101/479/6055 4106/486/6065
f 4087/466/6039 4120/578/6087 4118/576/6119
f 4118/576/6120 4116/574/6117 4087/466/6039
f 4099/478/6121 4110/488/6070 4100/482/6122
f 4109/487/6067 4110/488/6070 4099/478/6121
f 4099/478/6121 4096/475/6123 4109/487/6067
f 4100/482/6122 4110/488/6070 4112/489/6073
f 4112/489/6073 4103/481/6124 4100/482/6122
f 4103/481/6125 4112/489/6096 4126/584/6099
f 4126/584/6099 4130/588/6126 4103/481/6125
f 4108/459/6127 4109/487/6116 4131/589/6115
f 4131/589/6128 4132/571/6129 4108/459/6130
f 4134/2228/6131 4133/2231/6132 4136/2230/6133
f 4136/2230/6133 4135/2229/6134 4134/2228/6131
f 4138/2232/6135 4137/2234/6136 4135/2229/6134
f 4135/2229/6134 4139/2233/6137 4138/2232/6135
f 4140/2235/6138 4133/2231/6132 4134/2228/6131
f 4134/2228/6131 4141/2236/6139 4140/2235/6138
f 4136/2230/6133 4133/2231/6132 4143/2238/6140
f 4143/2238/6140 4142/2237/6141 4136/2230/6133
f 4144/2239/6142 4145/2240/6143 4142/2237/6141
f 4142/2237/6141 4143/2238/6140 4144/2239/6142
f 4146/2241/6144 4144/2239/6142 4143/2238/6140
f 4143/2238/6140 4147/2242/6145 4146/2241/6144
f 4143/2238/6140 4133/2231/6132 4140/2235/6138
f 4140/2235/6138 4147/2242/6145 4143/2238/6140
f 4148/2243/6146 4136/2230/6133 4142/2237/6141
f 4142/2237/6141 4149/2244/6147 4148/2243/6146
f 4149/2244/6147 4142/2237/6141 4145/2240/6143
f 4145/2240/6143 4150/2245/6148 4149/2244/6147
f 4145/2240/6143 4144/2239/6142 4152/2247/6149
f 4152/2247/6149 4151/2246/6150 4145/2240/6143
f 4152/2247/6149 4144/2239/6142 4146/2241/6144
f 4146/2241/6144 4153/2248/6151 4152/2247/6149
f 4150/2245/6148 4145/2240/6143 4151/2246/6150
f 4151/2246/6150 4154/2249/6152 4150/2245/6148
f 4155/2250/6153 4151/2246/6150 4152/2247/6149
f 4152/2247/6149 4156/2251/6154 4155/2250/6153
f 4156/2251/6154 4152/2247/6149 4153/2248/6151
f 4153/2248/6151 4157/2252/6155 4156/2251/6154
f 4158/2253/6156 4155/2250/6157 4156/2255/6154
f 4156/2255/6154 4157/2254/6155 4158/2253/6156
f 4154/2249/6152 4151/2246/6150 4155/2250/6153
f 4155/2250/6153 4158/2253/6158 4154/2249/6152
f 4159/2256/6159 4162/2259/6160 4161/2258/6161
f 4161/2258/6161 4160/2257/6162 4159/2256/6159
f 4163/2260/6163 4159/2256/6159 4160/2257/6162
f 4160/2257/6162 4164/2261/6164 4163/2260/6163
f 4162/2259/6160 4166/2263/6165 4165/2262/6166
f 4165/2262/6166 4161/2258/6161 4162/2259/6160
f 4167/2264/6167 4137/2234/6136 4162/2259/6160
f 4162/2259/6160 4159/2256/6159 4167/2264/6167
f 4168/2265/6168 4167/2264/6167 4159/2256/6159
f 4159/2256/6159 4163/2260/6163 4168/2265/6168
f 4162/2259/6160 4137/2234/6136 4138/2232/6135
f 4138/2232/6135 4166/2263/6165 4162/2259/6160
f 4169/2266/6169 4172/2269/6170 4171/2268/6171
f 4171/2268/6171 4170/2267/6172 4169/2266/6169
f 4173/2270/6173 4169/2266/6169 4170/2267/6172
f 4170/2267/6172 4174/2271/6174 4173/2270/6173
f 4171/2268/6171 4172/2269/6170 4176/2273/6175
f 4176/2273/6175 4175/2272/6176 4171/2268/6171
f 4177/2274/6177 4178/2275/6178 4172/2269/6170
f 4172/2269/6170 4169/2266/6169 4177/2274/6177
f 4179/2276/6179 4177/2274/6177 4169/2266/6169
f 4169/2266/6169 4173/2270/6173 4179/2276/6179
f 4172/2269/6170 4178/2275/6178 4180/2277/6180
f 4180/2277/6180 4176/2273/6175 4172/2269/6170
f 4160/2257/6162 4161/2258/6161 4178/2275/6178
f 4178/2275/6178 4177/2274/6177 4160/2257/6162
f 4164/2261/6164 4160/2257/6162 4177/2274/6177
f 4177/2274/6177 4179/2276/6179 4164/2261/6164
f 4178/2275/6178 4161/2258/6161 4165/2262/6166
f 4165/2262/6166 4180/2277/6180 4178/2275/6178
f 4134/2228/6131 4135/2229/6134 4137/2234/6136
f 4137/2234/6136 4167/2264/6167 4134/2228/6131
f 4139/2233/6137 4135/2229/6134 4136/2230/6133
f 4136/2230/6133 4148/2243/6146 4139/2233/6137
f 4168/2265/6168 4141/2236/6139 4134/2228/6131
f 4134/2228/6131 4167/2264/6167 4168/2265/6168
f 4182/2228/6181 4181/2231/6182 4184/2230/6183
f 4184/2230/6183 4183/2229/6184 4182/2228/6181
f 4186/2232/6185 4185/2234/6186 4183/2229/6184
f 4183/2229/6184 4187/2233/6187 4186/2232/6185
f 4188/2235/6188 4181/2231/6182 4182/2228/6181
f 4182/2228/6181 4189/2236/6189 4188/2235/6188
f 4184/2230/6183 4181/2231/6182 4191/2238/6190
f 4191/2238/6190 4190/2237/6191 4184/2230/6183
f 4192/2239/6192 4193/2240/6193 4190/2237/6191
f 4190/2237/6191 4191/2238/6190 4192/2239/6192
f 4194/2241/6194 4192/2239/6192 4191/2238/6190
f 4191/2238/6190 4195/2242/6195 4194/2241/6194
f 4191/2238/6190 4181/2231/6182 4188/2235/6188
f 4188/2235/6188 4195/2242/6195 4191/2238/6190
f 4196/2243/6196 4184/2230/6183 4190/2237/6191
f 4190/2237/6191 4197/2244/6197 4196/2243/6196
f 4197/2244/6197 4190/2237/6191 4193/2240/6193
f 4193/2240/6193 4198/2245/6198 4197/2244/6197
f 4193/2240/6193 4192/2239/6192 4200/2247/6199
f 4200/2247/6199 4199/2246/6200 4193/2240/6193
f 4200/2247/6199 4192/2239/6192 4194/2241/6194
f 4194/2241/6194 4201/2248/6201 4200/2247/6199
f 4198/2245/6198 4193/2240/6193 4199/2246/6200
f 4199/2246/6200 4202/2249/6202 4198/2245/6198
f 4203/2250/6203 4199/2246/6200 4200/2247/6199
f 4200/2247/6199 4204/2251/6204 4203/2250/6203
f 4204/2251/6204 4200/2247/6199 4201/2248/6201
f 4201/2248/6201 4205/2252/6205 4204/2251/6204
f 4206/2253/6206 4203/2250/6207 4204/2255/6204
f 4204/2255/6204 4205/2254/6205 4206/2253/6206
f 4202/2249/6202 4199/2246/6200 4203/2250/6203
f 4203/2250/6203 4206/2253/6208 4202/2249/6202
f 4207/2256/6209 4210/2259/6210 4209/2258/6211
f 4209/2258/6211 4208/2257/6212 4207/2256/6209
f 4211/2260/6213 4207/2256/6209 4208/2257/6212
f 4208/2257/6212 4212/2261/6214 4211/2260/6213
f 4210/2259/6210 4214/2263/6215 4213/2262/6216
f 4213/2262/6216 4209/2258/6211 4210/2259/6210
f 4215/2264/6217 4185/2234/6186 4210/2259/6210
f 4210/2259/6210 4207/2256/6209 4215/2264/6217
f 4216/2265/6218 4215/2264/6217 4207/2256/6209
f 4207/2256/6209 4211/2260/6213 4216/2265/6218
f 4210/2259/6210 4185/2234/6186 4186/2232/6185
f 4186/2232/6185 4214/2263/6215 4210/2259/6210
f 4217/2266/6219 4220/2269/6220 4219/2268/6221
f 4219/2268/6221 4218/2267/6222 4217/2266/6219
f 4221/2270/6223 4217/2266/6219 4218/2267/6222
f 4218/2267/6222 4222/2271/6224 4221/2270/6223
f 4219/2268/6221 4220/2269/6220 4224/2273/6225
f 4224/2273/6225 4223/2272/6226 4219/2268/6221
f 4225/2274/6227 4226/2275/6228 4220/2269/6220
f 4220/2269/6220 4217/2266/6219 4225/2274/6227
f 4227/2276/6229 4225/2274/6227 4217/2266/6219
f 4217/2266/6219 4221/2270/6223 4227/2276/6229
f 4220/2269/6220 4226/2275/6228 4228/2277/6230
f 4228/2277/6230 4224/2273/6225 4220/2269/6220
f 4208/2257/6212 4209/2258/6211 4226/2275/6228
f 4226/2275/6228 4225/2274/6227 4208/2257/6212
f 4212/2261/6214 4208/2257/6212 4225/2274/6227
f 4225/2274/6227 4227/2276/6229 4212/2261/6214
f 4226/2275/6228 4209/2258/6211 4213/2262/6216
f 4213/2262/6216 4228/2277/6230 4226/2275/6228
f 4182/2228/6181 4183/2229/6184 4185/2234/6186
f 4185/2234/6186 4215/2264/6217 4182/2228/6181
f 4187/2233/6187 4183/2229/6184 4184/2230/6183
f 4184/2230/6183 4196/2243/6196 4187/2233/6187
f 4216/2265/6218 4189/2236/6189 4182/2228/6181
f 4182/2228/6181 4215/2264/6217 4216/2265/6218
f 4230/2228/6231 4229/2231/6232 4232/2230/6233
f 4232/2230/6233 4231/2229/6234 4230/2228/6231
f 4234/2232/6235 4233/2234/6236 4231/2229/6234
f 4231/2229/6234 4235/2233/6237 4234/2232/6235
f 4236/2235/6238 4229/2231/6232 4230/2228/6231
f 4230/2228/6231 4237/2236/6239 4236/2235/6238
f 4232/2230/6233 4229/2231/6232 4239/2238/6240
f 4239/2238/6240 4238/2237/6241 4232/2230/6233
f 4240/2239/6242 4241/2240/6243 4238/2237/6241
f 4238/2237/6241 4239/2238/6240 4240/2239/6242
f 4242/2241/6244 4240/2239/6242 4239/2238/6240
f 4239/2238/6240 4243/2242/6245 4242/2241/6244
f 4239/2238/6240 4229/2231/6232 4236/2235/6238
f 4236/2235/6238 4243/2242/6245 4239/2238/6240
f 4244/2243/6246 4232/2230/6233 4238/2237/6241
f 4238/2237/6241 4245/2244/6247 4244/2243/6246
f 4245/2244/6247 4238/2237/6241 4241/2240/6243
f 4241/2240/6243 4246/2245/6248 4245/2244/6247
f 4241/2240/6243 4240/2239/6242 4248/2247/6249
f 4248/2247/6249 4247/2246/6250 4241/2240/6243
f 4248/2247/6249 4240/2239/6242 4242/2241/6244
f 4242/2241/6244 4249/2248/6251 4248/2247/6249
f 4246/2245/6248 4241/2240/6243 4247/2246/6250
f 4247/2246/6250 4250/2249/6252 4246/2245/6248
f 4251/2250/6253 4247/2246/6250 4248/2247/6249
f 4248/2247/6249 4252/2251/6254 4251/2250/6253
f 4252/2251/6254 4248/2247/6249 4249/2248/6251
f 4249/2248/6251 4253/2252/6255 4252/2251/6254
f 4254/2253/6256 4251/2250/6257 4252/2255/6254
f 4252/2255/6254 4253/2254/6255 4254/2253/6256
f 4250/2249/6252 4247/2246/6250 4251/2250/6253
f 4251/2250/6253 4254/2253/6258 4250/2249/6252
f 4255/2256/6259 4258/2259/6260 4257/2258/6261
f 4257/2258/6261 4256/2257/6262 4255/2256/6259
f 4259/2260/6263 4255/2256/6259 4256/2257/6262
f 4256/2257/6262 4260/2261/6264 4259/2260/6263
f 4258/2259/6260 4262/2263/6265 4261/2262/6266
f 4261/2262/6266 4257/2258/6261 4258/2259/6260
f 4263/2264/6267 4233/2234/6236 4258/2259/6260
f 4258/2259/6260 4255/2256/6259 4263/2264/6267
f 4264/2265/6268 4263/2264/6267 4255/2256/6259
f 4255/2256/6259 4259/2260/6263 4264/2265/6268
f 4258/2259/6260 4233/2234/6236 4234/2232/6235
f 4234/2232/6235 4262/2263/6265 4258/2259/6260
f 4265/2266/6269 4268/2269/6270 4267/2268/6271
f 4267/2268/6271 4266/2267/6272 4265/2266/6269
f 4269/2270/6273 4265/2266/6269 4266/2267/6272
f 4266/2267/6272 4270/2271/6274 4269/2270/6273
f 4267/2268/6271 4268/2269/6270 4272/2273/6275
f 4272/2273/6275 4271/2272/6276 4267/2268/6271
f 4273/2274/6277 4274/2275/6278 4268/2269/6270
f 4268/2269/6270 4265/2266/6269 4273/2274/6277
f 4275/2276/6279 4273/2274/6277 4265/2266/6269
f 4265/2266/6269 4269/2270/6273 4275/2276/6279
f 4268/2269/6270 4274/2275/6278 4276/2277/6280
f 4276/2277/6280 4272/2273/6275 4268/2269/6270
f 4256/2257/6262 4257/2258/6261 4274/2275/6278
f 4274/2275/6278 4273/2274/6277 4256/2257/6262
f 4260/2261/6264 4256/2257/6262 4273/2274/6277
f 4273/2274/6277 4275/2276/6279 4260/2261/6264
f 4274/2275/6278 4257/2258/6261 4261/2262/6266
f 4261/2262/6266 4276/2277/6280 4274/2275/6278
f 4230/2228/6231 4231/2229/6234 4233/2234/6236
f 4233/2234/6236 4263/2264/6267 4230/2228/6231
f 4235/2233/6237 4231/2229/6234 4232/2230/6233
f 4232/2230/6233 4244/2243/6246 4235/2233/6237
f 4264/2265/6268 4237/2236/6239 4230/2228/6231
f 4230/2228/6231 4263/2264/6267 4264/2265/6268
f 4278/2228/6281 4277/2231/6282 4280/2230/6283
f 4280/2230/6283 4279/2229/6284 4278/2228/6281
f 4282/2232/6285 4281/2234/6286 4279/2229/6284
f 4279/2229/6284 4283/2233/6287 4282/2232/6285
f 4284/2235/6288 4277/2231/6282 4278/2228/6281
f 4278/2228/6281 4285/2236/6289 4284/2235/6288
f 4280/2230/6283 4277/2231/6282 4287/2238/6290
f 4287/2238/6290 4286/2237/6291 4280/2230/6283
f 4288/2239/6292 4289/2240/6293 4286/2237/6291
f 4286/2237/6291 4287/2238/6290 4288/2239/6292
f 4290/2241/6294 4288/2239/6292 4287/2238/6290
f 4287/2238/6290 4291/2242/6295 4290/2241/6294
f 4287/2238/6290 4277/2231/6282 4284/2235/6288
f 4284/2235/6288 4291/2242/6295 4287/2238/6290
f 4292/2243/6296 4280/2230/6283 4286/2237/6291
f 4286/2237/6291 4293/2244/6297 4292/2243/6296
f 4293/2244/6297 4286/2237/6291 4289/2240/6293
f 4289/2240/6293 4294/2245/6298 4293/2244/6297
f 4289/2240/6293 4288/2239/6292 4296/2247/6299
f 4296/2247/6299 4295/2246/6300 4289/2240/6293
f 4296/2247/6299 4288/2239/6292 4290/2241/6294
f 4290/2241/6294 4297/2248/6301 4296/2247/6299
f 4294/2245/6298 4289/2240/6293 4295/2246/6300
f 4295/2246/6300 4298/2249/6302 4294/2245/6298
f 4299/2250/6303 4295/2246/6300 4296/2247/6299
f 4296/2247/6299 4300/2251/6304 4299/2250/6303
f 4300/2251/6304 4296/2247/6299 4297/2248/6301
f 4297/2248/6301 4301/2252/6305 4300/2251/6304
f 4302/2253/6306 4299/2250/6307 4300/2255/6304
f 4300/2255/6304 4301/2254/6305 4302/2253/6306
f 4298/2249/6302 4295/2246/6300 4299/2250/6303
f 4299/2250/6303 4302/2253/6308 4298/2249/6302
f 4303/2256/6309 4306/2259/6310 4305/2258/6311
f 4305/2258/6311 4304/2257/6312 4303/2256/6309
f 4307/2260/6313 4303/2256/6309 4304/2257/6312
f 4304/2257/6312 4308/2261/6314 4307/2260/6313
f 4306/2259/6310 4310/2263/6315 4309/2262/6316
f 4309/2262/6316 4305/2258/6311 4306/2259/6310
f 4311/2264/6317 4281/2234/6286 4306/2259/6310
f 4306/2259/6310 4303/2256/6309 4311/2264/6317
f 4312/2265/6318 4311/2264/6317 4303/2256/6309
f 4303/2256/6309 4307/2260/6313 4312/2265/6318
f 4306/2259/6310 4281/2234/6286 4282/2232/6285
f 4282/2232/6285 4310/2263/6315 4306/2259/6310
f 4313/2266/6319 4316/2269/6320 4315/2268/6321
f 4315/2268/6321 4314/2267/6322 4313/2266/6319
f 4317/2270/6323 4313/2266/6319 4314/2267/6322
f 4314/2267/6322 4318/2271/6324 4317/2270/6323
f 4315/2268/6321 4316/2269/6320 4320/2273/6325
f 4320/2273/6325 4319/2272/6326 4315/2268/6321
f 4321/2274/6327 4322/2275/6328 4316/2269/6320
f 4316/2269/6320 4313/2266/6319 4321/2274/6327
f 4323/2276/6329 4321/2274/6327 4313/2266/6319
f 4313/2266/6319 4317/2270/6323 4323/2276/6329
f 4316/2269/6320 4322/2275/6328 4324/2277/6330
f 4324/2277/6330 4320/2273/6325 4316/2269/6320
f 4304/2257/6312 4305/2258/6311 4322/2275/6328
f 4322/2275/6328 4321/2274/6327 4304/2257/6312
f 4308/2261/6314 4304/2257/6312 4321/2274/6327
f 4321/2274/6327 4323/2276/6329 4308/2261/6314
f 4322/2275/6328 4305/2258/6311 4309/2262/6316
f 4309/2262/6316 4324/2277/6330 4322/2275/6328
f 4278/2228/6281 4279/2229/6284 4281/2234/6286
f 4281/2234/6286 4311/2264/6317 4278/2228/6281
f 4283/2233/6287 4279/2229/6284 4280/2230/6283
f 4280/2230/6283 4292/2243/6296 4283/2233/6287
f 4312/2265/6318 4285/2236/6289 4278/2228/6281
f 4278/2228/6281 4311/2264/6317 4312/2265/6318
f 4327/2278/6331 4328/2279/6332 4325/2280/6333
f 4325/2280/6333 4326/2281/6334 4327/2278/6331
f 4330/2282/6335 4327/2278/6331 4326/2281/6334
f 4326/2281/6334 4329/2283/6336 4330/2282/6335
f 4331/2284/6337 4332/2285/6338 4333/2286/6339
f 4333/2286/6339 4334/2287/6340 4331/2284/6337
f 4332/2285/6338 4336/2288/6341 4337/2289/6342
f 4337/2289/6342 4335/2290/6343 4332/2285/6338
f 4338/2291/6344 4337/2289/6342 4336/2288/6341
f 4336/2288/6341 4329/2283/6336 4338/2291/6344
f 4339/2292/6345 4340/2293/6346 4341/2294/6347
f 4341/2294/6347 4342/2295/6348 4339/2292/6345
f 4340/2293/6346 4343/2296/6349 4344/2297/6350
f 4344/2297/6350 4341/2294/6347 4340/2293/6346
f 4329/2283/6336 4326/2281/6334 4345/2298/6351
f 4345/2298/6351 4338/2291/6344 4329/2283/6336
f 4326/2281/6334 4325/2280/6333 4346/2299/6352
f 4346/2299/6352 4345/2298/6351 4326/2281/6334
f 4332/2285/6338 4335/2290/6343 4347/2300/6353
f 4347/2300/6353 4333/2286/6339 4332/2285/6338
f 4348/2301/6354 4336/2288/6341 4332/2285/6338
f 4332/2285/6338 4331/2284/6337 4348/2301/6354
f 4349/2302/6355 4350/2303/6356 4348/2301/6354
f 4348/2301/6354 4331/2284/6337 4349/2302/6355
f 4336/2288/6341 4348/2301/6354 4330/2282/6335
f 4330/2282/6335 4329/2283/6336 4336/2288/6341
f 4343/2296/6349 4340/2293/6346 4351/2304/6357
f 4351/2304/6357 4352/2305/6358 4343/2296/6349
f 4353/2306/6359 4351/2304/6357 4340/2293/6346
f 4340/2293/6346 4339/2292/6345 4353/2306/6359
f 4327/2278/6331 4330/2282/6335 4355/2307/6360
f 4355/2307/6360 4354/2308/6361 4327/2278/6331
f 4349/2302/6355 4331/2284/6337 4334/2287/6340
f 4334/2287/6340 4356/2309/6362 4349/2302/6355
f 4330/2282/6335 4348/2301/6354 4350/2303/6356
f 4350/2303/6356 4355/2307/6360 4330/2282/6335
f 4357/2310/6363 4358/2311/6364 4354/2308/6361
f 4360/2312/6365 4361/2313/6366 4362/2314/6367
f 4362/2314/6367 4359/2315/6368 4360/2312/6365
f 4364/2316/6369 4360/2312/6365 4359/2315/6368
f 4359/2315/6368 4363/2317/6370 4364/2316/6369
f 4361/2313/6366 4365/2318/6371 4366/2319/6372
f 4366/2319/6372 4362/2314/6367 4361/2313/6366
f 4359/2315/6368 4362/2314/6367 4334/2287/6340
f 4334/2287/6340 4333/2286/6339 4359/2315/6368
f 4363/2317/6370 4359/2315/6368 4333/2286/6339
f 4333/2286/6339 4347/2300/6353 4363/2317/6370
f 4362/2314/6367 4366/2319/6372 4356/2309/6362
f 4356/2309/6362 4334/2287/6340 4362/2314/6367
f 4367/2320/6373 4368/2321/6374 4361/2313/6366
f 4361/2313/6366 4360/2312/6365 4367/2320/6373
f 4364/2316/6369 4369/2322/6375 4367/2320/6373
f 4367/2320/6373 4360/2312/6365 4364/2316/6369
f 4368/2321/6374 4370/2323/6376 4365/2318/6371
f 4365/2318/6371 4361/2313/6366 4368/2321/6374
f 4371/2324/6377 4372/2325/6378 4368/2326/6379
f 4368/2326/6379 4367/2327/6380 4371/2324/6377
f 4373/2328/6381 4371/2324/6377 4367/2327/6380
f 4367/2327/6380 4369/2329/6382 4373/2328/6381
f 4372/2325/6378 4374/2330/6383 4370/2331/6384
f 4370/2331/6384 4368/2326/6379 4372/2325/6378
f 4375/2332/6385 4376/2333/6386 4377/2334/6387
f 4378/2335/6388 4379/2336/6389 4380/2337/6390
f 4381/2338/6391 4382/2339/6392 4383/2340/6393
f 4383/2340/6393 4379/2336/6389 4381/2338/6391
f 4375/2332/6385 4377/2334/6387 4385/2341/6394
f 4385/2341/6394 4384/2342/6395 4375/2332/6385
f 4387/2343/6396 4388/2344/6397 4389/2345/6398
f 4389/2345/6398 4386/2346/6399 4387/2343/6396
f 4390/2347/6400 4391/2348/6401 4392/2349/6402
f 4392/2349/6402 4393/2350/6403 4390/2347/6400
f 4394/2351/6404 4395/2352/6405 4396/2353/6406
f 4396/2353/6406 4397/2354/6407 4394/2351/6404
f 4388/2344/6397 4387/2343/6396 4398/2355/6408
f 4398/2355/6408 4399/2356/6409 4388/2344/6397
f 4388/2344/6397 4377/2334/6387 4376/2333/6386
f 4376/2333/6386 4389/2345/6398 4388/2344/6397
f 4383/2340/6393 4400/2357/6410 4390/2347/6400
f 4390/2347/6400 4401/2358/6411 4383/2340/6393
f 4377/2334/6387 4388/2344/6397 4399/2356/6409
f 4399/2356/6409 4385/2341/6394 4377/2334/6387
f 4403/2359/6412 4404/2360/6413 4405/2361/6414
f 4405/2361/6414 4402/2362/6415 4403/2359/6412
f 4391/2348/6401 4406/2363/6416 4407/2364/6417
f 4407/2364/6417 4392/2349/6402 4391/2348/6401
f 4387/2343/6396 4404/2360/6413 4408/2365/6418
f 4408/2365/6418 4398/2355/6408 4387/2343/6396
f 4409/2366/6419 4410/2367/6420 4411/2368/6421
f 4411/2368/6421 4412/2369/6422 4409/2366/6419
f 4413/2370/6423 4414/2371/6424 4415/2372/6425
f 4415/2372/6425 4416/2373/6426 4413/2370/6423
f 4378/2335/6388 4380/2337/6390 4376/2333/6386
f 4380/2337/6390 4393/2350/6403 4389/2345/6398
f 4389/2345/6398 4376/2333/6386 4380/2337/6390
f 4393/2350/6403 4392/2349/6402 4386/2346/6399
f 4386/2346/6399 4389/2345/6398 4393/2350/6403
f 4392/2349/6402 4407/2364/6417 4405/2361/6414
f 4405/2361/6414 4386/2346/6399 4392/2349/6402
f 4375/2332/6385 4378/2335/6388 4376/2333/6386
f 4418/2374/6427 4419/2375/6428 4420/2376/6429
f 4420/2376/6429 4417/2377/6430 4418/2374/6427
f 4404/2360/6413 4387/2343/6396 4386/2346/6399
f 4386/2346/6399 4405/2361/6414 4404/2360/6413
f 4406/2363/6416 4421/2378/6431 4422/2379/6432
f 4422/2379/6432 4407/2364/6417 4406/2363/6416
f 4406/2363/6416 4391/2348/6401 4423/2380/6433
f 4423/2380/6433 4424/2381/6434 4406/2363/6416
f 4404/2360/6413 4403/2359/6412 4425/2382/6435
f 4425/2382/6435 4408/2365/6418 4404/2360/6413
f 4426/2383/6436 4427/2384/6437 4428/2385/6438
f 4428/2385/6438 4429/2386/6439 4426/2383/6436
f 4407/2364/6417 4422/2379/6432 4402/2362/6415
f 4402/2362/6415 4405/2361/6414 4407/2364/6417
f 4423/2380/6433 4419/2375/6428 4418/2374/6427
f 4418/2374/6427 4430/2387/6440 4423/2380/6433
f 4421/2378/6431 4406/2363/6416 4424/2381/6434
f 4424/2381/6434 4431/2388/6441 4421/2378/6431
f 4433/2389/6442 4418/2374/6427 4417/2377/6430
f 4417/2377/6430 4432/2390/6443 4433/2389/6442
f 4414/2371/6424 4413/2370/6423 4434/2391/6444
f 4434/2391/6444 4435/2392/6445 4414/2371/6424
f 4394/2351/6404 4397/2354/6407 4436/2393/6446
f 4436/2393/6446 4437/2394/6447 4394/2351/6404
f 4438/2395/6448 4439/2396/6449 4440/2397/6450
f 4440/2397/6450 4441/2398/6451 4438/2395/6448
f 4443/2399/6452 4444/2400/6453 4445/2401/6454
f 4445/2401/6454 4442/2402/6455 4443/2399/6452
f 4446/2403/6456 4447/2404/6457 4448/2405/6458
f 4448/2405/6458 4449/2406/6459 4446/2403/6456
f 4450/2407/6460 4451/2408/6461 4452/2409/6462
f 4452/2409/6462 4453/2410/6463 4450/2407/6460
f 4455/2411/6464 4456/2412/6465 4411/2368/6421
f 4411/2368/6421 4454/2413/6466 4455/2411/6464
f 4397/2354/6407 4457/2414/6467 4436/2393/6446
f 4458/2415/6468 4459/2416/6469 4460/2417/6470
f 4460/2417/6470 4412/2369/6471 4458/2415/6468
f 4409/2366/6419 4461/2418/6472 4462/2419/6473
f 4462/2419/6473 4410/2367/6420 4409/2366/6419
f 4464/2420/6474 4465/2421/6475 4466/2422/6476
f 4466/2422/6476 4463/2423/6477 4464/2420/6474
f 4467/2424/6478 4468/2425/6479 4469/2426/6480
f 4469/2426/6480 4470/2427/6481 4467/2424/6478
f 4471/2428/6482 4472/2429/6483 4473/2430/6484
f 4473/2430/6484 4474/2431/6485 4471/2428/6482
f 4475/2432/6486 4476/2433/6487 4444/2400/6488
f 4444/2400/6488 4443/2399/6489 4475/2432/6486
f 4478/2434/6490 4479/2435/6491 4480/2436/6492
f 4480/2436/6492 4477/2437/6493 4478/2434/6490
f 4481/2438/6494 4482/2439/6495 4483/2440/6496
f 4483/2440/6496 4484/2441/6497 4481/2438/6494
f 4448/2405/6498 4480/2436/6499 4486/2442/6500
f 4486/2442/6500 4485/2443/6501 4448/2405/6498
f 4477/2437/6502 4447/2404/6503 4452/2409/6504
f 4452/2409/6504 4484/2441/6505 4477/2437/6502
f 4472/2429/6506 4487/2444/6507 4488/2445/6508
f 4488/2445/6508 4473/2430/6509 4472/2429/6506
f 4489/2446/6510 4490/2447/6511 4491/2448/6512
f 4491/2448/6512 4465/2421/6475 4489/2446/6510
f 4443/2399/6452 4442/2402/6455 4474/2431/6485
f 4474/2431/6485 4473/2430/6484 4443/2399/6452
f 4491/2448/6513 4492/2449/6514 4493/2450/6515
f 4493/2450/6515 4466/2422/6516 4491/2448/6513
f 4467/2451/6478 4435/2392/6445 4434/2391/6444
f 4434/2391/6444 4468/2452/6479 4467/2451/6478
f 4494/2453/6517 4495/2454/6518 4437/2394/6447
f 4437/2394/6447 4436/2393/6446 4494/2453/6517
f 4440/2397/6450 4496/2455/6519 4497/2456/6520
f 4497/2456/6520 4441/2398/6451 4440/2397/6450
f 4498/2457/6521 4499/2458/6522 4496/2455/6519
f 4496/2455/6519 4440/2397/6450 4498/2457/6521
f 4463/2423/6477 4500/2459/6523 4501/2460/6524
f 4501/2460/6524 4464/2420/6474 4463/2423/6477
f 4502/2461/6525 4489/2446/6510 4465/2421/6475
f 4465/2421/6475 4464/2420/6474 4502/2461/6525
f 4491/2448/6512 4466/2422/6476 4465/2421/6475
f 4410/2367/6420 4503/2462/6526 4454/2413/6466
f 4454/2413/6466 4411/2368/6421 4410/2367/6420
f 4505/2463/6527 4506/2464/6528 4507/2465/6529
f 4507/2465/6529 4504/2466/6530 4505/2463/6527
f 4461/2418/6531 4508/2467/6532 4509/2468/6533
f 4509/2468/6533 4462/2419/6534 4461/2418/6531
f 4491/2448/6512 4490/2447/6511 4510/2469/6535
f 4510/2469/6535 4492/2449/6536 4491/2448/6512
f 4409/2366/6419 4412/2369/6422 4460/2417/6537
f 4460/2417/6537 4461/2418/6472 4409/2366/6419
f 4511/2470/6538 4503/2462/6526 4410/2367/6420
f 4410/2367/6420 4462/2419/6473 4511/2470/6538
f 4504/2466/6539 4463/2423/6477 4466/2422/6476
f 4466/2422/6476 4493/2450/6540 4504/2466/6539
f 4492/2449/6541 4512/2471/6542 4513/2472/6543
f 4513/2472/6543 4493/2450/6544 4492/2449/6541
f 4431/2388/6441 4424/2381/6434 4428/2385/6438
f 4428/2385/6438 4514/2473/6545 4431/2388/6441
f 4429/2386/6439 4515/2474/6546 4395/2475/6405
f 4395/2475/6405 4416/2476/6426 4429/2386/6439
f 4413/2370/6423 4394/2351/6404 4437/2394/6447
f 4437/2394/6447 4434/2391/6444 4413/2370/6423
f 4437/2394/6447 4495/2454/6518 4468/2452/6479
f 4468/2452/6479 4434/2391/6444 4437/2394/6447
f 4468/2425/6479 4471/2428/6482 4474/2431/6485
f 4474/2431/6485 4469/2426/6480 4468/2425/6479
f 4474/2431/6485 4442/2402/6455 4516/2477/6547
f 4516/2477/6547 4469/2426/6480 4474/2431/6485
f 4492/2449/6541 4510/2469/6548 4517/2478/6549
f 4517/2478/6549 4512/2471/6542 4492/2449/6541
f 4461/2418/6531 4460/2417/6550 4518/2479/6551
f 4518/2479/6551 4508/2467/6532 4461/2418/6531
f 4519/2480/6552 4511/2470/6553 4462/2419/6534
f 4462/2419/6534 4509/2468/6533 4519/2480/6552
f 4505/2463/6527 4504/2466/6530 4493/2450/6544
f 4493/2450/6544 4513/2472/6543 4505/2463/6527
f 4472/2429/6506 4520/2481/6554 4521/2482/6555
f 4521/2482/6555 4487/2444/6507 4472/2429/6506
f 4478/2434/6490 4477/2437/6493 4484/2441/6497
f 4484/2441/6497 4483/2440/6496 4478/2434/6490
f 4475/2432/6486 4443/2399/6489 4473/2430/6509
f 4473/2430/6509 4488/2445/6508 4475/2432/6486
f 4512/2471/6542 4517/2478/6549 4476/2483/6556
f 4476/2483/6556 4475/2484/6557 4512/2471/6542
f 4518/2479/6551 4479/2485/6558 4478/2486/6559
f 4478/2486/6559 4508/2467/6532 4518/2479/6551
f 4509/2468/6533 4483/2487/6560 4482/2488/6561
f 4482/2488/6561 4519/2480/6552 4509/2468/6533
f 4513/2472/6543 4488/2489/6562 4487/2490/6563
f 4487/2490/6563 4505/2463/6527 4513/2472/6543
f 4479/2485/6558 4518/2479/6551 4522/2491/6564
f 4522/2491/6564 4523/2492/6565 4479/2485/6558
f 4508/2467/6532 4478/2486/6559 4483/2487/6560
f 4483/2487/6560 4509/2468/6533 4508/2467/6532
f 4512/2471/6542 4475/2484/6557 4488/2489/6562
f 4488/2489/6562 4513/2472/6543 4512/2471/6542
f 4445/2401/6454 4524/2493/6566 4516/2477/6547
f 4516/2477/6547 4442/2402/6455 4445/2401/6454
f 4418/2374/6427 4433/2389/6442 4396/2494/6406
f 4396/2494/6406 4430/2387/6440 4418/2374/6427
f 4395/2475/6405 4515/2474/6546 4430/2387/6440
f 4430/2387/6440 4396/2494/6406 4395/2475/6405
f 4426/2383/6436 4429/2386/6439 4416/2476/6426
f 4416/2476/6426 4415/2495/6425 4426/2383/6436
f 4394/2351/6404 4413/2370/6423 4416/2373/6426
f 4416/2373/6426 4395/2352/6405 4394/2351/6404
f 4433/2496/6442 4457/2414/6467 4397/2354/6407
f 4397/2354/6407 4396/2353/6406 4433/2496/6442
f 4432/2497/6443 4525/2498/6567 4439/2396/6449
f 4439/2396/6449 4438/2395/6448 4432/2497/6443
f 4526/2499/6568 4502/2461/6525 4464/2420/6474
f 4464/2420/6474 4501/2460/6524 4526/2499/6568
f 4500/2459/6523 4463/2423/6477 4504/2466/6539
f 4504/2466/6539 4507/2465/6569 4500/2459/6523
f 4412/2369/6422 4411/2368/6421 4456/2412/6465
f 4456/2412/6465 4458/2415/6468 4412/2369/6422
f 4480/2436/6492 4479/2435/6491 4523/2500/6570
f 4523/2500/6570 4486/2442/6571 4480/2436/6492
f 4506/2464/6528 4505/2463/6527 4487/2490/6563
f 4487/2490/6563 4521/2501/6572 4506/2464/6528
f 4518/2479/6551 4460/2417/6550 4459/2416/6573
f 4459/2416/6573 4522/2491/6564 4518/2479/6551
f 4472/2429/6483 4471/2428/6482 4527/2502/6574
f 4527/2502/6574 4520/2481/6575 4472/2429/6483
f 4527/2502/6574 4471/2428/6482 4495/2503/6518
f 4455/2411/6464 4526/2499/6576 4501/2460/6577
f 4501/2460/6577 4456/2412/6465 4455/2411/6464
f 4458/2415/6468 4500/2459/6578 4507/2465/6579
f 4507/2465/6579 4459/2416/6469 4458/2415/6468
f 4486/2504/6500 4520/2481/6575 4527/2502/6574
f 4527/2502/6574 4485/2505/6501 4486/2504/6500
f 4458/2415/6468 4456/2412/6465 4501/2460/6577
f 4501/2460/6577 4500/2459/6578 4458/2415/6468
f 4506/2464/6528 4522/2491/6564 4459/2416/6573
f 4459/2416/6573 4507/2465/6529 4506/2464/6528
f 4486/2504/6571 4523/2506/6570 4521/2482/6580
f 4521/2482/6580 4520/2481/6581 4486/2504/6571
f 4522/2491/6564 4506/2464/6528 4521/2501/6572
f 4521/2501/6572 4523/2492/6565 4522/2491/6564
f 4485/2505/6501 4527/2502/6574 4495/2503/6518
f 4328/2507/6582 4353/2306/6583 4339/2292/6584
f 4339/2292/6584 4325/2508/6585 4328/2507/6582
f 4528/2509/6586 4529/2510/6587 4353/2306/6583
f 4353/2306/6583 4328/2507/6582 4528/2509/6586
f 4530/2511/6588 4381/2512/6391 4531/2513/6589
f 4531/2513/6589 4532/2514/6590 4530/2511/6588
f 4384/2515/6591 4533/2516/6592 4341/2294/6347
f 4341/2294/6347 4344/2297/6350 4384/2515/6591
f 4346/2517/6593 4342/2295/6348 4341/2294/6347
f 4341/2294/6347 4533/2516/6592 4346/2517/6593
f 4325/2508/6585 4339/2292/6584 4342/2295/6594
f 4342/2295/6594 4346/2518/6595 4325/2508/6585
f 4534/2519/6596 4351/2304/6357 4353/2306/6359
f 4353/2306/6359 4529/2510/6597 4534/2519/6596
f 4352/2305/6358 4351/2304/6357 4534/2519/6596
f 4534/2519/6596 4531/2513/6598 4352/2305/6358
f 4357/2520/6599 4535/2521/6600 4536/2522/6601
f 4536/2522/6601 4358/2523/6602 4357/2520/6599
f 4537/2524/6603 4534/2519/6596 4529/2510/6597
f 4529/2510/6597 4536/2522/6604 4537/2524/6603
f 4532/2514/6605 4531/2513/6598 4534/2519/6596
f 4534/2519/6596 4537/2524/6603 4532/2514/6605
f 4538/2525/6606 4530/2511/6588 4532/2514/6590
f 4532/2514/6590 4539/2526/6607 4538/2525/6606
f 4541/2527/6608 4542/2528/6609 4382/2339/6392
f 4382/2339/6392 4540/2529/6610 4541/2527/6608
f 4529/2510/6587 4528/2509/6586 4358/2523/6602
f 4358/2523/6602 4536/2522/6601 4529/2510/6587
f 4528/2530/6611 4327/2278/6331 4354/2308/6361
f 4354/2308/6361 4358/2311/6364 4528/2530/6611
f 4371/2324/6377 4543/2531/6612 4544/2532/6613
f 4544/2532/6613 4372/2325/6378 4371/2324/6377
f 4545/2533/6614 4546/2534/6615 4547/2535/6616
f 4549/2536/6617 4550/2537/6618 4551/2538/6619
f 4551/2538/6619 4548/2539/6620 4549/2536/6617
f 4552/2540/6621 4553/2541/6622 4554/2542/6623
f 4554/2542/6623 4555/2543/6624 4552/2540/6621
f 4557/2544/6625 4549/2536/6626 4548/2539/6620
f 4548/2539/6620 4556/2545/6627 4557/2544/6625
f 4555/2543/6624 4554/2542/6623 4557/2544/6625
f 4557/2544/6625 4556/2545/6627 4555/2543/6624
f 4559/2546/6628 4547/2535/6616 4546/2534/6615
f 4546/2534/6615 4558/2547/6629 4559/2546/6628
f 4560/2548/6630 4561/2549/6631 4562/2550/6632
f 4562/2550/6632 4563/2551/6633 4560/2548/6630
f 4559/2546/6628 4558/2547/6629 4561/2549/6631
f 4561/2549/6631 4560/2548/6630 4559/2546/6628
f 4562/2550/6632 4564/2552/6634 4373/2328/6381
f 4373/2328/6381 4563/2551/6633 4562/2550/6632
f 4371/2324/6377 4373/2328/6381 4564/2552/6634
f 4564/2552/6634 4543/2531/6612 4371/2324/6377
f 4425/2553/6635 4565/2554/6636 4566/2555/6637
f 4566/2555/6637 4408/2556/6638 4425/2553/6635
f 4402/2557/6639 4422/2558/6640 4567/2559/6641
f 4567/2559/6641 4568/2560/6642 4402/2557/6639
f 4422/2558/6640 4421/2561/6643 4569/2562/6644
f 4569/2562/6644 4567/2559/6641 4422/2558/6640
f 4514/2563/6645 4570/2564/6646 4571/2565/6647
f 4571/2565/6647 4572/2566/6648 4514/2563/6645
f 4403/2567/6649 4573/2568/6650 4565/2554/6636
f 4565/2554/6636 4425/2553/6635 4403/2567/6649
f 4399/2569/6651 4574/2570/6652 4575/2571/6653
f 4575/2571/6653 4385/2572/6654 4399/2569/6651
f 4384/2573/6591 4385/2572/6654 4576/2574/6655
f 4398/2575/6656 4577/2576/6657 4574/2570/6652
f 4574/2570/6652 4399/2569/6651 4398/2575/6656
f 4402/2557/6639 4568/2560/6642 4573/2568/6650
f 4573/2568/6650 4403/2567/6649 4402/2557/6639
f 4408/2556/6638 4566/2555/6637 4577/2576/6657
f 4577/2576/6657 4398/2575/6656 4408/2556/6638
f 4421/2561/6643 4431/2577/6658 4578/2578/6659
f 4578/2578/6659 4569/2562/6644 4421/2561/6643
f 4431/2577/6658 4514/2563/6645 4572/2566/6648
f 4572/2566/6648 4578/2578/6659 4431/2577/6658
f 4543/2531/6612 4579/2579/6660 4580/2580/6661
f 4580/2580/6661 4544/2532/6613 4543/2531/6612
f 4581/2581/6662 4582/2582/6663 4558/2547/6629
f 4558/2547/6629 4546/2534/6615 4581/2581/6662
f 4544/2532/6613 4580/2580/6661 4583/2583/6664
f 4583/2583/6664 4584/2584/6665 4544/2532/6613
f 4561/2549/6631 4585/2585/6666 4586/2586/6667
f 4586/2586/6667 4562/2550/6632 4561/2549/6631
f 4558/2547/6629 4582/2582/6663 4585/2585/6666
f 4585/2585/6666 4561/2549/6631 4558/2547/6629
f 4586/2586/6667 4587/2587/6668 4564/2552/6634
f 4564/2552/6634 4562/2550/6632 4586/2586/6667
f 4564/2552/6634 4587/2587/6668 4579/2579/6660
f 4579/2579/6660 4543/2531/6612 4564/2552/6634
f 4369/2329/6382 4364/2588/6669 4563/2551/6633
f 4563/2551/6633 4373/2328/6381 4369/2329/6382
f 4563/2551/6633 4364/2588/6669 4363/2589/6670
f 4363/2589/6670 4560/2548/6630 4563/2551/6633
f 4560/2548/6630 4363/2589/6670 4347/2590/6671
f 4347/2590/6671 4559/2546/6628 4560/2548/6630
f 4550/2537/6618 4545/2591/6614 4547/2592/6616
f 4547/2592/6616 4551/2538/6619 4550/2537/6618
f 4347/2590/6671 4335/2593/6672 4547/2535/6616
f 4547/2535/6616 4559/2546/6628 4347/2590/6671
f 4335/2594/6672 4337/2595/6673 4551/2538/6619
f 4551/2538/6619 4547/2592/6616 4335/2594/6672
f 4337/2595/6673 4338/2596/6674 4548/2539/6620
f 4548/2539/6620 4551/2538/6619 4337/2595/6673
f 4338/2596/6674 4345/2597/6675 4556/2545/6627
f 4556/2545/6627 4548/2539/6620 4338/2596/6674
f 4556/2545/6627 4345/2597/6675 4346/2598/6593
f 4346/2598/6593 4555/2543/6624 4556/2545/6627
f 4555/2543/6624 4346/2598/6593 4533/2599/6592
f 4533/2599/6592 4552/2540/6621 4555/2543/6624
f 4533/2599/6592 4384/2600/6591 4576/2601/6655
f 4576/2601/6655 4552/2540/6621 4533/2599/6592
f 4575/2571/6653 4588/2602/6676 4576/2574/6655
f 4576/2574/6655 4385/2572/6654 4575/2571/6653
f 4589/2603/6677 4590/2604/6678 4591/2605/6679
f 4591/2605/6679 4592/2606/6680 4589/2603/6677
f 4594/2607/6681 4595/2608/6682 4596/2609/6683
f 4596/2609/6683 4593/2610/6684 4594/2607/6681
f 4591/2605/6679 4597/2611/6685 4598/2612/6686
f 4598/2612/6686 4592/2606/6680 4591/2605/6679
f 4599/2613/6687 4589/2603/6677 4592/2606/6680
f 4592/2606/6680 4594/2607/6681 4599/2613/6687
f 4599/2613/6687 4600/2614/6688 4601/2615/6689
f 4601/2615/6689 4589/2603/6677 4599/2613/6687
f 4594/2607/6681 4593/2610/6684 4602/2616/6690
f 4602/2616/6690 4599/2613/6687 4594/2607/6681
f 4602/2616/6690 4603/2617/6691 4600/2614/6688
f 4600/2614/6688 4599/2613/6687 4602/2616/6690
f 4607/2618/6692 4604/2619/6693 4605/2620/6694
f 4605/2620/6694 4606/2621/6695 4607/2618/6692
f 4606/2621/6695 4605/2620/6694 4608/2622/6696
f 4608/2622/6696 4609/2623/6697 4606/2621/6695
f 4604/2619/6693 4591/2605/6679 4590/2604/6678
f 4590/2604/6678 4605/2620/6694 4604/2619/6693
f 4610/2624/6698 4608/2622/6696 4605/2620/6694
f 4605/2620/6694 4590/2604/6678 4610/2624/6698
f 4612/2625/6699 4607/2618/6692 4606/2621/6695
f 4606/2621/6695 4611/2626/6700 4612/2625/6699
f 4611/2626/6700 4606/2621/6695 4609/2623/6697
f 4609/2623/6697 4613/2627/6701 4611/2626/6700
f 4598/2612/6686 4595/2608/6682 4594/2607/6681
f 4594/2607/6681 4592/2606/6680 4598/2612/6686
f 4614/2628/6702 4615/2629/6703 4604/2619/6693
f 4604/2619/6693 4607/2618/6692 4614/2628/6702
f 4615/2629/6703 4597/2611/6685 4591/2605/6679
f 4591/2605/6679 4604/2619/6693 4615/2629/6703
f 4616/2630/6704 4614/2628/6702 4607/2618/6692
f 4607/2618/6692 4612/2625/6699 4616/2630/6704
f 4537/2524/6603 4536/2522/6604 4535/2521/6705
f 4535/2521/6705 4617/2631/6706 4537/2524/6603
f 4532/2514/6605 4537/2524/6603 4617/2631/6706
f 4617/2631/6706 4539/2526/6707 4532/2514/6605
f 4610/2624/6698 4590/2604/6678 4589/2603/6677
f 4589/2603/6677 4601/2615/6689 4610/2624/6698
f 4613/2632/6708 4583/2633/6709 4580/2634/6710
f 4580/2634/6710 4611/2635/6711 4613/2632/6708
f 4611/2635/6711 4580/2634/6710 4579/2636/6712
f 4579/2636/6712 4612/2637/6713 4611/2635/6711
f 4549/2638/6714 4596/2639/6715 4595/2640/6716
f 4595/2640/6716 4550/2641/6717 4549/2638/6714
f 4545/2642/6718 4550/2641/6717 4595/2640/6716
f 4595/2640/6716 4598/2643/6719 4545/2642/6718
f 4598/2643/6719 4597/2644/6720 4581/2645/6721
f 4581/2645/6721 4545/2642/6718 4598/2643/6719
f 4615/2646/6722 4585/2647/6723 4582/2648/6724
f 4582/2648/6724 4597/2644/6720 4615/2646/6722
f 4614/2649/6725 4586/2650/6726 4585/2647/6723
f 4585/2647/6723 4615/2646/6722 4614/2649/6725
f 4616/2651/6727 4587/2652/6728 4586/2650/6726
f 4586/2650/6726 4614/2649/6725 4616/2651/6727
f 4587/2652/6728 4616/2651/6727 4612/2637/6713
f 4612/2637/6713 4579/2636/6712 4587/2652/6728
f 4582/2648/6724 4581/2645/6721 4597/2644/6720
f 4545/2533/6614 4581/2581/6662 4546/2534/6615
f 4447/2404/6457 4477/2437/6729 4480/2436/6730
f 4480/2436/6730 4448/2405/6458 4447/2404/6457
f 4451/2408/6461 4481/2438/6731 4484/2441/6732
f 4484/2441/6732 4452/2409/6462 4451/2408/6461
f 4447/2404/6457 4446/2403/6456 4453/2410/6463
f 4453/2410/6463 4452/2409/6462 4447/2404/6457
f 4485/2443/6501 4449/2406/6459 4448/2405/6458
f 4496/2455/6519 4453/2410/6463 4446/2403/6456
f 4446/2403/6456 4497/2456/6520 4496/2455/6519
f 4446/2403/6456 4449/2406/6459 4494/2453/6517
f 4494/2453/6517 4497/2456/6520 4446/2403/6456
f 4499/2458/6522 4450/2407/6460 4453/2410/6463
f 4453/2410/6463 4496/2455/6519 4499/2458/6522
f 4449/2406/6459 4485/2443/6501 4495/2454/6518
f 4495/2454/6518 4494/2453/6517 4449/2406/6459
f 4468/2425/6479 4495/2503/6518 4471/2428/6482
f 4516/2477/6547 4524/2493/6566 4470/2427/6481
f 4470/2427/6481 4469/2426/6480 4516/2477/6547
f 4374/2330/6383 4372/2325/6378 4544/2532/6613
f 4544/2532/6613 4584/2584/6665 4374/2330/6383
f 4343/2296/6733 4352/2305/6734 4379/2653/6389
f 4379/2653/6389 4378/2654/6388 4343/2296/6733
f 4344/2297/6735 4343/2296/6733 4378/2654/6388
f 4344/2297/6735 4378/2654/6388 4375/2655/6385
f 4344/2297/6735 4375/2655/6385 4384/2656/6395
f 4531/2513/6589 4381/2512/6391 4379/2653/6389
f 4379/2653/6389 4352/2305/6734 4531/2513/6589
f 4568/2657/6736 4567/2658/6737 4618/2659/6738
f 4618/2659/6738 4619/2660/6739 4568/2657/6736
f 4567/2658/6737 4569/2661/6740 4620/2662/6741
f 4620/2662/6741 4618/2659/6738 4567/2658/6737
f 4565/2663/6742 4573/2664/6743 4621/2665/6744
f 4621/2665/6744 4622/2666/6745 4565/2663/6746
f 4573/2664/6743 4568/2657/6736 4619/2660/6739
f 4619/2660/6739 4621/2665/6744 4573/2664/6743
f 4569/2661/6740 4578/2667/6747 4623/2668/6748
f 4623/2668/6748 4620/2662/6741 4569/2661/6740
f 4578/2667/6747 4572/2669/6749 4624/2670/6750
f 4624/2670/6750 4623/2668/6748 4578/2667/6747
f 4572/2669/6749 4571/2671/6751 4625/2672/6752
f 4625/2672/6752 4624/2670/6750 4572/2669/6749
f 4390/2347/6400 4393/2350/6403 4401/2358/6411
f 4393/2350/6403 4380/2337/6390 4401/2358/6411
f 4401/2358/6411 4380/2337/6390 4383/2340/6393
f 4382/2339/6392 4542/2528/6609 4400/2357/6410
f 4400/2357/6410 4383/2340/6393 4382/2339/6392
f 4542/2528/6609 4626/2673/6753 4420/2376/6429
f 4420/2376/6429 4400/2357/6410 4542/2528/6609
f 4627/2674/6754 4525/2675/6567 4432/2390/6443
f 4432/2390/6443 4417/2377/6430 4627/2674/6754
f 4628/2676/6755 4498/2457/6521 4440/2397/6450
f 4440/2397/6450 4439/2396/6449 4628/2676/6755
f 4379/2336/6389 4383/2340/6393 4380/2337/6390
f 4538/2677/6606 4540/2529/6610 4382/2339/6392
f 4382/2339/6392 4530/2678/6588 4538/2677/6606
f 4541/2527/6608 4629/2679/6756 4626/2673/6753
f 4626/2673/6753 4542/2528/6609 4541/2527/6608
f 4630/2680/6757 4631/2681/6758 4525/2675/6567
f 4525/2675/6567 4627/2674/6754 4630/2680/6757
f 4631/2682/6758 4628/2676/6755 4439/2396/6449
f 4439/2396/6449 4525/2498/6567 4631/2682/6758
f 4438/2395/6448 4457/2414/6467 4433/2496/6442
f 4433/2496/6442 4432/2497/6443 4438/2395/6448
f 4457/2414/6467 4438/2395/6448 4441/2398/6451
f 4441/2398/6451 4436/2393/6446 4457/2414/6467
f 4436/2393/6446 4441/2398/6451 4497/2456/6520
f 4497/2456/6520 4494/2453/6517 4436/2393/6446
f 4419/2375/6428 4390/2347/6400 4400/2357/6410
f 4400/2357/6410 4420/2376/6429 4419/2375/6428
f 4430/2387/6440 4515/2474/6546 4424/2381/6434
f 4424/2381/6434 4423/2380/6433 4430/2387/6440
f 4427/2384/6437 4570/2683/6759 4514/2473/6545
f 4514/2473/6545 4428/2385/6438 4427/2384/6437
f 4391/2348/6401 4390/2347/6400 4419/2375/6428
f 4419/2375/6428 4423/2380/6433 4391/2348/6401
f 4424/2381/6434 4515/2474/6546 4429/2386/6439
f 4429/2386/6439 4428/2385/6438 4424/2381/6434
f 4626/2673/6753 4627/2674/6754 4417/2377/6430
f 4417/2377/6430 4420/2376/6429 4626/2673/6753
f 4629/2679/6756 4630/2680/6757 4627/2674/6754
f 4627/2674/6754 4626/2673/6753 4629/2679/6756
f 4553/2541/6622 4552/2540/6621 4576/2601/6655
f 4576/2601/6655 4588/2684/6676 4553/2541/6622
f 4618/2659/6738 4632/2685/6760 4633/2686/6761
f 4633/2686/6761 4619/2660/6739 4618/2659/6738
f 4618/2659/6738 4620/2662/6741 4634/2687/6762
f 4634/2687/6762 4632/2685/6760 4618/2659/6738
f 4621/2665/6744 4635/2688/6763 4636/2689/6764
f 4636/2689/6764 4622/2666/6745 4621/2665/6744
f 4619/2660/6739 4633/2686/6761 4635/2688/6763
f 4635/2688/6763 4621/2665/6744 4619/2660/6739
f 4620/2662/6741 4623/2668/6748 4637/2690/6765
f 4637/2690/6765 4634/2687/6762 4620/2662/6741
f 4624/2670/6750 4625/2672/6752 4637/2690/6765
f 4637/2690/6765 4623/2668/6748 4624/2670/6750
f 4639/2691/6766 4640/2692/6767 4641/2693/6768
f 4641/2693/6768 4638/2694/6769 4639/2691/6766
f 4641/2693/6768 4640/2692/6767 4642/2695/6770
f 4642/2695/6770 4643/2696/6771 4641/2693/6768
f 4643/2696/6771 4642/2695/6770 4644/2697/6772
f 4644/2697/6772 4645/2698/6773 4643/2696/6771
f 4644/2697/6772 4646/2699/6774 4647/2700/6775
f 4647/2700/6775 4645/2698/6773 4644/2697/6772
f 4646/2699/6774 4648/2701/6776 4649/2702/6777
f 4649/2702/6777 4647/2700/6775 4646/2699/6774
f 4648/2701/6776 4650/2703/6778 4651/2704/6779
f 4651/2704/6779 4649/2702/6777 4648/2701/6776
f 4639/2691/6766 4638/2694/6769 4652/2705/6780
f 4652/2705/6780 4653/2706/6780 4639/2691/6766
f 4654/2707/6781 4655/2708/6782 4651/2704/6779
f 4651/2704/6779 4650/2703/6778 4654/2707/6781
f 4640/2692/6783 4639/2691/6784 4656/2709/6785
f 4656/2709/6785 4657/2710/6786 4640/2692/6783
f 4638/2694/6787 4641/2693/6788 4658/2711/6789
f 4658/2711/6789 4659/2712/6790 4638/2694/6787
f 4642/2695/6791 4640/2692/6783 4657/2710/6786
f 4657/2710/6786 4660/2713/6792 4642/2695/6791
f 4641/2693/6788 4643/2696/6793 4661/2714/6794
f 4661/2714/6794 4658/2711/6789 4641/2693/6788
f 4644/2697/6795 4642/2695/6791 4660/2713/6792
f 4660/2713/6792 4662/2715/6796 4644/2697/6795
f 4643/2696/6793 4645/2698/6797 4663/2716/6798
f 4663/2716/6798 4661/2714/6794 4643/2696/6793
f 4646/2699/6799 4644/2697/6795 4662/2715/6796
f 4662/2715/6796 4664/2717/6800 4646/2699/6799
f 4645/2698/6797 4647/2700/6801 4665/2718/6802
f 4665/2718/6802 4663/2716/6798 4645/2698/6797
f 4648/2701/6803 4646/2699/6799 4664/2717/6800
f 4664/2717/6800 4666/2719/6804 4648/2701/6803
f 4647/2700/6801 4649/2702/6805 4667/2720/6806
f 4667/2720/6806 4665/2718/6802 4647/2700/6801
f 4650/2703/6807 4648/2701/6803 4666/2719/6804
f 4666/2719/6804 4668/2721/6808 4650/2703/6807
f 4651/2704/6809 4655/2708/1270 4669/2722/1270
f 4669/2722/1270 4670/2723/6810 4651/2704/6809
f 4652/2705/6811 4638/2694/6787 4659/2712/6790
f 4659/2712/6790 4671/2724/6812 4652/2705/6811
f 4639/2691/6784 4653/2706/6813 4672/2725/6814
f 4672/2725/6814 4656/2709/6785 4639/2691/6784
f 4653/2706/6815 4652/2705/6815 4671/2726/6815
f 4671/2726/6815 4672/2727/6815 4653/2706/6815
f 4649/2702/6805 4651/2704/6809 4670/2723/6810
f 4670/2723/6810 4667/2720/6806 4649/2702/6805
f 4528/2530/6611 4328/2279/6332 4327/2278/6331
f 4381/2338/6391 4530/2678/6588 4382/2339/6392
f 4650/2703/6807 4668/2721/6808 4673/2728/1268
f 4673/2728/1268 4654/2707/1268 4650/2703/6807
f 4676/2729/6816 4677/2730/6817 4674/2731/6818
f 4674/2731/6818 4675/2732/6819 4676/2729/6816
f 4678/2733/6820 4679/2734/6821 4677/2730/6817
f 4677/2730/6817 4676/2729/6816 4678/2733/6820
f 4680/2735/6822 4681/2736/6823 4682/2737/6824
f 4682/2737/6824 4683/2738/6825 4680/2735/6822
f 4684/2739/6826 4685/2740/6827 4686/2741/6828
f 4686/2741/6828 4683/2738/6825 4684/2739/6826
f 4686/2741/6828 4685/2740/6827 4687/2742/6829
f 4687/2742/6829 4679/2734/6821 4686/2741/6828
f 4688/2743/6830 4689/2744/6831 4690/2745/6832
f 4690/2745/6832 4691/2746/6833 4688/2743/6830
f 4690/2745/6832 4692/2747/6834 4693/2748/6835
f 4693/2748/6835 4691/2746/6833 4690/2745/6832
f 4679/2734/6821 4687/2742/6829 4694/2749/6836
f 4694/2749/6836 4677/2730/6817 4679/2734/6821
f 4677/2730/6817 4694/2749/6836 4695/2750/6837
f 4695/2750/6837 4674/2731/6818 4677/2730/6817
f 4683/2738/6825 4682/2737/6824 4696/2751/6838
f 4696/2751/6838 4684/2739/6826 4683/2738/6825
f 4697/2752/6839 4680/2735/6822 4683/2738/6825
f 4683/2738/6825 4686/2741/6828 4697/2752/6839
f 4349/2302/6355 4680/2735/6822 4697/2752/6839
f 4697/2752/6839 4350/2303/6356 4349/2302/6355
f 4686/2741/6828 4679/2734/6821 4678/2733/6820
f 4678/2733/6820 4697/2752/6839 4686/2741/6828
f 4693/2748/6835 4698/2753/6840 4699/2754/6841
f 4699/2754/6841 4691/2746/6833 4693/2748/6835
f 4700/2755/6842 4688/2743/6830 4691/2746/6833
f 4691/2746/6833 4699/2754/6841 4700/2755/6842
f 4676/2729/6816 4354/2308/6361 4355/2307/6360
f 4355/2307/6360 4678/2733/6820 4676/2729/6816
f 4349/2302/6355 4356/2309/6362 4681/2736/6823
f 4681/2736/6823 4680/2735/6822 4349/2302/6355
f 4678/2733/6820 4355/2307/6360 4350/2303/6356
f 4350/2303/6356 4697/2752/6839 4678/2733/6820
f 4357/2310/6363 4354/2308/6361 4701/2756/6843
f 4705/2757/6844 4702/2758/6845 4703/2759/6846
f 4703/2759/6846 4704/2760/6847 4705/2757/6844
f 4702/2758/6845 4705/2757/6844 4707/2761/6848
f 4707/2761/6848 4706/2762/6849 4702/2758/6845
f 4704/2760/6847 4703/2759/6846 4366/2319/6372
f 4366/2319/6372 4365/2318/6371 4704/2760/6847
f 4702/2758/6845 4682/2737/6824 4681/2736/6823
f 4681/2736/6823 4703/2759/6846 4702/2758/6845
f 4682/2737/6824 4702/2758/6845 4706/2762/6849
f 4706/2762/6849 4696/2751/6838 4682/2737/6824
f 4703/2759/6846 4681/2736/6823 4356/2309/6362
f 4356/2309/6362 4366/2319/6372 4703/2759/6846
f 4709/2763/6850 4705/2757/6844 4704/2760/6847
f 4704/2760/6847 4708/2764/6851 4709/2763/6850
f 4705/2757/6844 4709/2763/6850 4710/2765/6852
f 4710/2765/6852 4707/2761/6848 4705/2757/6844
f 4708/2764/6851 4704/2760/6847 4365/2318/6371
f 4365/2318/6371 4370/2323/6376 4708/2764/6851
f 4712/2766/6853 4709/2767/6854 4708/2768/6855
f 4708/2768/6855 4711/2769/6856 4712/2766/6853
f 4709/2767/6854 4712/2766/6853 4713/2770/6857
f 4713/2770/6857 4710/2771/6858 4709/2767/6854
f 4711/2769/6856 4708/2768/6855 4370/2331/6384
f 4370/2331/6384 4374/2330/6383 4711/2769/6856
f 4714/2772/6859 4715/2773/6860 4716/2774/6861
f 4717/2775/6862 4718/2776/6863 4719/2777/6864
f 4722/2778/6865 4719/2777/6864 4720/2779/6866
f 4720/2779/6866 4721/2780/6867 4722/2778/6865
f 4714/2772/6859 4723/2781/6868 4724/2782/6869
f 4724/2782/6869 4715/2773/6860 4714/2772/6859
f 4728/2783/6870 4725/2784/6871 4726/2785/6872
f 4726/2785/6872 4727/2786/6873 4728/2783/6870
f 4729/2787/6874 4730/2788/6875 4731/2789/6876
f 4731/2789/6876 4732/2790/6877 4729/2787/6874
f 4733/2791/6878 4734/2792/6879 4735/2793/6880
f 4735/2793/6880 4736/2794/6881 4733/2791/6878
f 4727/2786/6873 4737/2795/6882 4738/2796/6883
f 4738/2796/6883 4728/2783/6870 4727/2786/6873
f 4727/2786/6873 4726/2785/6872 4716/2774/6861
f 4716/2774/6861 4715/2773/6860 4727/2786/6873
f 4720/2779/6866 4739/2797/6884 4729/2787/6874
f 4729/2787/6874 4740/2798/6885 4720/2779/6866
f 4715/2773/6860 4724/2782/6869 4737/2795/6882
f 4737/2795/6882 4727/2786/6873 4715/2773/6860
f 4744/2799/6886 4741/2800/6887 4742/2801/6888
f 4742/2801/6888 4743/2802/6889 4744/2799/6886
f 4732/2790/6877 4731/2789/6876 4745/2803/6890
f 4745/2803/6890 4746/2804/6891 4732/2790/6877
f 4728/2783/6870 4738/2796/6883 4747/2805/6892
f 4747/2805/6892 4743/2802/6889 4728/2783/6870
f 4748/2806/6893 4749/2807/6894 4750/2808/6895
f 4750/2808/6895 4751/2809/6896 4748/2806/6893
f 4752/2810/6897 4753/2811/6898 4415/2812/6425
f 4415/2812/6425 4414/2813/6424 4752/2810/6897
f 4717/2775/6862 4716/2774/6861 4718/2776/6863
f 4718/2776/6863 4716/2774/6861 4726/2785/6872
f 4726/2785/6872 4730/2788/6875 4718/2776/6863
f 4730/2788/6875 4726/2785/6872 4725/2784/6871
f 4725/2784/6871 4731/2789/6876 4730/2788/6875
f 4731/2789/6876 4725/2784/6871 4742/2801/6888
f 4742/2801/6888 4745/2803/6890 4731/2789/6876
f 4714/2772/6859 4716/2774/6861 4717/2775/6862
f 4757/2814/6899 4754/2815/6900 4755/2816/6901
f 4755/2816/6901 4756/2817/6902 4757/2814/6899
f 4743/2802/6889 4742/2801/6888 4725/2784/6871
f 4725/2784/6871 4728/2783/6870 4743/2802/6889
f 4746/2804/6891 4745/2803/6890 4758/2818/6903
f 4758/2818/6903 4759/2819/6904 4746/2804/6891
f 4746/2804/6891 4760/2820/6905 4761/2821/6906
f 4761/2821/6906 4732/2790/6877 4746/2804/6891
f 4743/2802/6889 4747/2805/6892 4762/2822/6907
f 4762/2822/6907 4744/2799/6886 4743/2802/6889
f 4426/2383/6436 4763/2823/6908 4764/2824/6909
f 4764/2824/6909 4427/2384/6437 4426/2383/6436
f 4745/2803/6890 4742/2801/6888 4741/2800/6887
f 4741/2800/6887 4758/2818/6903 4745/2803/6890
f 4761/2821/6906 4765/2825/6910 4757/2814/6899
f 4757/2814/6899 4756/2817/6902 4761/2821/6906
f 4759/2819/6904 4766/2826/6911 4760/2820/6905
f 4760/2820/6905 4746/2804/6891 4759/2819/6904
f 4768/2827/6912 4767/2828/6913 4754/2815/6900
f 4754/2815/6900 4757/2814/6899 4768/2827/6912
f 4414/2813/6424 4435/2829/6445 4769/2830/6914
f 4769/2830/6914 4752/2810/6897 4414/2813/6424
f 4733/2791/6878 4770/2831/6915 4771/2832/6916
f 4771/2832/6916 4734/2792/6879 4733/2791/6878
f 4772/2833/6917 4773/2834/6918 4774/2835/6919
f 4774/2835/6919 4775/2836/6920 4772/2833/6917
f 4777/2837/6921 4776/2838/6922 4445/2401/6454
f 4445/2401/6454 4444/2400/6453 4777/2837/6921
f 4778/2839/6923 4779/2840/6924 4780/2841/6925
f 4780/2841/6925 4781/2842/6926 4778/2839/6923
f 4450/2407/6460 4782/2843/6927 4783/2844/6928
f 4783/2844/6928 4451/2408/6461 4450/2407/6460
f 4455/2411/6464 4454/2413/6466 4750/2808/6895
f 4750/2808/6895 4784/2845/6929 4455/2411/6464
f 4734/2792/6879 4771/2832/6916 4785/2846/6930
f 4788/2847/6931 4749/2807/6932 4786/2848/6933
f 4786/2848/6933 4787/2849/6934 4788/2847/6931
f 4748/2806/6893 4751/2809/6896 4789/2850/6935
f 4789/2850/6935 4790/2851/6936 4748/2806/6893
f 4794/2852/6937 4791/2853/6938 4792/2854/6939
f 4792/2854/6939 4793/2855/6940 4794/2852/6937
f 4467/2424/6478 4470/2427/6481 4795/2856/6941
f 4795/2856/6941 4796/2857/6942 4467/2424/6478
f 4797/2858/6943 4798/2859/6944 4799/2860/6945
f 4799/2860/6945 4800/2861/6946 4797/2858/6943
f 4801/2862/6947 4777/2837/6948 4444/2400/6488
f 4444/2400/6488 4476/2433/6487 4801/2862/6947
f 4805/2863/6949 4802/2864/6950 4803/2865/6951
f 4803/2865/6951 4804/2866/6952 4805/2863/6949
f 4481/2438/6494 4806/2867/6953 4807/2868/6954
f 4807/2868/6954 4482/2439/6495 4481/2438/6494
f 4780/2841/6955 4808/2869/6956 4809/2870/6957
f 4809/2870/6957 4803/2865/6958 4780/2841/6955
f 4802/2864/6959 4806/2867/6960 4783/2844/6961
f 4783/2844/6961 4781/2842/6962 4802/2864/6959
f 4800/2861/6963 4799/2860/6964 4810/2871/6965
f 4810/2871/6965 4811/2872/6966 4800/2861/6963
f 4489/2446/6510 4793/2855/6940 4812/2873/6967
f 4812/2873/6967 4490/2447/6511 4489/2446/6510
f 4777/2837/6921 4799/2860/6945 4798/2859/6944
f 4798/2859/6944 4776/2838/6922 4777/2837/6921
f 4812/2873/6968 4792/2854/6969 4813/2874/6970
f 4813/2874/6970 4814/2875/6971 4812/2873/6968
f 4467/2876/6478 4796/2877/6942 4769/2830/6914
f 4769/2830/6914 4435/2829/6445 4467/2876/6478
f 4816/2878/6972 4771/2832/6916 4770/2831/6915
f 4770/2831/6915 4815/2879/6973 4816/2878/6972
f 4774/2835/6919 4773/2834/6918 4817/2880/6974
f 4817/2880/6974 4818/2881/6975 4774/2835/6919
f 4498/2457/6521 4774/2835/6919 4818/2881/6975
f 4818/2881/6975 4499/2458/6522 4498/2457/6521
f 4791/2853/6938 4794/2852/6937 4819/2882/6976
f 4819/2882/6976 4820/2883/6977 4791/2853/6938
f 4502/2461/6525 4794/2852/6937 4793/2855/6940
f 4793/2855/6940 4489/2446/6510 4502/2461/6525
f 4812/2873/6967 4793/2855/6940 4792/2854/6939
f 4751/2809/6896 4750/2808/6895 4454/2413/6466
f 4454/2413/6466 4503/2462/6526 4751/2809/6896
f 4824/2884/6978 4821/2885/6979 4822/2886/6980
f 4822/2886/6980 4823/2887/6981 4824/2884/6978
f 4790/2851/6982 4789/2850/6983 4825/2888/6984
f 4825/2888/6984 4826/2889/6985 4790/2851/6982
f 4812/2873/6967 4814/2875/6986 4510/2469/6535
f 4510/2469/6535 4490/2447/6511 4812/2873/6967
f 4748/2806/6893 4790/2851/6936 4786/2848/6987
f 4786/2848/6987 4749/2807/6894 4748/2806/6893
f 4511/2470/6538 4789/2850/6935 4751/2809/6896
f 4751/2809/6896 4503/2462/6526 4511/2470/6538
f 4821/2885/6988 4813/2874/6989 4792/2854/6939
f 4792/2854/6939 4791/2853/6938 4821/2885/6988
f 4814/2875/6990 4813/2874/6991 4827/2890/6992
f 4827/2890/6992 4828/2891/6993 4814/2875/6990
f 4766/2826/6911 4829/2892/6994 4764/2824/6909
f 4764/2824/6909 4760/2820/6905 4766/2826/6911
f 4763/2823/6908 4753/2893/6898 4736/2894/6881
f 4736/2894/6881 4830/2895/6995 4763/2823/6908
f 4752/2810/6897 4769/2830/6914 4770/2831/6915
f 4770/2831/6915 4733/2791/6878 4752/2810/6897
f 4770/2831/6915 4769/2830/6914 4796/2877/6942
f 4796/2877/6942 4815/2879/6973 4770/2831/6915
f 4796/2857/6942 4795/2856/6941 4798/2859/6944
f 4798/2859/6944 4797/2858/6943 4796/2857/6942
f 4798/2859/6944 4795/2856/6941 4831/2896/6996
f 4831/2896/6996 4776/2838/6922 4798/2859/6944
f 4814/2875/6990 4828/2891/6993 4517/2478/6549
f 4517/2478/6549 4510/2469/6548 4814/2875/6990
f 4790/2851/6982 4826/2889/6985 4832/2897/6997
f 4832/2897/6997 4786/2848/6998 4790/2851/6982
f 4519/2480/6552 4825/2888/6984 4789/2850/6983
f 4789/2850/6983 4511/2470/6553 4519/2480/6552
f 4824/2884/6978 4827/2890/6992 4813/2874/6991
f 4813/2874/6991 4821/2885/6979 4824/2884/6978
f 4800/2861/6963 4811/2872/6966 4833/2898/6999
f 4833/2898/6999 4834/2899/7000 4800/2861/6963
f 4805/2863/6949 4807/2868/6954 4806/2867/6953
f 4806/2867/6953 4802/2864/6950 4805/2863/6949
f 4801/2862/6947 4810/2871/6965 4799/2860/6964
f 4799/2860/6964 4777/2837/6948 4801/2862/6947
f 4828/2891/6993 4801/2900/7001 4476/2483/6556
f 4476/2483/6556 4517/2478/6549 4828/2891/6993
f 4832/2897/6997 4826/2889/6985 4805/2901/7002
f 4805/2901/7002 4804/2902/7003 4832/2897/6997
f 4825/2888/6984 4519/2480/6552 4482/2488/6561
f 4482/2488/6561 4807/2903/7004 4825/2888/6984
f 4827/2890/6992 4824/2884/6978 4811/2904/7005
f 4811/2904/7005 4810/2905/7006 4827/2890/6992
f 4804/2902/7003 4835/2906/7007 4836/2907/7008
f 4836/2907/7008 4832/2897/6997 4804/2902/7003
f 4826/2889/6985 4825/2888/6984 4807/2903/7004
f 4807/2903/7004 4805/2901/7002 4826/2889/6985
f 4828/2891/6993 4827/2890/6992 4810/2905/7006
f 4810/2905/7006 4801/2900/7001 4828/2891/6993
f 4445/2401/6454 4776/2838/6922 4831/2896/6996
f 4831/2896/6996 4524/2493/6566 4445/2401/6454
f 4757/2814/6899 4765/2825/6910 4735/2908/6880
f 4735/2908/6880 4768/2827/6912 4757/2814/6899
f 4736/2894/6881 4735/2908/6880 4765/2825/6910
f 4765/2825/6910 4830/2895/6995 4736/2894/6881
f 4426/2383/6436 4415/2495/6425 4753/2893/6898
f 4753/2893/6898 4763/2823/6908 4426/2383/6436
f 4733/2791/6878 4736/2794/6881 4753/2811/6898
f 4753/2811/6898 4752/2810/6897 4733/2791/6878
f 4768/2909/6912 4735/2793/6880 4734/2792/6879
f 4734/2792/6879 4785/2846/6930 4768/2909/6912
f 4767/2910/6913 4772/2833/6917 4775/2836/6920
f 4775/2836/6920 4837/2911/7009 4767/2910/6913
f 4526/2499/6568 4819/2882/6976 4794/2852/6937
f 4794/2852/6937 4502/2461/6525 4526/2499/6568
f 4820/2883/6977 4822/2886/7010 4821/2885/6988
f 4821/2885/6988 4791/2853/6938 4820/2883/6977
f 4749/2807/6894 4788/2847/6931 4784/2845/6929
f 4784/2845/6929 4750/2808/6895 4749/2807/6894
f 4803/2865/6951 4809/2870/7011 4835/2912/7012
f 4835/2912/7012 4804/2866/6952 4803/2865/6951
f 4823/2887/6981 4833/2913/7013 4811/2904/7005
f 4811/2904/7005 4824/2884/6978 4823/2887/6981
f 4832/2897/6997 4836/2907/7008 4787/2849/7014
f 4787/2849/7014 4786/2848/6998 4832/2897/6997
f 4800/2861/6946 4834/2899/7015 4838/2914/7016
f 4838/2914/7016 4797/2858/6943 4800/2861/6946
f 4838/2914/7016 4815/2915/6973 4797/2858/6943
f 4455/2411/6464 4784/2845/6929 4819/2882/7017
f 4819/2882/7017 4526/2499/6576 4455/2411/6464
f 4788/2847/6931 4787/2849/6934 4822/2886/7018
f 4822/2886/7018 4820/2883/7019 4788/2847/6931
f 4809/2916/6957 4808/2917/6956 4838/2914/7016
f 4838/2914/7016 4834/2899/7015 4809/2916/6957
f 4788/2847/6931 4820/2883/7019 4819/2882/7017
f 4819/2882/7017 4784/2845/6929 4788/2847/6931
f 4823/2887/6981 4822/2886/6980 4787/2849/7014
f 4787/2849/7014 4836/2907/7008 4823/2887/6981
f 4809/2916/7011 4834/2899/7020 4833/2898/7021
f 4833/2898/7021 4835/2918/7012 4809/2916/7011
f 4836/2907/7008 4835/2906/7007 4833/2913/7013
f 4833/2913/7013 4823/2887/6981 4836/2907/7008
f 4808/2917/6956 4815/2915/6973 4838/2914/7016
f 4674/2919/7022 4688/2743/7023 4700/2755/7024
f 4700/2755/7024 4675/2920/7025 4674/2919/7022
f 4675/2920/7025 4700/2755/7024 4839/2921/7026
f 4839/2921/7026 4840/2922/7027 4675/2920/7025
f 4841/2923/7028 4842/2924/7029 4843/2925/7030
f 4843/2925/7030 4722/2926/6865 4841/2923/7028
f 4692/2747/6834 4690/2745/6832 4844/2927/7031
f 4844/2927/7031 4723/2928/7032 4692/2747/6834
f 4844/2929/7031 4690/2745/6832 4689/2744/6831
f 4689/2744/6831 4695/2930/7033 4844/2929/7031
f 4845/2931/7034 4839/2921/7035 4700/2755/6842
f 4700/2755/6842 4699/2754/6841 4845/2931/7034
f 4845/2931/7034 4699/2754/6841 4698/2753/6840
f 4698/2753/6840 4843/2925/7036 4845/2931/7034
f 4846/2932/7037 4535/2521/6600 4357/2520/6599
f 4357/2520/6599 4701/2933/7038 4846/2932/7037
f 4847/2934/7039 4846/2932/7040 4839/2921/7035
f 4839/2921/7035 4845/2931/7034 4847/2934/7039
f 4842/2924/7041 4847/2934/7039 4845/2931/7034
f 4845/2931/7034 4843/2925/7036 4842/2924/7041
f 4842/2924/7029 4841/2923/7028 4538/2525/6606
f 4538/2525/6606 4539/2526/6607 4842/2924/7029
f 4541/2527/6608 4540/2529/6610 4721/2780/6867
f 4721/2780/6867 4848/2935/7042 4541/2527/6608
f 4846/2932/7037 4701/2933/7038 4840/2922/7027
f 4840/2922/7027 4839/2921/7026 4846/2932/7037
f 4840/2936/7043 4701/2756/6843 4354/2308/6361
f 4354/2308/6361 4676/2729/6816 4840/2936/7043
f 4712/2766/6853 4711/2769/6856 4849/2937/7044
f 4849/2937/7044 4850/2938/7045 4712/2766/6853
f 4851/2939/7046 4852/2940/7047 4853/2941/7048
f 4855/2942/7049 4856/2943/7050 4857/2944/7051
f 4857/2944/7051 4854/2945/7052 4855/2942/7049
f 4858/2946/7053 4859/2947/7054 4860/2948/7055
f 4860/2948/7055 4861/2949/7056 4858/2946/7053
f 4862/2950/7057 4854/2945/7052 4857/2944/7051
f 4857/2944/7051 4863/2951/7058 4862/2950/7057
f 4862/2950/7057 4863/2951/7058 4860/2948/7055
f 4860/2948/7055 4859/2947/7054 4862/2950/7057
f 4864/2952/7059 4865/2953/7060 4853/2941/7048
f 4853/2941/7048 4852/2940/7047 4864/2952/7059
f 4866/2954/7061 4867/2955/7062 4868/2956/7063
f 4868/2956/7063 4869/2957/7064 4866/2954/7061
f 4864/2952/7059 4866/2954/7061 4869/2957/7064
f 4869/2957/7064 4865/2953/7060 4864/2952/7059
f 4868/2956/7063 4867/2955/7062 4713/2770/6857
f 4713/2770/6857 4870/2958/7065 4868/2956/7063
f 4712/2766/6853 4850/2938/7045 4870/2958/7065
f 4870/2958/7065 4713/2770/6857 4712/2766/6853
f 4871/2959/7066 4872/2960/7067 4762/2961/7068
f 4762/2961/7068 4747/2962/7069 4871/2959/7066
f 4741/2963/7070 4873/2964/7071 4874/2965/7072
f 4874/2965/7072 4758/2966/7073 4741/2963/7070
f 4758/2966/7073 4874/2965/7072 4875/2967/7074
f 4875/2967/7074 4759/2968/7075 4758/2966/7073
f 4829/2969/7076 4876/2970/7077 4571/2971/6647
f 4571/2971/6647 4570/2972/6646 4829/2969/7076
f 4872/2960/7078 4877/2973/7079 4744/2974/7080
f 4744/2974/7080 4762/2961/7081 4872/2960/7078
f 4878/2975/7082 4879/2976/7083 4737/2977/7084
f 4737/2977/7084 4724/2978/7085 4878/2975/7082
f 4723/2979/7032 4880/2980/7086 4724/2978/7085
f 4879/2976/7083 4881/2981/7087 4738/2982/7088
f 4738/2982/7088 4737/2977/7084 4879/2976/7083
f 4877/2973/7079 4873/2964/7071 4741/2963/7070
f 4741/2963/7070 4744/2974/7080 4877/2973/7079
f 4881/2981/7087 4871/2959/7066 4747/2962/7069
f 4747/2962/7069 4738/2982/7088 4881/2981/7087
f 4759/2968/7075 4875/2967/7074 4882/2983/7089
f 4882/2983/7089 4766/2984/7090 4759/2968/7075
f 4766/2984/7090 4882/2983/7089 4876/2970/7077
f 4876/2970/7077 4829/2969/7076 4766/2984/7090
f 4850/2938/7045 4849/2937/7044 4883/2985/7091
f 4883/2985/7091 4884/2986/7092 4850/2938/7045
f 4886/2987/7093 4853/2941/7048 4865/2953/7060
f 4865/2953/7060 4885/2988/7094 4886/2987/7093
f 4849/2937/7044 4584/2584/6665 4583/2583/6664
f 4583/2583/6664 4883/2985/7091 4849/2937/7044
f 4869/2957/7064 4868/2956/7063 4887/2989/7095
f 4887/2989/7095 4888/2990/7096 4869/2957/7064
f 4865/2953/7060 4869/2957/7064 4888/2990/7096
f 4888/2990/7096 4885/2988/7094 4865/2953/7060
f 4887/2989/7095 4868/2956/7063 4870/2958/7065
f 4870/2958/7065 4889/2991/7097 4887/2989/7095
f 4870/2958/7065 4850/2938/7045 4884/2986/7092
f 4884/2986/7092 4889/2991/7097 4870/2958/7065
f 4710/2771/6858 4713/2770/6857 4867/2955/7062
f 4867/2955/7062 4707/2992/7098 4710/2771/6858
f 4867/2955/7062 4866/2954/7061 4706/2993/7099
f 4706/2993/7099 4707/2992/7098 4867/2955/7062
f 4866/2954/7061 4864/2952/7059 4696/2994/7100
f 4696/2994/7100 4706/2993/7099 4866/2954/7061
f 4852/2995/7047 4851/2996/7046 4856/2943/7050
f 4856/2943/7050 4855/2942/7049 4852/2995/7047
f 4696/2994/7100 4864/2952/7059 4852/2940/7047
f 4852/2940/7047 4684/2997/7101 4696/2994/7100
f 4684/2998/7101 4852/2995/7047 4855/2942/7049
f 4855/2942/7049 4685/2999/7102 4684/2998/7101
f 4685/2999/7102 4855/2942/7049 4854/2945/7052
f 4854/2945/7052 4687/3000/7103 4685/2999/7102
f 4687/3000/7103 4854/2945/7052 4862/2950/7057
f 4862/2950/7057 4694/3001/7104 4687/3000/7103
f 4862/2950/7057 4859/2947/7054 4695/3002/7033
f 4695/3002/7033 4694/3001/7104 4862/2950/7057
f 4859/2947/7054 4858/2946/7053 4844/3003/7031
f 4844/3003/7031 4695/3002/7033 4859/2947/7054
f 4880/3004/7086 4723/3005/7032 4844/3003/7031
f 4844/3003/7031 4858/2946/7053 4880/3004/7086
f 4724/2978/7085 4880/2980/7086 4890/3006/7105
f 4890/3006/7105 4878/2975/7082 4724/2978/7085
f 4891/3007/7106 4892/3008/7107 4893/3009/7108
f 4893/3009/7108 4894/3010/7109 4891/3007/7106
f 4896/3011/7110 4897/3012/7111 4898/3013/7112
f 4898/3013/7112 4895/3014/7113 4896/3011/7114
f 4899/3015/7115 4900/3016/7116 4893/3009/7108
f 4893/3009/7108 4892/3008/7107 4899/3015/7115
f 4901/3017/7117 4898/3013/7112 4892/3008/7107
f 4892/3008/7107 4891/3007/7106 4901/3017/7117
f 4901/3017/7117 4891/3007/7106 4601/2615/6689
f 4601/2615/6689 4600/2614/6688 4901/3017/7117
f 4898/3013/7112 4901/3017/7117 4902/3018/7118
f 4902/3018/7118 4895/3014/7113 4898/3013/7112
f 4902/3018/7118 4901/3017/7117 4600/2614/6688
f 4600/2614/6688 4603/2617/6691 4902/3018/7118
f 4904/3019/7119 4905/3020/7120 4906/3021/7121
f 4906/3021/7121 4903/3022/7122 4904/3019/7119
f 4905/3020/7120 4609/2623/6697 4608/2622/6696
f 4608/2622/6696 4906/3021/7121 4905/3020/7120
f 4903/3022/7122 4906/3021/7121 4894/3010/7109
f 4894/3010/7109 4893/3009/7108 4903/3022/7122
f 4610/2624/6698 4894/3010/7109 4906/3021/7121
f 4906/3021/7121 4608/2622/6696 4610/2624/6698
f 4907/3023/7123 4908/3024/7124 4905/3020/7120
f 4905/3020/7120 4904/3019/7119 4907/3023/7123
f 4908/3024/7124 4613/2627/6701 4609/2623/6697
f 4609/2623/6697 4905/3020/7120 4908/3024/7124
f 4892/3008/7107 4898/3013/7112 4897/3012/7111
f 4897/3012/7111 4899/3015/7115 4892/3008/7107
f 4909/3025/7125 4904/3019/7119 4903/3022/7122
f 4903/3022/7122 4910/3026/7126 4909/3025/7125
f 4903/3022/7122 4893/3009/7108 4900/3016/7116
f 4900/3016/7116 4910/3026/7126 4903/3022/7122
f 4911/3027/7127 4907/3023/7123 4904/3019/7119
f 4904/3019/7119 4909/3025/7125 4911/3027/7127
f 4847/2934/7039 4617/2631/6706 4535/2521/6705
f 4535/2521/6705 4846/2932/7040 4847/2934/7039
f 4617/2631/6706 4847/2934/7039 4842/2924/7041
f 4842/2924/7041 4539/2526/6707 4617/2631/6706
f 4610/2624/6698 4601/2615/6689 4891/3007/7106
f 4891/3007/7106 4894/3010/7109 4610/2624/6698
f 4613/3028/6708 4908/3029/7128 4883/3030/7129
f 4883/3030/7129 4583/3031/6709 4613/3028/6708
f 4908/3029/7128 4907/3032/7130 4884/3033/7131
f 4884/3033/7131 4883/3030/7129 4908/3029/7128
f 4857/3034/7132 4856/3035/7133 4897/3036/7134
f 4897/3036/7135 4896/3037/7136 4857/3034/7137
f 4851/3038/7138 4899/3039/7139 4897/3036/7134
f 4897/3036/7134 4856/3035/7133 4851/3038/7138
f 4899/3039/7139 4851/3038/7138 4886/3040/7140
f 4886/3040/7140 4900/3041/7141 4899/3039/7139
f 4910/3042/7142 4900/3041/7141 4885/3043/7143
f 4885/3043/7143 4888/3044/7144 4910/3042/7142
f 4909/3045/7145 4910/3042/7142 4888/3044/7144
f 4888/3044/7144 4887/3046/7146 4909/3045/7145
f 4911/3047/7147 4909/3045/7145 4887/3046/7146
f 4887/3046/7146 4889/3048/7148 4911/3047/7147
f 4889/3048/7148 4884/3033/7131 4907/3032/7130
f 4907/3032/7130 4911/3047/7147 4889/3048/7148
f 4885/3043/7143 4900/3041/7141 4886/3040/7140
f 4851/2939/7046 4853/2941/7048 4886/2987/7093
f 4781/2842/6926 4780/2841/6925 4803/2865/7149
f 4803/2865/7149 4802/2864/7150 4781/2842/6926
f 4451/2408/6461 4783/2844/6928 4806/2867/7151
f 4806/2867/7151 4481/2438/6731 4451/2408/6461
f 4781/2842/6926 4783/2844/6928 4782/2843/6927
f 4782/2843/6927 4778/2839/6923 4781/2842/6926
f 4808/2869/6956 4780/2841/6925 4779/2840/6924
f 4818/2881/6975 4817/2880/6974 4778/2839/6923
f 4778/2839/6923 4782/2843/6927 4818/2881/6975
f 4778/2839/6923 4817/2880/6974 4816/2878/6972
f 4816/2878/6972 4779/2840/6924 4778/2839/6923
f 4499/2458/6522 4818/2881/6975 4782/2843/6927
f 4782/2843/6927 4450/2407/6460 4499/2458/6522
f 4779/2840/6924 4816/2878/6972 4815/2879/6973
f 4815/2879/6973 4808/2869/6956 4779/2840/6924
f 4796/2857/6942 4797/2858/6943 4815/2915/6973
f 4831/2896/6996 4795/2856/6941 4470/2427/6481
f 4470/2427/6481 4524/2493/6566 4831/2896/6996
f 4374/2330/6383 4584/2584/6665 4849/2937/7044
f 4849/2937/7044 4711/2769/6856 4374/2330/6383
f 4689/2744/7152 4688/2743/7023 4674/2919/7022
f 4674/2919/7022 4695/3049/7153 4689/2744/7152
f 4719/3050/6864 4698/2753/7154 4693/2748/7155
f 4693/2748/7155 4717/3051/6862 4719/3050/6864
f 4714/3052/6859 4717/3051/6862 4693/2748/7155
f 4714/3052/6859 4693/2748/7155 4692/2747/7156
f 4723/3053/6868 4714/3052/6859 4692/2747/7156
f 4719/3050/6864 4722/2926/6865 4843/2925/7030
f 4843/2925/7030 4698/2753/7154 4719/3050/6864
f 4873/3054/7157 4912/3055/7158 4913/3056/7159
f 4913/3056/7159 4874/3057/7160 4873/3054/7157
f 4913/3056/7159 4914/3058/7161 4875/3059/7162
f 4875/3059/7162 4874/3057/7160 4913/3056/7159
f 4872/3060/7163 4915/3061/7164 4916/3062/7165
f 4916/3062/7165 4877/3063/7166 4872/3060/7163
f 4877/3063/7166 4916/3062/7165 4912/3055/7158
f 4912/3055/7158 4873/3054/7157 4877/3063/7166
f 4875/3059/7162 4914/3058/7161 4917/3064/7167
f 4917/3064/7167 4882/3065/7168 4875/3059/7162
f 4882/3065/7168 4917/3064/7167 4918/3066/7169
f 4918/3066/7169 4876/3067/7170 4882/3065/7168
f 4876/3067/7170 4918/3066/7169 4625/2672/6752
f 4625/2672/6752 4571/2671/6751 4876/3067/7170
f 4729/2787/6874 4739/2797/6884 4730/2788/6875
f 4730/2788/6875 4739/2797/6884 4718/2776/6863
f 4739/2797/6884 4720/2779/6866 4718/2776/6863
f 4721/2780/6867 4720/2779/6866 4740/2798/6885
f 4740/2798/6885 4848/2935/7042 4721/2780/6867
f 4848/2935/7042 4740/2798/6885 4755/2816/6901
f 4755/2816/6901 4919/3068/7171 4848/2935/7042
f 4920/3069/7172 4754/2815/6900 4767/2828/6913
f 4767/2828/6913 4837/3070/7009 4920/3069/7172
f 4628/2676/6755 4775/2836/6920 4774/2835/6919
f 4774/2835/6919 4498/2457/6521 4628/2676/6755
f 4719/2777/6864 4718/2776/6863 4720/2779/6866
f 4538/2677/6606 4841/3071/7028 4721/2780/6867
f 4721/2780/6867 4540/2529/6610 4538/2677/6606
f 4541/2527/6608 4848/2935/7042 4919/3068/7171
f 4919/3068/7171 4629/2679/6756 4541/2527/6608
f 4630/2680/6757 4920/3069/7172 4837/3070/7009
f 4837/3070/7009 4631/2681/6758 4630/2680/6757
f 4631/2682/6758 4837/2911/7009 4775/2836/6920
f 4775/2836/6920 4628/2676/6755 4631/2682/6758
f 4772/2833/6917 4767/2910/6913 4768/2909/6912
f 4768/2909/6912 4785/2846/6930 4772/2833/6917
f 4785/2846/6930 4771/2832/6916 4773/2834/6918
f 4773/2834/6918 4772/2833/6917 4785/2846/6930
f 4771/2832/6916 4816/2878/6972 4817/2880/6974
f 4817/2880/6974 4773/2834/6918 4771/2832/6916
f 4756/2817/6902 4755/2816/6901 4740/2798/6885
f 4740/2798/6885 4729/2787/6874 4756/2817/6902
f 4765/2825/6910 4761/2821/6906 4760/2820/6905
f 4760/2820/6905 4830/2895/6995 4765/2825/6910
f 4427/2384/6437 4764/2824/6909 4829/2892/6994
f 4829/2892/6994 4570/2683/6759 4427/2384/6437
f 4732/2790/6877 4761/2821/6906 4756/2817/6902
f 4756/2817/6902 4729/2787/6874 4732/2790/6877
f 4760/2820/6905 4764/2824/6909 4763/2823/6908
f 4763/2823/6908 4830/2895/6995 4760/2820/6905
f 4919/3068/7171 4755/2816/6901 4754/2815/6900
f 4754/2815/6900 4920/3069/7172 4919/3068/7171
f 4629/2679/6756 4919/3068/7171 4920/3069/7172
f 4920/3069/7172 4630/2680/6757 4629/2679/6756
f 4880/3004/7086 4858/2946/7053 4861/2949/7056
f 4861/2949/7056 4890/3072/7105 4880/3004/7086
f 4913/3056/7159 4912/3055/7158 4633/2686/6761
f 4633/2686/6761 4632/2685/6760 4913/3056/7159
f 4913/3056/7159 4632/2685/6760 4634/2687/6762
f 4634/2687/6762 4914/3058/7161 4913/3056/7159
f 4916/3062/7165 4915/3061/7164 4636/2689/6764
f 4636/2689/6764 4635/2688/6763 4916/3062/7165
f 4912/3055/7158 4916/3062/7165 4635/2688/6763
f 4635/2688/6763 4633/2686/6761 4912/3055/7158
f 4914/3058/7161 4634/2687/6762 4637/2690/6765
f 4637/2690/6765 4917/3064/7167 4914/3058/7161
f 4637/2690/6765 4625/2672/6752 4918/3066/7169
f 4918/3066/7169 4917/3064/7167 4637/2690/6765
f 4924/3073/7173 4921/3074/7174 4922/3075/7175
f 4922/3075/7175 4923/3076/7176 4924/3073/7173
f 4922/3075/7175 4925/3077/7177 4926/3078/7178
f 4926/3078/7178 4923/3076/7176 4922/3075/7175
f 4925/3077/7177 4927/3079/7179 4928/3080/7180
f 4928/3080/7180 4926/3078/7178 4925/3077/7177
f 4928/3080/7180 4927/3079/7179 4929/3081/7181
f 4929/3081/7181 4930/3082/7182 4928/3080/7180
f 4930/3082/7182 4929/3081/7181 4931/3083/7183
f 4931/3083/7183 4932/3084/7184 4930/3082/7182
f 4932/3084/7184 4931/3083/7183 4933/3085/7185
f 4933/3085/7185 4934/3086/7186 4932/3084/7184
f 4924/3073/7173 4935/3087/7187 4936/3088/7187
f 4936/3088/7187 4921/3074/7174 4924/3073/7173
f 4654/2707/6781 4934/3086/7186 4933/3085/7185
f 4933/3085/7185 4655/2708/6782 4654/2707/6781
f 4923/3076/7188 4937/3089/7189 4938/3090/7190
f 4938/3090/7190 4924/3073/7191 4923/3076/7188
f 4921/3074/7192 4939/3091/7193 4940/3092/7194
f 4940/3092/7194 4922/3075/7195 4921/3074/7192
f 4926/3078/7196 4941/3093/7197 4937/3089/7189
f 4937/3089/7189 4923/3076/7188 4926/3078/7196
f 4922/3075/7195 4940/3092/7194 4942/3094/7198
f 4942/3094/7198 4925/3077/7199 4922/3075/7195
f 4928/3080/7200 4943/3095/7201 4941/3093/7197
f 4941/3093/7197 4926/3078/7196 4928/3080/7200
f 4925/3077/7199 4942/3094/7198 4944/3096/7202
f 4944/3096/7202 4927/3079/7203 4925/3077/7199
f 4930/3082/7204 4945/3097/7205 4943/3095/7201
f 4943/3095/7201 4928/3080/7200 4930/3082/7204
f 4927/3079/7203 4944/3096/7202 4946/3098/7206
f 4946/3098/7206 4929/3081/7207 4927/3079/7203
f 4932/3084/7208 4947/3099/7209 4945/3097/7205
f 4945/3097/7205 4930/3082/7204 4932/3084/7208
f 4929/3081/7207 4946/3098/7206 4948/3100/7210
f 4948/3100/7210 4931/3083/7211 4929/3081/7207
f 4934/3086/7212 4949/3101/7213 4947/3099/7209
f 4947/3099/7209 4932/3084/7208 4934/3086/7212
f 4933/3085/7214 4950/3102/7215 4669/2722/1270
f 4669/2722/1270 4655/2708/1270 4933/3085/7214
f 4936/3088/7216 4951/3103/7217 4939/3091/7193
f 4939/3091/7193 4921/3074/7192 4936/3088/7216
f 4924/3073/7191 4938/3090/7190 4952/3104/7218
f 4952/3104/7219 4935/3087/7220 4924/3073/7221
f 4935/3087/7222 4952/3105/7222 4951/3106/7222
f 4951/3106/7222 4936/3088/7222 4935/3087/7222
f 4931/3083/7211 4948/3100/7210 4950/3102/7215
f 4950/3102/7215 4933/3085/7214 4931/3083/7211
f 4840/2936/7043 4676/2729/6816 4675/2732/6819
f 4722/2778/6865 4721/2780/6867 4841/3071/7028
f 4934/3086/7212 4654/2707/1268 4673/2728/1268
f 4673/2728/1268 4949/3101/7213 4934/3086/7212
